external_gene_name	CAI	CBI	Fop	L_aa	tAI
Zglp1	0.479	0.198	0.566	266	0.159529208340196
Vmn2r65	0.321	-0.207	0.346	845	0.145993575776167
Gm10024	0.535	0.223	0.603	119	0.218026056274583
Oog3	0.343	-0.107	0.395	500	0.153235574041578
Ldlrap1	0.586	0.478	0.722	308	0.169295797212174
Mdn1	0.382	-0.031	0.445	5582	0.154799563105172
Ifi208	0.369	-0.18	0.378	588	0.145394181657977
Wfdc17	0.385	-0.232	0.37	76	0.174460546196388
Mfap1b	0.416	0.002	0.47	439	0.159498244472779
Tmsb15b2	0.312	-0.401	0.273	45	0.147296600497796
Cstdc5	0.367	-0.212	0.368	97	0.160609132697736
Gm15114	0.296	-0.302	0.297	433	0.131565358439554
Vmn1r223	0.328	-0.101	0.394	361	0.141088116826926
Umad1	0.44	0.066	0.51	159	0.149845362409818
Dnajc3	0.415	0.053	0.496	504	0.165903722131202
Niban3	0.526	0.372	0.656	591	0.167367718792476
Rsph3b	0.427	0.108	0.517	389	0.154039034302199
Rnaset2a	0.494	0.236	0.593	259	0.173249504944003
Fam174b	0.586	0.436	0.693	153	0.161356986430082
Spink13	0.371	-0.196	0.367	97	0.160506363656936
Apela	0.327	-0.165	0.353	54	0.128766372407031
Gm10767	0.355	-0.24	0.347	103	0.144896989754618
Prcd	0.532	0.329	0.64	53	0.151145564118256
Myocos	0.439	0	0.478	143	0.161736680242468
Cep85l	0.36	-0.096	0.413	806	0.152301582353781
Gm10406	0.381	-0.061	0.422	205	0.1560456630147
Cstdc6	0.37	-0.212	0.372	96	0.164522869240428
Or10h1b	0.494	0.271	0.603	315	0.150440789508841
Or10h1	0.495	0.278	0.607	315	0.149828883455778
Btnl1	0.454	0.151	0.545	509	0.15559615063289
Isg15	0.585	0.455	0.708	161	0.17226518011746
Defa30	0.404	0.035	0.483	93	0.167548568590929
Vmn2r121	0.329	-0.223	0.343	847	0.147113426460915
Sirpb1c	0.374	-0.043	0.439	391	0.146820008111435
Mup9	0.339	-0.168	0.368	180	0.153052272153339
Gm1979	0.445	0.09	0.51	267	0.164975654420251
Gm1993	0.304	-0.365	0.283	212	0.149331949188858
Mup10	0.336	-0.176	0.364	180	0.153103556688505
Mup11	0.34	-0.16	0.371	181	0.152698043212191
Gm2012	0.297	-0.396	0.268	212	0.148696712614886
Eif1ad3	0.315	-0.333	0.281	144	0.156134217607486
Gm10471	0.461	0.115	0.525	252	0.166501664570006
Mup12	0.34	-0.168	0.368	180	0.153318601491421
Gm2026	0.31	-0.432	0.251	498	0.149596399543713
Gm2030	0.304	-0.363	0.283	212	0.14906962492953
Gm2042	0.347	-0.091	0.402	496	0.154988222696572
Mup13	0.343	-0.161	0.374	235	0.147626462436463
Mup14	0.34	-0.155	0.374	180	0.153115615314463
Gm14525	0.295	-0.406	0.263	212	0.146425175447745
Gm14295	0.376	-0.125	0.4	64	0.150860150582567
Ccdc152	0.301	-0.247	0.322	254	0.152371621126351
Mup15	0.333	-0.179	0.362	180	0.151984265534184
Mup16	0.333	-0.189	0.356	180	0.152752599536922
Mup17	0.339	-0.158	0.374	180	0.153105005443883
Gm10058	0.297	-0.396	0.269	212	0.146861666468026
Pramel51	0.349	-0.078	0.41	520	0.15556953753264
H2ab1	0.519	0.294	0.604	115	0.148584514382547
Gm10147	0.297	-0.396	0.269	212	0.146861666468026
Gm10096	0.297	-0.396	0.269	212	0.146861666468026
Gm10487	0.297	-0.396	0.269	212	0.146861666468026
Gm10486	0.297	-0.396	0.269	212	0.146861666468026
Tgif2lx2	0.443	0.054	0.502	231	0.163706373401453
Gm20806	0.412	0.076	0.507	227	0.157855389382467
Gm14819	0.297	-0.396	0.269	212	0.146861666468026
Tcf24	0.63	0.538	0.753	166	0.157054231911015
Gm20809	0.411	0.086	0.511	227	0.158541685915476
Msmp	0.494	0.169	0.564	139	0.181046265436938
Mthfsl	0.461	0.224	0.582	203	0.160047990721924
Gm20815	0.417	0.085	0.511	227	0.158522110099447
Hrct1	0.479	0.335	0.635	109	0.150387771910799
Ildr2	0.568	0.418	0.69	661	0.162998107915604
Tgtp2	0.394	-0.05	0.44	415	0.155444836296891
Cldn24	0.48	0.274	0.608	220	0.164178117063467
Gm20816	0.413	0.085	0.511	227	0.159674343725032
Ccl27a	0.427	0.151	0.535	135	0.146531583712065
Gm13306	0.427	0.151	0.535	135	0.146531583712065
Gm15093	0.3	-0.288	0.305	449	0.132170483325001
Rhox2b	0.431	0.047	0.497	191	0.159767553189509
Gm15085	0.3	-0.288	0.305	449	0.132128843307732
Rhox2c	0.429	0.062	0.503	191	0.160544381530408
Gfy	0.481	0.16	0.556	504	0.138282492660632
Tmem35b	0.488	0.301	0.621	150	0.162236408704941
Rhox2e	0.434	0.059	0.503	191	0.159226546827956
Gm20822	0.399	0.025	0.48	228	0.156757557895147
Gm20823	0.406	0.079	0.507	227	0.158217220496261
Ccl27a	0.422	0.195	0.557	120	0.14831993136253
Ccl27b	0.422	0.195	0.557	120	0.14831993136253
Gm20826	0.405	0.059	0.498	227	0.157248453917885
Gm10229	0.511	0.077	0.526	77	0.196144191120575
Gm2663	0.412	-0.015	0.462	247	0.173124809447141
Gm10228	0.538	0.143	0.558	78	0.195648455135212
Gm20831	0.398	0.006	0.466	232	0.158374196031551
Gm10334	0.556	0.303	0.632	246	0.185985943835839
Gm11563	0.699	0.534	0.759	168	0.261579397239648
Or13c7c	0.584	0.517	0.738	318	0.164733762055421
Gm11595	0.657	0.421	0.698	289	0.276416934400183
Mndal	0.368	-0.172	0.386	538	0.158925464199614
Btbd35f2	0.302	-0.26	0.315	498	0.145701013921869
Dynlt1f	0.49	0.25	0.607	113	0.165935139767453
Btbd35f5	0.301	-0.262	0.313	498	0.145770527842072
Dynlt1c	0.49	0.25	0.607	113	0.165935139767453
Kcnj13	0.375	-0.098	0.412	360	0.145782096155905
Potefam3a	0.345	-0.175	0.37	350	0.145530284428567
Btbd35f12	0.3	-0.263	0.313	498	0.145214589380361
Fancf	0.626	0.629	0.795	343	0.160231500388996
Gm15023	0.339	-0.143	0.374	467	0.15334553362861
Gm2897	0.398	-0.004	0.453	172	0.159603184794824
Btbd35f15	0.3	-0.268	0.311	498	0.145704519956045
Btbd35f13	0.302	-0.268	0.311	498	0.145912075490137
Btbd35f14	0.299	-0.272	0.309	498	0.14569952267751
Mroh2a	0.543	0.383	0.666	1671	0.167983244714868
Gm20852	0.417	0.085	0.511	227	0.157562790833638
Cyp4a32	0.44	0.127	0.529	509	0.153751619721114
Gm13040	0.406	0.047	0.48	496	0.160232593040977
Gm13057	0.406	0.047	0.48	496	0.160232593040977
Gm16405	0.306	-0.339	0.293	155	0.146827796912046
Gm16430	0.306	-0.339	0.293	155	0.146827796912046
Gm20854	0.413	0.085	0.511	227	0.157860014437014
Cldn34b1	0.362	-0.028	0.441	209	0.154396783972473
Tceal7	0.332	-0.275	0.316	98	0.154930750651536
Gm13102	0.392	0.026	0.467	500	0.149302291405304
Mfsd4b3-ps	0.387	-0.045	0.44	355	0.149123994004544
Iqcf6	0.458	0.21	0.57	157	0.158825817155346
Pramel42	0.399	0.044	0.481	481	0.155838041326786
Gm3002	0.392	-0.025	0.441	172	0.158120651461972
Or52e19	0.354	-0.05	0.423	312	0.147250447928581
Gm20865	0.412	0.076	0.507	227	0.159822132784156
H4c17	0.74	0.728	0.851	103	0.168867722550097
Gm16513	0.398	0.04	0.479	481	0.155864838473747
Gm20867	0.41	0.076	0.507	227	0.159212271280953
Gm3238	0.679	0.484	0.736	230	0.256083608667303
Pramel47	0.382	-0.007	0.456	475	0.152906495320717
Gm3264	0.399	-0.004	0.453	172	0.16008270277252
Tcp10c	0.454	0.093	0.519	482	0.158431951736724
Gm3286	0.393	0.03	0.473	481	0.156309027577244
Cyp3a41b	0.363	-0.12	0.401	504	0.148001662956282
Zfp980	0.33	-0.313	0.309	645	0.167673425785354
Gm11938	0.718	0.509	0.744	131	0.238001712958775
Zfp981	0.347	-0.267	0.336	445	0.16882514524722
Cyp3a59	0.383	-0.073	0.421	503	0.148635059777125
Gm11937	0.726	0.538	0.76	131	0.236645375336766
Gm3376	0.286	-0.426	0.233	380	0.136283084282068
Ly6c2	0.442	0.077	0.5	131	0.183920617040051
Gm3402	0.428	0.006	0.472	315	0.156674105739056
Gm20877	0.404	0.033	0.482	227	0.156060263547895
Gm3404	0.431	0.027	0.482	307	0.154995845343788
Gm3409	0.426	0.016	0.476	315	0.157831922776996
9030025P20Rik	0.364	-0.047	0.43	438	0.149372574249577
Gm3415	0.428	0.013	0.476	315	0.157420439229265
Gm20878	0.513	0.341	0.634	87	0.152443774943997
Zkscan16	0.399	-0.028	0.454	728	0.161008901817769
Amd2	0.383	-0.117	0.408	334	0.150954550674652
Dynlt2a3	0.315	-0.243	0.335	191	0.146550500968949
Gal3st2b	0.577	0.418	0.686	394	0.160860681188379
Gm3435	0.366	-0.048	0.43	438	0.150977739801839
Dynlt2a2	0.315	-0.241	0.335	191	0.146287129976836
Mup7	0.352	-0.136	0.388	235	0.149748835100973
Zfp984	0.348	-0.272	0.331	547	0.164221254555311
Gm3500	0.377	-0.07	0.417	205	0.154708887095798
Mup8	0.352	-0.144	0.383	235	0.149180936549793
Defa35	0.371	-0.034	0.446	93	0.16450796130057
Defa41	0.373	-0.037	0.446	93	0.170303840860858
Defa40	0.369	-0.052	0.433	93	0.163798155222928
Gm10408	0.38	-0.022	0.444	218	0.155019600397204
Gm3558	0.381	-0.054	0.424	205	0.1560243707936
Defa32	0.419	0.086	0.511	95	0.163818839094035
Defa37	0.371	-0.034	0.446	93	0.166945122798791
Defa34	0.356	-0.051	0.435	93	0.163351701584504
Sap18b	0.511	0.338	0.644	172	0.15724878013087
Gm3604	0.293	-0.482	0.224	559	0.147536331635318
Gm10377	0.398	0.021	0.469	184	0.169487737349904
Gm3646	0.396	-0.176	0.388	53	0.143020654084149
Gm10488	0.297	-0.394	0.269	212	0.147360854343081
Gm14632	0.297	-0.396	0.269	212	0.146861666468026
Gm3696	0.376	-0.057	0.423	203	0.160374494847118
Nrg2	0.646	0.599	0.787	857	0.163235266224743
Btbd35f16	0.3	-0.262	0.313	498	0.146053601285695
Thoc2l	0.301	-0.311	0.299	1589	0.15028501245043
Btbd35f3	0.301	-0.259	0.314	496	0.145203410785939
Gm10230	0.297	-0.396	0.269	212	0.146861666468026
Btbd35f4	0.301	-0.259	0.314	496	0.145203410785939
Btbd35f27	0.299	-0.267	0.311	498	0.145344059545628
Gsta5	0.434	0.135	0.531	222	0.16348943231289
Gm10375	0.424	0.094	0.506	169	0.17246830339796
Gm20917	0.411	0.078	0.507	227	0.157619493768025
Vmn1r79	0.331	-0.119	0.389	306	0.139494993098144
Smim17	0.478	0.229	0.594	109	0.160414706750025
Nhsl2	0.466	0.133	0.539	1219	0.147751682319461
Ccl21b	0.502	0.25	0.598	133	0.174972580749936
Vmn2r55	0.441	0.135	0.536	781	0.15614640122831
Sprr2a3	0.501	-0.059	0.462	83	0.18586071603995
Gm13305	0.467	0.144	0.542	432	0.154615364653693
Vmn2r31	0.341	-0.167	0.376	861	0.149190864863759
Vmn2r34	0.342	-0.162	0.376	852	0.14796412118408
Vmn2r36	0.345	-0.163	0.377	852	0.147855085019209
Or4x18	0.412	0.127	0.526	309	0.151170793508341
Tdpoz7	0.436	0.078	0.508	340	0.162126769423051
Eif1ad6	0.312	-0.326	0.283	144	0.156213132819801
Vmn2r40	0.342	-0.163	0.376	852	0.147518515563797
Fthl17d	0.615	0.513	0.741	176	0.181710054012158
Prdm11	0.529	0.304	0.628	565	0.173176854364831
Ubl5b	0.446	0.116	0.522	73	0.181840514874042
Eif3j2	0.343	-0.146	0.4	263	0.160761319692551
Vmn2r45	0.341	-0.163	0.376	852	0.147873634694872
H2al2b	0.376	-0.029	0.444	111	0.144668803071823
Vmn2r41	0.342	-0.164	0.375	852	0.147481294587412
Gm4064	0.285	-0.425	0.233	380	0.136755077039631
Gm10267	0.278	-0.276	0.305	85	0.145813155507964
Gvin2	0.343	-0.159	0.377	2427	0.150732816174574
Gm10256	0.285	-0.425	0.233	380	0.136632753357955
Gm10352	0.285	-0.425	0.233	380	0.136632753357955
Vmn2r47	0.344	-0.163	0.377	852	0.148158121465558
Vmn2r46	0.342	-0.172	0.375	809	0.149204412239768
Vmn2r51	0.338	-0.164	0.375	852	0.147802520319266
H2al1a	0.416	0.13	0.524	105	0.14061115763689
H2al1b	0.407	0.112	0.515	105	0.140984741312599
H2al1c	0.416	0.13	0.524	105	0.14061115763689
H2al1d	0.416	0.13	0.524	105	0.14061115763689
H2al1f	0.416	0.13	0.524	105	0.14061115763689
H2al1g	0.416	0.13	0.524	105	0.14061115763689
H2al1h	0.416	0.13	0.524	105	0.14061115763689
H2al1i	0.416	0.13	0.524	105	0.14061115763689
Vmn1r243	0.337	-0.127	0.392	307	0.141445130685213
Vmn1r101	0.35	-0.096	0.41	307	0.145662277486368
Gm10670	0.346	-0.125	0.39	321	0.143560717079238
Vmn1r246	0.347	-0.115	0.397	306	0.145171801276441
Vmn1r114	0.342	-0.116	0.394	321	0.143326390452403
Vmn1r126	0.34	-0.123	0.39	321	0.14316780192449
Vmn1r131	0.349	-0.099	0.403	306	0.146159338461756
Vmn1r247	0.342	-0.126	0.389	314	0.143062948091254
Vmn1r248	0.345	-0.093	0.408	305	0.144328594528555
Vmn1r138	0.349	-0.099	0.403	306	0.146159338461756
Gm16451	0.345	-0.102	0.406	307	0.143656296841009
Rex2	0.338	-0.298	0.317	685	0.169402262515964
Vmn1r250	0.345	-0.113	0.395	321	0.14357694297274
Vmn1r253	0.337	-0.127	0.392	307	0.141445130685213
Vmn1r149	0.35	-0.096	0.41	307	0.145914654053137
Tmem207	0.331	-0.277	0.316	143	0.154227493821733
Gm10665	0.346	-0.125	0.39	321	0.143560717079238
Vmn1r256	0.347	-0.115	0.397	306	0.145171801276441
Vmn1r158	0.351	-0.095	0.41	307	0.145019309889241
Vmn1r258	0.342	-0.126	0.389	314	0.143062948091254
Vmn1r259	0.345	-0.093	0.408	305	0.144328594528555
Vmn1r166	0.349	-0.099	0.403	306	0.146159338461756
Vmn1r168	0.343	-0.134	0.386	309	0.147359155483637
Vmn1r169	0.347	-0.118	0.392	304	0.148316090115071
Cyp2c69	0.381	-0.102	0.41	491	0.149885083909928
Cd300ld4	0.476	0.147	0.545	245	0.15946689280603
Cd300ld5	0.475	0.139	0.541	245	0.159165095758766
9130023H24Rik	0.483	0.171	0.56	337	0.164808904004357
Spopfm2	0.426	0.041	0.488	357	0.157842130638857
Sult2a2	0.365	-0.092	0.417	194	0.142455179505967
Or10u4	0.416	0.038	0.48	320	0.154011299290854
Gm4297	0.293	-0.395	0.266	211	0.14353473341071
Gm4302	0.464	0.104	0.525	294	0.164106335784409
Gm4303	0.457	0.088	0.516	289	0.163394969246253
Gm4305	0.457	0.088	0.516	289	0.163394969246253
Gm4307	0.457	0.088	0.516	289	0.163394969246253
Nps	0.399	0.137	0.529	89	0.147669207252449
Esp16	0.279	-0.331	0.269	85	0.134365761661429
Tigit	0.427	0.094	0.519	241	0.155763808771832
Scgb2b3	0.376	-0.135	0.4	112	0.158180789168926
Ankrd66	0.416	0.062	0.495	192	0.166358051083522
Gm14308	0.31	-0.432	0.251	498	0.149596399543713
Gm14305	0.312	-0.429	0.253	498	0.149915516446435
Hsd3b8	0.488	0.183	0.561	373	0.164950130369886
Zfp955b	0.352	-0.224	0.356	545	0.161063723808789
Or10h5	0.491	0.275	0.606	318	0.149094609161095
Nat8f7	0.457	0.242	0.586	227	0.152079761127951
Vmn1r242	0.349	-0.099	0.403	306	0.14648045968329
Vmn1r100	0.35	-0.102	0.405	307	0.147271548619213
Vmn1r112	0.348	-0.104	0.406	297	0.147510526798218
Vmn1r130	0.357	-0.091	0.412	307	0.147583524271256
Srcap	0.393	-0.103	0.413	3271	0.146678932722582
Vmn1r132	0.347	-0.106	0.404	297	0.147437159434806
Vmn1r137	0.357	-0.091	0.412	307	0.147583524271256
Gm4559	0.645	0.405	0.702	199	0.310767698935923
Gm4565	0.443	0.112	0.519	301	0.15736060193882
Gm4567	0.448	0.133	0.531	301	0.156947861973273
Gm10662	0.469	0.17	0.55	313	0.159636222063396
Vmn1r165	0.357	-0.091	0.412	307	0.147583524271256
Amy2a4	0.355	-0.222	0.354	508	0.157665712646443
Amy2a3	0.355	-0.222	0.354	508	0.157665712646443
Amy2a2	0.355	-0.222	0.354	508	0.157665712646443
Zfp831	0.446	0.076	0.51	1628	0.153876121084302
Zfp850	0.346	-0.202	0.363	689	0.158298676016036
Rps27rt	0.448	0.073	0.512	84	0.168344174519094
Scgb2b7	0.336	-0.142	0.38	112	0.150363766495813
Scgb2b11	0.32	-0.176	0.361	112	0.145411917830336
Scgb2b18	0.327	-0.162	0.37	112	0.144558088711938
Scgb1b24	0.34	-0.229	0.341	92	0.159779055616254
Klrb1	0.316	-0.225	0.341	214	0.153799033947788
Scgb1b30	0.37	-0.083	0.422	92	0.161230942470655
R3hdml	0.577	0.401	0.681	253	0.173332615257737
Gm4724	0.31	-0.432	0.251	498	0.149596399543713
Zfp969	0.31	-0.432	0.251	498	0.149596399543713
Tgfbr3l	0.491	0.223	0.58	297	0.145913121084739
Rnf223	0.513	0.232	0.591	255	0.161089493556612
Ect2l	0.394	0.038	0.478	911	0.15001391761903
Cfap43	0.421	0.088	0.511	1682	0.159493525280124
Pet117	0.437	0.189	0.551	80	0.166030490466476
Ddx43	0.305	-0.261	0.322	646	0.141322024407483
Mup18	0.341	-0.16	0.371	181	0.153250826828108
Lrrc19	0.339	-0.146	0.379	364	0.142543599749994
Cyp2j11	0.393	-0.027	0.445	504	0.152146365169904
Camta1	0.56	0.391	0.678	1682	0.164354590800878
Yy2	0.401	-0.087	0.431	378	0.158285458568571
Kti12	0.565	0.458	0.708	351	0.159819841450405
Rcc1	0.503	0.291	0.625	434	0.163986781843554
Zbtb48	0.568	0.372	0.668	681	0.175680999125798
Srp54c	0.316	-0.291	0.314	504	0.150815499139525
Fam177a2	0.466	0.172	0.566	207	0.160402613867417
Dnah7c	0.373	-0.066	0.425	4024	0.153973648764266
Pcsk9	0.56	0.391	0.673	694	0.169767646948892
Adat3	0.569	0.412	0.686	349	0.161233829891277
Tdrd7	0.445	0.125	0.534	1119	0.16324284948366
Vmn2r2	0.361	-0.148	0.384	824	0.154473366651093
Krt83	0.63	0.466	0.715	479	0.190767377710317
Esp36	0.271	-0.377	0.257	117	0.136963769765181
Esp3	0.357	-0.131	0.395	87	0.153278334908681
Esp31	0.302	-0.227	0.333	114	0.141716992154917
Esp34	0.284	-0.284	0.304	83	0.137288560917462
Esp18	0.295	-0.289	0.291	91	0.14619237487231
Esp38	0.267	-0.331	0.276	80	0.134204080454452
Esp24	0.315	-0.224	0.339	68	0.141392114380914
Esp4	0.332	-0.24	0.339	117	0.149543268066184
Esp8	0.33	-0.181	0.369	149	0.1512022400319
Esp23	0.304	-0.274	0.31	104	0.140750401495722
Sco2	0.5	0.242	0.589	255	0.158007762611729
Gpr153	0.614	0.542	0.754	631	0.160033138426232
Rhox3c	0.365	-0.118	0.4	215	0.152252666585021
Rhox3e	0.366	-0.12	0.4	215	0.152609251715687
Pafah2	0.52	0.292	0.623	415	0.163684048473572
Phactr4	0.429	0	0.469	694	0.151542243835351
Zmym6	0.348	-0.167	0.377	1249	0.155878687087756
Akna	0.491	0.199	0.575	1404	0.152914351102875
Mup19	0.335	-0.179	0.362	180	0.152466126498704
Krtap10-4	0.696	0.515	0.752	221	0.253924977575407
H6pd	0.585	0.452	0.705	797	0.162821870170433
Tmem64	0.54	0.457	0.707	381	0.161642586347025
Adprs	0.578	0.448	0.708	370	0.169002639234632
Gpn2	0.661	0.625	0.798	310	0.178648375100323
Rusc2	0.54	0.327	0.644	1523	0.159442446204596
Gm14124	0.288	-0.494	0.215	715	0.152762866548633
Ttll2	0.469	0.232	0.587	540	0.157468173830178
Stx12	0.42	0.164	0.549	274	0.156365611874925
Gon7	0.44	0.103	0.531	98	0.165144848256112
Gm17359	0.404	0.038	0.483	189	0.151760720135202
Gm10778	0.307	-0.466	0.232	499	0.15850941142188
Btbd18	0.395	-0.042	0.445	723	0.150362222430695
Gm17660	0.421	0.038	0.472	90	0.144747631897533
Osbpl9	0.383	-0.05	0.442	746	0.153294921392944
Alkal2	0.457	0.307	0.616	151	0.157368853078369
Defa2	0.418	0.086	0.511	95	0.164374915653116
Gm17455	0.562	0.332	0.633	128	0.163947825266982
Zfp967	0.308	-0.437	0.248	485	0.147545626277487
Sprr2a2	0.508	-0.008	0.487	83	0.184806778299006
Dynlt1a	0.49	0.25	0.607	113	0.165935139767453
Vmn1r2	0.338	-0.099	0.4	306	0.141441777712452
Vmn1r3	0.336	-0.111	0.395	306	0.140957252948267
Vmn1r86	0.349	-0.064	0.421	316	0.136665661256741
Vmn1r88	0.339	-0.075	0.416	316	0.133945750230338
Vmn1r95	0.358	-0.091	0.412	307	0.147944481017093
Vmn1r238	0.334	-0.11	0.396	306	0.139268330301945
Vmn1r184	0.322	-0.12	0.385	314	0.140224522301628
Vmn1r196	0.309	-0.139	0.37	301	0.143514390210717
Pate8	0.341	-0.193	0.365	109	0.167811432978075
Pate10	0.354	-0.177	0.372	116	0.15463180671274
Pate3	0.421	0.084	0.505	98	0.165798740094593
Pate7	0.304	-0.427	0.243	109	0.160132652412206
Pate1	0.358	-0.098	0.415	125	0.181248648979746
AU040320	0.508	0.248	0.602	1085	0.161945359145031
Dthd1	0.344	-0.157	0.383	795	0.147071574239219
Il4i1	0.565	0.435	0.698	638	0.165133521599811
Ppp1r8	0.5	0.228	0.589	351	0.1650911151834
Smpdl3b	0.524	0.34	0.648	456	0.158636543702346
Tent5b	0.629	0.539	0.751	427	0.164979380549563
Bsdc1	0.498	0.191	0.578	427	0.163301461233774
Gm37013	0.471	0.187	0.567	919	0.159142982457113
Gm11559	0.769	0.627	0.81	191	0.284303480118945
Zfp729b	0.336	-0.269	0.333	1045	0.163473635060392
Slc44a1	0.414	0.087	0.503	653	0.158781705217637
Gm20594	0.295	-0.16	0.361	37	0.148960459983125
Mob3c	0.594	0.441	0.699	216	0.162750872659112
Lao1	0.513	0.306	0.627	523	0.160922864146485
Zfand2a	0.511	0.18	0.569	171	0.184964311047552
Rubcn	0.547	0.356	0.655	956	0.16705542127924
Tsga8	0.434	-0.181	0.401	238	0.172412675311918
Gm19345	0.465	0.232	0.591	124	0.145179103450783
Kifc1	0.493	0.227	0.584	674	0.159802053621801
Gm11562	0.748	0.569	0.776	136	0.244844484944206
Gm19402	0.684	0.507	0.747	266	0.247607607459568
Epg5	0.447	0.159	0.547	2572	0.158979796355117
Ccdc13	0.532	0.338	0.643	709	0.167320223920387
2300003K06Rik	0.605	0.339	0.659	262	0.23735128860373
Kcnmb3	0.489	0.26	0.603	239	0.158683663928163
Or2t49	0.496	0.292	0.617	324	0.155431073554632
Gm10142	0.598	0.348	0.667	120	0.228875267274515
E330021D16Rik	0.419	0.094	0.515	371	0.152398758481503
Pou2af3	0.498	0.141	0.553	239	0.156134484439734
Gm3336	0.458	0.115	0.531	198	0.141527091994066
Gm10100	0.616	0.387	0.686	120	0.225194151661456
Speer4c	0.448	0.137	0.535	256	0.162666615498903
1700015G11Rik	0.364	-0.188	0.359	67	0.150883942799071
Pdzd7	0.524	0.331	0.639	1021	0.155269829621687
Armcx4	0.366	-0.207	0.376	2356	0.164232086966984
Klhl3	0.55	0.384	0.672	640	0.171274803613579
Btbd8	0.346	-0.099	0.408	377	0.152441218784283
Trpc5os	0.323	-0.125	0.389	110	0.147714087919079
Pifo	0.376	-0.215	0.362	246	0.150750424007234
Gm14440	0.35	-0.225	0.35	64	0.146213765678238
Zfp648	0.573	0.404	0.685	525	0.171418045749398
Tmem95	0.471	0.23	0.584	176	0.174912638414439
Tpbgl	0.643	0.648	0.805	384	0.160152016517776
Gm19668	0.627	0.382	0.683	248	0.240753942366512
Or8g22	0.364	-0.036	0.43	267	0.152268386446569
Nuggc	0.44	0.137	0.53	812	0.162560939687389
Gm10354	0.446	0.134	0.533	256	0.16372071156655
Bbip1	0.357	-0.096	0.419	67	0.151234931207245
Fsbp	0.335	-0.136	0.386	299	0.147232511009451
Zfp534	0.332	-0.316	0.305	661	0.166330301530834
Hbb-bs	0.578	0.32	0.641	147	0.186128866723067
Lnp1	0.401	-0.03	0.453	178	0.148946187861994
Cbarp	0.55	0.344	0.653	698	0.156957100645565
Rpl5	0.417	-0.05	0.442	297	0.16845248674116
Gng14	0.562	0.304	0.629	72	0.179367374834463
Gm5901	0.446	0.135	0.533	333	0.142666606672261
Ccdc149	0.49	0.225	0.583	524	0.170892612365342
Pet100	0.516	0.363	0.657	76	0.166872241765341
Smpd5	0.481	0.291	0.614	483	0.151991473863335
Zfp965	0.316	-0.384	0.272	318	0.148430078836989
Gm11007	0.316	-0.384	0.272	318	0.148430078836989
AY761185	0.452	0.077	0.522	94	0.185330801686645
Acp4	0.528	0.3	0.618	425	0.160421064828172
Gm6040	0.411	0.079	0.5	63	0.161936402757091
Gm15056	0.427	0.008	0.463	88	0.17709838317327
Ccer2	0.559	0.38	0.67	274	0.178684413971536
Fam181a	0.55	0.336	0.645	292	0.162514930719032
Prss51	0.431	0.122	0.527	240	0.162062031293749
Cmtm1	0.372	-0.077	0.421	303	0.133988529341517
Krtap16-1	0.544	0.18	0.577	502	0.2092913451485
Mptx2	0.383	-0.046	0.443	219	0.154072308320852
Ccdc170	0.433	0.113	0.522	716	0.171735274139106
Gm10591	0.502	0.25	0.598	133	0.174972580749936
2210418O10Rik	0.315	-0.4	0.264	134	0.150297229715078
Abhd12b	0.391	-0.014	0.455	359	0.156583145116609
Gm13304	0.502	0.25	0.598	133	0.174972580749936
Cypt14	0.35	-0.209	0.36	87	0.180110631175028
Spin2d	0.4	0.007	0.465	236	0.156705003921965
Prr22	0.558	0.305	0.633	422	0.158802610414471
Smlr1	0.483	0.296	0.603	66	0.152687793599958
Dcdc2b	0.49	0.194	0.573	287	0.160420583956723
3425401B19Rik	0.461	0.096	0.525	1412	0.152959218074203
Eef1akmt3	0.565	0.405	0.68	232	0.160437228723229
Atg14	0.485	0.223	0.584	492	0.164806853047362
Plscr5	0.409	-0.026	0.453	274	0.158039890861188
Nat8f6	0.462	0.256	0.592	226	0.152659463448798
Tmppe	0.532	0.397	0.672	447	0.157930469036352
Defa33	0.418	0.086	0.511	95	0.164374915653116
Iqschfp	0.502	0.277	0.616	559	0.16041473698871
Zfp518b	0.438	0.081	0.513	1082	0.160812268810537
Gm11127	0.507	0.233	0.594	374	0.166517380746221
Rell1	0.461	0.197	0.577	272	0.158813263540111
Fer1l5	0.521	0.314	0.633	2038	0.160806995224058
Oas1d	0.496	0.264	0.603	361	0.16186391208102
AA792892	0.407	0.036	0.479	278	0.156377621691086
Ugt2b38	0.334	-0.204	0.355	530	0.146034755090219
Slc15a4	0.555	0.431	0.691	574	0.160024571901839
Lrrc8c	0.56	0.435	0.695	803	0.16787906774024
Noc4l	0.556	0.402	0.676	516	0.162709070299088
Nsun5	0.502	0.286	0.615	465	0.165015862296716
N4bp2l1	0.465	0.238	0.59	238	0.147327837864731
Upk3b	0.557	0.361	0.656	276	0.159027575909482
Psph	0.459	0.118	0.528	225	0.161689182006918
Trrap	0.538	0.349	0.65	3847	0.166728833490174
Spon2	0.506	0.233	0.593	330	0.158841329402562
Gbp6	0.448	0.115	0.527	611	0.167029880812
Acacb	0.59	0.464	0.712	2448	0.167891065897705
Pds5b	0.349	-0.179	0.368	1448	0.153511459393394
Tent2	0.319	-0.214	0.342	484	0.141969178443034
Ugt2b34	0.387	-0.023	0.45	532	0.152756434356866
Mapre3	0.507	0.247	0.601	281	0.167532146393573
Dcun1d4	0.362	-0.086	0.42	306	0.153577827338173
Usp30	0.54	0.369	0.663	517	0.164278382066752
Ube3c	0.379	-0.045	0.433	1083	0.148391709757379
Rita1	0.497	0.168	0.561	253	0.155245080556614
Tbc1d14	0.432	0.086	0.508	714	0.156802738387979
Gm20604	0.535	0.481	0.726	75	0.170024529783938
Gm3411	0.403	0.033	0.471	150	0.162711501179641
Potefam3b	0.346	-0.169	0.372	350	0.14533781736101
Gm21188	0.503	0.196	0.581	190	0.157893924643773
Gm21190	0.439	0.088	0.51	266	0.160392069363185
Gm21312	0.442	0.046	0.49	264	0.162646222354642
Eif1ad19	0.302	-0.363	0.271	144	0.154563738105451
Mup22	0.341	-0.16	0.371	181	0.153500472383478
Btbd35f23	0.3	-0.258	0.315	498	0.144345237826453
Defa36	0.371	-0.034	0.446	93	0.166945122798791
Ccl21d	0.502	0.25	0.598	133	0.174972580749936
Gm21586	0.513	0.341	0.634	87	0.152443774943997
Gm21637	0.406	0.017	0.47	236	0.158315675783057
Btbd35f21	0.301	-0.264	0.311	498	0.145451692389034
Gm21671	0.444	0.091	0.51	267	0.164449480818354
Gm21677	0.285	-0.42	0.236	380	0.13668501825342
Gm21693	0.285	-0.419	0.236	380	0.137011974581175
Gm21704	0.285	-0.42	0.236	380	0.13668501825342
Gm21708	0.285	-0.425	0.233	380	0.136584238670387
Hscb	0.45	0.149	0.544	234	0.165341740508798
Chpf2	0.515	0.314	0.627	768	0.156494169301925
Tyw1	0.521	0.301	0.628	721	0.173696955734898
Emilin1	0.483	0.22	0.58	1017	0.159013990898561
Rab28	0.363	-0.076	0.428	221	0.150977333197387
Nfxl1	0.384	-0.181	0.382	918	0.180656432888982
Akap9	0.356	-0.077	0.421	3779	0.15485204397742
Zfp513	0.514	0.21	0.582	541	0.167953603119926
Lipo2	0.306	-0.327	0.29	398	0.148777301144434
Gm4513	0.443	0.112	0.519	301	0.15736060193882
Zfp990	0.334	-0.296	0.314	605	0.166101911512436
Zfp282	0.592	0.408	0.685	666	0.172062367065963
Ttll3	0.549	0.38	0.667	927	0.160487774398759
Snx21	0.572	0.43	0.691	363	0.157851442300625
Tmem168	0.329	-0.125	0.384	697	0.146036911665848
Rpusd3	0.516	0.316	0.628	344	0.157202062533798
Itfg2	0.529	0.306	0.631	443	0.168726305900662
Bmt2	0.377	-0.033	0.446	403	0.155796238563823
Pot1a	0.349	-0.143	0.39	640	0.144627045959521
Parp11	0.463	0.132	0.541	331	0.160733647183298
Zfp956	0.494	0.173	0.564	572	0.16407527337226
Hepacam2	0.38	-0.065	0.433	463	0.151017497166373
Tada3	0.575	0.369	0.661	432	0.17298512488748
Tra2a	0.341	-0.239	0.329	282	0.129577001833665
Wdr91	0.548	0.375	0.666	748	0.166363049556499
Brk1	0.455	0.19	0.556	75	0.155364574478558
Dyrk4	0.487	0.211	0.579	632	0.163763043211467
Eogt	0.423	0.086	0.511	527	0.158767849637817
Fbxl14	0.709	0.771	0.873	400	0.177252622956367
Prrt4	0.506	0.276	0.609	902	0.15314903013553
Adamts9	0.447	0.084	0.52	1350	0.172765018936021
Ceacam15	0.427	0.121	0.529	234	0.152900041424256
Dhx32	0.482	0.232	0.589	751	0.166605953222269
Phrf1	0.456	0.083	0.511	1682	0.154278117763144
Plekha1	0.392	-0.047	0.44	383	0.150777537030815
Slco2b1	0.521	0.344	0.646	693	0.155343158847398
Hbb-bt	0.573	0.307	0.634	147	0.186553963154353
Ric8a	0.503	0.288	0.614	530	0.159760079897904
Inpp5f	0.402	0.021	0.477	1132	0.159129777647225
Plekhg2	0.473	0.159	0.551	1341	0.154677342694777
Hsd3b7	0.525	0.286	0.618	369	0.160547715435151
Mob2	0.576	0.36	0.664	235	0.173408021327106
Klk9	0.524	0.314	0.629	251	0.167364559011459
Prkd2	0.577	0.444	0.702	875	0.164122124395069
Wtip	0.642	0.606	0.789	398	0.17566177646575
Zfp575	0.691	0.639	0.81	239	0.168475129744011
Ccp110	0.362	-0.124	0.402	1004	0.153685949415686
Vrk3	0.538	0.308	0.63	453	0.162532704035412
Efl1	0.401	0.022	0.477	1127	0.1577225154207
AI467606	0.51	0.218	0.583	225	0.146869560776356
E430018J23Rik	0.511	0.224	0.592	461	0.171905737614373
Grwd1	0.531	0.307	0.632	446	0.160608627079502
Nlrp6	0.528	0.336	0.639	869	0.16779464122385
Pwwp2b	0.472	0.127	0.535	600	0.154743351208047
Spty2d1	0.403	-0.06	0.44	682	0.154024914624519
Trim68	0.47	0.174	0.556	485	0.162882921890986
Numa1	0.5	0.248	0.597	2094	0.170697430328108
Psip1	0.345	-0.287	0.329	528	0.158049708842006
Acp7	0.531	0.311	0.63	496	0.157282204538132
Ano1	0.566	0.411	0.684	1017	0.163797375145688
Spred3	0.527	0.239	0.595	408	0.166909639088957
Faap24	0.433	0.176	0.558	221	0.152065352047741
AW146154	0.279	-0.536	0.192	468	0.146513121480092
Ints4	0.378	-0.02	0.45	964	0.155143734805778
Rrp8	0.419	0.078	0.504	503	0.149693822935324
Unc45a	0.571	0.432	0.693	944	0.175719629500133
Igflr1	0.465	0.148	0.542	345	0.158440834522727
Sf3b3	0.426	0.063	0.498	1217	0.158835001782207
D8Ertd738e	0.549	0.347	0.652	94	0.175481048860052
Usb1	0.531	0.354	0.656	267	0.157466631064058
Champ1	0.445	0.008	0.481	802	0.163350704082427
Ces2a	0.476	0.168	0.555	558	0.161065844598776
Smim19	0.34	-0.143	0.39	112	0.13813361869487
Exoc8	0.647	0.582	0.775	716	0.17721897241807
Gadd45gip1	0.527	0.362	0.652	222	0.156875844186864
Plekhg4	0.479	0.229	0.584	1181	0.159985695827031
Phkb	0.361	-0.085	0.413	1085	0.148965344485182
Arhgef18	0.544	0.36	0.656	1021	0.163240257551979
Mtus1	0.41	-0.022	0.461	1210	0.156428859668932
Dohh	0.578	0.419	0.687	302	0.173587354165153
Psme3ip1	0.471	0.155	0.552	254	0.167330441726256
Enkd1	0.52	0.319	0.628	346	0.154781238313071
Snx25	0.419	0.079	0.502	840	0.159473317681198
Taf5l	0.521	0.308	0.63	589	0.159795961463186
Prmt9	0.367	-0.098	0.412	846	0.158270865297326
Zdhhc7	0.562	0.462	0.711	308	0.172357025206373
Snapc2	0.488	0.185	0.565	359	0.161026487433183
Ak6	0.362	-0.108	0.407	172	0.152639978476122
Gpat4	0.48	0.224	0.578	456	0.161499200218365
Cpne7	0.608	0.47	0.719	557	0.176408372853569
Cyp4v3	0.39	-0.004	0.456	525	0.151283138666318
Lbhd1	0.382	-0.154	0.399	259	0.155126449572737
Dcun1d2	0.427	0.067	0.502	259	0.1633125247524
Ankrd10	0.492	0.246	0.601	415	0.164628665418971
Cog4	0.484	0.241	0.589	785	0.165348969987687
Myzap	0.476	0.222	0.582	466	0.161716368827083
Clk3	0.51	0.296	0.619	638	0.156620729968154
Hinfp	0.505	0.239	0.598	503	0.169894020199956
Lars2	0.466	0.149	0.545	902	0.161628254505439
Dennd4a	0.346	-0.175	0.372	1869	0.148187919289155
Xndc1	0.446	0.043	0.491	405	0.153344032776
Xntrpc	0.53	0.304	0.624	1264	0.160350919933863
Xylb	0.481	0.24	0.596	551	0.16212477986223
Imp3	0.626	0.591	0.775	184	0.155974918116705
Pls1	0.436	0.149	0.541	630	0.164404147329104
Cmtm7	0.579	0.58	0.77	167	0.156029866303478
Ano10	0.45	0.199	0.567	659	0.156587134880474
Slc22a13	0.503	0.317	0.63	551	0.155882868592709
Esp5	0.343	-0.164	0.377	150	0.154141611382618
Alg9	0.453	0.156	0.545	611	0.15565729032867
Plekho2	0.483	0.181	0.566	495	0.160925440878017
Snx19	0.447	0.116	0.525	997	0.158416589478855
Rpp25	0.568	0.441	0.703	199	0.157150648830429
Mapkapk3	0.542	0.33	0.642	384	0.168563999079221
4930512M02Rik	0.325	-0.166	0.367	218	0.151998350193897
Acad11	0.432	0.104	0.519	779	0.15640434331775
Malrd1	0.367	-0.16	0.386	2123	0.156658224627008
Ly6l	0.474	0.296	0.618	140	0.172128775473023
Gm6619	0.338	-0.217	0.356	175	0.155019568855043
Gm14296	0.315	-0.4	0.264	134	0.150297229715078
Oaf	0.579	0.456	0.705	282	0.170084161417138
Cd276	0.57	0.385	0.674	316	0.166113285345322
Slc6a20a	0.572	0.429	0.692	592	0.164320240752633
Phldb1	0.536	0.321	0.634	1371	0.160396948721044
Lrrc49	0.406	0.078	0.499	752	0.152656656684337
Bbs4	0.421	0.009	0.472	520	0.168652630848498
Tcta	0.491	0.217	0.579	122	0.152606407058669
Slc6a8	0.555	0.377	0.667	640	0.166888592889273
Pls3	0.376	-0.054	0.434	639	0.161866140139066
Radx	0.348	-0.176	0.37	850	0.148982338974191
Gm21992	0.516	0.263	0.609	477	0.165265503770597
Cenpi	0.338	-0.168	0.37	746	0.146105503963478
Nudt10	0.792	0.822	0.906	164	0.183322418652354
Ezhip	0.428	0.055	0.498	589	0.144860919302895
Septin10	0.376	-0.065	0.429	427	0.158571745481435
Slc6a15	0.363	-0.093	0.411	729	0.151518299916158
Pan2	0.497	0.241	0.593	1200	0.161674803249089
Pwp1	0.41	0	0.471	501	0.158389302889115
Gstt3	0.534	0.309	0.627	241	0.171488519706467
Rdh9	0.505	0.279	0.607	317	0.16821226306525
Upb1	0.51	0.284	0.618	393	0.165704064147629
Apof	0.454	0.146	0.545	326	0.163847587866302
Chchd10	0.592	0.377	0.677	138	0.163064320305521
Fig4	0.424	0.083	0.509	907	0.152833987004198
Traf3ip2	0.454	0.102	0.519	555	0.151326071887253
Ttc41	0.432	0.136	0.533	1318	0.157830798929087
Csnk1g2	0.653	0.581	0.776	442	0.168833332353801
Tmem263	0.35	-0.284	0.336	115	0.159538509243397
Cep57l1	0.388	0.004	0.465	429	0.160933088388108
Zc3h10	0.535	0.238	0.598	435	0.167330038200827
Zfr2	0.562	0.388	0.674	874	0.160950407673936
Ncln	0.616	0.521	0.742	563	0.166226558112569
Nt5dc3	0.533	0.351	0.651	546	0.163041126135101
Nup107	0.405	0.057	0.491	926	0.153506210050706
Calhm5	0.445	0.129	0.533	309	0.162413330452528
Mgat4b	0.581	0.453	0.704	548	0.159622336515216
Mbtd1	0.333	-0.25	0.34	631	0.151600178670311
Epop	0.581	0.444	0.706	369	0.155699737134652
Psme4	0.31	-0.213	0.34	1843	0.144298806653296
Xpo1	0.284	-0.342	0.277	1071	0.145336911880458
Fbxw11	0.421	0.086	0.505	563	0.157749094761231
Sec14l4	0.546	0.357	0.655	403	0.170891398609229
Smg6	0.431	0.052	0.49	1418	0.159897549212051
Tmed4	0.546	0.408	0.681	227	0.167106326446627
Slc35e4	0.544	0.375	0.66	350	0.163903060739623
Pnpo	0.545	0.332	0.644	261	0.166345978081761
Tbc1d10a	0.611	0.466	0.713	500	0.173285121122143
Tubg1	0.61	0.503	0.732	451	0.15868328006509
Pex12	0.393	-0.004	0.462	359	0.152064546709676
Mien1	0.556	0.38	0.673	115	0.166124709316318
Tmem98	0.53	0.338	0.641	226	0.167591932389331
Tmem17	0.451	0.254	0.587	198	0.150243294221071
Tubg2	0.612	0.511	0.736	451	0.160341472963637
Slc25a41	0.538	0.401	0.676	312	0.160295273084246
Dnaaf10	0.429	0.069	0.506	357	0.159265722415545
Maml1	0.538	0.285	0.625	1020	0.160109146272737
Zfp692	0.506	0.181	0.563	531	0.16512031788557
Cuedc1	0.55	0.35	0.654	388	0.162037217922187
Inca1	0.424	0	0.464	231	0.153930342163002
Nt5m	0.634	0.536	0.748	220	0.162879825000176
Hoxb2	0.556	0.406	0.686	354	0.152144197380568
Rpn1	0.536	0.369	0.662	608	0.160967467153653
Try5	0.543	0.258	0.607	246	0.184545399346496
Dnm3	0.444	0.134	0.532	859	0.154464484444103
Plin1	0.604	0.464	0.714	517	0.167440866981627
Gpc5	0.412	0.06	0.494	572	0.158199449970342
Gck	0.592	0.451	0.706	465	0.174675111014348
Rtn1	0.513	0.271	0.615	780	0.160490480181981
Ctsq	0.326	-0.333	0.292	343	0.148586108826188
Qsox1	0.496	0.24	0.593	748	0.160650008431603
Cdh22	0.625	0.53	0.749	813	0.162598839305376
Synj1	0.371	-0.115	0.407	1607	0.148453002020392
Synpo	0.53	0.297	0.627	901	0.147162388937793
Sncb	0.54	0.273	0.628	133	0.18043276273667
Nxph3	0.566	0.424	0.695	252	0.161438778218402
Nxph4	0.572	0.473	0.719	304	0.162522926400338
Wdr7	0.418	0.062	0.495	1489	0.159420943475631
Cyp27a1	0.502	0.283	0.612	533	0.156496410914258
Itga9	0.517	0.302	0.627	1036	0.165939856701979
Adcy4	0.533	0.367	0.656	1077	0.160162503416238
Adcy3	0.598	0.49	0.726	1145	0.167721896154436
Acly	0.525	0.313	0.634	1101	0.166012449425795
Ndufb11	0.471	0.213	0.582	151	0.153692609884193
Etv5	0.48	0.125	0.54	510	0.154225615318722
Ces1d	0.43	0.047	0.494	565	0.156815561615685
Gldc	0.487	0.247	0.596	1025	0.165176165553812
Sbk1	0.621	0.509	0.737	417	0.164890574032743
Chil4	0.402	-0.068	0.43	402	0.157589074932179
Blmh	0.432	0.064	0.507	455	0.162978337769924
Rhoq	0.405	0.091	0.518	205	0.16532113215328
Slc6a5	0.518	0.323	0.638	791	0.162832227292874
Cabin1	0.526	0.285	0.618	2187	0.165249937848998
Cdc42ep2	0.527	0.266	0.606	214	0.158367548469719
Kdm3a	0.372	-0.12	0.407	1323	0.158724206742727
Tex15	0.294	-0.409	0.256	2785	0.144870758894532
Arl1	0.311	-0.211	0.347	181	0.147107485284297
Csnk1d	0.484	0.232	0.584	415	0.156555325042214
Gas8	0.63	0.542	0.753	478	0.190667232125028
Zfp120	0.297	-0.436	0.244	436	0.148011693385652
Zfp119a	0.298	-0.465	0.234	545	0.153056456368847
Isl2	0.645	0.606	0.79	359	0.173666685425504
Meig1	0.398	-0.023	0.464	88	0.164159763059319
Barhl2	0.549	0.385	0.676	384	0.152360684242497
Rcor2	0.503	0.209	0.578	523	0.153840666253946
Rhox9	0.429	0.007	0.475	227	0.162457091044494
E2f4	0.526	0.292	0.623	410	0.161292842620452
Pcnx3	0.542	0.337	0.644	2028	0.157929152293624
Bap1	0.498	0.222	0.585	728	0.159313559804047
Dgkz	0.554	0.361	0.658	1123	0.164314725316529
Npffr2	0.435	0.135	0.533	417	0.153926887015047
Rexo2	0.438	0.072	0.502	237	0.169134912021467
Cdc42ep1	0.502	0.204	0.58	409	0.150575264622197
0610010K14Rik	0.52	0.305	0.634	191	0.165743508455387
Rars	0.414	0.053	0.488	660	0.162335241942056
Ccdc117	0.434	0.086	0.511	277	0.159642038646165
Ppp4r3b	0.306	-0.315	0.295	820	0.144931960492549
Rprml	0.705	0.702	0.839	117	0.174504298196807
Mycbpap	0.5	0.254	0.599	932	0.160740634886081
Cnot6	0.33	-0.206	0.348	557	0.146153770869892
Tsr1	0.386	-0.072	0.428	803	0.152772960407689
Slc16a6	0.468	0.268	0.606	607	0.153567875098138
Pik3r6	0.533	0.345	0.645	756	0.158535750238174
Ttc7b	0.455	0.206	0.569	843	0.156893396637331
Ddx1	0.362	-0.144	0.392	740	0.161889538959347
Sptssa	0.616	0.565	0.767	71	0.164651187815667
Tedc1	0.492	0.236	0.583	420	0.15922576279279
Pld4	0.519	0.313	0.634	503	0.155041575711595
Jkamp	0.414	0.146	0.535	311	0.156220908271429
Aldh6a1	0.402	-0.036	0.45	535	0.156986277922104
Vipas39	0.449	0.146	0.538	491	0.156332331791333
Fancm	0.357	-0.13	0.399	2021	0.150268948337746
Aspg	0.535	0.324	0.636	564	0.168498687997812
Ptpn23	0.507	0.218	0.584	1692	0.157784633506058
Cbll1	0.354	-0.312	0.31	491	0.145688277397901
Tecpr2	0.479	0.172	0.56	1423	0.160396322927889
Spata7	0.384	-0.055	0.439	582	0.149444271868642
Tdp1	0.49	0.238	0.596	609	0.157614108225101
Tmem179	0.662	0.606	0.788	233	0.170019208945972
Rab15	0.543	0.364	0.659	212	0.174481372569762
Slc25a47	0.527	0.342	0.648	310	0.163704017117129
Adi1	0.563	0.347	0.648	179	0.16306233092238
Fam110c	0.475	0.155	0.555	421	0.160172640029819
Dnal1	0.446	0.107	0.516	190	0.173514960753138
Lratd1	0.685	0.659	0.818	292	0.176670715997584
Rdh14	0.43	0.149	0.538	334	0.15568773714441
Pelo	0.576	0.479	0.723	385	0.168125266876946
Iars	0.442	0.122	0.529	1262	0.158632665594494
Arrdc3	0.375	-0.055	0.436	414	0.145290498050144
Tmem265	0.49	0.261	0.592	109	0.179877472151405
Nhlrc1	0.553	0.428	0.695	401	0.173099890627767
Tasor2	0.311	-0.304	0.309	2382	0.144747411486856
Rnf44	0.566	0.369	0.664	432	0.154551074712071
Gm21083	0.445	0.127	0.529	256	0.162808401434598
Slc9a3	0.521	0.303	0.623	829	0.157473474675898
Gm39115	0.716	0.576	0.788	232	0.354218219059723
Gm7579	0.626	0.34	0.669	243	0.315083571381113
Txndc5	0.547	0.35	0.658	417	0.17318248485276
Brd9	0.461	0.094	0.522	597	0.16438129611862
Cdk20	0.559	0.356	0.652	346	0.167839058434173
Epdr1	0.558	0.392	0.675	224	0.164684021714958
Golm1	0.483	0.24	0.593	393	0.169373582951111
Akr1c18	0.402	0.025	0.474	323	0.167312848702972
AW209491	0.411	0.067	0.501	421	0.158234827735509
Dusp22	0.454	0.102	0.518	205	0.15743399231018
Slc17a3	0.364	-0.055	0.429	498	0.145172977149938
Utp15	0.37	-0.079	0.424	528	0.149422456928711
Slf1	0.299	-0.299	0.3	1054	0.151354145755917
Akr1c14	0.378	-0.084	0.419	323	0.159406668350994
E330034G19Rik	0.486	0.217	0.581	351	0.168331894276497
Fam149b	0.405	-0.054	0.44	578	0.146055735680736
Slain1	0.538	0.353	0.658	579	0.153586823445673
Kctd9	0.352	-0.095	0.407	389	0.152419516147909
Dock9	0.493	0.254	0.601	2113	0.163421775784339
Gmpr2	0.419	-0.002	0.469	348	0.159240585399333
Mmrn2	0.509	0.267	0.609	943	0.163863953981368
Abhd4	0.49	0.205	0.573	355	0.151964571680862
Exoc5	0.312	-0.261	0.321	708	0.153351013342169
Fam170b	0.602	0.415	0.693	378	0.173733988530328
Chmp7	0.526	0.331	0.64	451	0.166556646699704
A630023A22Rik	0.43	0.077	0.497	199	0.153881307083395
Ankrd28	0.327	-0.225	0.346	1053	0.154239776596952
Mbnl2	0.431	0.091	0.522	373	0.155953583936536
Zfp957	0.422	-0.045	0.449	567	0.157408120477306
Cphx1	0.399	-0.118	0.409	182	0.149934867593732
Dph3	0.455	0.056	0.512	82	0.173624971607281
Ppp1r3e	0.673	0.671	0.821	279	0.155138546430577
Phyhip	0.696	0.6	0.787	330	0.176604809889059
Thtpa	0.464	0.165	0.556	224	0.158191149997626
Rcbtb2	0.401	0.002	0.472	551	0.160508169447585
Ppif	0.57	0.446	0.706	206	0.169870738122807
Mycbp2	0.368	-0.102	0.414	4746	0.155187646744707
Gm13090	0.416	0.064	0.5	111	0.144318049957947
Ano6	0.53	0.329	0.638	911	0.163381003683132
Slc38a1	0.488	0.32	0.631	485	0.153327499587759
Fam83h	0.526	0.255	0.604	1209	0.15421341747948
Tigd5	0.544	0.361	0.658	642	0.161270058290799
Gm27021	0.671	0.644	0.811	156	0.178775670962659
Gm13030	0.41	0.016	0.467	143	0.1525570707792
Scrib	0.512	0.258	0.6	1665	0.162242213644065
Kdelr3	0.56	0.47	0.711	214	0.153945933665276
Prkaa1	0.405	0.021	0.473	559	0.151079258678257
Amigo2	0.49	0.285	0.615	519	0.160733728150708
Ccdc65	0.543	0.411	0.681	493	0.172173581094624
Sgsm3	0.557	0.396	0.672	750	0.169392965107969
Mtbp	0.367	-0.078	0.425	894	0.150689945825777
Dennd3	0.558	0.414	0.685	1274	0.167933003523517
Card10	0.567	0.432	0.691	1070	0.16636304881321
Lmf2	0.522	0.363	0.653	702	0.150211201909393
Mal2	0.454	0.212	0.578	175	0.148309409513396
Nckap1l	0.466	0.195	0.563	1134	0.161949417019926
Csdc2	0.609	0.427	0.7	154	0.158884214100321
Krt72	0.591	0.445	0.703	520	0.177944374569197
Cmc4	0.332	-0.24	0.348	68	0.183583082949297
Ugt3a1	0.346	-0.103	0.404	523	0.145161651245361
Gm20498	0.387	0.016	0.469	182	0.152020766867341
Mef2b	0.557	0.37	0.661	349	0.153298198510116
Espl1	0.475	0.212	0.573	2118	0.163382995932199
Tafa5	0.512	0.374	0.658	125	0.178595469510214
Topors	0.35	-0.186	0.367	1033	0.142067251660275
Sharpin	0.436	0.061	0.504	380	0.156823760431538
Gm21761	0.436	-0.02	0.466	171	0.167532413339562
Gga1	0.618	0.491	0.728	635	0.163803622707564
Prickle1	0.509	0.268	0.611	832	0.168644273662748
Fbxo4	0.398	0.029	0.477	385	0.152660962797194
Rimoc1	0.371	-0.043	0.44	294	0.159563842270047
Slc45a4	0.573	0.463	0.712	785	0.1609075344405
Mfsd5	0.506	0.331	0.636	450	0.158718060745132
Cggbp1	0.429	0.008	0.473	167	0.161980900665467
Txndc11	0.48	0.22	0.581	948	0.155184075354799
Zc3h7a	0.334	-0.229	0.346	970	0.154552498085758
Qtrt2	0.417	0.059	0.494	345	0.158713368525707
Rrn3	0.386	-0.034	0.443	656	0.153357879767976
Osbpl11	0.433	0.08	0.513	757	0.158057656596006
Nsun3	0.356	-0.121	0.395	348	0.151400682511246
Rfc4	0.322	-0.246	0.332	364	0.152944329630221
Ildr1	0.509	0.281	0.612	537	0.157218041094001
Ypel1	0.519	0.263	0.611	118	0.180797876415435
Eaf2	0.351	-0.219	0.352	262	0.148745940882999
Srl	0.456	0.114	0.532	910	0.16352201110808
Slc51a	0.503	0.277	0.605	340	0.167485337793055
Sft2d1	0.403	0.152	0.534	159	0.153900046136557
Stk38	0.41	0.021	0.475	465	0.156450591375441
Gpsm3	0.481	0.213	0.574	159	0.148096850203138
Pkdcc	0.645	0.582	0.775	492	0.163283426068945
Tecr	0.611	0.508	0.735	308	0.162204551492124
Ldhal6b	0.426	0.107	0.521	382	0.156196805544204
Ppcs	0.491	0.243	0.593	311	0.159554600696503
Dlk2	0.557	0.303	0.632	382	0.191630319204194
Rab31	0.509	0.284	0.617	195	0.175398395502231
Fam234a	0.473	0.197	0.569	555	0.159061055486981
Nrm	0.48	0.333	0.631	262	0.153507838126418
Scaf8	0.338	-0.248	0.337	1268	0.144090026258509
Ankrd12	0.333	-0.263	0.333	2041	0.152212256303216
Wdr90	0.508	0.278	0.614	1892	0.160126291200498
Trip10	0.533	0.304	0.63	547	0.167243725787276
Ift140	0.521	0.288	0.62	1464	0.168978459756933
Vmac	0.663	0.549	0.754	174	0.177201268264819
Cyp4f15	0.52	0.286	0.611	534	0.160154784503541
Smim29	0.608	0.469	0.719	102	0.162878895784036
Rpusd1	0.57	0.352	0.654	306	0.167596247479669
Mpig6b	0.478	0.303	0.623	242	0.149072974058723
Catsperd	0.463	0.202	0.574	805	0.155410697900765
Ticam1	0.492	0.168	0.561	732	0.157253935574972
Ttbk1	0.546	0.342	0.65	1308	0.158427917222311
Stap2	0.511	0.273	0.611	411	0.160962094717503
Dhx57	0.426	0.078	0.506	1388	0.160406349379168
Tcf19	0.463	0.203	0.571	263	0.152582065727999
Oard1	0.377	-0.074	0.422	152	0.158479581334959
Unc119b	0.603	0.529	0.749	251	0.165385883193183
Abhd3	0.457	0.167	0.554	411	0.154063206856034
Tnfaip8	0.557	0.436	0.699	212	0.172215664302779
Afap1l1	0.578	0.425	0.693	768	0.172630964922167
Smim3	0.535	0.422	0.679	60	0.161385836432098
Hmgxb3	0.488	0.193	0.572	1254	0.163129083803679
Kctd1	0.582	0.486	0.725	861	0.162002165877459
Slc39a3	0.697	0.671	0.821	317	0.17288110011209
Arap3	0.482	0.21	0.574	1538	0.155679424008746
Slc39a6	0.425	0.064	0.501	765	0.154760807838694
Gramd3	0.431	0.084	0.512	432	0.157139664370152
Me2	0.362	-0.078	0.418	589	0.155336440935622
Fbxo38	0.401	-0.023	0.454	1194	0.155128024510128
Lars	0.412	0.019	0.478	1178	0.16131713655547
Psmg2	0.404	0.032	0.478	264	0.154072967217974
Lrrtm2	0.375	-0.017	0.447	515	0.147698488301126
Wdr74	0.424	0.092	0.513	384	0.1555897222642
Rrp12	0.532	0.306	0.628	1295	0.169547108564893
Cyp2c50	0.381	-0.073	0.42	490	0.150024113594832
Glyat	0.379	-0.041	0.447	296	0.148877511537605
Gpr137	0.527	0.349	0.647	396	0.157270598616802
Btaf1	0.3	-0.264	0.318	1848	0.148790873304736
Uqcc3	0.452	0.146	0.542	89	0.164781206434611
Ffar4	0.544	0.485	0.716	361	0.148947752749293
Macrod1	0.655	0.608	0.789	323	0.179967826663519
Carns1	0.542	0.325	0.635	947	0.172447304265333
AI837181	0.522	0.279	0.615	298	0.166231838076512
Kazald1	0.538	0.331	0.639	313	0.170058862829058
Otub1	0.609	0.483	0.726	271	0.173977772594357
Yars	0.513	0.281	0.617	564	0.170843665003053
Psat1	0.462	0.185	0.567	370	0.163145742776205
Vps37c	0.523	0.206	0.58	352	0.152113390418467
Lpxn	0.505	0.179	0.571	386	0.173480596127779
Trpt1	0.457	0.153	0.539	249	0.149247610357512
Gbf1	0.459	0.151	0.544	1861	0.157201471792445
Kank1	0.505	0.266	0.612	1360	0.16720975290314
Tm9sf3	0.353	-0.117	0.402	587	0.147483013625019
Pdzd8	0.425	0.084	0.508	1147	0.155046076843306
Exoc6	0.39	0.018	0.47	804	0.154916206362059
Fam111a	0.345	-0.22	0.355	613	0.15498088678078
Slc25a45	0.49	0.284	0.617	288	0.149926156725435
Brms1	0.534	0.312	0.63	246	0.171112722897698
Hat1	0.367	-0.127	0.394	416	0.149597534630824
Unc5a	0.629	0.547	0.757	898	0.168899330702422
Unc5b	0.598	0.476	0.72	945	0.167961914219276
Acaca	0.412	0.022	0.474	2345	0.154145378799571
Guca1b	0.665	0.614	0.793	201	0.18338551250489
Atf5	0.561	0.339	0.643	283	0.15830954047773
Eprs	0.399	-0.045	0.447	1512	0.163963713493443
Ssr1	0.372	-0.092	0.416	286	0.142620663958922
Lgr4	0.396	0.018	0.471	951	0.151192235844405
Ece2	0.505	0.258	0.602	763	0.163202177342618
Gimap4	0.36	-0.105	0.403	328	0.15648675731326
Il1rl2	0.432	0.114	0.525	574	0.161662540219891
Magee1	0.497	0.24	0.592	918	0.15664715653896
Arl2bp	0.485	0.199	0.573	163	0.165195766550885
Wwp1	0.302	-0.337	0.289	918	0.139483585142296
Nt5c3	0.369	-0.034	0.445	331	0.159104720322462
Col16a1	0.452	0.033	0.495	1580	0.160486101216417
Dio3	0.534	0.374	0.663	303	0.151510547330739
Ovol2	0.603	0.46	0.714	274	0.175320282088782
Osr2	0.549	0.364	0.662	276	0.161379457808244
Mylk	0.54	0.328	0.646	1950	0.169738497113182
Rdh1	0.513	0.32	0.632	317	0.166359007060094
Nod1	0.589	0.461	0.708	953	0.169112790984559
Asmt	0.737	0.858	0.923	387	0.164426809633348
Pi4kb	0.486	0.213	0.577	816	0.158868459116001
Uap1	0.415	0.036	0.489	522	0.159457910198241
Krt9	0.403	-0.073	0.443	743	0.152279155099247
Coro2a	0.559	0.413	0.685	543	0.161840663801652
Snrpd2	0.664	0.632	0.804	118	0.181891710250893
Sf3b4	0.488	0.083	0.52	424	0.152859785438549
Rnh1	0.509	0.293	0.613	492	0.177777736477714
Slc12a6	0.42	0.08	0.505	1150	0.153149026996019
Mrpl10	0.5	0.341	0.642	262	0.155999120902787
Mrpl41	0.461	0.087	0.519	135	0.155173726369204
Mrpl30	0.432	0.044	0.487	160	0.159387481895828
Rapgef1	0.543	0.323	0.639	1224	0.162050800988956
Aldh1l1	0.548	0.338	0.648	902	0.172370372982263
Drgx	0.535	0.295	0.629	263	0.161646259227412
Lgals2	0.548	0.365	0.661	130	0.161703833509025
Ankrd1	0.427	0.102	0.518	319	0.171124847992844
Haao	0.518	0.303	0.626	286	0.161398286859324
Scamp1	0.467	0.134	0.544	338	0.153945546873417
Tm6sf1	0.393	0.063	0.493	370	0.151968650038444
Tm6sf2	0.537	0.345	0.646	378	0.154423597007937
Bmyc	0.752	0.697	0.842	170	0.183810741923957
Scml2	0.327	-0.344	0.293	905	0.14788875844658
Jmjd6	0.51	0.306	0.631	403	0.15823465674307
Nsd2	0.397	-0.081	0.431	1366	0.166363799740123
Thoc5	0.512	0.279	0.613	683	0.166271311255107
Adgrb1	0.594	0.443	0.702	1582	0.168020489811123
Prl2c5	0.346	-0.112	0.398	225	0.152920729813597
Usp9y	0.272	-0.429	0.232	2556	0.141414858048538
Cth	0.414	-0.002	0.464	398	0.16188046184874
Mthfs	0.454	0.216	0.577	203	0.158485472132703
Gcm2	0.485	0.141	0.548	504	0.159145319478241
Mgat5	0.526	0.315	0.633	740	0.169074303575164
Chd4	0.486	0.173	0.561	1915	0.16909137175222
Celsr3	0.498	0.23	0.588	3301	0.157495296736349
Pom121	0.515	0.199	0.582	1200	0.148295656682579
Cdk9	0.593	0.485	0.722	372	0.172806679553461
H1f6	0.503	0.206	0.583	209	0.181052167500948
Frs3	0.613	0.47	0.719	492	0.162248390659252
Pacs1	0.502	0.252	0.604	961	0.156961222481463
Babam2	0.432	0.042	0.49	420	0.155400226766467
Ddb2	0.441	0.083	0.508	432	0.155671972547252
Bfsp2	0.492	0.249	0.599	416	0.160469663514673
Cdc20	0.469	0.155	0.549	499	0.155000167350247
Gtpbp6	0.56	0.445	0.699	514	0.158469904959048
Cenpf	0.35	-0.108	0.407	2997	0.15896950497814
Ap4e1	0.336	-0.145	0.385	1122	0.150161341102358
Ap1s2	0.331	-0.172	0.361	160	0.154345475518003
Celf4	0.61	0.463	0.718	504	0.170863002826969
Srsf9	0.515	0.295	0.621	222	0.152956289233571
Chrnb4	0.59	0.474	0.715	495	0.158130838641915
Fxyd4	0.454	0.112	0.518	88	0.169284691105439
Lin7a	0.422	0.066	0.502	233	0.157770523563957
Shmt2	0.541	0.369	0.659	504	0.164100412613732
Chrnb3	0.398	0.099	0.514	464	0.144078513535946
Slc14a1	0.452	0.208	0.572	440	0.156060200844648
Camk2d	0.427	0.049	0.492	533	0.159070587943311
Cstf2	0.362	-0.167	0.381	580	0.149827400879175
Eif2b3	0.395	0.015	0.469	452	0.161851664856821
Grm2	0.6	0.466	0.713	872	0.167072133951907
Grm3	0.443	0.123	0.53	879	0.159249217970055
Grm5	0.45	0.137	0.539	1203	0.15801292198408
Grm6	0.58	0.441	0.7	871	0.163168881151448
Grm7	0.431	0.093	0.514	922	0.155576755584521
Ltbp4	0.535	0.227	0.594	1666	0.175552459066627
Skic2	0.529	0.322	0.634	1244	0.161110348006215
Olr1	0.409	0.071	0.501	363	0.163699673000954
Prkaa2	0.422	0.038	0.484	552	0.156988354150275
Pip4k2b	0.601	0.453	0.711	416	0.171249944120254
Rnf216	0.441	0.03	0.485	910	0.164231638887584
Rnf144a	0.544	0.333	0.644	292	0.190059367741609
Slco1a5	0.352	-0.103	0.403	670	0.153037820560188
Prkab2	0.485	0.239	0.598	271	0.157575125367265
Med21	0.32	-0.305	0.303	144	0.157884242903404
Prkag2	0.479	0.206	0.576	566	0.149443967820863
Baiap2	0.601	0.441	0.704	535	0.170472304866394
Fermt3	0.589	0.443	0.699	665	0.168667353528555
B3gnt5	0.354	-0.128	0.395	376	0.150840365759807
Eif4ebp3	0.538	0.329	0.643	101	0.161928427111066
Slc22a7	0.526	0.363	0.652	540	0.158547513583561
Slco4a1	0.555	0.408	0.684	723	0.161134161627014
Slco3a1	0.569	0.437	0.697	710	0.17035552013575
U2af1	0.453	0.145	0.539	239	0.158612421429115
Napg	0.469	0.121	0.536	312	0.181046916610606
Napa	0.602	0.452	0.71	295	0.189700489356563
Xrcc4	0.359	-0.162	0.379	326	0.152144364740619
Ak6	0.313	-0.357	0.278	264	0.145180534864181
Taf9	0.313	-0.357	0.278	264	0.145180534864181
Atic	0.402	0.018	0.477	592	0.163494319789072
Galnt2	0.574	0.442	0.701	570	0.171667748830962
Galnt7	0.399	0.011	0.471	657	0.154534460807268
Sema3d	0.391	-0.036	0.445	777	0.154379910454949
Adamts7	0.509	0.218	0.585	1657	0.166733512843526
Adamts6	0.362	-0.193	0.37	1117	0.161546664288139
Ogt	0.368	-0.148	0.384	1046	0.159740507699734
Mthfd1	0.454	0.167	0.553	935	0.161092969930454
Ubxn8	0.361	-0.005	0.451	277	0.145494716912604
Fam50a	0.515	0.267	0.609	339	0.172438362220121
Fam50b	0.749	0.726	0.852	334	0.181243743796457
Gm45618	0.697	0.533	0.766	219	0.355402468684415
Mat2b	0.405	-0.005	0.464	334	0.160506765902075
Slc35b3	0.416	0.104	0.519	413	0.154954506842784
Rimklb	0.41	0.013	0.47	387	0.159805457938184
Fam210a	0.369	-0.011	0.456	273	0.14548716355513
Foxp1	0.459	0.17	0.562	705	0.154918214014252
Rnpepl1	0.627	0.555	0.761	720	0.161022398265456
Rnf187	0.661	0.574	0.771	236	0.187173898977268
Atp6v1h	0.351	-0.148	0.385	483	0.154549210676215
Epsti1	0.421	0.048	0.487	314	0.162611244629199
Dnajc9	0.455	0.15	0.546	259	0.168388392372316
Zdhhc15	0.426	0.134	0.538	337	0.156891580487882
Ccdc86	0.489	0.204	0.577	426	0.153638450599082
Cops8	0.416	0.03	0.477	209	0.151697471392804
Gpt2	0.544	0.347	0.651	522	0.169686324470802
Ccdc88a	0.297	-0.283	0.309	1845	0.145240499165876
Edem2	0.521	0.33	0.641	577	0.160939287470929
Stn1	0.522	0.316	0.632	378	0.170757668660444
Chn1	0.436	0.095	0.512	459	0.164481775611303
Pttg1ip	0.521	0.325	0.634	174	0.182075830412541
Fam207a	0.53	0.366	0.653	219	0.161841141450354
Card11	0.592	0.493	0.725	1154	0.168308321347345
Sft2d2	0.491	0.291	0.609	159	0.166955631261405
Oxsr1	0.371	-0.101	0.411	527	0.156805181049986
Lyrm2	0.344	-0.033	0.427	88	0.142056392862507
Galnt16	0.52	0.305	0.626	558	0.161024504123798
Pnrc1	0.521	0.383	0.671	297	0.154200958194994
Mex3b	0.57	0.377	0.672	576	0.162547070100537
Ston2	0.511	0.282	0.621	895	0.15642665469993
Calr4	0.458	0.087	0.519	420	0.166070099201154
Spem2	0.498	0.225	0.585	503	0.150004859649319
Ccdc122	0.274	-0.388	0.255	290	0.148397365412841
Flacc1	0.406	0.016	0.474	423	0.164409161191713
Jmjd1c	0.351	-0.195	0.369	2530	0.15082250374243
Tmem74b	0.509	0.288	0.618	232	0.153347730076953
Ibtk	0.366	-0.117	0.407	1352	0.157024321077098
Rdh13	0.488	0.249	0.596	334	0.16474782915365
Mtrf1l	0.432	0.117	0.521	373	0.155911448052872
Ankhd1	0.327	-0.302	0.313	2548	0.147934815637302
Atad3a	0.485	0.23	0.586	591	0.161784431365468
Aif1l	0.555	0.408	0.683	150	0.170872156856627
Zfta	0.635	0.553	0.76	678	0.167575784745104
Fam72a	0.363	-0.14	0.389	149	0.169415042143756
B4gat1	0.55	0.379	0.666	415	0.159099576226063
Tbcd	0.449	0.158	0.544	1196	0.162044794336369
Nusap1	0.362	-0.203	0.364	427	0.156486454942155
Aida	0.335	-0.174	0.368	305	0.150734654964682
Rcc2	0.584	0.46	0.713	520	0.170454407500315
Cdca2	0.396	-0.063	0.438	982	0.156820959387466
Lhfp	0.546	0.364	0.659	200	0.179891133664996
Smim13	0.439	0.104	0.518	88	0.151356597654986
Rnf169	0.494	0.295	0.62	694	0.160969940596817
Trmt10a	0.423	0.051	0.494	330	0.16056045961615
Zzz3	0.358	-0.171	0.381	910	0.152801141977536
Ppp1r15b	0.411	0.046	0.49	697	0.154785641228744
Apol7c	0.443	0.065	0.497	369	0.164351371108519
Miga2	0.564	0.383	0.668	593	0.161877869884109
Irak2	0.524	0.313	0.632	622	0.166705683728677
E2f8	0.464	0.135	0.541	860	0.153234329155333
Gm3099	0.375	-0.038	0.436	205	0.158758789045876
Tpr	0.334	-0.209	0.355	2431	0.148907193914915
Tbc1d10c	0.534	0.355	0.649	444	0.157190319966444
Ciapin1	0.504	0.24	0.598	309	0.17575893946524
Nabp1	0.331	-0.241	0.337	198	0.141102237994362
Sp110	0.431	0.061	0.499	445	0.154732367712985
Cavin3	0.545	0.331	0.642	260	0.164392949781731
Inka2	0.483	0.216	0.583	300	0.161003285915669
Krt75	0.547	0.357	0.656	551	0.164762289090465
Pfdn4	0.416	0.128	0.535	134	0.170860020480003
Dnaaf2	0.521	0.324	0.642	814	0.161986800516437
Exosc4	0.566	0.418	0.686	245	0.168068448785032
Ints5	0.413	0.048	0.484	1018	0.150644891923874
Sephs1	0.418	0.071	0.504	392	0.158167232445378
Fbxw17	0.501	0.271	0.61	466	0.161371386589717
Rars2	0.327	-0.144	0.385	578	0.145811989054362
Rbm15b	0.585	0.474	0.717	887	0.157705206809411
Slc30a9	0.312	-0.196	0.355	567	0.142798178594586
Uhrf2	0.367	-0.155	0.387	803	0.157059372151297
Supt3	0.411	-0.022	0.453	374	0.161074941505
Mmadhc	0.372	-0.151	0.392	296	0.152209248259366
Plekha5	0.421	0.053	0.494	1269	0.154344955932804
Mmaa	0.371	-0.017	0.445	415	0.147699962071724
Gins4	0.439	0.16	0.547	223	0.15932722301369
Chd9	0.361	-0.132	0.395	2885	0.150366801205152
Mlec	0.573	0.453	0.706	291	0.1619150039479
Ube2q2	0.368	-0.03	0.449	378	0.149187927457386
Atl3	0.358	-0.146	0.39	541	0.15511215182974
Igip	0.373	-0.057	0.44	53	0.153381826347253
Trip11	0.344	-0.105	0.407	1976	0.153144072918969
Sobp	0.552	0.368	0.666	864	0.162089631715273
Pimreg	0.471	0.206	0.568	231	0.156910288926208
Tmem139	0.397	-0.041	0.444	214	0.152390388413368
Rarres1	0.502	0.278	0.614	283	0.156129091193438
Ms4a7	0.392	0	0.461	267	0.155092221960827
Fam118b	0.37	-0.056	0.434	351	0.154664846205884
Sccpdh	0.377	-0.095	0.418	429	0.151256405692763
Mbd5	0.363	-0.141	0.395	1728	0.144895005395774
Kif24	0.409	-0.004	0.466	1356	0.1550721106414
Lrrc39	0.365	-0.012	0.445	337	0.149826759800908
Tspan9	0.643	0.612	0.789	239	0.181102834181666
Adtrp	0.471	0.231	0.58	262	0.148579697768011
Rlf	0.352	-0.165	0.382	1918	0.157813051106865
Me3	0.534	0.325	0.637	604	0.166929267836316
Ssc4d	0.505	0.254	0.603	586	0.168919647637033
Prr5	0.588	0.466	0.713	387	0.155508829848071
Mybpc1	0.444	0.062	0.503	1127	0.164297296294468
Actr5	0.594	0.507	0.736	608	0.165622330900509
R3hdm4	0.564	0.392	0.669	262	0.160380832996958
Prex2	0.393	-0.005	0.463	1598	0.158390318024372
Orai1	0.621	0.602	0.788	304	0.154398127637598
Prr9	0.425	-0.063	0.461	116	0.199040437408031
C1qtnf7	0.426	0.031	0.486	296	0.155732705188328
Rnf20	0.432	0.085	0.506	973	0.167419700688837
Cdcp1	0.51	0.265	0.608	833	0.159837677961543
Pkn2	0.321	-0.242	0.333	983	0.14329246594443
Slc5a10	0.539	0.381	0.664	596	0.159916723213084
Ankrd39	0.595	0.459	0.712	183	0.18204023373867
Fam163b	0.63	0.522	0.745	167	0.172773577484356
Abraxas2	0.411	-0.017	0.461	424	0.148899714890598
Sri	0.432	0.055	0.503	198	0.154011783589388
Tbx10	0.559	0.321	0.639	385	0.16038615659225
Lmo3	0.489	0.221	0.583	145	0.195097034034893
Lmo1	0.636	0.523	0.745	156	0.20883263995227
Dsp	0.524	0.339	0.643	2883	0.170887954022568
Cald1	0.448	0.095	0.519	536	0.164025938964939
Upk1a	0.569	0.403	0.679	257	0.163562247023765
Npy	0.473	0.26	0.593	97	0.160774652815689
Acy1	0.534	0.275	0.615	408	0.157753538739405
Txlna	0.571	0.369	0.665	554	0.179948407492164
Ctrl	0.484	0.259	0.606	264	0.160616336602299
Hoxc11	0.617	0.513	0.744	304	0.164797322360992
Cyb5a	0.478	0.153	0.551	134	0.161071953720259
Ampd2	0.585	0.417	0.686	824	0.166930875490572
Ank2	0.416	-0.001	0.472	3900	0.154837658950531
Hyal3	0.448	0.106	0.521	412	0.156591222954358
Arrb1	0.554	0.359	0.659	418	0.169007889419978
Cpa1	0.549	0.336	0.645	419	0.160671463354506
Itga1	0.388	-0.016	0.459	1179	0.152992563877892
Actn1	0.574	0.404	0.679	892	0.170878892425114
Maob	0.385	-0.092	0.412	520	0.154397421314752
Cyb5r3	0.572	0.403	0.678	301	0.162366099890037
Blvra	0.421	0.103	0.514	295	0.159388803201042
Pgm3	0.384	-0.011	0.46	542	0.156353489186468
Clps	0.58	0.468	0.709	113	0.19120261868326
Glo1	0.46	0.147	0.548	184	0.168491947860194
Selenos	0.382	-0.039	0.434	189	0.152710722066397
Pgc	0.586	0.461	0.715	392	0.166834293803325
F11	0.412	0.023	0.483	624	0.158944887741304
C7	0.373	-0.125	0.41	845	0.164117016752291
Cbr3	0.528	0.372	0.662	277	0.169804635498859
Braf	0.383	-0.062	0.433	804	0.148285274365905
Mzf1	0.585	0.417	0.689	735	0.164408903855072
Asl	0.513	0.335	0.641	464	0.158197413615457
Cela1	0.555	0.352	0.659	266	0.16810018654525
Mcf2	0.35	-0.127	0.394	1111	0.154739982186088
Rap1a	0.312	-0.211	0.354	184	0.155141676538889
Zfp91	0.422	0.023	0.48	572	0.159337709414362
Zbtb25	0.398	-0.02	0.456	439	0.153522835880519
Abr	0.568	0.415	0.687	871	0.166885164464789
Amy2a5	0.355	-0.222	0.354	508	0.157665712646443
Art4	0.474	0.21	0.579	300	0.160708479344206
Art3	0.456	0.164	0.555	373	0.161823017469007
Gusb	0.517	0.309	0.632	648	0.156776224562191
Tpgs1	0.644	0.586	0.776	303	0.170318986468592
Kif22	0.45	0.155	0.543	660	0.155585904283111
Dek	0.376	-0.16	0.394	380	0.16416250072762
Syt17	0.559	0.377	0.665	470	0.160832691543573
Dut	0.476	0.269	0.606	200	0.157261381623544
Bmp3	0.449	0.181	0.559	470	0.153588773567838
Pygb	0.579	0.423	0.69	843	0.173380181552497
Dnah5	0.44	0.112	0.521	4621	0.160003157278515
Dnah1	0.567	0.396	0.674	4250	0.167492750457383
Phka2	0.426	0.074	0.501	1235	0.153673278833627
Pygl	0.52	0.306	0.628	850	0.166692318040407
Nop2	0.494	0.163	0.556	794	0.168078927737462
Cyp11b1	0.473	0.19	0.56	501	0.150705896043804
Mpi	0.52	0.245	0.597	423	0.1716004065801
Fgb	0.42	0.036	0.488	481	0.161452327473609
Ehmt2	0.572	0.419	0.69	1263	0.169328754724409
Raf1	0.462	0.126	0.533	648	0.158031360962178
Gpr18	0.506	0.402	0.674	331	0.155378285823623
Slc35b1	0.505	0.302	0.622	322	0.157256118922139
Manba	0.471	0.199	0.574	879	0.157515888791024
Ggct	0.433	0.101	0.525	188	0.161777825679473
Scgb2b26	0.335	-0.127	0.382	112	0.152745143007274
Fdps	0.537	0.353	0.652	353	0.173284797997942
Dgkg	0.468	0.158	0.553	788	0.164077481825784
Akr7a5	0.64	0.566	0.768	367	0.171243070757313
Pgd	0.494	0.286	0.617	483	0.168034345618501
Tmbim6	0.508	0.359	0.65	237	0.15856322247973
Triobp	0.545	0.291	0.623	2014	0.158647160900054
Hba-a2	0.592	0.358	0.662	142	0.178031848511914
Msra	0.485	0.23	0.596	233	0.152791470311533
Bcr	0.598	0.476	0.72	1270	0.164162587096856
Glra3	0.378	-0.048	0.434	480	0.147659955392843
Krt5	0.562	0.367	0.663	580	0.171552226221263
Krt7	0.62	0.481	0.72	457	0.173593817559291
Pmch	0.34	-0.193	0.365	165	0.150502101954402
Cox6b1	0.602	0.402	0.688	86	0.179115511967765
Tas1r1	0.544	0.381	0.668	842	0.164490575062759
Pp2d1	0.365	-0.112	0.406	620	0.152248978589209
Dync2h1	0.339	-0.152	0.377	4306	0.150642796991716
Rap1gap	0.564	0.402	0.684	729	0.159798577156015
Grk2	0.589	0.445	0.701	689	0.171704367112145
Sec13	0.515	0.256	0.609	322	0.168454947898515
Shroom2	0.449	0.066	0.504	1487	0.156437357979662
C8b	0.418	0.022	0.482	589	0.163975260077762
Pde4c	0.564	0.431	0.695	686	0.160751019654846
Qdpr	0.513	0.262	0.612	241	0.167298365882195
Pigh	0.54	0.476	0.714	188	0.169080891758756
Acat1	0.38	-0.112	0.41	424	0.162694454248457
Ly6a	0.419	0.034	0.485	134	0.17604571283557
Acat2	0.415	0.041	0.492	397	0.166051662390758
Or5w22	0.382	-0.055	0.428	307	0.150433138593402
Hivep1	0.416	0.017	0.482	2688	0.152492365275914
Dgkq	0.521	0.28	0.615	934	0.16670469556019
Adarb1	0.532	0.322	0.638	711	0.157774461751894
Amhr2	0.488	0.189	0.565	568	0.163981664141942
H2-Q6	0.591	0.453	0.706	326	0.168597800770078
Prdm2	0.417	-0.008	0.469	1709	0.159146131621715
Timp4	0.537	0.347	0.65	224	0.174067557218743
Arhgef28	0.454	0.141	0.541	1700	0.15821842418402
Eef1akmt4	0.48	0.206	0.578	255	0.147550754999168
Eef1ece2	0.503	0.253	0.601	910	0.161635345897498
Fntb	0.516	0.275	0.613	437	0.165683101351527
Hdlbp	0.452	0.104	0.519	1268	0.164305155815603
Atxn3	0.327	-0.191	0.357	355	0.145952031453266
Grik4	0.546	0.394	0.672	956	0.164495097853024
Prps2	0.433	0.081	0.505	318	0.169055816361414
Lmx1a	0.556	0.363	0.663	382	0.175280210659281
Rps6ka3	0.315	-0.271	0.319	740	0.147225975204522
Aldh7a1	0.461	0.175	0.558	539	0.160415355816868
H2-M10.3	0.424	0.063	0.492	330	0.157008040162824
Chaf1b	0.464	0.121	0.535	572	0.157592182429796
Cse1l	0.346	-0.162	0.372	971	0.148536146003765
Adam33	0.527	0.332	0.642	797	0.169835546062569
Nr3c2	0.441	0.095	0.522	980	0.153895691857812
Adgrv1	0.36	-0.11	0.407	6298	0.145946157000914
Cebpe	0.575	0.382	0.67	281	0.169034358049583
Tshz1	0.582	0.411	0.692	1084	0.169242573040954
Foxe1	0.718	0.743	0.865	371	0.167683706285358
Srsf1	0.467	0.193	0.566	248	0.147191095141399
Pwp2	0.516	0.304	0.628	919	0.163327283636829
Pcca	0.387	-0.037	0.447	724	0.157884917881032
Etfb	0.571	0.392	0.675	255	0.183021118970509
Lims1	0.458	0.078	0.513	396	0.1844518425952
Chrna3	0.533	0.357	0.653	504	0.161876355096532
Chrna5	0.391	0.063	0.494	438	0.15032064172035
Etfa	0.318	-0.315	0.302	333	0.153593157352019
Ptpa	0.549	0.311	0.634	323	0.171858221789369
Pde6c	0.435	0.116	0.529	861	0.161655038905501
Kcnq3	0.46	0.146	0.542	873	0.155521336941421
Scn2a	0.432	0.103	0.518	2006	0.155948799027677
Slc18a1	0.42	0.066	0.496	521	0.152193170786924
Scn4a	0.62	0.511	0.737	1841	0.170888585359936
Gabra5	0.457	0.128	0.534	463	0.15155490882622
Slc8a2	0.598	0.481	0.722	921	0.170774560772548
Slc8a3	0.468	0.174	0.559	928	0.162997416955325
Slc9a4	0.454	0.185	0.558	797	0.151650081674347
Chrna2	0.594	0.48	0.719	512	0.164027808302461
Cds2	0.504	0.285	0.614	444	0.153986591962466
Hspa13	0.377	0.003	0.465	471	0.14985979004298
Atp6v1b1	0.566	0.382	0.669	513	0.164419047788331
Hlcs	0.502	0.299	0.624	722	0.164508685091195
Rpl10	0.471	0.122	0.527	214	0.171505943844354
D1Pas1	0.405	-0.003	0.463	660	0.151496568710214
M1ap	0.442	0.142	0.536	529	0.155470751017206
Nudt19	0.544	0.383	0.667	357	0.155432724829934
Tars	0.454	0.144	0.543	722	0.162051339553866
Mbd6	0.476	0.149	0.547	1005	0.146042062703541
Erc1	0.414	0.064	0.496	1120	0.162215224218152
Taar1	0.375	0.051	0.484	332	0.150263644974886
Pecr	0.453	0.16	0.553	303	0.16709302634848
Hmga1b	0.583	0.387	0.679	107	0.171279972446241
Prn	0.623	0.553	0.76	197	0.179219642671335
Dxo	0.528	0.339	0.648	397	0.154351615441461
Egln1	0.591	0.462	0.715	400	0.173492016575589
Egln2	0.514	0.262	0.607	419	0.164662957864511
Egln3	0.556	0.406	0.68	239	0.175751047266027
Tas2r116	0.333	-0.071	0.406	305	0.1420022082364
Zfp607b	0.376	-0.151	0.395	648	0.165674115737129
Ugt2b37	0.32	-0.251	0.329	530	0.143914025608141
1700102P08Rik	0.382	-0.069	0.426	252	0.160297749286116
Ifit1bl2	0.405	-0.011	0.459	466	0.161527498727834
Zfp979	0.33	-0.317	0.308	407	0.160888202804619
Pzp	0.417	0.045	0.493	1495	0.154580955192126
Aanat	0.57	0.44	0.695	205	0.162094594909223
Aatk	0.57	0.367	0.668	1374	0.163918113733319
Abca1	0.491	0.245	0.594	2261	0.160451270392516
Abca4	0.471	0.204	0.571	2310	0.156453012212515
Abca2	0.574	0.418	0.688	2433	0.163868621195021
Abcb7	0.323	-0.212	0.349	752	0.142316391072502
Abcg1	0.593	0.5	0.731	666	0.165304740433402
Abi1	0.387	-0.175	0.38	481	0.149732098168507
Abl1	0.548	0.319	0.639	1142	0.164812257604711
Abl2	0.46	0.111	0.531	1182	0.158912098412935
Scgb1b27	0.359	-0.095	0.407	92	0.164335051352657
Acadl	0.4	0.032	0.48	430	0.156334273735307
Acadm	0.41	0.015	0.475	421	0.164715555357849
Acadvl	0.477	0.2	0.572	656	0.163656958590718
Vmn1r48	0.384	0.087	0.493	302	0.139970058763991
Vmn1r47	0.376	0.062	0.481	310	0.140176906665577
Vmn1r43	0.364	0.034	0.462	329	0.142363733054202
Vmn1r42	0.362	0.015	0.453	329	0.136887216301785
Vmn1r52	0.355	-0.045	0.424	309	0.138530339436512
V1ra8	0.367	-0.031	0.433	279	0.138382431220101
Vmn1r54	0.373	0.009	0.453	315	0.139473113444849
Vmn1r50	0.354	-0.048	0.43	310	0.141215876836857
Vmn1r53	0.345	-0.01	0.441	310	0.144000100826759
Vmn1r44	0.361	-0.024	0.438	310	0.14292676627151
Vmn1r40	0.362	-0.051	0.423	310	0.147514476005195
Vmn1r46	0.357	-0.014	0.448	309	0.145486468510149
Vmn1r41	0.354	-0.046	0.429	311	0.143662936428202
Vmn1r10	0.339	-0.082	0.409	311	0.140005266021965
Vmn1r29	0.356	-0.024	0.44	303	0.142136920022364
Vmn1r11	0.375	-0.03	0.438	299	0.146217152930743
Vmn1r13	0.362	-0.023	0.44	300	0.140890237006827
Vmn1r15	0.349	-0.063	0.421	299	0.139482049780051
Vmn1r14	0.337	-0.099	0.397	303	0.141696243966779
Vmn1r25	0.351	-0.066	0.415	302	0.140373090238734
Acaa1a	0.537	0.346	0.651	424	0.169269928135353
Acads	0.571	0.415	0.684	412	0.170407088311654
Laptm4b	0.49	0.19	0.56	227	0.166391851006834
Cldn16	0.398	0.015	0.471	235	0.162010325785767
Foxp2	0.406	0.038	0.49	714	0.148098028207275
Atp6v0b	0.494	0.304	0.624	205	0.163050238627055
Slc33a1	0.352	-0.072	0.42	550	0.144089229431119
Asic2	0.587	0.5	0.73	563	0.164164319368068
Asic1	0.596	0.455	0.71	526	0.179910681379867
Ace	0.559	0.398	0.678	1312	0.161299374760342
Prss1	0.536	0.241	0.598	246	0.185520274570723
Kiss1r	0.618	0.526	0.745	396	0.163534767151379
Ache	0.529	0.297	0.624	614	0.155323703520182
Aipl1	0.644	0.552	0.757	328	0.181220541220341
Npnt	0.427	0.023	0.48	609	0.162443378742269
Apoc4	0.536	0.33	0.635	124	0.153529971207403
Dok4	0.599	0.472	0.717	325	0.171148971850996
Macf1	0.385	-0.023	0.45	7355	0.157699172434271
Aco1	0.451	0.136	0.539	889	0.159735083961757
Aco2	0.531	0.28	0.614	780	0.170728550438996
Acox1	0.483	0.225	0.585	661	0.162059115193674
Palmd	0.4	-0.012	0.463	551	0.153435605464321
Slc28a3	0.419	0.084	0.505	703	0.151936789561955
Acp1	0.406	0	0.468	158	0.167808521125116
Acp2	0.464	0.179	0.558	423	0.153792488434872
Acp5	0.532	0.309	0.63	327	0.158293905792531
Lyve1	0.445	0.056	0.505	318	0.163732980916264
Acr	0.473	0.216	0.582	436	0.152125169722654
Chrna1	0.533	0.385	0.669	457	0.158779567374016
Chrna4	0.585	0.467	0.712	629	0.162571513385492
Chrna6	0.475	0.213	0.578	494	0.160848650334727
Chrna7	0.526	0.29	0.617	502	0.165449895324465
Chrnb1	0.484	0.285	0.612	501	0.151070004488328
Chrnb2	0.564	0.403	0.677	501	0.159359978615361
Chrnd	0.594	0.486	0.722	520	0.159856960708813
Slc5a5	0.571	0.477	0.718	618	0.159772218594676
Chrne	0.47	0.219	0.576	493	0.158541005373679
Chrng	0.572	0.467	0.71	519	0.163487888915844
Adipoq	0.456	0.083	0.519	247	0.158307697199892
Acrv1	0.348	-0.225	0.364	261	0.154096721062549
Zbtb21	0.474	0.134	0.541	1094	0.166331767362165
Krt82	0.615	0.518	0.741	516	0.185204111709231
Crip3	0.493	0.176	0.563	205	0.169108131556549
Clic1	0.533	0.312	0.633	241	0.169840102524199
D17H6S53E	0.445	0.147	0.534	293	0.158228877436427
Acta1	0.669	0.532	0.75	377	0.177812701935425
Ehbp1l1	0.45	0.118	0.532	1718	0.162474026976738
Zmynd10	0.534	0.365	0.656	440	0.170316506589454
Prdm15	0.547	0.31	0.636	1174	0.173387688303265
Tle6	0.546	0.379	0.669	581	0.165488717285453
Actb	0.632	0.445	0.703	375	0.179393786497551
Elac1	0.424	0.084	0.51	362	0.162704432238105
Actc1	0.518	0.236	0.591	377	0.168376345720285
Pth2	0.592	0.531	0.734	100	0.154251915607711
Rpl31	0.49	0.217	0.579	125	0.16276044646072
Brdt	0.407	0.016	0.48	956	0.160131264154918
Oas1c	0.503	0.263	0.606	362	0.165086446509779
Slc13a3	0.607	0.528	0.743	600	0.161032324761733
Actg1	0.583	0.387	0.672	375	0.171577942750259
Ly6g5c	0.524	0.351	0.652	149	0.173275987625754
Ly6g6d	0.563	0.389	0.677	135	0.176900189325042
Prss28	0.519	0.304	0.627	274	0.16835672182095
Prss29	0.538	0.342	0.648	279	0.167971910056461
Impa2	0.494	0.244	0.594	290	0.165870514447593
Hsd17b11	0.444	0.161	0.55	298	0.165130570855122
Krtap5-5	0.664	0.426	0.712	241	0.325236139884575
Semp2l2b	0.386	-0.058	0.436	495	0.154104524041694
Gtf2ird2	0.559	0.413	0.687	936	0.166595048779261
Selenom	0.549	0.446	0.698	144	0.156804001915108
Actg2	0.513	0.244	0.596	376	0.164805257762025
Actl7a	0.528	0.298	0.625	440	0.164303637042009
Actl7b	0.643	0.509	0.739	418	0.181390764045601
Ferd3l	0.497	0.296	0.618	168	0.156712430767619
Rasa2	0.37	-0.094	0.417	847	0.154934734205028
Rad51c	0.3	-0.273	0.31	384	0.143292217242544
Spred1	0.352	-0.13	0.399	444	0.155773509132233
Spred2	0.498	0.239	0.598	410	0.165384102752935
Actn2	0.581	0.438	0.696	894	0.174417091849949
Actn3	0.571	0.41	0.681	900	0.171621409358802
Supt16	0.41	-0.028	0.455	1047	0.162977224745812
Acta2	0.552	0.304	0.627	377	0.172013430170315
Acvr1	0.44	0.145	0.542	509	0.161980144657336
Pawr	0.508	0.32	0.639	333	0.160295793954262
Acvr1b	0.501	0.301	0.623	505	0.167641894108177
Acvr2a	0.327	-0.266	0.325	513	0.156544102467418
Acvr2b	0.622	0.529	0.748	536	0.177988112329327
Acvrl1	0.553	0.396	0.674	502	0.166094595617412
Aspa	0.32	-0.315	0.299	312	0.157500430470879
Ada	0.565	0.398	0.68	352	0.173606891434445
Plpbp	0.487	0.256	0.603	274	0.158032379815243
Psg25	0.379	0.012	0.468	475	0.145268068669788
Adam10	0.376	-0.151	0.39	749	0.162820457652106
Psg28	0.374	0.008	0.466	472	0.145976760071482
Psg29	0.361	-0.084	0.421	468	0.142777235870824
Dscaml1	0.584	0.421	0.692	2111	0.161395002707501
Ddhd1	0.459	0.194	0.57	918	0.153505905494127
Plcz1	0.341	-0.17	0.373	647	0.145847201111055
Adam11	0.557	0.398	0.679	778	0.173177223028975
Cygb	0.632	0.551	0.762	190	0.174737691605776
Vsx1	0.513	0.289	0.62	363	0.16441612846249
Adam12	0.487	0.182	0.564	903	0.170277156060335
Dcun1d1	0.312	-0.278	0.318	259	0.146648977899268
Afg3l1	0.461	0.158	0.549	789	0.162880314002336
Adam15	0.493	0.207	0.575	864	0.165122227395023
Adam17	0.408	-0.018	0.461	846	0.165071355797992
Adam19	0.51	0.235	0.595	920	0.170421670660402
Adam2	0.407	0.012	0.476	735	0.163798808605209
Adam22	0.411	0.013	0.475	904	0.164413574041371
Adam3	0.384	-0.089	0.424	822	0.161092751667944
Adam4	0.32	-0.307	0.307	763	0.155119161730727
Adam5	0.355	-0.153	0.387	771	0.157398316605204
Adam7	0.364	-0.104	0.413	789	0.161282740787827
Adam8	0.497	0.204	0.58	826	0.170893613649961
Adam9	0.413	0.012	0.477	863	0.164113186772992
Adamts1	0.477	0.176	0.566	968	0.165694508432231
Adcy6	0.557	0.407	0.68	1168	0.165475178914645
Adcy7	0.55	0.401	0.675	1099	0.166629618967217
Adcy8	0.481	0.248	0.591	1249	0.157014663591545
Adcy9	0.528	0.349	0.652	1353	0.166427923340807
Adcyap1	0.498	0.298	0.624	175	0.160275857795856
Adcyap1r1	0.554	0.376	0.665	496	0.166648663604616
Add1	0.457	0.1	0.525	735	0.163453329031968
Add2	0.584	0.428	0.699	725	0.169767205307077
Plin2	0.515	0.286	0.625	425	0.16867662580447
Adh1	0.451	0.132	0.54	375	0.166359826044318
Adh7	0.437	0.085	0.517	374	0.165072901831911
Adh5	0.427	0.03	0.49	374	0.170809029303051
Adk	0.428	0.005	0.475	361	0.170931659504989
Adm	0.502	0.298	0.621	184	0.150434357419268
Gpr182	0.574	0.499	0.726	398	0.157561800112693
Cfd	0.519	0.287	0.622	259	0.163512357200543
Adnp	0.379	-0.122	0.412	1108	0.157466584981466
Adora1	0.594	0.536	0.747	326	0.167996011700034
Adora2a	0.595	0.511	0.735	410	0.163871220184005
Adora2b	0.549	0.438	0.696	332	0.166985044374449
Adora3	0.47	0.303	0.619	319	0.155509559372317
Adprh	0.511	0.303	0.629	362	0.163828679277937
Parp1	0.552	0.362	0.662	1014	0.179422276087252
Parp2	0.42	0.043	0.488	559	0.16174466543758
Adra1b	0.618	0.555	0.759	515	0.161352911826751
Adra1a	0.525	0.377	0.664	466	0.1638683568585
Adra1d	0.593	0.523	0.745	562	0.161932655692037
Adra2a	0.657	0.666	0.82	465	0.1616582802387
Adra2b	0.544	0.355	0.652	453	0.161865054994775
Adra2c	0.622	0.586	0.777	458	0.159566093113918
Adrb1	0.725	0.774	0.878	466	0.164539051729404
Adrb2	0.524	0.346	0.649	418	0.165811106233792
Adrb3	0.523	0.365	0.656	400	0.150858323542343
Adsl	0.513	0.299	0.62	484	0.168868390557166
Adssl1	0.58	0.449	0.706	457	0.170614597416748
Adss	0.325	-0.203	0.359	456	0.14990359965118
Avil	0.56	0.399	0.681	819	0.169708788716571
Aebp1	0.584	0.381	0.672	1128	0.165527221022893
Aebp2	0.533	0.384	0.676	504	0.165032997905254
Crisp1	0.305	-0.385	0.272	244	0.158372521979009
Crisp3	0.302	-0.375	0.273	241	0.155158243058622
Afp	0.42	0.057	0.497	605	0.169897018613616
Aga	0.374	-0.127	0.404	346	0.155765720966743
Acan	0.437	0.019	0.487	2132	0.149208611946385
Ager	0.465	0.167	0.554	402	0.155617444223847
Angpt1	0.377	-0.032	0.448	498	0.15464442217481
Angpt2	0.535	0.338	0.649	496	0.164707025590266
Angpt4	0.577	0.412	0.683	509	0.1654761577796
Agrn	0.507	0.227	0.591	2034	0.172163776764353
Agrp	0.508	0.223	0.578	131	0.178851218053788
Gla	0.387	-0.009	0.457	421	0.158323568798658
Agt	0.573	0.453	0.706	482	0.159297971331259
Agtr1a	0.496	0.285	0.609	359	0.1588383490303
Agtr1b	0.432	0.108	0.513	359	0.154926840767531
Agtr2	0.364	-0.094	0.408	363	0.154654231469604
Agtrap	0.543	0.383	0.667	161	0.1629404907656
Agxt	0.544	0.379	0.664	414	0.164333494624737
Nr0b1	0.579	0.433	0.696	472	0.172819888785605
Ahcyl	0.584	0.386	0.672	432	0.182873185191411
Ahr	0.454	0.123	0.532	805	0.156787912437303
Ahrr	0.451	0.066	0.501	701	0.155751807384164
Ahsg	0.456	0.078	0.515	345	0.167653038241318
Aicda	0.481	0.277	0.604	198	0.153530995778812
Aif1	0.47	0.19	0.561	147	0.166553099415155
Crybg1	0.444	0.094	0.523	1691	0.155691842064878
Aip	0.577	0.404	0.68	330	0.178208491108214
Aire	0.537	0.317	0.635	552	0.167723403452275
Ak1	0.554	0.349	0.654	210	0.17698274353775
Ak2	0.521	0.29	0.617	239	0.167758266053078
Ak4	0.422	0.108	0.516	223	0.15196027897916
Akap1	0.476	0.167	0.56	857	0.159529331535876
Akap3	0.479	0.175	0.564	864	0.166745380923019
Akap4	0.383	-0.103	0.419	849	0.165202568301648
Alpl	0.551	0.358	0.659	524	0.16739680354473
Akp3	0.541	0.326	0.642	559	0.159682121949937
Alppl2	0.537	0.309	0.635	529	0.167718057482822
Akt1	0.641	0.537	0.753	480	0.172499844406428
Akt2	0.548	0.351	0.652	481	0.161609529388816
Alas1	0.494	0.211	0.581	642	0.164658721997944
Alas2	0.472	0.121	0.532	587	0.16234732498544
Alb	0.442	0.027	0.487	608	0.177342131692916
Alcam	0.4	-0.024	0.456	583	0.156843761642942
Abcd1	0.507	0.27	0.604	736	0.156819807082755
Aldh1a1	0.395	-0.048	0.445	501	0.166304479379319
Aldh2	0.603	0.469	0.719	519	0.171732083810079
Aldh3a1	0.539	0.319	0.637	453	0.167039149618749
Fgfrl1	0.518	0.257	0.604	529	0.158822645963886
Aldh3a2	0.416	0.1	0.513	484	0.160176622463586
Pcdha1	0.481	0.216	0.582	948	0.160408399079869
Tsga13	0.397	-0.063	0.442	273	0.148926171567549
Vps4a	0.435	0.079	0.508	437	0.160149101843081
Aldoa	0.553	0.314	0.636	418	0.173680759979669
Defb6	0.406	-0.01	0.45	63	0.161733605307125
Lsm10	0.497	0.233	0.58	122	0.158331959403542
Aldoc	0.491	0.226	0.586	363	0.166106196229512
Akr1b3	0.563	0.351	0.655	316	0.173881483623966
Foxn4	0.584	0.385	0.673	521	0.165811157662383
Alk	0.508	0.274	0.613	1621	0.158880919420347
Rims2	0.362	-0.122	0.4	1572	0.142310551802088
Alox12	0.479	0.222	0.58	663	0.159038011197671
Prelp	0.613	0.515	0.734	378	0.159714864905205
Baz2a	0.436	0.05	0.495	1887	0.155677848304748
Il22b	0.576	0.467	0.712	179	0.174296213668505
Alox12e	0.504	0.315	0.628	662	0.158896844299788
Akr1c20	0.368	-0.113	0.404	323	0.159333779391714
Alox12b	0.538	0.343	0.645	701	0.163072263785698
Alox15	0.506	0.282	0.614	663	0.164827532286611
Mta1	0.546	0.334	0.643	703	0.160965663986867
Mta3	0.466	0.175	0.559	591	0.159265170299755
Serpinb7	0.381	-0.064	0.433	380	0.153968234116536
Stim2	0.434	0.079	0.508	746	0.158390990308908
Alox8	0.503	0.273	0.608	677	0.158176817678641
Alox5	0.575	0.397	0.677	674	0.168045279819017
Derl2	0.364	-0.007	0.449	239	0.132388775049663
Alox5ap	0.533	0.444	0.701	161	0.153117373565568
Calcb	0.577	0.394	0.672	130	0.171997979921838
Alpk3	0.48	0.17	0.561	1680	0.160354250320338
Dph1	0.489	0.235	0.59	438	0.162224446930799
Tpbpb	0.385	-0.14	0.4	121	0.154974480504052
Slc19a2	0.518	0.338	0.643	498	0.161165726490395
Gfer	0.57	0.415	0.688	198	0.166964602180188
Pnpla3	0.582	0.478	0.718	384	0.16574221429953
Alx3	0.61	0.444	0.708	343	0.162714955695913
Tgs1	0.351	-0.226	0.355	853	0.156470978399976
Alx4	0.614	0.464	0.72	399	0.168468501777038
Tlcd3a	0.482	0.347	0.642	257	0.152373407010676
Ambn	0.382	-0.161	0.387	422	0.143487166771548
Ambp	0.528	0.351	0.654	349	0.170237363757703
Or5d18	0.369	-0.039	0.435	313	0.137930159612459
Or5d47	0.364	-0.006	0.451	318	0.143603485898163
Amd1	0.383	-0.117	0.408	334	0.151141830563409
Amelx	0.511	0.139	0.547	219	0.148985107518808
Amh	0.563	0.441	0.696	554	0.157921248814048
Cts3	0.359	-0.183	0.372	332	0.154838806654251
Pop5	0.55	0.425	0.687	169	0.172942594837265
Ube3b	0.55	0.445	0.696	1070	0.162633271477207
Acsm1	0.471	0.172	0.557	573	0.160484290056164
Necab2	0.603	0.49	0.727	389	0.167837705218454
Tirap	0.537	0.362	0.663	249	0.159551768513409
Pip4k2c	0.533	0.3	0.628	421	0.164181614548944
Scgb3a2	0.397	0.033	0.468	113	0.163923432613128
Ttyh2	0.594	0.497	0.728	532	0.167681582208734
Steap4	0.409	0.064	0.489	470	0.14866288068228
Ampd3	0.556	0.354	0.654	766	0.161293617713927
1110038F14Rik	0.481	0.19	0.569	222	0.151429807702144
2310034C09Rik	0.583	0.376	0.67	214	0.179368869865342
Bloc1s4	0.74	0.774	0.879	215	0.168022077919927
Ivns1abp	0.355	-0.206	0.361	642	0.155958822333607
Mat1a	0.488	0.19	0.57	396	0.169921452829301
Amy1	0.348	-0.248	0.341	511	0.156926572254806
Stk33	0.355	-0.181	0.375	491	0.150897245980629
Ang	0.47	0.175	0.56	145	0.161525741992905
Ang2	0.452	0.065	0.5	145	0.162808464606401
Ank	0.526	0.35	0.649	492	0.160419565456365
Ank1	0.522	0.308	0.629	1907	0.163242735978769
Ank3	0.447	0.155	0.55	1961	0.159004050657247
Ankfy1	0.397	0.004	0.464	1169	0.161993042831539
Anp32a	0.445	0.158	0.553	247	0.169529044894183
Slc25a4	0.537	0.33	0.642	298	0.171659264182036
Slc25a5	0.489	0.192	0.568	298	0.167352488537333
Anxa11	0.528	0.212	0.583	503	0.162455918457771
Anxa3	0.415	0.038	0.481	323	0.159863376543596
Anxa4	0.488	0.222	0.578	319	0.167911540032115
Anxa5	0.437	0.091	0.51	319	0.162701716961223
Anxa6	0.541	0.319	0.633	673	0.173048607879145
Anxa7	0.404	-0.064	0.438	463	0.149978123738675
Anxa8	0.511	0.293	0.621	327	0.172223859858158
Aoc3	0.519	0.277	0.616	765	0.155761299485871
Prdx3	0.389	-0.06	0.438	257	0.150124617139097
Prdx6	0.466	0.165	0.553	224	0.159620163754391
A1bg	0.468	0.141	0.542	512	0.153844029998787
Asb7	0.412	0.082	0.498	318	0.159854095063612
Asb10	0.489	0.209	0.57	467	0.163047888144225
Slc2a9	0.523	0.343	0.644	538	0.157652154159048
B3galt6	0.638	0.592	0.778	325	0.166451137558725
Helb	0.431	0.107	0.524	1074	0.159172382529603
Srgap1	0.505	0.27	0.609	1085	0.161666603937625
Boc	0.489	0.223	0.587	1110	0.156035831175313
Aox1	0.416	0.04	0.486	1333	0.160730132779493
Ap1b1	0.546	0.327	0.639	943	0.173016157479376
Ap1g1	0.361	-0.076	0.418	825	0.147735773125426
Ap1g2	0.508	0.312	0.626	791	0.160759388271986
Ap1m1	0.572	0.423	0.691	423	0.162216140336071
Ap1m2	0.568	0.417	0.688	425	0.164963271126543
Ap1s1	0.562	0.467	0.709	158	0.170735694605307
Fabp4	0.467	0.136	0.544	132	0.161668688022158
Ap2a1	0.601	0.477	0.719	977	0.171391412502277
Ap2a2	0.513	0.287	0.617	938	0.16453921477198
Ap2m1	0.564	0.397	0.676	435	0.166548911639929
Ap3b1	0.415	0.059	0.498	1105	0.159154736868413
Ap3b2	0.552	0.345	0.651	1082	0.167157788217422
Ap3d1	0.602	0.451	0.706	1199	0.179369767523456
Ap3s1	0.338	-0.121	0.396	193	0.152098755530201
Ap3s2	0.479	0.206	0.569	193	0.165136869773375
Ap4m1	0.441	0.172	0.551	449	0.147431765340374
Ap4s1	0.382	0.033	0.475	144	0.162717778280743
Apaf1	0.377	-0.026	0.451	1249	0.159882381348811
Apba2	0.582	0.391	0.677	750	0.172766383939254
Apbb1	0.517	0.27	0.614	710	0.162004820591893
Apbb2	0.478	0.196	0.575	760	0.160151061431149
Apc	0.353	-0.196	0.368	2842	0.147063702929783
Speg	0.549	0.358	0.656	3262	0.155382292645443
Apex1	0.423	0.058	0.498	317	0.161856462579898
Atg5	0.368	-0.124	0.398	275	0.147890405173526
Birc3	0.409	-0.007	0.465	602	0.157859720089075
Birc2	0.359	-0.141	0.39	612	0.150536946181278
Xiap	0.324	-0.314	0.307	496	0.149637973710959
Birc5	0.573	0.365	0.664	140	0.184645700048085
Api5	0.381	-0.025	0.449	504	0.153957081894117
Cd5l	0.457	0.14	0.546	352	0.175872485548452
Aplp1	0.529	0.294	0.62	654	0.160980998888939
Aplp2	0.448	0.101	0.523	751	0.171068294138404
Apoa1	0.594	0.426	0.693	264	0.168110256104632
Apoa2	0.49	0.193	0.573	102	0.167738832969862
Apoa4	0.657	0.573	0.774	395	0.17652434468924
Apobec1	0.397	0.061	0.489	229	0.146527617062203
Apobec2	0.581	0.417	0.691	224	0.179378710072701
Apoc1	0.485	0.255	0.6	88	0.160565316792198
Apoc2	0.544	0.431	0.692	97	0.162936487568854
Apoc3	0.49	0.221	0.586	137	0.161755859322002
Apod	0.471	0.15	0.551	189	0.156776270320547
Apoe	0.612	0.497	0.727	311	0.166166160756266
Apoh	0.444	0.06	0.506	345	0.165976749551215
Nr2f2	0.61	0.552	0.761	414	0.166396398125408
App	0.548	0.338	0.652	695	0.171060249572172
Aprt	0.577	0.445	0.697	180	0.160299539890709
Aqp1	0.584	0.464	0.708	269	0.16890870540319
Aqp2	0.61	0.536	0.749	271	0.167171787374064
Aqp3	0.553	0.368	0.661	292	0.166604630048703
Aqp4	0.421	0.086	0.511	323	0.159954076842273
Aqp5	0.57	0.481	0.72	265	0.16173772184099
Aqp6	0.52	0.319	0.636	293	0.165895433950201
Aqp7	0.449	0.134	0.538	303	0.155055694571109
Aqp8	0.454	0.175	0.551	261	0.160583873094253
Aqr	0.418	0.053	0.491	1481	0.154112258133968
Ar	0.476	0.163	0.557	899	0.161714659271001
Araf	0.528	0.31	0.632	604	0.157771065278228
Rplp0	0.575	0.341	0.648	317	0.1770585583531
Arc	0.609	0.435	0.699	396	0.171083618342161
Areg	0.391	-0.028	0.451	248	0.160520467991255
Arf1	0.51	0.311	0.626	181	0.16313571460629
Arf2	0.396	0.065	0.494	181	0.153434960990447
Arf3	0.552	0.409	0.678	181	0.169186693154262
Arf4	0.378	-0.081	0.412	180	0.151005019301319
Arf5	0.603	0.51	0.735	180	0.168328711550087
Klf16	0.633	0.518	0.746	251	0.158732189548795
Gjc3	0.416	0.112	0.519	269	0.157757994197885
Synpo2	0.433	0.042	0.498	1257	0.151878150386465
Arf6	0.683	0.678	0.825	175	0.170553663298102
Mrps2	0.559	0.37	0.661	291	0.160542325339274
Mmp28	0.544	0.341	0.646	520	0.156277612291937
Gjc2	0.58	0.47	0.718	440	0.164541734557437
Arg1	0.443	0.098	0.521	323	0.162254851343764
Arg2	0.364	-0.13	0.391	354	0.148186440382847
Rhoa	0.417	0.049	0.492	193	0.169162549115173
Rhob	0.741	0.752	0.868	196	0.187935072875392
Rhoc	0.542	0.36	0.656	193	0.173248544241956
Rhod	0.544	0.374	0.668	210	0.168046366203891
Arhgap5	0.284	-0.435	0.235	1503	0.14195306634423
Arhgap6	0.442	0.127	0.532	987	0.149755803756532
Arhgdib	0.508	0.214	0.586	200	0.170085645463406
Rnd2	0.532	0.32	0.636	227	0.167419574501376
Phox2a	0.663	0.64	0.811	280	0.166155765286687
Arl4a	0.34	-0.109	0.401	200	0.14632202786025
Arnt	0.43	0.004	0.474	791	0.150230585001544
Arnt2	0.518	0.261	0.611	712	0.158994412764374
Arntl	0.398	-0.009	0.462	626	0.151597741885548
Arpc1b	0.63	0.5	0.736	372	0.175789761819053
Art1	0.546	0.348	0.65	325	0.162960329116947
Art2b	0.35	-0.109	0.412	289	0.149149882371267
Art5	0.49	0.248	0.594	309	0.158297728274168
Artn	0.57	0.447	0.7	224	0.151561650562564
Arvcf	0.525	0.288	0.618	962	0.157867043994121
Arx	0.656	0.582	0.778	564	0.173383705254031
Arsb	0.505	0.281	0.614	534	0.156797007194252
Arsa	0.512	0.267	0.609	506	0.161088215093576
Asah1	0.327	-0.209	0.352	394	0.140176017033695
Asgr1	0.505	0.273	0.611	284	0.164685534888433
Asgr2	0.52	0.286	0.619	301	0.167118135125064
Rab27a	0.491	0.27	0.608	221	0.165783215108968
Ass1	0.547	0.36	0.658	412	0.166728702937859
Astn1	0.486	0.218	0.582	1302	0.161187490891907
Serpinc1	0.532	0.324	0.639	465	0.16844162637644
Zfhx3	0.579	0.418	0.694	3723	0.168125599818654
Ate1	0.38	-0.101	0.417	516	0.160050590385013
Atf1	0.409	0.047	0.494	269	0.150928782521139
Atf2	0.341	-0.28	0.327	487	0.142918559940316
Atf3	0.466	0.185	0.562	181	0.163128081839459
Atf4	0.454	0.078	0.513	349	0.16453793659614
Atm	0.333	-0.158	0.374	3066	0.150847357094546
Atoh1	0.554	0.381	0.672	351	0.160820749581177
Neurod6	0.391	-0.013	0.459	337	0.153012024378365
Neurod4	0.389	-0.084	0.425	330	0.151158613359665
Neurog2	0.664	0.67	0.824	263	0.167252420376577
Neurog3	0.559	0.406	0.681	214	0.149190167230823
Atox1	0.612	0.51	0.742	68	0.191037711855571
Atp1a1	0.507	0.278	0.612	1023	0.168517322031532
Atp1b1	0.551	0.339	0.646	304	0.171270274920176
Atp1b2	0.531	0.324	0.644	290	0.167308520255609
Atp1b3	0.375	-0.1	0.416	278	0.151134615615766
Fxyd2	0.544	0.373	0.661	64	0.163175827804251
Atp2a1	0.553	0.362	0.658	994	0.172023692227982
Atp2a2	0.441	0.097	0.516	1044	0.167235406575959
Atp2b2	0.598	0.476	0.719	1243	0.171234792137093
Atp4a	0.57	0.388	0.671	1034	0.170890877513293
Atp4b	0.598	0.459	0.716	294	0.168522077514775
Atp5a1	0.453	0.144	0.538	553	0.164304456729836
Atp5b	0.425	0.071	0.502	529	0.159880304583698
Atp5c1	0.451	0.083	0.509	298	0.170644441946117
Atp5pb	0.394	-0.014	0.456	256	0.155553813393955
Atp5g1	0.503	0.248	0.591	136	0.16216441235312
Atp5j	0.367	-0.125	0.4	108	0.149785014059566
Atp5k	0.474	0.289	0.609	71	0.164075474606722
Atp6v1a	0.44	0.11	0.525	617	0.158187587173041
Atp6v1b2	0.44	0.072	0.501	511	0.15759095048908
Atp6v0d1	0.553	0.366	0.659	351	0.167232374975659
Atp6v1e1	0.416	0.068	0.495	226	0.167678670663389
Atp6v0e	0.491	0.197	0.562	81	0.159410023474597
Atp6v0a1	0.494	0.277	0.609	839	0.159558663421052
Atp7a	0.348	-0.152	0.382	1492	0.152169592743129
Atp7b	0.492	0.276	0.613	1462	0.162927770560826
Atp8a1	0.42	0.114	0.523	1164	0.156558750122351
Atp9a	0.593	0.513	0.737	1047	0.166164498456963
Atp10a	0.467	0.201	0.57	1508	0.157753529757723
Atpif1	0.437	0.119	0.529	106	0.16347508104976
Atp6v0c	0.547	0.371	0.658	155	0.164459742829314
Slc7a1	0.509	0.334	0.641	622	0.162264489990297
Slc7a2	0.41	0.102	0.517	658	0.153908927683696
Slc7a3	0.396	0.026	0.471	618	0.153890462963939
Atrn	0.455	0.092	0.522	1428	0.168929583642325
Hnrnpd	0.408	-0.02	0.474	355	0.159843306216215
Auh	0.405	0.128	0.526	314	0.164416382290136
Aup1	0.474	0.28	0.609	439	0.145054555034167
Pcdh15	0.427	0.043	0.49	1943	0.150239649503886
Akr1b7	0.526	0.275	0.614	316	0.170432438959192
Avp	0.723	0.683	0.83	168	0.198543775935633
Avpr2	0.488	0.219	0.575	371	0.153937391209252
Axin1	0.473	0.132	0.54	868	0.157932591890021
Axin2	0.515	0.282	0.62	840	0.162072261437324
Azgp1	0.467	0.136	0.541	307	0.157827451310649
Cep131	0.571	0.392	0.672	1059	0.173441955943417
B2m	0.503	0.233	0.595	119	0.155800599369668
Baat	0.369	-0.108	0.406	420	0.148510236384517
Bach1	0.475	0.169	0.562	739	0.166987392569127
Bach2	0.513	0.264	0.61	839	0.163309659669875
Bad	0.508	0.223	0.585	204	0.151832960029859
Bag1	0.45	0.171	0.556	355	0.160192892539882
Bak1	0.512	0.314	0.631	209	0.155023031820084
Nkx3-2	0.632	0.538	0.755	333	0.170469178892187
Bard1	0.386	-0.043	0.444	765	0.158672359571298
Barx1	0.617	0.545	0.757	254	0.17054965200334
Barx2	0.518	0.292	0.622	283	0.16247476080466
Bax	0.578	0.469	0.713	192	0.16241066509143
Bcl6b	0.472	0.157	0.551	474	0.1565694119258
Bcan	0.519	0.268	0.61	883	0.160079786718172
Bcap29	0.324	-0.136	0.378	240	0.149917734602519
Phb2	0.562	0.411	0.679	299	0.1645823805183
Bcat1	0.481	0.225	0.583	453	0.159224940456895
Bcat2	0.509	0.308	0.627	393	0.163152162609426
Bche	0.333	-0.215	0.355	603	0.142682943740666
Bckdha	0.623	0.507	0.736	446	0.168976098824584
Bckdhb	0.437	0.115	0.528	390	0.159066842547849
Bckdk	0.506	0.285	0.609	412	0.151829228008923
Bcl10	0.407	0.097	0.511	233	0.154322142696566
Bcl2	0.582	0.419	0.688	236	0.160432069014361
Bcl2a1a	0.373	-0.033	0.447	172	0.152115093339217
Bcl2a1b	0.379	-0.015	0.457	172	0.1497104120228
Bcl2a1c	0.356	-0.066	0.431	128	0.14866425363799
Bcl2a1d	0.376	-0.021	0.453	172	0.149529980116142
Bcl2l1	0.512	0.275	0.615	233	0.154968220878558
Bcl2l10	0.493	0.314	0.624	191	0.15656979043674
Bcl2l2	0.515	0.259	0.609	193	0.161639633860808
Pabpn1	0.515	0.259	0.609	193	0.161639633860808
Bcl3	0.58	0.445	0.702	448	0.157004027378751
Bcl6	0.549	0.319	0.639	707	0.166685448512074
Bcl7b	0.525	0.249	0.609	202	0.153199711045524
Bcl7c	0.457	0.175	0.555	241	0.148245453439128
Opn1sw	0.527	0.311	0.632	346	0.163001297707761
Bdkrb1	0.552	0.463	0.705	334	0.157949096636148
Bdkrb2	0.673	0.681	0.827	392	0.169407760633622
Bdnf	0.451	0.177	0.56	257	0.158527170546489
Bet1	0.283	-0.385	0.25	118	0.139655065656866
Bex2	0.482	0.189	0.566	129	0.16195949529702
Bex3	0.494	0.201	0.57	124	0.169151211593453
Bfsp1	0.519	0.294	0.623	669	0.167356627709823
Glb1	0.5	0.258	0.602	647	0.153693832000173
Bglap3	0.512	0.331	0.634	95	0.16056671486323
Bglap	0.548	0.347	0.645	95	0.163635112345778
Bglap2	0.551	0.366	0.656	95	0.166617840674727
Cspg4	0.527	0.317	0.635	2327	0.155544475501778
Mrps6	0.419	0.057	0.484	125	0.153747738943071
Bgn	0.555	0.384	0.665	369	0.165997468522205
Bhmt	0.436	0.066	0.506	407	0.168733263536851
Bicd1	0.401	0.014	0.469	835	0.158675406895172
Bid	0.524	0.32	0.634	195	0.166275027252512
Hrk	0.757	0.854	0.919	92	0.170906281954864
Bik	0.503	0.351	0.643	150	0.161409278992958
Bcl2l11	0.442	0.063	0.497	196	0.145425940665771
Fabp7	0.444	0.012	0.48	132	0.171067005913097
Prdm1	0.494	0.213	0.583	823	0.160685049929471
Blk	0.544	0.339	0.645	499	0.164878432463628
Blm	0.361	-0.16	0.386	1419	0.154872309126068
Cxcr5	0.542	0.443	0.696	374	0.159381397730946
Bmi1	0.354	-0.15	0.385	324	0.149997058048995
Bmp1	0.585	0.413	0.689	991	0.172683992367316
Bmp10	0.49	0.22	0.583	421	0.161790181168681
Bmp15	0.377	-0.027	0.446	392	0.148159516345531
Bmp2	0.468	0.199	0.571	394	0.15401137277757
Bmp4	0.485	0.267	0.606	408	0.153838007277064
Bmp5	0.387	-0.057	0.435	454	0.151024358442306
Bmp6	0.582	0.462	0.715	510	0.164483669126027
Bmp7	0.638	0.575	0.772	430	0.163610462971522
Bmp8a	0.548	0.375	0.663	412	0.163279580577097
Bmp8b	0.515	0.317	0.629	399	0.158515769792849
Gdf2	0.545	0.351	0.656	428	0.165887179856042
Bmpr1a	0.357	-0.152	0.38	532	0.158980022149146
Bmpr1b	0.422	0.099	0.515	502	0.160860671418853
Bmpr2	0.371	-0.14	0.393	1038	0.150055143558092
Bmx	0.402	-0.002	0.468	655	0.155411284353609
Bnc1	0.494	0.218	0.584	990	0.162962789002806
Bnip2	0.355	-0.135	0.389	326	0.152686000311577
Bnip3	0.417	0.031	0.48	187	0.151177485941474
Bnip3l	0.454	0.149	0.553	218	0.153465833676815
Smyd1	0.58	0.429	0.696	490	0.181112276092406
Bop1	0.548	0.319	0.635	732	0.161725770071393
Bst1	0.478	0.248	0.595	311	0.161548065853173
Bpgm	0.447	0.151	0.536	259	0.165593562132833
Brca1	0.364	-0.158	0.388	1812	0.153971980101393
Brca2	0.323	-0.294	0.317	3329	0.146269088809313
Zfp36l1	0.634	0.538	0.754	338	0.157943337956674
Zfp36l2	0.749	0.815	0.902	484	0.164380434220006
Brs3	0.418	0.034	0.479	399	0.155063253113027
Birc6	0.345	-0.149	0.384	4873	0.150206646576448
Chic1	0.448	0.186	0.566	227	0.158030962209428
Bsg	0.548	0.364	0.662	389	0.168158727613732
Bsn	0.537	0.269	0.616	3942	0.157182995825946
Btc	0.463	0.184	0.563	177	0.173058077137261
Klf5	0.527	0.289	0.624	446	0.155950023431606
Btg1	0.513	0.293	0.62	171	0.15739274855275
Btg2	0.612	0.518	0.74	158	0.16648160828707
Btg3	0.401	-0.099	0.421	252	0.160820842177412
Btk	0.414	0.023	0.478	659	0.156729579768486
Btn1a1	0.451	0.168	0.554	524	0.156213090520443
Btrc	0.447	0.132	0.531	605	0.164573637602543
Bub1	0.318	-0.312	0.305	1059	0.148172952407549
Bub1b	0.42	0.055	0.494	1052	0.158040808552199
Bub3	0.518	0.268	0.613	326	0.162530821126343
Commd3	0.396	0.057	0.492	195	0.161040695689971
Tspo	0.528	0.317	0.632	169	0.150960057805195
Serping1	0.506	0.224	0.589	504	0.157346384918949
C1qa	0.531	0.303	0.63	245	0.162611463395656
C1qb	0.525	0.309	0.636	253	0.163747263259694
C1qbp	0.511	0.278	0.615	279	0.165018445933836
C1qc	0.561	0.419	0.695	246	0.162417978653809
C2	0.496	0.214	0.579	760	0.162009680457556
Ciita	0.523	0.301	0.624	1078	0.162984640628511
C3	0.538	0.343	0.649	1663	0.165582652203154
C3ar1	0.408	0.01	0.47	477	0.14780181811319
C4b	0.506	0.272	0.61	1738	0.161788394111653
C4bp	0.379	-0.124	0.408	469	0.159295965289197
C5ar1	0.546	0.421	0.686	351	0.158704801296803
C6	0.389	-0.064	0.439	769	0.161942773148215
C9	0.346	-0.167	0.376	561	0.150318536156357
Hyou1	0.496	0.207	0.578	999	0.166581660479641
Cab39	0.416	0.094	0.511	341	0.159754833817156
Cacna1a	0.59	0.477	0.719	2368	0.159700672234943
Cacna1b	0.519	0.307	0.628	2327	0.157116701137423
Cacna1c	0.532	0.333	0.641	2222	0.163182755143986
Cacna1d	0.448	0.15	0.543	2166	0.156898669901112
Cacna1e	0.492	0.255	0.598	2273	0.156606577592608
Cacna1g	0.57	0.423	0.689	2295	0.161323088294233
Cacna1s	0.569	0.424	0.689	1852	0.164716823866939
Cacna2d1	0.358	-0.15	0.386	1103	0.151130486835738
Cacnb1	0.566	0.396	0.679	597	0.159454079979064
Cacnb2	0.399	-0.005	0.466	655	0.146956850356851
Cacnb3	0.573	0.411	0.685	484	0.161661442937832
Cacnb4	0.413	0.088	0.511	519	0.147311803440122
Cacng1	0.582	0.458	0.711	223	0.17003717378283
Cacng2	0.616	0.551	0.76	323	0.159932480156171
Cacybp	0.373	-0.103	0.416	229	0.159559167069833
Pdia4	0.469	0.105	0.53	641	0.167183882906606
Ddr1	0.562	0.407	0.681	911	0.158258078235174
Anxa2	0.563	0.385	0.669	339	0.176507751425812
Calb1	0.4	-0.009	0.456	261	0.162628582545186
Calb2	0.543	0.329	0.642	271	0.17245536911924
S100g	0.463	0.086	0.519	79	0.170908019930126
Calca	0.519	0.271	0.611	136	0.166939155742711
Calcr	0.492	0.237	0.588	533	0.161749758727078
Calm1	0.466	0.131	0.54	197	0.155083565541792
Calm2	0.4	-0.077	0.432	149	0.156251941242359
Calm3	0.544	0.305	0.633	149	0.178936695472888
Aspm	0.336	-0.148	0.375	3122	0.151844200272196
Calr	0.513	0.178	0.57	416	0.173912956087531
Car8	0.423	0.08	0.507	291	0.156595841681335
Calu	0.443	0.044	0.498	315	0.16727250931765
Camk2a	0.593	0.419	0.688	478	0.172065123507592
Camk2b	0.579	0.4	0.68	545	0.171499948576524
Camk2g	0.496	0.238	0.593	529	0.161556519436126
Camk4	0.46	0.138	0.543	469	0.165248242079223
Caml	0.46	0.192	0.566	294	0.156223770058621
Canx	0.383	-0.179	0.38	591	0.166152775482532
Cap1	0.459	0.059	0.504	474	0.164895325317779
Capg	0.566	0.363	0.66	349	0.175423433203921
Capn1	0.579	0.434	0.695	713	0.166851283627053
Capn2	0.528	0.343	0.647	700	0.166273906085875
Capn3	0.518	0.273	0.613	821	0.166060820687304
Capns1	0.512	0.246	0.598	268	0.165646020078447
Capn5	0.6	0.443	0.703	640	0.170294725518805
Capn6	0.47	0.125	0.53	641	0.16376989076348
Capn7	0.339	-0.224	0.35	813	0.146926050046935
Capza1	0.381	-0.07	0.433	286	0.152368203309136
Capza2	0.325	-0.281	0.32	286	0.148697955052746
Capza3	0.377	0.032	0.474	299	0.156475076642156
Capzb	0.499	0.26	0.603	301	0.168889180403433
Car1	0.401	-0.092	0.423	261	0.15448171433787
Car11	0.536	0.362	0.653	328	0.152253150845187
Car2	0.462	0.105	0.528	260	0.166193672152515
Car3	0.53	0.23	0.593	260	0.172563612776427
Car4	0.528	0.28	0.616	305	0.162984475233678
Car5a	0.536	0.358	0.657	299	0.157192294605705
Car6	0.526	0.292	0.627	317	0.16235587512979
Car7	0.617	0.466	0.717	264	0.165191929361227
Nr1i3	0.472	0.22	0.577	358	0.158228534004955
Cat	0.486	0.167	0.561	527	0.163287322339421
Cask	0.372	-0.107	0.409	920	0.152161332077072
Casp1	0.35	-0.184	0.366	402	0.156456210022005
Casp4	0.388	-0.065	0.432	373	0.15714959352024
Casp12	0.374	-0.107	0.408	419	0.159274798294305
Casp14	0.445	0.142	0.541	257	0.155454098238635
Casp2	0.455	0.132	0.534	452	0.164780234372739
Casp3	0.436	0.091	0.517	277	0.162667674562115
Casp6	0.53	0.306	0.631	276	0.169623825660052
Casp7	0.55	0.36	0.659	303	0.177028622317471
Casp8	0.452	0.136	0.534	500	0.166204323958735
Casp9	0.514	0.298	0.623	454	0.165882731612871
Casq1	0.51	0.25	0.602	405	0.172558917073466
Casq2	0.477	0.152	0.55	415	0.168371583219226
Casr	0.566	0.429	0.694	1079	0.167047011135177
Cast	0.374	-0.224	0.365	754	0.157958934710165
Ctnna1	0.448	0.124	0.532	906	0.171849485423768
Ctnna2	0.431	0.061	0.499	953	0.16473614868059
Ctnnb1	0.409	0.014	0.47	781	0.161168588893146
Ctnnd1	0.411	0.027	0.479	938	0.155134588910208
Cav1	0.572	0.433	0.696	178	0.167750751697036
Cav2	0.542	0.325	0.641	162	0.161189745275135
Cav3	0.661	0.581	0.772	151	0.184303874024679
Runx2	0.511	0.251	0.608	528	0.147731804100899
Runx1	0.62	0.527	0.75	465	0.148770493334001
Runx1t1	0.442	0.069	0.504	604	0.156348772245794
Cbfa2t2	0.435	0.024	0.48	594	0.153952874893698
Cbfa2t3	0.581	0.407	0.684	620	0.162087550140301
Runx3	0.708	0.664	0.824	423	0.154091516320685
Cbfb	0.444	0.136	0.533	187	0.15852824286371
Serpina6	0.508	0.268	0.609	397	0.156362222593059
Cbl	0.434	0.012	0.476	913	0.156075171340094
Cbln1	0.636	0.553	0.761	193	0.163513656512864
Cbln2	0.511	0.36	0.657	224	0.157090063430168
Serpinh1	0.671	0.611	0.791	417	0.172916840447591
Cbr1	0.504	0.278	0.613	277	0.166119474843221
Cbr2	0.53	0.348	0.652	244	0.164527578432691
Cbs	0.562	0.373	0.664	561	0.172136033550329
Cbx1	0.419	-0.034	0.461	185	0.172244457773268
Cbx2	0.562	0.391	0.679	519	0.166847814510443
Cbx3	0.355	-0.215	0.362	183	0.165566917267665
Cbx4	0.617	0.496	0.736	551	0.173978280000422
Cbx5	0.413	-0.074	0.436	191	0.174590683923717
Rb1cc1	0.296	-0.293	0.306	1588	0.150007204935426
Cck	0.549	0.424	0.688	115	0.161882138551242
Cckar	0.538	0.382	0.665	436	0.158340695553112
Cckbr	0.519	0.358	0.648	453	0.152666949957114
Ccna1	0.433	0.1	0.516	421	0.15691359522491
Ccna2	0.389	-0.036	0.449	422	0.155734055760481
Ccnb2	0.481	0.23	0.585	398	0.168030614979803
Ccnd1	0.665	0.595	0.783	295	0.186302210057866
Ccnd2	0.603	0.446	0.701	289	0.181394036359134
Ccnd3	0.59	0.468	0.711	292	0.17339910548912
Ccne1	0.422	0.091	0.513	408	0.158107772707632
Ccne2	0.314	-0.236	0.336	404	0.150013334659676
Ccnf	0.494	0.267	0.606	777	0.166673185635761
Ccng1	0.352	-0.08	0.413	294	0.154270852576817
Ccng2	0.405	0.049	0.487	344	0.163827588738564
Ccni	0.376	-0.09	0.413	377	0.158451838262567
Ccnk	0.445	0.02	0.488	582	0.147657759775562
Ccnt1	0.418	-0.005	0.468	724	0.152472215824383
Noct	0.566	0.434	0.695	429	0.159393565729045
Ccr6	0.522	0.333	0.642	367	0.160863476132915
Ccs	0.475	0.219	0.582	274	0.16975679024239
Cct2	0.358	-0.114	0.4	535	0.163010941228351
Cct3	0.421	0.055	0.487	545	0.164163569151622
Cct4	0.336	-0.16	0.373	539	0.155900777078148
Cct5	0.444	0.125	0.529	541	0.170620175672069
Cct6b	0.354	-0.084	0.412	531	0.160523018490748
Cct7	0.484	0.168	0.554	544	0.176375882059338
Cct8	0.346	-0.183	0.371	548	0.160402736768641
Cd14	0.448	0.212	0.571	366	0.152842334562646
Cd151	0.59	0.465	0.712	253	0.186652820424242
Ctla4	0.417	0.02	0.479	223	0.149351744933853
Cd19	0.44	0.116	0.531	547	0.152937915962136
Cd1d1	0.446	0.145	0.544	336	0.151568622976583
Cd2	0.436	0.091	0.514	344	0.155215592991444
Ms4a1	0.367	-0.128	0.393	291	0.151152995547648
Cd22	0.502	0.262	0.609	868	0.158404786250321
Cd24a	0.408	0.115	0.514	76	0.153498605888168
Cd28	0.45	0.161	0.55	218	0.153561700846635
Cd2ap	0.323	-0.321	0.299	637	0.147943593780572
Cd33	0.446	0.128	0.528	403	0.154923982000566
Cd34	0.42	-0.018	0.459	382	0.152939464405995
Cd36	0.338	-0.215	0.354	472	0.152243300963845
Scarb2	0.439	0.139	0.538	478	0.154974140434611
Cd37	0.564	0.464	0.708	303	0.165738180378993
Cd38	0.444	0.109	0.522	304	0.161699034258465
Entpd1	0.477	0.172	0.56	539	0.161514597098397
Entpd2	0.53	0.339	0.645	495	0.158288349775089
Entpd6	0.501	0.252	0.601	455	0.162730779831539
Entpd5	0.432	0.088	0.516	452	0.154091497559734
Cd3d	0.433	0.106	0.521	173	0.163557678172954
Cd3e	0.498	0.245	0.596	189	0.170228385888148
Cd3g	0.412	0.052	0.489	182	0.160405779651238
Cd247	0.488	0.259	0.6	206	0.156100031876106
Cd4	0.508	0.317	0.634	457	0.167636826873266
Cd44	0.415	-0.074	0.439	780	0.148207518488953
Cd48	0.39	-0.051	0.438	240	0.148889761028094
Cd5	0.532	0.269	0.611	494	0.169876744268224
Cd53	0.412	0.062	0.49	219	0.161932351218219
Cd59a	0.357	-0.052	0.432	123	0.166960955690755
Cd6	0.517	0.258	0.609	665	0.16793771681713
Cd63	0.476	0.193	0.568	238	0.185180122578834
Cd68	0.438	0.094	0.517	326	0.148058713757053
Cd69	0.393	-0.022	0.46	199	0.16674121549029
Cd7	0.507	0.29	0.62	210	0.162636458383852
Cd72	0.476	0.188	0.565	361	0.167892880188751
Cd79a	0.496	0.239	0.588	220	0.158583817616113
Cd80	0.384	-0.038	0.443	306	0.155810250976477
Cd81	0.561	0.384	0.668	236	0.17933182724171
Cd82	0.601	0.498	0.732	266	0.185309887828049
Cd83	0.504	0.282	0.618	196	0.161143448075712
Cd84	0.372	-0.102	0.408	329	0.151427817175349
Cd86	0.397	-0.016	0.458	309	0.151230311742569
Cd8a	0.493	0.268	0.607	247	0.159001428526337
Cd8b1	0.509	0.331	0.642	213	0.163020267918258
Cd9	0.519	0.342	0.645	226	0.171656990496454
Cdc25a	0.443	0.087	0.513	514	0.156716612280045
Cdc25b	0.517	0.266	0.605	576	0.159694289799704
Cdc25c	0.413	0.004	0.463	447	0.160687421040732
Cdk1	0.434	0.168	0.547	297	0.156124241163395
Cdk11b	0.451	0.116	0.526	784	0.160057224447818
Cdc37	0.634	0.514	0.743	379	0.187234886791698
Cdc42	0.357	-0.188	0.372	191	0.158430691010793
Cdc45	0.487	0.245	0.595	566	0.161098317837769
Cdc7	0.366	-0.111	0.407	564	0.158285276546409
Arhgap31	0.47	0.147	0.547	1425	0.15716559770519
Cdh1	0.507	0.246	0.599	884	0.160414734853024
Cdh11	0.438	0.038	0.489	796	0.157070994973269
Cdh13	0.539	0.326	0.641	714	0.162051910166062
Cdh15	0.555	0.374	0.663	784	0.158837308706114
Cdh16	0.473	0.173	0.561	830	0.15540832608797
Cdh17	0.4	-0.019	0.459	827	0.150075051301928
Cdh2	0.421	0.056	0.495	906	0.155421218092934
Cdh3	0.521	0.291	0.624	822	0.163217588750296
Cdh4	0.556	0.372	0.666	913	0.160209447701115
Cdh5	0.566	0.359	0.66	784	0.165247705062086
Cdh6	0.471	0.168	0.557	790	0.155737160720637
Cdh8	0.359	-0.147	0.385	799	0.150189484027282
Cdh9	0.369	-0.117	0.403	788	0.151662262606151
Cdk2	0.46	0.165	0.551	346	0.161284353937099
Cdk4	0.443	0.108	0.521	303	0.155414446983033
Cdk5	0.525	0.271	0.607	292	0.168170031209302
Cdk5r1	0.66	0.618	0.795	307	0.171719451463016
Cdk5r2	0.7	0.744	0.864	369	0.166967830514399
Cdk6	0.5	0.262	0.603	326	0.156833549332129
Cdk7	0.36	-0.057	0.427	346	0.150337570475202
Cdkn1a	0.532	0.364	0.658	159	0.158609387642103
Cdkn1b	0.521	0.331	0.647	197	0.163970843145131
Cdkn1c	0.66	0.591	0.786	348	0.172198387168456
Cdkn2a	0.398	0.069	0.482	169	0.13977698987939
Cdkn2b	0.594	0.483	0.72	130	0.172806102607439
Cdkn2c	0.391	0.004	0.466	168	0.161173474553699
Cdkn2d	0.487	0.291	0.616	166	0.160622572211653
Cdo1	0.486	0.214	0.58	200	0.159684210503302
Cdr2	0.502	0.224	0.587	455	0.168053082126401
Mia	0.496	0.219	0.582	130	0.168150783415189
Ift81	0.377	-0.037	0.442	676	0.162762860903899
Cdx1	0.642	0.527	0.752	268	0.154786102838175
Cdx2	0.58	0.433	0.703	311	0.162701229995083
Cdx4	0.478	0.129	0.543	282	0.151572151881281
Cdyl	0.458	0.121	0.535	593	0.164158416192249
Cebpa	0.715	0.71	0.847	359	0.170233531413921
Cebpz	0.396	-0.042	0.448	1052	0.16007020540828
Cebpb	0.83	0.921	0.959	296	0.182011357945767
Cebpd	0.712	0.684	0.832	268	0.170269847306074
Cebpg	0.424	0.075	0.51	150	0.154656347527271
Cel	0.549	0.327	0.645	599	0.168626674267464
Celsr1	0.569	0.411	0.685	3034	0.165247530262416
Cenpa	0.452	0.245	0.586	134	0.146369395736622
Cenpb	0.558	0.376	0.67	599	0.168486932417799
Cenpc1	0.314	-0.323	0.303	906	0.145061400302699
Cer1	0.476	0.226	0.588	272	0.161443404181551
Ces1g	0.417	0.018	0.476	565	0.156623982558615
Cetn3	0.325	-0.193	0.354	167	0.155370061377799
Cfc1	0.479	0.227	0.581	202	0.162680573159317
Cfh	0.316	-0.356	0.285	1252	0.151854472524184
Cfi	0.388	-0.03	0.454	603	0.168858030866396
Cfl1	0.601	0.424	0.696	166	0.188531648710383
Cfl2	0.336	-0.216	0.354	166	0.155015705954055
Cflar	0.424	0.117	0.521	481	0.155889533651164
Cftr	0.326	-0.136	0.381	1476	0.141527573211179
Cga	0.452	0.05	0.5	120	0.179910667295358
Ch25h	0.65	0.616	0.792	298	0.163709725039663
Chad	0.584	0.474	0.713	358	0.166743716501867
Chat	0.521	0.281	0.615	645	0.168312449545792
Chd1	0.363	-0.12	0.402	1711	0.154213995897161
Chek1	0.34	-0.193	0.361	476	0.152232835864838
Chkb	0.489	0.295	0.62	394	0.151245383376736
Chga	0.55	0.328	0.647	463	0.170235357188561
Chgb	0.439	0.079	0.514	677	0.158732347950347
Chil1	0.533	0.351	0.653	389	0.16480736855901
Chil3	0.409	-0.06	0.436	398	0.158958964765975
Ovgp1	0.407	-0.038	0.451	721	0.152711940865189
Chka	0.418	0.095	0.512	453	0.150967046407884
Chl1	0.341	-0.194	0.365	1209	0.145555762857076
Chm	0.309	-0.335	0.294	662	0.144413388066234
Chml	0.357	-0.159	0.385	621	0.149208780787238
Chrd	0.499	0.251	0.599	948	0.162443115426398
Chrm1	0.565	0.382	0.667	460	0.160719368375916
Chrm3	0.515	0.303	0.626	589	0.160894124935508
Chrm4	0.604	0.431	0.694	479	0.165647900815053
Chuk	0.329	-0.179	0.361	745	0.150454818896684
Vsx2	0.533	0.367	0.663	380	0.164047127345816
Cidea	0.503	0.319	0.634	217	0.153485110085606
Cideb	0.491	0.304	0.622	219	0.150857675263204
Elovl3	0.484	0.299	0.621	271	0.14443636616771
Patj	0.394	-0.017	0.457	1834	0.154316759309766
Cirbp	0.499	0.266	0.613	172	0.154659699374053
Cish	0.543	0.358	0.655	257	0.156919989984042
Socs3	0.635	0.566	0.769	225	0.155806698962257
Socs1	0.7	0.708	0.841	212	0.151742506727921
Cit	0.562	0.424	0.69	2055	0.171949379882453
Cited1	0.479	0.119	0.541	203	0.165060420904769
Ckb	0.659	0.576	0.773	381	0.174858133789172
Ckm	0.718	0.64	0.809	381	0.184215297301855
Ckmt1	0.459	0.124	0.524	418	0.15968639449411
Coro1a	0.553	0.345	0.649	461	0.168326206818886
Clca3a1	0.382	-0.048	0.44	902	0.148370960329751
Clcn1	0.452	0.119	0.529	994	0.156331481895944
Clcn2	0.508	0.316	0.631	908	0.155988872854464
Clcn3	0.345	-0.17	0.37	866	0.150647422661037
Clcn4	0.485	0.241	0.589	747	0.158696917593123
Clcn5	0.42	0.092	0.51	816	0.15664281766681
Clns1a	0.391	-0.029	0.461	241	0.148242783958433
Clcnka	0.581	0.442	0.699	687	0.161488097813838
Cldn1	0.477	0.236	0.586	211	0.162908123680112
Cldn2	0.471	0.228	0.584	230	0.164077463558378
Cldn3	0.684	0.695	0.835	219	0.179269556263342
Cldn4	0.656	0.655	0.815	210	0.176790548122075
Cldn5	0.611	0.562	0.767	218	0.18267474357482
Clgn	0.377	-0.161	0.388	611	0.157252002117658
Clk1	0.327	-0.256	0.328	483	0.143491702264825
Clk2	0.505	0.294	0.618	499	0.149852500137734
Clk4	0.345	-0.158	0.376	481	0.14988517434076
Tpp1	0.447	0.109	0.527	562	0.147829212510077
Cln3	0.493	0.305	0.622	438	0.153983615733374
Clock	0.338	-0.201	0.365	855	0.140378603788669
Clta	0.524	0.257	0.61	248	0.168629430236819
Clu	0.583	0.445	0.704	448	0.171508326451758
Cmah	0.433	0.057	0.494	577	0.16059577473896
Cmas	0.427	0.13	0.532	432	0.161767692485577
Cxcr2	0.469	0.274	0.603	359	0.156604537786358
Cxcr3	0.496	0.311	0.626	367	0.154658828903371
Cxcr4	0.554	0.435	0.694	359	0.160488869502889
Ccr1	0.418	0.109	0.512	355	0.152454097946132
Ccr9	0.469	0.207	0.573	369	0.165012449210197
Ccr1l1	0.413	0.129	0.521	356	0.149580666587833
Ccr3	0.417	0.045	0.479	359	0.152231011158194
Ccr2	0.382	-0.028	0.441	373	0.148499153416857
Ccr4	0.57	0.483	0.721	360	0.163399233880269
Ccr5	0.407	0.054	0.488	354	0.145235484008179
Ccr7	0.631	0.631	0.799	378	0.167695427374706
Ccr8	0.54	0.415	0.68	353	0.16074816639085
Ccr10	0.5	0.343	0.639	362	0.154416671786592
Ackr3	0.633	0.553	0.759	362	0.168070118806945
Abcc2	0.432	0.142	0.534	1543	0.155727304426514
Cnbp	0.46	0.053	0.503	178	0.196184260229103
Cnga1	0.401	0.005	0.465	684	0.157824442439802
Cnga2	0.454	0.1	0.514	664	0.161072281138115
Cnga3	0.534	0.376	0.662	669	0.163013712067713
Cnih1	0.512	0.332	0.636	144	0.165487440810789
Cnih2	0.618	0.549	0.753	160	0.169962140251823
Plk3	0.542	0.35	0.65	648	0.158103295598444
Camp	0.509	0.258	0.601	172	0.166885747491596
Cnn1	0.57	0.364	0.663	297	0.172143214028702
Cnn2	0.621	0.501	0.737	305	0.181804453229851
Cnp	0.584	0.44	0.701	420	0.175246678146522
Cnr1	0.537	0.347	0.647	473	0.164625735131729
Cnr2	0.563	0.437	0.693	347	0.167191294571716
Cntf	0.384	0.013	0.468	198	0.152814587248906
Cntfr	0.565	0.364	0.662	372	0.160624752179528
Cntn1	0.432	0.088	0.515	1020	0.154645221269082
Hps3	0.361	-0.055	0.432	1002	0.156489807106822
Cobl	0.425	-0.001	0.473	1337	0.152809410384052
Coch	0.413	0.016	0.479	552	0.155692512233442
Coil	0.453	0.177	0.562	573	0.157021631380228
Col10a1	0.372	-0.222	0.361	680	0.14713289179451
Col11a1	0.343	-0.341	0.302	1804	0.149700782799455
Col11a2	0.466	0.074	0.516	1650	0.15761294304621
Col12a1	0.381	-0.106	0.415	3065	0.147672874874706
Col13a1	0.451	0.06	0.508	739	0.161359143772144
Col14a1	0.403	-0.056	0.443	1794	0.151414222924838
Col15a1	0.439	0.046	0.499	1367	0.149994968275607
Col17a1	0.467	0.107	0.531	1470	0.151201886845175
Col18a1	0.475	0.097	0.526	1527	0.15276614749678
Col19a1	0.347	-0.26	0.338	1136	0.151081213584611
Col2a1	0.44	-0.079	0.44	1487	0.164435886409549
Col3a1	0.348	-0.421	0.267	1464	0.154041034242784
Col4a1	0.403	-0.119	0.42	1669	0.152491896043544
Col4a2	0.437	0.016	0.486	1707	0.154297783062246
Col4a3	0.359	-0.29	0.328	1669	0.148935767714239
Col4a4	0.379	-0.21	0.369	1682	0.152447919294892
Col4a5	0.333	-0.422	0.26	1691	0.146605501404022
Col5a1	0.466	0.039	0.5	1838	0.15881622353392
Col5a2	0.332	-0.404	0.27	1497	0.151419410357228
Col6a1	0.504	0.225	0.59	1025	0.166909905478861
Col6a2	0.544	0.289	0.624	1034	0.165447570320126
Col6a3	0.476	0.172	0.558	2677	0.160637282818789
Col7a1	0.431	0.006	0.476	2944	0.154366101151247
Col8a1	0.385	-0.139	0.406	744	0.147178825828431
Col9a1	0.367	-0.205	0.364	921	0.151320154853696
Col9a2	0.459	0.045	0.503	688	0.160956371075874
Col9a3	0.418	-0.06	0.444	680	0.156056528058971
Col1a1	0.432	-0.142	0.41	1453	0.161273242317772
Col1a2	0.369	-0.279	0.335	1372	0.157783445754102
Comp	0.577	0.377	0.674	755	0.181347741046891
Comt	0.556	0.407	0.679	265	0.167992351596136
Copa	0.437	0.089	0.511	1224	0.159848238226589
Cops2	0.333	-0.196	0.356	450	0.154064514379201
Coq7	0.427	0.09	0.509	337	0.163904409799344
Cort	0.598	0.47	0.723	109	0.163354739333452
Cox17	0.538	0.254	0.607	63	0.210350710906403
Cox4i1	0.554	0.344	0.652	169	0.177883942432827
Cox5a	0.396	-0.03	0.444	146	0.160774913980748
Cox5b	0.506	0.231	0.59	129	0.175464277495653
Cox6a1	0.601	0.555	0.762	112	0.148266109431882
Cox6a2	0.582	0.445	0.703	97	0.159236640178171
Cox6c	0.434	0.013	0.472	76	0.172661000580089
Cox7a1	0.516	0.439	0.697	80	0.165127000690242
Cox7a2	0.424	0.07	0.494	83	0.1595858814205
Cox7c	0.422	0.12	0.525	63	0.136792906799181
Cox8a	0.623	0.671	0.818	69	0.166454942099551
Cox8b	0.459	0.208	0.582	70	0.157595958925132
Cp	0.356	-0.174	0.382	1085	0.147482390219417
Cpa3	0.37	-0.116	0.402	417	0.153666979173619
Cpd	0.419	0.036	0.488	1377	0.152348979605705
Cpe	0.51	0.249	0.6	476	0.166406395608714
Cpeb1	0.414	-0.005	0.464	562	0.153982867738585
Cys1	0.648	0.604	0.789	145	0.161079982193453
Cplx1	0.606	0.412	0.69	134	0.201144030335666
Cplx2	0.691	0.615	0.797	134	0.202158688825545
Gm48623	0.691	0.615	0.797	134	0.202158688825545
Cpne6	0.569	0.355	0.658	557	0.165789156397626
Cpox	0.519	0.307	0.629	443	0.163492346755508
Cpt1a	0.535	0.335	0.644	773	0.161233034589359
Cpt1b	0.532	0.344	0.648	772	0.160796462759861
Cpt2	0.473	0.19	0.568	658	0.157364291890735
Cr2	0.342	-0.282	0.327	1032	0.15575562633731
Crabp1	0.585	0.426	0.695	137	0.172577402145902
Crabp2	0.538	0.294	0.625	138	0.173593740264512
Cradd	0.544	0.403	0.675	199	0.157272606160655
Crat	0.563	0.389	0.673	626	0.163652882402234
Crcp	0.504	0.237	0.594	148	0.167516805608866
Creb1	0.355	-0.164	0.386	341	0.150701719055238
Creb3	0.463	0.216	0.578	379	0.156492277081763
Crebbp	0.444	0.021	0.486	2441	0.155472569527417
Atf6b	0.555	0.367	0.662	706	0.157727804651284
Crem	0.319	-0.345	0.289	357	0.147378466374958
Crh	0.59	0.539	0.746	187	0.154125946597045
Crhbp	0.5	0.258	0.601	322	0.158052775803849
Crhr1	0.634	0.577	0.77	415	0.165214605540095
Crhr2	0.591	0.497	0.727	431	0.164347406190575
Crip1	0.548	0.237	0.608	77	0.196182362212669
Bcar1	0.546	0.283	0.622	874	0.159540079482725
Crk	0.478	0.216	0.582	304	0.149686369813277
Crkl	0.435	0.07	0.507	303	0.149102263792846
Crlf1	0.597	0.516	0.741	425	0.160849650315135
Crmp1	0.547	0.336	0.648	686	0.165384984082202
Dpysl2	0.547	0.316	0.637	572	0.169012091374794
Pcdha4	0.471	0.185	0.566	947	0.158904070656831
Pcdha6	0.476	0.189	0.569	946	0.160472595315743
Pcdha7	0.488	0.218	0.584	937	0.160486910872214
Pcdha5	0.469	0.177	0.561	934	0.158886572939121
Pcdha11	0.452	0.169	0.556	950	0.155770654673596
Pcdha10	0.461	0.147	0.547	946	0.157514032599897
Crp	0.46	0.083	0.516	225	0.158807226582832
Dmbt1	0.455	0.038	0.495	1957	0.157775294777609
Cr1l	0.362	-0.143	0.389	440	0.151228448704467
Hapln1	0.446	0.085	0.512	356	0.160886470254054
Crx	0.497	0.166	0.561	323	0.151866007041206
Cry1	0.419	0.042	0.486	606	0.155781546504282
Cry2	0.554	0.392	0.673	592	0.16094131626832
Cryaa	0.606	0.464	0.714	196	0.160362529806739
Cryab	0.584	0.413	0.684	175	0.154672744208002
Cryba1	0.455	0.089	0.518	215	0.163023894037757
Cryba2	0.564	0.389	0.677	197	0.161458006036122
Cryba4	0.565	0.332	0.649	196	0.165579197173977
Crybb1	0.619	0.47	0.72	250	0.162776130251992
Crybb2	0.674	0.571	0.776	205	0.176123235979787
Crybb3	0.651	0.582	0.776	211	0.171943408905349
Cryga	0.662	0.591	0.778	174	0.172406361121341
Crygb	0.547	0.36	0.656	175	0.164536839234803
Crygc	0.623	0.513	0.738	175	0.167866134630584
Crygd	0.667	0.624	0.798	174	0.168520485629786
Cryge	0.719	0.666	0.821	174	0.169928408542612
Crygf	0.708	0.631	0.802	174	0.170206647198857
Crygs	0.515	0.268	0.609	178	0.169026151138448
Crym	0.48	0.208	0.581	313	0.160504778093302
Cryz	0.408	0.048	0.494	331	0.166247556004246
Cs	0.479	0.205	0.573	464	0.15976799684144
Csf1	0.49	0.192	0.571	552	0.159865720168605
Csf1r	0.534	0.318	0.638	977	0.164687357924335
Csf2	0.48	0.24	0.596	141	0.151455030296093
Csf2ra	0.61	0.613	0.793	388	0.162713293079629
Csf2rb	0.519	0.275	0.617	896	0.15928878811485
Csf2rb2	0.509	0.25	0.603	878	0.157804880192317
Csf3	0.566	0.424	0.685	208	0.165621789454517
Csf3r	0.512	0.296	0.624	837	0.1564911748565
Csk	0.547	0.367	0.663	450	0.17147287949757
Csn1s1	0.406	-0.023	0.458	313	0.154807725545944
Csn2	0.41	0.044	0.489	231	0.156433427939244
Csn1s2b	0.434	0.045	0.5	143	0.160556577307067
Csn1s2a	0.489	0.167	0.567	184	0.160260784123967
Csn3	0.381	-0.159	0.385	181	0.145245237035261
Csnk2a1	0.366	-0.098	0.411	391	0.149935667784097
Csnk2a2	0.445	0.132	0.533	350	0.159020083874919
Csnk2b	0.411	0.013	0.47	257	0.152430505348499
Dnajc5	0.533	0.295	0.631	198	0.185537465114378
Vcan	0.334	-0.293	0.321	3354	0.139630398327551
Ncan	0.507	0.225	0.59	1268	0.158894161529737
Smc3	0.36	-0.114	0.401	1217	0.156930223023913
Csrp1	0.567	0.321	0.651	193	0.19588640853066
Csrp2	0.484	0.13	0.548	193	0.192251178488214
Csrp3	0.5	0.15	0.561	194	0.187282480096905
Cst3	0.578	0.368	0.664	140	0.170937528522598
Cst7	0.498	0.226	0.587	144	0.168330829163797
Cst8	0.412	0.012	0.474	142	0.167047681530317
Cst9	0.433	0.055	0.492	137	0.150079586748211
Cstb	0.482	0.215	0.589	98	0.16463363830459
Ctbp1	0.543	0.333	0.641	441	0.165683443772107
Ctbp2	0.494	0.2	0.573	988	0.153889805240432
Ctcf	0.421	-0.038	0.456	736	0.163824693966794
Ctf1	0.638	0.577	0.771	203	0.157772353469903
Ctla2a	0.413	-0.108	0.414	137	0.16264898850675
Ctla2b	0.383	-0.262	0.337	113	0.157200829054453
Pcyt1a	0.477	0.118	0.534	367	0.162677195426842
Ctsb	0.468	0.096	0.523	339	0.171142793874029
Ctsc	0.416	0.026	0.483	462	0.160188488600337
Ctsd	0.535	0.36	0.659	410	0.16688102749594
Ctse	0.484	0.209	0.58	397	0.154571480597793
Ctsg	0.46	0.149	0.538	261	0.150444997735862
Ctsh	0.465	0.135	0.548	333	0.168474093179223
Ctsk	0.481	0.155	0.555	329	0.17334042513561
Ctsl	0.466	0.149	0.553	334	0.171662102798604
Ctss	0.441	0.053	0.5	341	0.170687053826179
Ctsw	0.537	0.306	0.631	371	0.167463008215128
Cttn	0.525	0.227	0.599	546	0.174886022775337
Celf1	0.413	0.003	0.472	513	0.157356053982276
Cux1	0.507	0.251	0.601	1504	0.159468581591949
Cux2	0.596	0.454	0.71	1426	0.164377478835262
Cx3cr1	0.604	0.537	0.749	354	0.161191916836252
Cxadr	0.436	0.102	0.523	365	0.15865920632553
Cyb561	0.556	0.416	0.685	250	0.161198488183598
Cyba	0.554	0.341	0.647	192	0.166933963867615
Cybb	0.444	0.102	0.517	570	0.160933567747083
Cycs	0.459	0.016	0.485	105	0.185512994549092
Cyct	0.385	-0.146	0.4	105	0.165998914709946
Cyp11a1	0.527	0.33	0.639	526	0.158135475625781
Cyp11b2	0.469	0.225	0.576	502	0.151317236962762
Cyp17a1	0.473	0.18	0.556	507	0.154119964147627
Cyp19a1	0.452	0.194	0.562	503	0.161619247794621
Cyp1a1	0.517	0.3	0.624	524	0.15912694120669
Cyp1a2	0.596	0.467	0.715	513	0.163142387453298
Cyp1b1	0.564	0.416	0.686	543	0.161274864909077
Cyp21a1	0.558	0.412	0.676	487	0.162881197521593
Cyp24a1	0.507	0.318	0.629	514	0.159388446113882
Cyp26a1	0.53	0.366	0.656	497	0.161961959668725
Cyp2a12	0.499	0.221	0.581	492	0.154646377836375
Cyp2a4	0.531	0.332	0.641	494	0.154454164695036
Cyp2a5	0.544	0.346	0.648	494	0.15624900676148
Cyp2b10	0.477	0.236	0.586	491	0.153871954719596
Cyp2b13	0.434	0.103	0.515	491	0.153111979608972
Cyp2b19	0.474	0.196	0.565	492	0.151852949554303
Cyp2b9	0.433	0.105	0.517	491	0.152668135188517
Cyp2c29	0.394	-0.027	0.445	490	0.149032521589041
Cyp2c37	0.384	-0.074	0.419	490	0.149877778498671
Cyp2c38	0.382	-0.055	0.429	490	0.148422889416181
Cyp2c39	0.377	-0.062	0.425	490	0.149859284769998
Cyp2c40	0.385	-0.074	0.423	520	0.153422660845718
Cyp2d10	0.521	0.302	0.623	504	0.157556238128053
Cyp2d9	0.504	0.263	0.602	504	0.155982007438018
Cyp2e1	0.446	0.117	0.522	493	0.156164011951423
Cyp2f2	0.562	0.393	0.669	491	0.153679389769844
Cyp2g1	0.475	0.22	0.58	494	0.154575187621692
Cyp2j5	0.396	-0.016	0.452	501	0.148640210586084
Cyp2j6	0.4	-0.003	0.458	501	0.149171147353812
Cyp3a11	0.376	-0.085	0.42	504	0.150308499702921
Cyp3a13	0.386	-0.049	0.435	503	0.149652884886098
Cyp3a16	0.378	-0.061	0.43	504	0.14900545052962
Cyp27b1	0.434	0.154	0.54	507	0.14553295373403
Cyp46a1	0.569	0.433	0.694	500	0.163735612209272
Cyp4a10	0.44	0.128	0.529	509	0.152032354302745
Cyp4a12b	0.443	0.12	0.522	508	0.154221336291634
Cyp4a14	0.445	0.115	0.521	507	0.156889704272414
Cyp4b1	0.533	0.307	0.626	511	0.159223581168116
Cyp51	0.385	-0.061	0.428	503	0.151937574079997
Cyp7a1	0.383	-0.046	0.437	503	0.150874923387198
Cyp7b1	0.339	-0.119	0.391	507	0.142672766678317
Cyp8b1	0.539	0.388	0.671	500	0.157929067832954
Dab1	0.432	0.021	0.491	555	0.152865775287297
Dab2	0.39	-0.129	0.412	766	0.145785532216694
Dach1	0.469	0.155	0.554	751	0.156999907668674
Dad1	0.592	0.587	0.775	113	0.162512502694276
Cd55	0.35	-0.226	0.353	390	0.146442578818868
Cd55b	0.34	-0.265	0.333	400	0.149765554666336
Dag1	0.478	0.128	0.537	893	0.156295364304357
Dgka	0.467	0.177	0.559	730	0.165124812863578
Dao	0.496	0.279	0.611	345	0.15867794333099
Dapk2	0.537	0.355	0.65	370	0.163867083160642
Dapk3	0.688	0.643	0.804	448	0.169922212967204
Slc6a3	0.56	0.401	0.678	619	0.161813363446552
Daxx	0.484	0.199	0.572	740	0.15965505350893
Dazl	0.351	-0.289	0.325	298	0.14789709408303
Dbh	0.561	0.37	0.664	622	0.16176566907336
Dbi	0.449	0.156	0.551	135	0.160892829556852
Dbil5	0.55	0.232	0.6	87	0.188495520022996
Dbnl	0.578	0.375	0.671	436	0.169859288711442
Dbp	0.563	0.391	0.675	325	0.156611805272629
Dbt	0.409	0.019	0.474	482	0.155871897626016
Dbx1	0.55	0.382	0.671	335	0.148779807005526
Dclk1	0.496	0.229	0.588	756	0.159215298243011
Dcc	0.389	-0.05	0.442	1447	0.144994665623152
Eci1	0.546	0.403	0.676	289	0.171657372040083
Dck	0.394	-0.004	0.464	260	0.151899737926193
Dcn	0.441	0.12	0.523	354	0.161165344590711
Pcbd1	0.519	0.243	0.596	104	0.164698132755588
Dcpp1	0.389	-0.047	0.442	171	0.15286634551895
Vps26c	0.503	0.277	0.613	297	0.164718113762704
Dct	0.46	0.174	0.556	517	0.159178731743276
Dctn1	0.568	0.388	0.671	1281	0.17171382901722
Dcx	0.441	0.041	0.493	366	0.15747630793858
Ddb1	0.472	0.194	0.567	1140	0.160819450826777
Ddc	0.453	0.11	0.521	480	0.16358343235977
Asap1	0.44	0.121	0.531	1147	0.155866280527215
Gadd45a	0.571	0.444	0.7	165	0.173989696922097
Ddit3	0.519	0.241	0.596	168	0.157758370497905
Ddn	0.491	0.26	0.605	710	0.154716226346285
Ddost	0.575	0.428	0.694	441	0.160257903104744
Ddt	0.564	0.428	0.69	118	0.159249229159875
Dhx15	0.33	-0.241	0.332	795	0.149719237295011
Ddx3x	0.341	-0.228	0.343	662	0.146668353842378
Ddx4	0.308	-0.354	0.283	728	0.147098677661517
Ddx5	0.33	-0.292	0.308	615	0.15043894202266
Ddx6	0.398	-0.001	0.458	483	0.156200809572803
Dhx9	0.319	-0.302	0.307	1383	0.149051791198556
Defb1	0.369	-0.137	0.394	69	0.162272769362896
Defb2	0.401	-0.027	0.449	71	0.185310059518248
Defa29	0.456	0.059	0.509	116	0.184991355636034
Defa31	0.391	0.044	0.484	93	0.163837809908421
Defa25	0.358	-0.053	0.432	92	0.170414511512089
Defa3	0.391	0.028	0.478	93	0.164965232365675
Defa5	0.377	-0.014	0.457	93	0.165028968579161
Degs1	0.482	0.244	0.593	323	0.152346238314768
Slc29a2	0.595	0.502	0.73	456	0.159622857355774
Twist2	0.765	0.804	0.895	160	0.168457753891091
Des	0.616	0.525	0.743	469	0.168503577217033
Dffa	0.516	0.335	0.64	331	0.167488637254646
Ackr1	0.439	0.143	0.535	334	0.158655251543929
Dgat1	0.497	0.266	0.603	498	0.158273302494932
Dgcr6	0.6	0.525	0.74	201	0.169807614044074
Dgcr2	0.519	0.229	0.592	549	0.164374379639214
Slc25a1	0.539	0.391	0.672	311	0.1618421001086
Dhcr7	0.561	0.373	0.662	471	0.166024348268596
Dhfr	0.352	-0.082	0.418	187	0.148350638911186
Dhh	0.53	0.408	0.678	396	0.154593093689894
Diaph1	0.439	0.053	0.495	1264	0.162110058713915
Dffb	0.572	0.42	0.687	344	0.170078471832697
Dio1	0.577	0.442	0.698	256	0.166337235877216
Dio2	0.485	0.255	0.599	264	0.157793298950501
Dkk1	0.483	0.221	0.587	272	0.179373376940143
Dld	0.305	-0.338	0.29	509	0.154454629188956
Dlg1	0.359	-0.141	0.394	927	0.149108609809136
Mpp3	0.525	0.328	0.639	585	0.164582416398114
Dlg4	0.548	0.376	0.665	724	0.161861934959399
Dlk1	0.659	0.554	0.766	385	0.197222888174625
Dll1	0.578	0.363	0.667	722	0.190063625568331
Dll3	0.552	0.375	0.667	585	0.175102941233775
Dlx1	0.566	0.438	0.707	255	0.155500451201782
Dlx2	0.669	0.611	0.799	332	0.166002404545475
Dlx3	0.625	0.497	0.737	287	0.156289628998009
Dlx4	0.543	0.35	0.654	240	0.150785760224465
Dlx5	0.586	0.41	0.693	289	0.160860543216391
Dlx6	0.57	0.427	0.702	297	0.157413321912032
Dmpk	0.562	0.411	0.683	631	0.166033577369689
Dmwd	0.592	0.426	0.696	665	0.162989173888165
Dmc1	0.359	-0.166	0.374	340	0.151301365825505
Dmd	0.332	-0.187	0.361	3678	0.149804489872852
Dmp1	0.521	0.222	0.6	503	0.163119639298631
Tmc1	0.44	0.136	0.535	757	0.160843360030046
Dnah11	0.41	0.055	0.49	4488	0.155187972269023
Dnah8	0.458	0.197	0.567	4731	0.158562420685921
Dnajc1	0.379	-0.075	0.42	552	0.158021562166338
Dnase1	0.468	0.171	0.556	284	0.156766135099181
Dnase1l3	0.486	0.225	0.587	310	0.16216878944782
Dnase2a	0.499	0.23	0.595	353	0.156855227617886
Dync1h1	0.52	0.325	0.636	4644	0.165372327099306
Dync1i1	0.454	0.114	0.533	628	0.158058671775606
Dync1i2	0.348	-0.242	0.347	638	0.151625686988792
Dnm1	0.618	0.519	0.741	864	0.168244954792285
Dnm2	0.572	0.407	0.679	870	0.161933834310184
Dnmt1	0.518	0.271	0.613	1620	0.167462671165868
Trdmt1	0.343	-0.154	0.375	415	0.145760548257556
Dnmt3a	0.557	0.322	0.642	908	0.174878204697858
Dnmt3b	0.502	0.218	0.584	860	0.164900048449494
Dnpep	0.52	0.313	0.628	475	0.160128118582305
Cdk2ap1	0.499	0.288	0.618	114	0.151565958341263
Doc2a	0.548	0.321	0.635	405	0.168997407188769
Doc2b	0.642	0.511	0.739	412	0.17220786233321
Dok1	0.51	0.241	0.599	482	0.159748117244562
Dok2	0.509	0.258	0.604	412	0.15523318688341
Reep5	0.598	0.444	0.702	189	0.172721382122714
Dpagt1	0.527	0.39	0.666	410	0.152231140266447
Dpep1	0.523	0.301	0.622	410	0.16473065726985
Dpm1	0.361	-0.008	0.451	260	0.144935019143617
Dpm2	0.529	0.436	0.691	84	0.150317254402768
Dpp4	0.377	-0.109	0.411	760	0.147990261157275
Dpp6	0.507	0.263	0.607	859	0.159878847054683
Dr1	0.332	-0.165	0.378	176	0.158712468594518
Slc26a3	0.391	0.043	0.484	757	0.149102906764214
Drd1	0.478	0.208	0.575	446	0.159464615490754
Drd2	0.579	0.432	0.692	444	0.162534717899629
Drd3	0.497	0.287	0.614	446	0.157161917972907
Drd4	0.625	0.606	0.787	387	0.163506988636795
Drd5	0.567	0.44	0.698	478	0.16415679591098
Drg1	0.383	-0.078	0.418	367	0.162008989916217
Drg2	0.545	0.363	0.656	364	0.168812962668423
Arid3a	0.551	0.301	0.63	601	0.160772131584082
Drp2	0.467	0.166	0.553	957	0.158529940918514
Atn1	0.517	0.185	0.573	1175	0.150340458281883
Dsc1	0.375	-0.118	0.406	832	0.15304507582018
Dsc2	0.362	-0.123	0.4	902	0.149281468126245
Dsc3	0.368	-0.125	0.403	896	0.152493896260653
Dscam	0.49	0.266	0.608	2013	0.153622459621167
Dsg1a	0.359	-0.166	0.38	1057	0.145856913884585
Dsg2	0.434	0.101	0.523	1122	0.155866261914779
Dsg3	0.391	-0.069	0.431	993	0.151434258515744
Epyc	0.373	-0.101	0.401	322	0.153684971697966
Dst	0.433	0.12	0.529	7717	0.160624610892797
Slc26a2	0.382	0.002	0.461	739	0.155386653052641
Adam28	0.397	-0.06	0.442	793	0.164779342666203
Adam18	0.369	-0.1	0.415	719	0.161533312413948
Adam26a	0.31	-0.288	0.318	697	0.153995877906546
Adam24	0.323	-0.281	0.319	761	0.158813434464166
Dtna	0.443	0.119	0.527	682	0.152281321895716
Dtnb	0.47	0.192	0.567	659	0.15980601068522
Prl8a2	0.317	-0.251	0.326	240	0.140655115932171
Usp17la	0.431	0.054	0.5	526	0.166421468464858
Usp17lc	0.442	0.079	0.513	545	0.165361896366284
Dusp2	0.614	0.531	0.746	318	0.170202389577752
Dvl1	0.569	0.386	0.674	695	0.157368578038823
Dvl2	0.527	0.278	0.618	736	0.152228575965443
Dvl3	0.579	0.393	0.678	718	0.154862282886074
Dyrk1a	0.396	-0.054	0.443	763	0.150579468570926
Dyrk1b	0.602	0.451	0.705	689	0.158217283907637
E2f1	0.542	0.365	0.659	430	0.15901415218524
E2f3	0.479	0.239	0.593	457	0.161540908047299
E2f5	0.378	-0.078	0.427	335	0.153776717777695
E4f1	0.555	0.336	0.65	782	0.174450757606062
Ear1	0.333	-0.188	0.36	155	0.148348624814388
Ear2	0.325	-0.207	0.344	156	0.145349345092835
Mapre1	0.363	-0.191	0.371	268	0.15798289339592
Lefty1	0.597	0.479	0.717	368	0.163296774133979
Ebf1	0.506	0.277	0.618	592	0.155852266056321
Ebf2	0.46	0.162	0.556	575	0.153081214644685
Ebf3	0.539	0.357	0.661	596	0.158340646065334
Ebp	0.448	0.254	0.594	230	0.150405055016689
Ecel1	0.616	0.517	0.739	775	0.168925292243703
Ecm1	0.528	0.276	0.613	559	0.167968539792674
Sparcl1	0.443	0.009	0.483	650	0.166536411537696
Opn3	0.53	0.401	0.674	400	0.159183735366805
Ect2	0.344	-0.173	0.372	913	0.15245457519034
Eda	0.506	0.199	0.576	391	0.158140553738475
Edar	0.538	0.272	0.616	448	0.176099911474782
S1pr1	0.561	0.46	0.704	382	0.162818662849081
S1pr3	0.578	0.48	0.716	378	0.168207150266027
S1pr4	0.645	0.581	0.769	386	0.164366561967683
Edil3	0.363	-0.156	0.386	480	0.16041254885229
Edn1	0.446	0.102	0.52	202	0.165681952864695
Edn2	0.536	0.293	0.617	175	0.178617725583593
Edn3	0.454	0.065	0.502	214	0.164572762111767
Ednra	0.505	0.306	0.625	427	0.16325945392168
Ednrb	0.449	0.179	0.555	442	0.162519616292108
Phc1	0.452	0.079	0.516	1010	0.156355979563194
Eed	0.351	-0.174	0.374	441	0.156005521198057
Eef1a1	0.452	0.041	0.494	462	0.17578299046151
Eef1a2	0.622	0.467	0.718	463	0.181873946025037
Eef2	0.636	0.486	0.725	858	0.180431003553701
Eef2k	0.537	0.317	0.636	724	0.167448821832199
Efna1	0.556	0.355	0.657	205	0.169857491237859
Efna2	0.676	0.598	0.783	209	0.166289697613198
Efna3	0.702	0.678	0.829	230	0.171299881508641
Efna4	0.534	0.375	0.662	206	0.152755110862695
Efna5	0.448	0.171	0.557	228	0.153519527029953
Efnb1	0.569	0.424	0.693	345	0.1653711501421
Efnb2	0.435	0.119	0.529	336	0.155470450539649
Efnb3	0.484	0.237	0.593	340	0.154155180812241
Efs	0.487	0.15	0.548	560	0.164148186228254
Egf	0.411	0.03	0.482	1217	0.158894986779909
Klk1b22	0.441	0.115	0.526	259	0.161870024059566
Klk1b9	0.465	0.128	0.536	261	0.167232525571382
Egfr	0.455	0.13	0.535	1210	0.16605513233878
Rhbdf1	0.589	0.453	0.705	856	0.163004811851077
Egr1	0.559	0.303	0.637	533	0.15092085734679
Egr2	0.511	0.159	0.556	470	0.154279622969295
Egr3	0.658	0.581	0.779	387	0.161385013159086
Egr4	0.69	0.696	0.839	478	0.167488766386496
Ehd1	0.676	0.624	0.797	534	0.174601600006642
Ehf	0.482	0.184	0.566	300	0.160184919630849
Ei24	0.377	-0.016	0.446	358	0.141766931386544
Eif1a	0.332	-0.258	0.321	144	0.158142319102957
Eif2s1	0.328	-0.233	0.334	315	0.151437399714559
Eif2ak3	0.478	0.203	0.575	1114	0.157554437051719
Eif2b4	0.458	0.163	0.55	544	0.158875459688042
Eif3a	0.32	-0.245	0.317	1344	0.14716858385015
Ddx19a	0.527	0.317	0.634	478	0.173625384109299
Eif4a1	0.433	0.122	0.523	406	0.161286832002632
Eif4a2	0.349	-0.162	0.37	408	0.1566493128992
Eif4e	0.359	-0.176	0.374	217	0.156028119834179
Eif4ebp1	0.582	0.395	0.681	117	0.14946110703057
Eif4ebp2	0.525	0.324	0.641	120	0.15555559808867
Eif4g2	0.351	-0.14	0.386	906	0.151553962808453
Cela2a	0.575	0.408	0.686	271	0.173634405131421
Elf1	0.371	-0.136	0.403	612	0.148907138472654
Elf3	0.56	0.356	0.658	391	0.164758532164846
Elf5	0.528	0.293	0.623	253	0.169785152603553
Elk1	0.483	0.156	0.552	429	0.150675951208327
Elk3	0.569	0.413	0.685	409	0.158432387667367
Elk4	0.431	0.032	0.485	430	0.150267759828613
Ell	0.556	0.332	0.643	602	0.161753216666129
Eln	0.339	-0.344	0.306	860	0.166020903862606
Aimp1	0.409	-0.037	0.451	319	0.172986439464148
Emb	0.386	-0.038	0.447	330	0.156012096591272
Emd	0.467	0.18	0.563	259	0.149768672379872
Mark2	0.526	0.311	0.632	776	0.158690267615454
Emp1	0.544	0.402	0.678	160	0.168461359094087
Emp2	0.569	0.47	0.708	172	0.160060816569268
Emp3	0.571	0.506	0.73	163	0.167978755317898
Adgre1	0.447	0.113	0.527	931	0.168289491853955
Emx1	0.631	0.55	0.762	257	0.161837736141212
Emx2	0.553	0.44	0.703	253	0.149299532394716
En1	0.587	0.449	0.711	401	0.165312397300957
En2	0.604	0.462	0.716	324	0.173138423745566
Enah	0.407	-0.097	0.419	804	0.147207502096185
Enam	0.353	-0.309	0.32	1274	0.14171541036444
Enc1	0.511	0.287	0.619	589	0.168080889005243
Endog	0.624	0.575	0.77	294	0.164621834660286
Eng	0.544	0.367	0.662	653	0.156613286765827
Eno1	0.572	0.371	0.666	434	0.183015716174651
Eno2	0.54	0.338	0.646	434	0.175173206887296
Eno3	0.544	0.318	0.637	434	0.178854829937012
Enpep	0.43	0.071	0.505	945	0.154776386835255
Eomes	0.549	0.373	0.673	707	0.158812080147222
Epas1	0.582	0.396	0.681	874	0.164797507203335
Epb41l1	0.576	0.381	0.671	879	0.166111815339943
Epb41l2	0.433	0.038	0.491	988	0.160339989520467
Epb41l3	0.459	0.127	0.539	929	0.158095980682742
Epb41l4a	0.416	0.044	0.491	686	0.15251653392335
Epb42	0.463	0.162	0.554	691	0.16194092556875
Dmtn	0.543	0.32	0.636	383	0.156065594463767
Stom	0.46	0.182	0.557	284	0.162529535975452
Epc1	0.414	0.037	0.488	813	0.152261330649853
Epha1	0.472	0.185	0.561	977	0.155353102438168
Epha2	0.597	0.455	0.71	977	0.169649284348484
Epha3	0.424	0.038	0.488	984	0.159880274647815
Epha4	0.465	0.167	0.557	986	0.163012135555398
Epha5	0.403	-0.016	0.457	876	0.159871047690171
Epha6	0.392	-0.031	0.448	1130	0.152251269070482
Epha7	0.367	-0.081	0.425	998	0.15344129365136
Epha8	0.609	0.504	0.734	1004	0.166866601438369
Ephb2	0.615	0.51	0.739	987	0.16828187559183
Ephb3	0.538	0.365	0.662	993	0.161591549504845
Ephb4	0.537	0.331	0.643	996	0.165936278798123
Ephb6	0.49	0.206	0.576	1014	0.159340660190651
Ephx1	0.557	0.369	0.661	455	0.163103839190661
Ephx2	0.465	0.121	0.531	554	0.162434196294189
Stx2	0.524	0.31	0.626	289	0.169649751038913
Epm2a	0.547	0.331	0.644	330	0.173003485596541
Epn1	0.531	0.235	0.599	575	0.160079660162367
Epn2	0.49	0.165	0.561	640	0.158387066854268
Epo	0.427	0.18	0.548	192	0.151452943096306
Epor	0.549	0.359	0.656	507	0.153665030944629
Eps15	0.351	-0.248	0.344	897	0.149655092818613
Eps15l1	0.499	0.19	0.573	907	0.156530878039368
Eps8	0.441	0.081	0.514	821	0.153732779760477
Epx	0.527	0.347	0.643	716	0.157933487528669
Lcn5	0.453	0.177	0.563	192	0.17135257293971
Nr2f6	0.687	0.654	0.815	390	0.176164806258423
Nr2f1	0.646	0.574	0.773	420	0.171025653897814
Erbb2	0.522	0.297	0.623	1256	0.165993579362544
Erbb3	0.466	0.18	0.562	1339	0.1652460294457
Erbb4	0.412	-0.014	0.46	1292	0.159493107212183
Ercc1	0.546	0.335	0.645	298	0.161012322545015
Ercc2	0.608	0.508	0.733	760	0.167307456439597
Ercc3	0.501	0.26	0.606	783	0.167680733960911
Ereg	0.422	0.095	0.513	162	0.165164092722364
Erf	0.554	0.323	0.643	551	0.15386397444507
Erg	0.526	0.272	0.616	486	0.158376549611473
Erh	0.458	0.077	0.504	123	0.165243637394937
Ces1c	0.417	0.042	0.489	554	0.153673834888396
Esd	0.404	-0.059	0.44	295	0.163800047750985
Ces1e	0.418	0.021	0.48	562	0.156114561951246
Ces3b	0.443	0.118	0.528	571	0.152571670837259
Amz2	0.434	0.122	0.529	363	0.159055251519049
Gnb1l	0.513	0.307	0.627	326	0.166651129081443
Esr1	0.546	0.368	0.661	599	0.165859047339755
Esr2	0.479	0.218	0.581	567	0.162451320572516
Esx1	0.505	0.191	0.575	382	0.153658385926077
Smarcad1	0.317	-0.249	0.33	1021	0.149296552650411
Khdrbs3	0.431	0.089	0.516	346	0.153785107820677
Fgd6	0.406	0.002	0.471	1399	0.159373420414102
Gm14288	0.35	-0.225	0.35	64	0.146213765678238
Drosha	0.44	0.107	0.522	1373	0.152527138764259
Chchd2	0.539	0.203	0.581	153	0.176148593735247
Celf2	0.427	0.003	0.472	526	0.161305976937492
Etv2	0.544	0.314	0.64	335	0.157321536600301
Etv1	0.448	0.017	0.484	477	0.153925363972334
Etv6	0.501	0.273	0.607	485	0.149268964125897
Mpzl2	0.469	0.227	0.589	215	0.156440065685262
Mecom	0.445	0.074	0.51	718	0.159683006710481
Evi2a	0.406	0.019	0.481	223	0.147355156051199
Evi5	0.355	-0.103	0.407	809	0.152271527427997
Bcl11a	0.502	0.247	0.602	835	0.160510392712018
Evl	0.502	0.216	0.587	414	0.154917240986497
Evpl	0.62	0.535	0.749	2035	0.177230602371918
Evx1	0.623	0.539	0.757	416	0.164737358036827
Evx2	0.595	0.508	0.741	475	0.164764152793428
Ewsr1	0.425	-0.08	0.441	655	0.148964165143702
Wfdc18	0.421	-0.183	0.391	74	0.177563368691252
Ext1	0.446	0.131	0.534	746	0.154667043570456
Ext2	0.55	0.361	0.657	718	0.164125378997291
Bsnd	0.574	0.381	0.672	307	0.161001705934258
Strc	0.453	0.151	0.537	1809	0.153806008509744
Dmbx1	0.561	0.349	0.656	376	0.165769932473841
Eya1	0.406	-0.013	0.465	591	0.140778369638884
Man2a2	0.567	0.407	0.681	1152	0.158055065103114
Zfp358	0.473	0.093	0.522	571	0.160883634423758
Hnmt	0.331	-0.221	0.346	295	0.155802793298285
Pofut1	0.56	0.368	0.662	393	0.161914154931484
Igf2bp1	0.526	0.32	0.638	577	0.168800598998775
Igf2bp3	0.42	0.077	0.508	579	0.159141101314317
Bhlhe23	0.616	0.635	0.804	223	0.159786422643218
Eya2	0.552	0.345	0.654	532	0.156382605993539
Ppp1r3a	0.325	-0.294	0.319	1089	0.148065470084027
Kcnn2	0.434	0.176	0.554	574	0.154378482450734
Kcnn3	0.545	0.376	0.664	732	0.159007821996381
Atp6v0a4	0.481	0.231	0.585	833	0.160826505965434
Cd300c2	0.456	0.154	0.548	228	0.153871272528407
Rxfp2	0.416	0.144	0.536	737	0.15587383228164
Ube2j2	0.393	-0.018	0.456	271	0.151261442182903
Eya3	0.416	-0.019	0.462	526	0.1515569817987
Acap3	0.516	0.27	0.61	833	0.166855474981236
Eya4	0.387	-0.067	0.438	616	0.144622945687283
Eri3	0.466	0.237	0.592	337	0.157605301339282
Ezh1	0.489	0.146	0.549	750	0.173280199199791
Smc1b	0.321	-0.221	0.343	1248	0.154012749325882
Igsf8	0.516	0.297	0.625	611	0.163491461958313
Ezh2	0.372	-0.175	0.378	746	0.161095580013847
Sfxn1	0.447	0.159	0.549	322	0.155995852043648
Plxnb2	0.576	0.412	0.687	1842	0.168573646506079
Plxnb3	0.494	0.206	0.575	1902	0.162865886583576
Ankrd6	0.473	0.18	0.564	712	0.166933466847396
Elmo2	0.554	0.408	0.679	732	0.166475361331361
F10	0.525	0.289	0.622	493	0.172065506003725
Elmo1	0.474	0.199	0.567	727	0.163231262992331
F13b	0.343	-0.208	0.36	669	0.155970452901703
F2	0.54	0.33	0.642	618	0.169260832463283
F2r	0.582	0.521	0.742	430	0.16037858482861
Ubox5	0.46	0.14	0.542	539	0.159428957193899
F2rl1	0.517	0.399	0.672	399	0.154588901728846
Ube4a	0.442	0.115	0.522	1085	0.155678458743937
F2rl2	0.472	0.292	0.616	369	0.154779556999867
F2rl3	0.544	0.335	0.637	396	0.160822080126773
F3	0.418	0.111	0.523	294	0.148148216729978
F5	0.416	0.01	0.474	2183	0.15140823951376
F7	0.52	0.325	0.639	446	0.173046018763363
F8	0.319	-0.293	0.311	2319	0.141133349646433
F8a	0.577	0.442	0.699	381	0.169964056644373
Emid1	0.501	0.218	0.586	444	0.15458742839554
Col26a1	0.514	0.201	0.577	440	0.164419251264745
F9	0.317	-0.309	0.305	471	0.158509806439513
Caskin2	0.527	0.282	0.617	1201	0.158862447029916
Cacng5	0.561	0.455	0.705	275	0.156574483102499
Faah	0.543	0.352	0.652	579	0.167421906393916
Sec63	0.339	-0.177	0.371	760	0.151214905767823
Gpr6	0.555	0.423	0.689	363	0.158610445455894
Sesn1	0.388	0.007	0.466	551	0.15673444505083
Rem2	0.486	0.263	0.604	341	0.154892545492025
Tmprss3	0.531	0.335	0.645	475	0.170740392226873
Fabp3	0.542	0.337	0.648	133	0.163200922285821
Bmp2k	0.427	0.042	0.496	1138	0.152487136947801
Myh7	0.655	0.55	0.759	1935	0.188334994797579
Fabp2	0.404	-0.005	0.468	132	0.155999455310477
Colec12	0.417	-0.009	0.467	742	0.157510154476549
P2ry14	0.5	0.365	0.657	347	0.156340198777528
Fabp1	0.516	0.335	0.648	127	0.167072621740207
Il25	0.585	0.435	0.698	169	0.170263277916132
Acsl1	0.439	0.139	0.536	699	0.162742235220907
Ttbk2	0.369	-0.131	0.397	1312	0.149861561153862
Fadd	0.605	0.492	0.724	205	0.170911902060416
Ptk2	0.411	-0.003	0.463	1052	0.154072448692267
Faf1	0.337	-0.184	0.366	649	0.145481814612823
Fah	0.464	0.176	0.561	419	0.157274512595432
Wdr5	0.485	0.146	0.551	334	0.173172923759902
Nek8	0.547	0.343	0.646	698	0.169880796529118
Fscn1	0.697	0.662	0.821	493	0.176409342675949
Fanca	0.459	0.189	0.561	1439	0.160765875146976
Fancc	0.374	-0.034	0.438	591	0.154126946577294
Lnx2	0.559	0.436	0.697	687	0.169450127855296
Fap	0.332	-0.231	0.345	761	0.144607419730907
Caln1	0.519	0.336	0.642	261	0.160979335325159
Dclre1b	0.414	0.06	0.493	541	0.152200960854082
Slc7a12	0.294	-0.266	0.31	465	0.139967733963803
Slc17a6	0.422	0.065	0.5	582	0.155679820913329
Fas	0.372	-0.087	0.419	327	0.169210315431251
Fasl	0.423	0.032	0.487	279	0.148431210723285
Fasn	0.55	0.374	0.664	2504	0.166001433569231
Srsf10	0.329	-0.262	0.319	262	0.133679791923023
Foxh1	0.521	0.285	0.619	401	0.155363485591894
Fat1	0.477	0.217	0.585	4590	0.158182068187559
Fau	0.537	0.361	0.662	133	0.1662072155929
Fbl	0.469	0.154	0.55	327	0.164689717750682
Fbln1	0.591	0.41	0.687	705	0.186901029600642
Fbln2	0.541	0.259	0.611	1221	0.183454036924143
Fbn1	0.48	0.12	0.538	2873	0.190366258254523
Fbn2	0.523	0.231	0.597	2907	0.193593708314507
Fbp2	0.495	0.209	0.579	339	0.163890365238111
Fbp1	0.511	0.301	0.627	338	0.170059466765223
Fbrs	0.469	0.056	0.5	466	0.155767541754228
Fcer1a	0.385	-0.004	0.463	250	0.155412764314764
Ms4a2	0.349	-0.161	0.373	235	0.149154630175682
Fcer1g	0.461	0.231	0.576	86	0.159871697769073
Fcer2a	0.464	0.202	0.574	331	0.166754113061879
Fcgr1	0.423	0.076	0.509	404	0.146223499888651
Fcgr2b	0.451	0.116	0.529	340	0.15127438596384
Fcgr3	0.473	0.164	0.553	267	0.152036617969865
Fcgrt	0.487	0.209	0.576	365	0.158888144935983
Fcna	0.485	0.18	0.569	334	0.165239078165562
Fcnb	0.47	0.137	0.543	314	0.164634798329041
Fdft1	0.515	0.311	0.629	416	0.16284308754616
Fdx1	0.468	0.213	0.577	188	0.167854565949763
Fdxr	0.528	0.311	0.629	494	0.156902810763302
Fech	0.471	0.2	0.57	422	0.161828673900588
Fem1a	0.629	0.531	0.747	654	0.173600479575775
Fem1b	0.425	0.097	0.512	627	0.164803147012795
Fen1	0.587	0.399	0.678	380	0.178294523895191
Fer	0.382	-0.03	0.449	823	0.158245809436015
Fes	0.573	0.426	0.69	822	0.165793121684922
Lgr5	0.419	0.158	0.542	907	0.153540717927508
Fga	0.413	0.021	0.482	789	0.152113234571561
Fgd1	0.511	0.245	0.596	960	0.159859944808125
Fgf1	0.536	0.322	0.638	155	0.167712194335983
Fgf10	0.451	0.158	0.555	209	0.158660707279196
Fgf11	0.591	0.482	0.721	225	0.161908714908874
Fgf12	0.45	0.134	0.538	243	0.146996832818469
Fgf13	0.47	0.193	0.571	245	0.157513756388003
Fgf14	0.383	-0.02	0.458	252	0.153384044144327
Fgf15	0.572	0.456	0.707	218	0.16513902100089
Fgf17	0.637	0.525	0.744	216	0.167325256849475
Fgf18	0.588	0.454	0.708	207	0.169666697046011
Fgf2	0.505	0.236	0.593	154	0.16693731563489
Fgf3	0.569	0.388	0.668	245	0.159392995972337
Fgf4	0.627	0.594	0.781	202	0.161231595124995
Fgf5	0.471	0.227	0.591	264	0.150227047963437
Fgf6	0.524	0.386	0.667	208	0.155275378837129
Fgf7	0.413	0.061	0.497	194	0.161188177015764
Fgf8	0.655	0.601	0.785	268	0.165174050487128
Fgf9	0.411	0.109	0.522	208	0.145873593147871
Fgfbp1	0.489	0.255	0.604	251	0.174038151054785
Fgfr1	0.559	0.381	0.67	822	0.168401771516653
Fgfr2	0.462	0.197	0.573	840	0.158560862061915
Fgfr3	0.547	0.344	0.652	801	0.16725807334114
Fgfr4	0.533	0.357	0.653	799	0.157632124204752
Akr1b8	0.534	0.314	0.634	316	0.17280759661147
Fgl2	0.481	0.229	0.589	432	0.165862431155901
Fgr	0.559	0.362	0.659	517	0.165389784377427
Fh1	0.389	-0.032	0.452	507	0.157643100572462
Fhit	0.439	0.135	0.539	213	0.152045001152356
Fhl1	0.579	0.347	0.66	323	0.202101485527122
Fhl2	0.603	0.367	0.669	279	0.204484457440772
Fhl3	0.581	0.357	0.665	289	0.190601697515948
Fhl4	0.49	0.095	0.535	279	0.197799114799996
Il4i1	0.569	0.446	0.703	630	0.16543986715529
Vegfd	0.44	0.044	0.494	358	0.164711014912276
Ppm1g	0.476	0.126	0.542	542	0.177301059971698
Smc2	0.334	-0.21	0.356	1191	0.159748870785951
Sh3pxd2a	0.583	0.423	0.695	1124	0.167651329971696
Ccn2	0.627	0.465	0.719	348	0.201164195124398
Fjx1	0.6	0.554	0.755	450	0.1556887991945
Fkbp1a	0.488	0.202	0.577	108	0.158532956048828
Fkbp1b	0.503	0.228	0.59	108	0.163618971174346
Fkbp2	0.506	0.318	0.63	140	0.168940783896947
Fkbp4	0.57	0.383	0.673	458	0.175287384931918
Fkbp5	0.47	0.17	0.563	456	0.177129305736974
Fkbp10	0.568	0.403	0.679	581	0.161956293019906
Fkbp7	0.368	-0.118	0.408	218	0.160379181885508
Fkbp8	0.608	0.434	0.697	403	0.18017570926733
Foxi1	0.584	0.387	0.678	372	0.152646342242087
Foxc2	0.713	0.725	0.856	494	0.168200607021611
Foxm1	0.499	0.229	0.588	757	0.156460826236042
Foxn2	0.413	-0.01	0.466	429	0.163178252131885
Foxd4	0.598	0.469	0.717	444	0.159497248690306
Foxf2	0.611	0.498	0.738	446	0.15867684003141
Foxs1	0.541	0.298	0.63	329	0.153619824050265
Foxb2	0.636	0.548	0.764	428	0.161639812146661
Foxl1	0.642	0.583	0.778	336	0.159725889198421
Lpin1	0.502	0.226	0.59	924	0.159122912073587
Fli1	0.537	0.28	0.622	452	0.158539325362882
Flii	0.571	0.407	0.681	1271	0.169210690625477
Flot1	0.556	0.379	0.668	428	0.175896028633994
Flot2	0.545	0.364	0.66	428	0.179601309588148
Flt1	0.464	0.22	0.582	1333	0.155838284256246
Flt3	0.456	0.177	0.561	1000	0.158984892558521
Flt3l	0.556	0.426	0.684	232	0.163387571756379
Flt4	0.567	0.395	0.676	1363	0.166012563377219
Fmn1	0.416	0.004	0.47	1466	0.154088915000297
Fmo1	0.429	0.073	0.505	532	0.153178886623054
Fmo3	0.442	0.082	0.511	534	0.155939365430553
Fmo5	0.424	0.044	0.488	533	0.155674622111367
Fmod	0.584	0.478	0.718	376	0.159463186143415
Fmr1	0.322	-0.3	0.308	614	0.146284248278523
Aff2	0.397	-0.123	0.409	1272	0.151675365944684
Fn1	0.489	0.19	0.572	2477	0.15776918544306
Slc34a3	0.509	0.32	0.63	601	0.158922160157488
Zcchc14	0.553	0.345	0.658	956	0.160371942880727
Asb14	0.363	-0.076	0.42	615	0.153617246119238
Asb13	0.495	0.294	0.623	278	0.173168978673269
Fnbp1	0.514	0.299	0.629	616	0.166763652241844
Srgap2	0.47	0.17	0.558	1071	0.162214845111344
Fnta	0.401	0.082	0.507	377	0.15650785841438
Folr1	0.558	0.365	0.665	255	0.178965062049271
Folr2	0.52	0.277	0.621	251	0.173050462917806
Fos	0.555	0.324	0.643	380	0.162452822772455
Fosb	0.534	0.32	0.642	338	0.15383489954739
Fosl1	0.553	0.302	0.628	273	0.156701142509169
Fosl2	0.612	0.485	0.726	326	0.156644537673548
Fpgs	0.562	0.4	0.676	587	0.164137493594599
Fpr2	0.347	-0.136	0.384	351	0.145666197346334
Fpr-rs3	0.361	-0.056	0.423	343	0.147817140312648
Fpr-rs4	0.322	-0.129	0.38	323	0.144921909244194
Fpr1	0.393	0.049	0.484	364	0.148445476802087
Fpr3	0.35	-0.106	0.396	351	0.143491268260247
Frat1	0.62	0.63	0.801	274	0.159580071972623
Fxn	0.549	0.396	0.675	207	0.162383146827329
Tlr3	0.353	-0.036	0.433	905	0.144725420424643
Ncs1	0.593	0.441	0.705	190	0.176269007447291
Frg1	0.358	-0.146	0.39	258	0.163482669405558
Frk	0.372	-0.08	0.422	512	0.150695224678976
Fshb	0.51	0.241	0.597	130	0.182570326574575
Fshr	0.433	0.143	0.536	692	0.154146764558377
Cidec	0.619	0.508	0.736	239	0.171803421828336
Brd2	0.43	0.012	0.477	798	0.158577498234846
Fst	0.528	0.267	0.614	343	0.196446248717892
Fstl1	0.533	0.267	0.614	306	0.186495881113708
Ftcd	0.538	0.31	0.629	541	0.170044472130495
Fth1	0.513	0.218	0.583	182	0.172582627138667
Ftl1	0.579	0.416	0.685	183	0.169434519143754
Aktip	0.391	-0.07	0.436	292	0.147471923503841
Fut1	0.486	0.202	0.571	377	0.154205678065764
Fut2	0.553	0.407	0.681	347	0.15596744863031
Fut4	0.59	0.45	0.704	433	0.154162381091532
Fut7	0.522	0.254	0.598	389	0.149365227198424
Fut9	0.393	-0.076	0.428	359	0.149304341665687
Fv1	0.348	-0.143	0.385	459	0.151188701977946
Timm10b	0.594	0.442	0.698	100	0.172559654835568
Gm45799	0.594	0.442	0.698	100	0.172559654835568
Dtx1	0.627	0.522	0.746	627	0.164546866275231
Fxr1	0.309	-0.323	0.294	677	0.145738955154095
Fyn	0.463	0.169	0.556	537	0.156726330420083
Fzd1	0.651	0.608	0.791	642	0.170365472179655
Fzd3	0.364	-0.082	0.414	666	0.148834824243192
Fzd4	0.471	0.22	0.579	537	0.161494247994557
Fzd5	0.648	0.587	0.779	585	0.171801878382042
Fzd6	0.401	0.021	0.477	709	0.159187331154179
Fzd7	0.656	0.604	0.788	572	0.169363277159173
Fzd8	0.608	0.536	0.754	685	0.169250106353522
Fzd9	0.603	0.49	0.727	592	0.168316709961644
G0s2	0.636	0.574	0.77	103	0.18057884884271
Xrcc6	0.471	0.192	0.569	608	0.160600881643019
Ganab	0.436	0.072	0.502	966	0.153059093175282
G6pc	0.479	0.268	0.603	357	0.156364722370766
G6pc2	0.417	0.102	0.514	355	0.145976086601155
G6pd2	0.491	0.204	0.574	513	0.15691229853957
G6pdx	0.517	0.258	0.602	515	0.159232920051316
Slc37a4	0.482	0.243	0.594	429	0.154022905908386
Gaa	0.586	0.451	0.707	953	0.158083863896868
Gab1	0.451	0.07	0.511	725	0.150697119550013
Gab2	0.509	0.178	0.567	666	0.154869777052564
Gabpa	0.35	-0.113	0.402	454	0.156246262484463
Gabpb1	0.354	-0.137	0.396	383	0.153312939643329
Gabra1	0.372	-0.073	0.427	455	0.143854115774835
Gabra2	0.362	-0.128	0.399	451	0.146639846124024
Gabra3	0.394	-0.067	0.431	492	0.146795867385875
Gabra4	0.366	-0.134	0.4	552	0.14904080989573
Gabra6	0.372	-0.059	0.434	453	0.145179042098719
Gabrb1	0.444	0.153	0.545	474	0.1470542668312
Gabrb2	0.411	0.049	0.484	474	0.148843669180853
Gabrb3	0.449	0.207	0.57	473	0.150705438059207
Gabrd	0.546	0.393	0.672	449	0.161546385862474
Gabre	0.504	0.131	0.544	916	0.154388822705105
Gabrg1	0.337	-0.181	0.361	465	0.14450353368028
Gabrg2	0.385	-0.066	0.427	474	0.148442698966299
Gabrg3	0.416	0.067	0.494	467	0.149464061263156
Gabrr1	0.534	0.338	0.643	480	0.158212258550391
Gabrr2	0.552	0.385	0.667	490	0.15876737300748
Slc6a12	0.539	0.374	0.662	628	0.164224858463772
Slc6a13	0.553	0.405	0.679	602	0.164452983346652
Gad1	0.462	0.157	0.549	593	0.165646919651382
Gad2	0.416	0.039	0.489	585	0.158780939184426
Gal	0.466	0.263	0.597	124	0.15695103066815
Galc	0.398	-0.019	0.456	684	0.148262081686666
B4galnt1	0.514	0.358	0.653	533	0.153832913641448
B4galnt2	0.48	0.181	0.562	510	0.15857375173249
Galnt1	0.349	-0.15	0.381	559	0.151455987288623
Galnt3	0.377	-0.058	0.433	633	0.155904988967268
Galnt4	0.428	0.107	0.517	578	0.158074337551819
Galr1	0.607	0.507	0.737	348	0.166131032851806
Galr2	0.576	0.488	0.721	371	0.15700154315503
Galr3	0.641	0.644	0.806	370	0.160115654182344
Galt	0.493	0.26	0.605	360	0.156246695856102
Gamt	0.565	0.387	0.675	252	0.169279355368859
Gap43	0.477	-0.016	0.484	227	0.193408438577377
Gapdh	0.56	0.391	0.678	359	0.175354327153732
Gapdhs	0.475	0.094	0.525	440	0.163206376230881
Gart	0.409	0.045	0.492	1010	0.162480886821932
Gas1	0.693	0.728	0.853	384	0.178484642381442
Gas2	0.439	0.059	0.497	314	0.165892122356961
Gas6	0.549	0.365	0.663	674	0.17373798779668
Gas7	0.578	0.379	0.671	416	0.17018595873959
Gast	0.505	0.213	0.579	101	0.159632629543813
Gata1	0.477	0.117	0.536	413	0.154620818468488
Gata2	0.565	0.368	0.67	480	0.162052460589587
Gata3	0.585	0.446	0.709	443	0.158010733641118
Gata4	0.579	0.397	0.685	442	0.164278587080942
Gata5	0.573	0.4	0.685	404	0.158941332013217
Gata6	0.564	0.406	0.689	589	0.164590835333617
Gba	0.467	0.21	0.577	515	0.151406751210489
Nipsnap2	0.476	0.284	0.614	281	0.154832001970622
Gbp2b	0.445	0.087	0.512	589	0.163135796429683
Gbp2	0.458	0.152	0.547	589	0.167974514008244
Rabac1	0.593	0.465	0.712	185	0.164092584004773
Gbx2	0.627	0.545	0.76	348	0.162441733117267
Gc	0.415	-0.005	0.468	476	0.166600585446285
Usp15	0.381	-0.085	0.423	981	0.155348524203222
Mtpn	0.407	-0.089	0.417	118	0.179908461481914
Gcsam	0.398	-0.071	0.434	181	0.150076056612736
Gcg	0.49	0.157	0.55	180	0.162422106071293
Gcgr	0.567	0.43	0.691	485	0.166659198959217
Gch1	0.509	0.349	0.651	241	0.158314466575102
Gcm1	0.497	0.237	0.597	436	0.162093029865248
Bloc1s1	0.581	0.405	0.681	125	0.185146180002765
Kat2a	0.571	0.413	0.686	830	0.16274452663551
Nr6a1	0.477	0.185	0.562	495	0.161752307271181
Gcnt1	0.42	0.068	0.5	428	0.158564704198912
Gcnt2	0.468	0.191	0.568	401	0.157774791965355
Opn1mw	0.49	0.214	0.582	359	0.160261611020731
Gda	0.406	0.042	0.489	454	0.154417755233164
Gdap1	0.374	-0.013	0.449	358	0.151905955602393
Gdap2	0.411	0.004	0.468	498	0.154111447854402
Mrps33	0.437	0.117	0.525	106	0.158264678341888
Gpd1	0.585	0.468	0.716	349	0.182974725835606
Cers1	0.543	0.4	0.673	357	0.154545826076467
Gdf1	0.543	0.4	0.673	357	0.154545826076467
Gdf10	0.55	0.343	0.647	476	0.161449752832665
Gdf11	0.621	0.55	0.758	405	0.168831238629445
Gdf3	0.456	0.228	0.582	366	0.160074799170778
Gdf5	0.54	0.328	0.638	495	0.164472011962858
Gdf9	0.484	0.213	0.579	441	0.157343053395848
Gdi1	0.5	0.189	0.567	447	0.163896195558231
Gdi2	0.382	-0.062	0.432	445	0.155548782892364
Arhgdig	0.571	0.42	0.685	225	0.174132346987842
Gpd2	0.412	0.045	0.488	727	0.156387090728644
Gdnf	0.403	0.083	0.504	240	0.157573687344173
Gem	0.528	0.308	0.628	295	0.170962072776515
Gfap	0.566	0.433	0.691	430	0.166312226868547
Gfi1	0.63	0.52	0.746	489	0.173302951271748
Gfi1b	0.606	0.446	0.708	363	0.159064534899366
Gfpt1	0.409	0.009	0.467	681	0.160727996945189
Gfpt2	0.467	0.206	0.571	682	0.161054429977993
Gfra1	0.536	0.307	0.632	468	0.175900394212544
Gfra2	0.601	0.458	0.71	464	0.17394697686702
Gfra3	0.523	0.322	0.632	397	0.175413091238317
Gfra4	0.576	0.443	0.699	302	0.174627633233853
Ggh	0.338	-0.194	0.366	317	0.147996351204049
Ggps1	0.349	-0.13	0.39	300	0.151683112893986
Ggta1	0.445	0.154	0.549	406	0.154077836964886
B4galt1	0.475	0.224	0.581	399	0.154665443196556
Ggt1	0.535	0.328	0.641	568	0.162935161575176
Gh	0.622	0.515	0.738	216	0.168470194020094
Ghr	0.372	-0.126	0.401	650	0.154380520675448
Ghrh	0.596	0.463	0.705	103	0.152268500331255
Ghrhr	0.523	0.347	0.645	423	0.167462027004437
Cblif	0.454	0.145	0.545	417	0.156837237478063
Tsc22d3	0.664	0.617	0.795	201	0.183886171685378
Gip	0.481	0.202	0.565	144	0.170972318960243
Gpr83	0.547	0.39	0.672	423	0.158183464416521
Gja1	0.558	0.389	0.675	382	0.16827999392207
Gja10	0.404	0.049	0.489	505	0.148500743962865
Gja3	0.586	0.436	0.698	417	0.161885469545035
Gja4	0.604	0.514	0.738	333	0.16304288655973
Gja5	0.566	0.385	0.673	358	0.165430758470965
Gjc1	0.441	0.091	0.513	396	0.159216350662738
Gja8	0.53	0.332	0.643	440	0.157960034387252
Gjd2	0.476	0.211	0.575	321	0.160194155745802
Gjb1	0.581	0.487	0.722	283	0.161232433097812
Gjb2	0.547	0.399	0.676	226	0.164687268044234
Gjb3	0.606	0.532	0.748	270	0.16742178304074
Gjb4	0.565	0.39	0.673	266	0.168404622429476
Gjb5	0.559	0.406	0.681	271	0.170090314876736
Gjb6	0.55	0.383	0.668	261	0.167663253783126
Gykl1	0.369	-0.095	0.417	549	0.155898717332527
Gk2	0.356	-0.138	0.394	554	0.155581347778583
Ostm1	0.555	0.43	0.691	338	0.166008002320526
Gclc	0.458	0.131	0.534	637	0.1618071255092
Gclm	0.416	0.099	0.515	274	0.159907603564006
Gli1	0.497	0.188	0.574	1111	0.15483241053761
Gli2	0.554	0.313	0.638	1544	0.15886894556938
Gli3	0.465	0.128	0.539	1583	0.151815052473578
Galk1	0.529	0.38	0.668	392	0.160807871894418
Glul	0.518	0.255	0.606	373	0.167787884217076
Hagh	0.532	0.287	0.621	309	0.170806438311931
Glp1r	0.562	0.456	0.704	463	0.162612257131073
Glra1	0.574	0.393	0.672	457	0.164321936931349
Glra4	0.412	0.058	0.49	456	0.148100344449717
Glrb	0.386	-0.021	0.453	496	0.155015699011829
Glrp1	0.691	0.59	0.788	174	0.184249580091215
Gls	0.366	-0.089	0.422	674	0.152612384016764
Glud1	0.475	0.187	0.566	558	0.161757070103779
Glycam1	0.427	0.036	0.49	151	0.149179549208365
Slc6a9	0.59	0.478	0.719	633	0.163034108840874
Gm2a	0.535	0.362	0.656	193	0.165170131018876
Gnl1	0.539	0.36	0.657	607	0.16339006702844
Gna11	0.676	0.604	0.786	359	0.171192542058138
Gna12	0.711	0.7	0.836	379	0.172958342224837
Gna13	0.522	0.379	0.663	377	0.159295528113182
Gna14	0.497	0.247	0.591	355	0.165998708786075
Gna15	0.643	0.564	0.763	374	0.167613337299161
Gnai1	0.506	0.273	0.611	354	0.173610407034501
Gnai2	0.639	0.518	0.743	355	0.181786775668716
Gnai3	0.386	-0.044	0.442	354	0.161410453308146
Gnal	0.516	0.292	0.617	448	0.160467387666366
Gnao1	0.561	0.398	0.679	354	0.17250286623757
Gnaq	0.501	0.304	0.623	359	0.160181520167538
Gnas	0.55	0.3	0.631	1133	0.165904138695501
Gnat1	0.58	0.429	0.693	350	0.179203240276098
Gnat2	0.529	0.324	0.638	354	0.175294747166689
Gnaz	0.658	0.607	0.786	355	0.173316492231484
Gnb1	0.454	0.107	0.522	340	0.165823145255648
Gnb2	0.577	0.436	0.697	340	0.167919537369228
Rack1	0.513	0.292	0.622	317	0.164733732173551
Gnb3	0.542	0.335	0.645	340	0.176319826974586
Gnb4	0.454	0.159	0.548	340	0.161715899632744
Gnb5	0.532	0.348	0.657	395	0.174728741780666
Gngt1	0.415	-0.018	0.457	74	0.17753476968869
Gng10	0.595	0.475	0.716	68	0.191497275048996
Gng12	0.487	0.33	0.638	72	0.158710547485548
Gng2	0.559	0.336	0.647	71	0.185483629378438
Gng3	0.542	0.336	0.648	75	0.182808092060751
Bscl2	0.486	0.236	0.59	443	0.151279451652056
Gng4	0.693	0.602	0.789	75	0.183541316789907
Gng5	0.5	0.282	0.621	68	0.165846921666586
Gng7	0.543	0.352	0.652	69	0.176474221644123
Gng8	0.635	0.47	0.716	70	0.18946663080142
Gngt2	0.523	0.243	0.597	69	0.183336327494438
Gnmt	0.58	0.435	0.699	293	0.171872649110778
Gnpat	0.452	0.174	0.554	678	0.157136210071737
Gnrh1	0.46	0.156	0.542	90	0.165887777560785
Gnrhr	0.464	0.23	0.582	327	0.154916714220718
Got1	0.496	0.259	0.605	413	0.15891915915841
Got2	0.53	0.311	0.633	430	0.166351400232223
Gp1ba	0.469	0.156	0.547	734	0.145249777432577
Gp1bb	0.564	0.504	0.722	214	0.15641265397336
Lrp2	0.436	0.044	0.495	4660	0.169397182657141
Pdpn	0.382	-0.038	0.455	172	0.148039089741353
Lilrb4b	0.425	-0.006	0.464	303	0.152671708128204
Lilrb4a	0.446	0.056	0.5	335	0.154961596254555
Gp5	0.572	0.518	0.732	567	0.156899368580048
Gpaa1	0.536	0.391	0.668	621	0.155006809327184
Gpam	0.468	0.23	0.584	827	0.157981791015711
Gpc1	0.621	0.509	0.736	557	0.174122050377303
Gpc3	0.471	0.195	0.569	579	0.166846833062338
Gpc4	0.458	0.108	0.527	557	0.167789594020652
Gpr12	0.527	0.406	0.676	334	0.161463635571823
S1pr2	0.546	0.478	0.714	352	0.159527371972538
Gpr65	0.425	0.216	0.574	337	0.155172200650486
Lpar1	0.527	0.324	0.634	364	0.162450901917452
Cmklr1	0.688	0.689	0.834	371	0.167732909130405
Gpr3	0.602	0.448	0.702	330	0.169818943092071
Gpi1	0.584	0.443	0.702	558	0.16946504395472
Pigq	0.523	0.373	0.656	641	0.161636912205579
Gpld1	0.472	0.174	0.558	842	0.154741622452001
Gpm6b	0.492	0.157	0.553	328	0.170095470197993
Gpr19	0.576	0.461	0.711	415	0.156514896822333
Gpr27	0.759	0.82	0.902	379	0.179501274313911
Gpr33	0.388	0.004	0.463	339	0.146476238146401
Gpr37	0.471	0.201	0.569	600	0.161136809932767
Ptgdr2	0.599	0.553	0.754	382	0.154328761404786
Gpr50	0.495	0.221	0.584	591	0.165167350348025
Adgrg1	0.589	0.482	0.721	687	0.158059972466716
Nmur1	0.548	0.383	0.664	428	0.158741161529192
Lancl1	0.481	0.195	0.569	399	0.169187853438813
Grk4	0.338	-0.187	0.36	574	0.153700725056503
Grk5	0.478	0.197	0.57	590	0.167816347293245
Gpx1	0.599	0.466	0.713	200	0.165283923029822
Gpx2	0.55	0.417	0.686	189	0.156332124533712
Gpx3	0.502	0.292	0.62	225	0.156587093590805
Gpx5	0.434	0.102	0.524	221	0.158247350202951
Gsr	0.521	0.306	0.633	500	0.167567153574169
Grb10	0.508	0.243	0.596	596	0.166441811231305
Grb2	0.501	0.256	0.607	217	0.159190281764423
Grb7	0.548	0.329	0.64	535	0.161255066375566
Rhpn1	0.597	0.445	0.703	661	0.169333738199348
Gpr162	0.506	0.334	0.639	588	0.153197088138208
P3h3	0.539	0.386	0.668	732	0.163479372953801
Grcc10	0.573	0.402	0.686	126	0.174655223459272
Emg1	0.451	0.167	0.553	244	0.161418519623504
Lpcat3	0.503	0.326	0.634	487	0.153974018506393
Cdca3	0.428	0.044	0.49	266	0.150607191107331
Spsb2	0.551	0.379	0.665	264	0.163564787141987
Tle5	0.618	0.52	0.743	197	0.171966635727592
Gria1	0.489	0.234	0.591	907	0.159116014390291
Gria2	0.376	-0.062	0.434	883	0.153713163626805
Gria4	0.364	-0.096	0.413	902	0.148594417743071
Grid1	0.531	0.341	0.646	1009	0.161870248136106
Grid2	0.404	0.019	0.472	1007	0.150464851840945
Grik1	0.428	0.104	0.516	934	0.153896269637699
Grik2	0.379	-0.063	0.429	908	0.150698423089328
Grik3	0.603	0.496	0.728	919	0.166377307337038
Grik5	0.64	0.587	0.776	979	0.163310626904503
Grin1	0.588	0.413	0.685	938	0.167256984941531
Grin2a	0.491	0.241	0.596	1464	0.159795411596624
Grin2b	0.539	0.321	0.64	1482	0.165654871800988
Grin2c	0.589	0.466	0.714	1239	0.161377023075512
Grin2d	0.633	0.559	0.764	1323	0.161375227722948
Nr3c1	0.381	-0.083	0.424	792	0.155173876062639
Grm1	0.522	0.289	0.619	1199	0.161980181305942
Grm8	0.413	0.023	0.474	908	0.155804912442363
Grn	0.52	0.203	0.584	602	0.195931363353531
Cxcl1	0.52	0.37	0.656	96	0.168914502472598
Pdia3	0.399	-0.046	0.447	505	0.162517900818754
Hspa5	0.418	-0.015	0.461	655	0.16391255700141
Grpr	0.527	0.326	0.635	384	0.163657670805439
Gsc	0.704	0.719	0.851	256	0.172301080420702
Gsg1	0.494	0.315	0.635	368	0.156678764143326
Haspin	0.466	0.219	0.582	754	0.156245139524241
Gsx1	0.643	0.609	0.793	261	0.166866703161957
Gsx2	0.577	0.429	0.7	305	0.165733957283643
Gspt1	0.375	-0.109	0.416	636	0.156989944061055
Gspt2	0.386	-0.079	0.43	632	0.156239073143026
Gss	0.516	0.269	0.607	474	0.168178068006267
Gsta1	0.437	0.143	0.535	223	0.162637266650397
Gsta2	0.431	0.135	0.531	222	0.162477035008902
Gsta3	0.454	0.165	0.55	221	0.162784714786166
Gsta4	0.457	0.137	0.533	222	0.158212058534446
Gstm1	0.598	0.408	0.68	218	0.168046021494121
Gstm2	0.551	0.329	0.639	218	0.171975089416627
Gstm3	0.538	0.326	0.636	218	0.164231259668636
Gstm4	0.525	0.273	0.606	218	0.162088584631396
Gstm5	0.517	0.247	0.593	224	0.171500711538302
Gstm6	0.548	0.353	0.65	218	0.167987498845228
Gstp2	0.568	0.403	0.678	210	0.168893883675067
Gstp1	0.557	0.385	0.668	210	0.168689886516352
Gstt1	0.528	0.333	0.639	240	0.170129623995655
Gstt2	0.506	0.344	0.644	244	0.161829127911047
Gsto1	0.511	0.317	0.636	240	0.165946373017646
Gstz1	0.48	0.237	0.587	216	0.163219045057711
Gtf2h1	0.371	-0.108	0.41	553	0.15285130103509
Gtf2h4	0.545	0.402	0.675	463	0.159931556633596
Gtf2i	0.452	0.11	0.528	998	0.158039095648493
Cfap20	0.495	0.271	0.604	193	0.1524016447672
Trip12	0.325	-0.237	0.338	2025	0.146371362371562
Gtpbp1	0.536	0.356	0.656	668	0.162880085986579
Thumpd3	0.348	-0.186	0.37	505	0.158085617267237
Nkx6-2	0.614	0.558	0.765	277	0.168499711631394
Guca1a	0.648	0.569	0.77	202	0.174209881220093
Guca2a	0.484	0.208	0.574	116	0.17752137490449
Guca2b	0.511	0.295	0.621	106	0.17388786170095
Gucy2c	0.515	0.307	0.627	1072	0.1642110284217
Gucy2d	0.5	0.265	0.603	1117	0.157953375674291
Gucy2e	0.506	0.295	0.617	1108	0.157804056084898
Guk1	0.564	0.346	0.648	219	0.167622685611447
Magi1	0.466	0.161	0.555	1471	0.155233736902479
Gk	0.335	-0.201	0.358	559	0.151986545324469
Gypa	0.329	-0.336	0.296	168	0.135035237458336
Gys1	0.554	0.359	0.658	738	0.160301379778467
Gzma	0.334	-0.212	0.345	260	0.157238115797782
Gzmb	0.433	0.097	0.517	247	0.162129633856019
Gzmc	0.425	0.029	0.483	248	0.162171452987061
Gzmd	0.474	0.173	0.556	252	0.168396009777818
Gzme	0.463	0.122	0.527	248	0.16970133767181
Gzmf	0.447	0.126	0.529	248	0.166426003811661
Gzmg	0.47	0.162	0.55	248	0.168515632122602
Gzmk	0.41	0.036	0.484	263	0.160451675318237
H13	0.621	0.543	0.753	394	0.159462912999482
H1f3	0.695	0.538	0.764	221	0.219847753706678
H1f0	0.647	0.545	0.766	194	0.191982115197033
H2-Aa	0.483	0.199	0.573	256	0.157889428129594
H2-Ab1	0.63	0.576	0.772	265	0.164432333629617
Cfb	0.478	0.198	0.574	763	0.163514270928273
H2-D1	0.589	0.45	0.706	362	0.170455223044152
H2-Eb1	0.557	0.406	0.682	264	0.163449394566671
H2-K1	0.565	0.412	0.687	369	0.17089832397226
Pfdn6	0.478	0.244	0.592	127	0.164370619639785
Slc39a7	0.474	0.169	0.558	476	0.158872308045189
Hsd17b8	0.499	0.313	0.633	259	0.163376882194514
H2-M10.1	0.42	0.061	0.495	331	0.156518780594
H2-M2	0.469	0.135	0.539	343	0.159747803409862
H2-M3	0.473	0.187	0.564	336	0.16257308254838
H2-M9	0.402	0.014	0.467	342	0.147997602784779
H2-DMa	0.537	0.351	0.653	261	0.157739615165108
H2-DMb1	0.522	0.298	0.629	261	0.160033202529595
H2-DMb2	0.516	0.288	0.622	261	0.159159654571026
H2-Oa	0.578	0.441	0.699	250	0.156313488328704
H2-Ob	0.501	0.265	0.605	271	0.167162078218474
H2-Q1	0.535	0.331	0.641	368	0.166743606199901
H2-Q10	0.589	0.448	0.704	325	0.166093352743571
H2-Q2	0.54	0.358	0.654	360	0.162083969772181
H2-Q4	0.587	0.453	0.706	354	0.164203401142314
H2-Q7	0.593	0.456	0.708	334	0.167944903785143
H2-T22	0.487	0.207	0.575	379	0.168268355405081
H2-T23	0.536	0.35	0.652	357	0.162494850290058
H2-T24	0.472	0.155	0.551	363	0.15742290109708
H2-T3	0.504	0.212	0.58	384	0.160859006556459
Mr1	0.403	-0.001	0.463	341	0.147155189966465
H3c14	0.851	0.917	0.955	136	0.174605479238469
H3f3a	0.41	-0.064	0.418	136	0.153264783869722
H3f3b	0.535	0.345	0.642	136	0.163334583753162
Hadh	0.525	0.281	0.619	314	0.168565968715938
Hsd17b10	0.404	0.011	0.471	261	0.159638893162507
Hal	0.436	0.119	0.526	657	0.16012460128507
Hand1	0.57	0.345	0.652	216	0.161181768196332
Hand2	0.76	0.72	0.852	217	0.178897660157929
Hao1	0.386	-0.036	0.442	370	0.160116148291507
Hap1	0.555	0.324	0.642	628	0.169459292588598
Hars	0.473	0.242	0.59	509	0.166686762438847
Has1	0.515	0.328	0.636	583	0.161188604213249
Has2	0.386	0.018	0.471	552	0.151887369257386
Has3	0.527	0.335	0.639	554	0.162364032131136
Hba-a1	0.597	0.371	0.669	142	0.178704081848847
Hba-x	0.631	0.507	0.735	142	0.174143053969501
Hbb-bh1	0.486	0.187	0.564	147	0.174006359354676
Hbb-y	0.453	0.118	0.532	147	0.172939893126517
Hccs	0.37	-0.238	0.349	272	0.157452141980849
Serpind1	0.444	0.142	0.538	478	0.15816732208889
Hcfc1	0.474	0.086	0.523	2045	0.156553015336246
Hck	0.568	0.352	0.655	524	0.169037269453635
Hcls1	0.497	0.153	0.558	486	0.169134667010149
Hcn1	0.479	0.216	0.583	910	0.154904443290652
Hcn2	0.646	0.607	0.79	863	0.159028966427823
Hcn3	0.557	0.399	0.673	779	0.156162803087063
Ptpn6	0.557	0.385	0.672	597	0.167151174259715
Hcrt	0.54	0.365	0.654	130	0.165608191475564
Hdac2	0.342	-0.257	0.337	488	0.154322858649065
Hdac3	0.495	0.196	0.574	428	0.162638679300884
Hdac5	0.582	0.43	0.697	1121	0.166004760569182
Hdac6	0.451	0.1	0.521	1149	0.160897701012557
Hdc	0.505	0.27	0.61	662	0.162961431812452
Hdgf	0.559	0.291	0.634	237	0.181532717792374
Hdgfl1	0.614	0.403	0.688	283	0.18561569804875
Hdgfl2	0.528	0.27	0.615	669	0.166660622410137
Htt	0.418	0.07	0.499	3120	0.154470965030045
Hebp1	0.484	0.174	0.57	190	0.156755618853243
Hbegf	0.456	0.192	0.566	208	0.165027237966084
Hells	0.288	-0.319	0.285	821	0.146546516305509
Gml2	0.397	0.069	0.494	176	0.156069454929329
Heph	0.4	-0.056	0.439	1157	0.155764451317151
Herc2	0.393	-0.029	0.448	4836	0.158051997193586
Hes1	0.569	0.432	0.701	282	0.158047724673998
Hes2	0.53	0.347	0.641	157	0.153715715665771
Hes3	0.524	0.368	0.657	175	0.153368795039832
Hes5	0.735	0.715	0.849	167	0.179902748432212
Hesx1	0.375	-0.09	0.413	185	0.144368482711364
Hexa	0.508	0.281	0.616	528	0.157075219473605
Hexb	0.387	-0.016	0.458	536	0.147130718269824
Hey1	0.505	0.279	0.613	299	0.154234725017752
Hey2	0.41	-0.023	0.459	339	0.147800522740234
Hfe	0.515	0.3	0.622	359	0.160146849182365
Foxn1	0.55	0.253	0.608	648	0.164090196709489
Foxq1	0.674	0.663	0.821	400	0.163199928315754
Foxd3	0.731	0.764	0.876	469	0.175566273453297
Foxj1	0.625	0.479	0.724	421	0.166916812587194
Foxf1	0.685	0.646	0.814	378	0.16978379594042
Foxg1	0.698	0.73	0.858	481	0.163283066779164
Foxd1	0.693	0.709	0.847	456	0.170579796608353
Hgd	0.463	0.118	0.534	445	0.163343045878624
Hgf	0.366	-0.164	0.381	728	0.160721011371651
Mst1	0.523	0.266	0.611	716	0.17089793296469
Hgs	0.582	0.356	0.661	776	0.167035311283233
Hhex	0.59	0.487	0.729	271	0.154525629391294
Hhip	0.424	0.094	0.512	700	0.160154443156855
Mfsd14a	0.367	-0.046	0.436	490	0.14660460386556
Hic1	0.6	0.466	0.716	893	0.165984792933262
Hif1a	0.337	-0.231	0.346	836	0.149010082440674
Hint1	0.447	0.123	0.529	126	0.168848433517312
Hipk1	0.435	0.042	0.494	1210	0.152664702893907
Hipk2	0.505	0.261	0.611	1196	0.153681118227315
Hipk3	0.383	-0.093	0.422	1192	0.151176799633137
Hira	0.44	0.112	0.525	1015	0.159590626970417
H2ac18	0.75	0.813	0.898	130	0.183414282229813
H2ax	0.795	0.843	0.915	143	0.180514873521214
Hivep2	0.417	0.007	0.476	2430	0.149880302577776
Hk1	0.535	0.367	0.66	945	0.167516497869951
Hk2	0.566	0.412	0.683	917	0.175114227235222
Tfb2m	0.331	-0.124	0.391	396	0.141219395615588
Hlx	0.567	0.429	0.7	476	0.159031161736735
Mnx1	0.593	0.441	0.706	404	0.171499873034039
Hmbs	0.472	0.159	0.546	361	0.164995764041879
Hmgb1	0.47	0.03	0.502	215	0.186003981421427
Hmgn1	0.534	0.242	0.611	96	0.187790408721381
Hmgn2	0.44	-0.103	0.438	90	0.193351058904743
Hmg20b	0.606	0.508	0.737	317	0.170609452746797
Hmgb3	0.461	0.003	0.49	200	0.184612870178435
Hmgcl	0.496	0.272	0.615	325	0.171577550665119
Hmgcr	0.4	0.043	0.485	887	0.159601045236612
Hmgcs2	0.513	0.247	0.599	508	0.16243459746995
Hmga1	0.583	0.387	0.679	107	0.171279972446241
Hmga1b	0.583	0.387	0.679	107	0.171279972446241
Hmga2	0.457	0.078	0.516	129	0.154643750080757
Hmmr	0.343	-0.18	0.368	794	0.158855730092095
Hmox1	0.57	0.359	0.658	289	0.163870680216061
Hmox2	0.475	0.17	0.561	315	0.166102956947079
Nr4a1	0.549	0.326	0.642	601	0.162024615168899
Hmx1	0.647	0.654	0.815	332	0.157510724457076
Hmx2	0.625	0.55	0.762	273	0.164565612718883
Hmx3	0.666	0.646	0.814	356	0.162711439385932
Jpt1	0.463	0.028	0.497	154	0.157096498518951
Foxa1	0.652	0.593	0.788	468	0.165877724655035
Foxa2	0.67	0.575	0.779	465	0.170381414653426
Foxa3	0.555	0.33	0.649	353	0.156880557218206
Hnf4a	0.595	0.45	0.703	474	0.172239489721837
Onecut1	0.602	0.484	0.726	465	0.157879524555935
Hnrnpc	0.4	-0.103	0.422	313	0.163896307501412
Hnrnpa1	0.389	-0.164	0.396	373	0.152147680682449
Hnrnpab	0.498	0.216	0.594	332	0.169272894686496
Hnrnpk	0.344	-0.273	0.316	464	0.147870591327745
Hnrnpl	0.529	0.271	0.617	586	0.165141564116345
Hoxa1	0.526	0.287	0.629	336	0.159215739768993
Hoxa10	0.583	0.451	0.713	416	0.161047887139971
Hoxa11	0.591	0.469	0.721	313	0.16527958530965
Hoxa2	0.497	0.229	0.593	372	0.155636845626114
Hoxa3	0.595	0.386	0.681	443	0.157103706581223
Hoxa4	0.685	0.649	0.816	285	0.159435375020581
Hoxa5	0.593	0.466	0.719	270	0.159619624749893
Hoxa6	0.609	0.495	0.733	232	0.160422896361614
Hoxa7	0.615	0.514	0.744	229	0.16895226750739
Hoxa9	0.567	0.364	0.664	271	0.166660205440939
Hoxb1	0.543	0.325	0.648	297	0.15281042555361
Hoxb13	0.556	0.273	0.619	286	0.164576813717201
Hoxb3	0.651	0.56	0.772	433	0.167222840861249
Hoxb4	0.673	0.633	0.807	250	0.154682956480791
Hoxb5	0.606	0.471	0.721	269	0.158238665732425
Hoxb6	0.689	0.65	0.816	224	0.167927849358066
Hoxb7	0.575	0.426	0.699	217	0.163885098031815
Hoxb8	0.675	0.567	0.772	243	0.171635021432835
Hoxb9	0.603	0.538	0.755	250	0.163596760282926
Hoxc12	0.583	0.49	0.727	280	0.156511206016589
Hoxc13	0.676	0.635	0.809	328	0.169228586984444
Hoxc4	0.555	0.379	0.672	264	0.152799795490339
Hoxc5	0.566	0.375	0.668	222	0.165258726120004
Hoxc6	0.522	0.32	0.639	235	0.151260473093735
Hoxc8	0.543	0.358	0.664	242	0.163719484461597
Hoxc9	0.643	0.62	0.799	260	0.159911277502143
Hoxd1	0.603	0.474	0.724	328	0.163316216232176
Hoxd10	0.471	0.166	0.56	340	0.157379417103816
Hoxd11	0.644	0.566	0.774	336	0.171629216680153
Hoxd12	0.568	0.404	0.683	268	0.163490360762488
Hoxd13	0.566	0.431	0.703	339	0.164572102567804
Hoxd3	0.61	0.39	0.682	433	0.166768685811614
Hoxd4	0.598	0.446	0.71	250	0.162216781688794
Hoxd8	0.541	0.366	0.67	289	0.1624807868273
Hoxd9	0.632	0.577	0.78	339	0.163736521437315
Hp	0.558	0.398	0.681	347	0.173282354528668
Hp1bp3	0.453	0.101	0.526	554	0.167546753360148
Hpse	0.436	0.149	0.539	535	0.152953462265548
Hpca	0.718	0.651	0.813	193	0.175238032514597
Hpd	0.558	0.382	0.671	393	0.170005048804592
Hpgd	0.36	-0.092	0.416	269	0.159128946925501
Lipc	0.503	0.282	0.614	510	0.162972190151017
Hpn	0.509	0.265	0.607	445	0.168839678832276
Hprt	0.337	-0.209	0.351	218	0.153815489904497
Hpx	0.448	0.06	0.502	460	0.156329547108237
Hr	0.486	0.186	0.566	1182	0.162815684647504
Hras	0.546	0.307	0.63	189	0.170658082539189
Agfg1	0.391	-0.161	0.404	559	0.145346493854669
Hrc	0.451	0.044	0.503	738	0.166424772406481
Hrh1	0.537	0.37	0.659	488	0.156797096660089
Hrh2	0.514	0.362	0.652	397	0.157628312329173
Eif2ak1	0.403	0.096	0.514	619	0.152731104027823
Prmt2	0.575	0.431	0.696	475	0.171486942403314
Prmt1	0.629	0.492	0.731	371	0.180846807367521
Rida	0.381	-0.09	0.421	135	0.158795978820656
Hs3st1	0.582	0.436	0.694	311	0.162797375023966
Hs3st3a1	0.719	0.752	0.866	393	0.162943626693264
Hspa8	0.452	0.086	0.515	646	0.168055048390301
Hspa1l	0.562	0.375	0.667	641	0.172155999829675
Hsd11b1	0.442	0.156	0.545	292	0.156578536384786
Hsd11b2	0.548	0.338	0.635	386	0.168269461222836
Hsd17b1	0.493	0.242	0.594	344	0.162936149323171
Hsd17b2	0.45	0.199	0.57	381	0.162579812572886
Hsd17b3	0.409	0.06	0.488	305	0.154211182916632
Hsd17b4	0.388	-0.015	0.461	735	0.15796859362384
Hsd17b7	0.458	0.215	0.578	334	0.155576723642929
Hsd3b1	0.449	0.116	0.525	373	0.160984732131347
Hsd3b2	0.446	0.107	0.519	373	0.157895679916886
Hsd3b3	0.465	0.161	0.548	373	0.160738780303521
Hsd3b4	0.488	0.183	0.561	373	0.164950130369886
Hsd3b5	0.461	0.121	0.526	373	0.16195334838425
Hsd3b6	0.448	0.112	0.524	373	0.157566018460437
Hsf1	0.581	0.4	0.681	503	0.163024129055858
Hsf2	0.337	-0.181	0.37	517	0.149897453275334
Dnaja1	0.324	-0.266	0.325	397	0.157191746927685
Dnajb3	0.556	0.427	0.699	242	0.162987968083705
Hsph1	0.41	0	0.473	858	0.164696095782132
Hspb1	0.6	0.487	0.728	209	0.155358287543699
Hspd1	0.312	-0.284	0.314	573	0.159695735656756
Hspa1b	0.846	0.905	0.949	642	0.188936592127133
Hspa2	0.663	0.585	0.779	633	0.177170516534959
Hsp90ab1	0.56	0.353	0.655	724	0.176174963775074
Hsp90aa1	0.409	-0.005	0.464	733	0.16431648628045
Hspa4	0.378	-0.125	0.409	842	0.161434723476756
Hspa9	0.367	-0.168	0.381	679	0.163892158187217
Hspe1	0.289	-0.325	0.3	102	0.145578405669744
Sdc2	0.411	-0.053	0.439	202	0.15411929052153
Hspg2	0.559	0.362	0.663	4383	0.165681729616563
Ndst1	0.593	0.419	0.688	882	0.164000831521708
Trmt2a	0.478	0.165	0.555	613	0.164208395525541
Htr1a	0.593	0.486	0.722	421	0.170539080427102
Htr1b	0.563	0.457	0.706	386	0.160031003222703
Htr1d	0.531	0.393	0.668	374	0.157323926576735
Htr1f	0.372	-0.008	0.447	366	0.148785961825987
Htr2a	0.464	0.259	0.599	471	0.156950211126362
Htr2b	0.383	-0.005	0.454	479	0.145989233042502
Htr2c	0.389	0.048	0.481	459	0.15208844041902
Htr3a	0.537	0.366	0.653	489	0.157283480631155
Htr4	0.476	0.227	0.582	388	0.162103961632605
Htr5a	0.536	0.348	0.647	357	0.150024745006491
Htr5b	0.546	0.402	0.675	370	0.156047580856377
Htr6	0.61	0.516	0.737	440	0.158961082758174
Htr7	0.579	0.482	0.72	470	0.166982407592263
Slc6a4	0.528	0.34	0.645	630	0.162448540542247
Elavl1	0.436	0.112	0.527	326	0.153047336889205
Elavl2	0.407	-0.003	0.465	388	0.154699745126904
Elavl3	0.623	0.521	0.744	367	0.169076356240613
Elavl4	0.485	0.224	0.586	385	0.154315007817049
Hus1	0.41	0.126	0.528	281	0.162571447371757
Hyal1	0.469	0.176	0.561	462	0.156532125401946
Hyal2	0.545	0.359	0.659	473	0.157342508752485
Iapp	0.415	0.096	0.511	93	0.155035873945787
Ibsp	0.445	0.038	0.505	324	0.15913041495246
Ica1	0.403	0.019	0.479	478	0.159855012849869
Icam1	0.541	0.366	0.661	537	0.163368353084902
Icam2	0.503	0.321	0.635	277	0.157031100845877
Icam5	0.521	0.317	0.636	917	0.161573375767338
Irf8	0.606	0.447	0.705	424	0.173509195938324
Id1	0.635	0.57	0.767	148	0.17199529960391
Id2	0.618	0.541	0.752	134	0.16292852898907
Id3	0.591	0.545	0.752	119	0.169291707602601
Id4	0.695	0.695	0.836	161	0.186242901258253
Idh1	0.414	0.013	0.476	414	0.165723351752853
Idh3g	0.484	0.187	0.563	393	0.165399655679523
Ido1	0.434	0.09	0.512	407	0.158075475416046
Ids	0.419	0.005	0.47	552	0.147427147058501
Idua	0.514	0.268	0.607	643	0.15453250629497
Ier2	0.541	0.404	0.681	221	0.149821528256469
Ier3	0.54	0.378	0.662	160	0.150115800299706
Ier5	0.662	0.621	0.801	308	0.167322774847116
Irgm1	0.429	0.149	0.541	409	0.152007076927746
Cxcl10	0.427	0.129	0.521	98	0.170517432426548
Ifi203	0.334	-0.262	0.331	871	0.144486692764343
Ifi204	0.358	-0.191	0.369	619	0.15313553983395
Ifi47	0.414	0.021	0.477	420	0.162685968164102
Ifit1	0.407	0.026	0.476	463	0.162936288964339
Ifit2	0.395	-0.021	0.455	470	0.166891379363893
Ifit3	0.4	0.031	0.478	403	0.164937267072579
Ifna1	0.524	0.308	0.624	189	0.169737480352301
Ifna11	0.49	0.241	0.586	190	0.168593896558272
Ifna2	0.513	0.268	0.602	190	0.167718883139697
Ifna4	0.459	0.18	0.551	186	0.16334589142014
Ifna5	0.5	0.295	0.619	189	0.168874598554928
Ifna6	0.516	0.297	0.619	189	0.167514361393937
Ifna7	0.515	0.312	0.626	190	0.17025750792084
Ifna9	0.515	0.305	0.622	190	0.167236044688114
Ifnab	0.527	0.31	0.628	190	0.166236893670544
Ifnar1	0.421	0.032	0.49	590	0.155821345311019
Ifnar2	0.408	0.062	0.501	513	0.149596472058746
Ifnb1	0.49	0.33	0.633	182	0.156772281191416
Ifng	0.471	0.221	0.577	155	0.159244038642776
Ifngr1	0.406	0.017	0.483	477	0.151192555805276
Ifngr2	0.461	0.189	0.565	332	0.15423604026825
Ifrd1	0.356	-0.153	0.383	449	0.16085772459102
Ifrd2	0.522	0.309	0.624	441	0.1709155528637
Cd79b	0.524	0.331	0.639	228	0.158745890694276
Igf1	0.492	0.223	0.581	159	0.165429675001311
Igf1r	0.546	0.376	0.667	1369	0.166792092456253
Igf2	0.562	0.45	0.703	191	0.165238098977421
Igf2r	0.477	0.158	0.556	2483	0.168643996935471
Igfals	0.565	0.45	0.697	603	0.161185856239923
Igfbp1	0.509	0.203	0.579	272	0.1762495054271
Ccn1	0.531	0.34	0.651	379	0.185270113977532
Igfbp2	0.642	0.572	0.771	305	0.181593381280458
Igfbp3	0.627	0.531	0.753	292	0.181069500861526
Igfbp4	0.657	0.538	0.753	254	0.186960075510813
Igfbp5	0.626	0.501	0.736	271	0.188340372997146
Igfbp6	0.492	0.257	0.604	238	0.167091802017717
Il18bp	0.461	0.111	0.525	193	0.152070435918946
Jchain	0.435	0.055	0.497	159	0.171496464990855
Igll1	0.446	0.134	0.535	209	0.150292512946142
Igtp	0.466	0.206	0.571	423	0.15787053853368
Cd74	0.576	0.406	0.682	279	0.172968787460706
Ikbkb	0.513	0.334	0.64	757	0.164840357063054
Ikbkg	0.529	0.287	0.617	430	0.180532785433972
Il10	0.505	0.301	0.623	178	0.167766314005406
Il10ra	0.47	0.197	0.571	575	0.155878452087812
Il10rb	0.476	0.203	0.577	351	0.156832176793263
Il11	0.429	0.142	0.521	199	0.146667547150394
Il11ra1	0.471	0.156	0.549	432	0.155128340642365
Il11ra2	0.467	0.144	0.542	432	0.154615364653693
Gm13305	0.467	0.144	0.542	432	0.154615364653693
Il12a	0.503	0.25	0.592	215	0.166734794832076
Il12b	0.506	0.231	0.596	335	0.169187625250015
Il12rb1	0.543	0.346	0.652	738	0.163798366751778
Il12rb2	0.393	-0.017	0.455	874	0.150814905547122
Il13	0.516	0.332	0.638	131	0.163250070985003
Il13ra1	0.371	-0.101	0.414	424	0.158602287332358
Il13ra2	0.298	-0.355	0.272	383	0.150768138995047
Il15	0.354	-0.081	0.417	162	0.156142232274049
Il15ra	0.464	0.098	0.522	263	0.150167771438778
Il16	0.46	0.095	0.52	1322	0.159500970909225
Il17a	0.542	0.351	0.651	158	0.169824041383001
Il17ra	0.535	0.353	0.653	864	0.162869603547187
Il18	0.349	-0.169	0.379	192	0.15258554184754
Il18rap	0.385	-0.021	0.452	614	0.15218667029956
Il1a	0.432	0.056	0.5	270	0.146567335938968
Il1b	0.489	0.197	0.576	269	0.159497546314932
Il1r1	0.376	-0.037	0.442	576	0.151408110009481
Il1r2	0.417	0.036	0.482	410	0.149064233743727
Irak1	0.48	0.19	0.568	750	0.15758579395128
Il1rap	0.43	0.054	0.495	685	0.153938127059644
Il1rn	0.476	0.214	0.576	178	0.163677344791906
Il18r1	0.375	-0.053	0.434	537	0.153419782012418
Il2	0.431	0.087	0.509	169	0.148878351279562
Il2ra	0.428	0.097	0.518	268	0.154771316953415
Il2rb	0.502	0.309	0.629	539	0.158230427019568
Il2rg	0.412	0.041	0.483	369	0.148999794523396
Il3	0.429	0.127	0.525	166	0.154195358921352
Il3ra	0.6	0.489	0.728	396	0.166867012974174
Il4	0.438	0.202	0.567	140	0.15621270582668
Il4ra	0.534	0.294	0.627	810	0.16666932054425
Il5	0.401	0.064	0.488	133	0.154570081998341
Il5ra	0.349	-0.173	0.375	415	0.151753512070008
Il6	0.346	-0.106	0.402	211	0.148190101227597
Il6ra	0.517	0.344	0.652	460	0.160231819201522
Il6st	0.437	0.089	0.52	917	0.153140886889049
Il7	0.316	-0.328	0.289	154	0.148460851651075
Il7r	0.345	-0.183	0.369	459	0.14727017899969
Il9	0.458	0.177	0.557	144	0.161980435192619
Il9r	0.527	0.305	0.629	469	0.161070830831538
Ilf3	0.477	0.155	0.557	898	0.16301318286504
Ilk	0.475	0.15	0.544	452	0.166344312510578
Fabp6	0.594	0.383	0.678	128	0.178309837298127
Gimap1	0.63	0.559	0.762	300	0.175235074811588
Lrig1	0.511	0.295	0.62	1091	0.161492249546552
Impact	0.42	0.014	0.477	318	0.170168113942383
Kpnb1	0.417	0.045	0.488	876	0.16289802633251
Incenp	0.493	0.221	0.581	876	0.164622376738977
Inha	0.483	0.202	0.569	366	0.155030013147264
Inhba	0.506	0.293	0.622	424	0.1707720424041
Inhbb	0.661	0.606	0.789	411	0.16977278320877
Inhbc	0.512	0.295	0.618	352	0.161161638382094
Inhbe	0.494	0.259	0.596	350	0.156632729217909
Cep250	0.499	0.28	0.61	2435	0.170828013059466
Inpp1	0.474	0.241	0.594	396	0.165972943864319
Inpp5b	0.48	0.212	0.578	993	0.161031821431739
Inpp5d	0.527	0.305	0.629	1191	0.161155561685741
Inppl1	0.52	0.287	0.618	1257	0.156793340071348
Ins1	0.585	0.477	0.717	108	0.175621017661957
Ins2	0.626	0.524	0.743	110	0.18098077890459
Insl3	0.669	0.646	0.805	122	0.17076661429918
Insr	0.494	0.206	0.575	1372	0.164078745012287
Eif3e	0.346	-0.15	0.379	445	0.150871992594685
Invs	0.428	0.081	0.509	1062	0.160842231484943
Ipp	0.337	-0.179	0.372	584	0.154555498260457
Irf1	0.506	0.211	0.579	329	0.166766477639306
Irf2	0.464	0.155	0.553	349	0.155283651382731
Irf4	0.504	0.205	0.575	450	0.165982707113419
Acod1	0.462	0.149	0.545	488	0.155682695620997
Irs1	0.507	0.186	0.572	1231	0.156850203751231
Irs3	0.527	0.27	0.611	495	0.16027676816439
Irs4	0.439	0.086	0.514	1216	0.152840847764751
Irx1	0.599	0.476	0.725	480	0.161035220770421
Irx2	0.622	0.554	0.767	474	0.167341627691782
Irx3	0.603	0.483	0.728	522	0.163527538869963
Irf9	0.486	0.186	0.567	465	0.159586580097993
Isl1	0.47	0.162	0.554	349	0.165413457212522
Itch	0.334	-0.232	0.344	864	0.14388071127646
Itga2	0.397	-0.012	0.463	1178	0.153446650231751
Itga2b	0.523	0.316	0.634	1033	0.162200841504345
Itga3	0.547	0.38	0.666	1068	0.162536721660528
Itga4	0.366	-0.081	0.423	1032	0.151591076385404
Itga5	0.516	0.294	0.623	1053	0.159256479543407
Itga6	0.403	0.033	0.482	1091	0.15499066693785
Itga7	0.517	0.295	0.621	1136	0.163113166891289
Itgae	0.482	0.219	0.585	1167	0.162586835539406
Itgal	0.504	0.276	0.613	1162	0.16036042674527
Itgam	0.475	0.186	0.567	1154	0.158483307231924
Itgav	0.414	0.026	0.48	1044	0.157696709179764
Itgax	0.469	0.179	0.562	1169	0.155316441311882
Itgb1	0.359	-0.204	0.363	798	0.168342575802032
Itgb1bp1	0.442	0.132	0.538	200	0.159894307911082
Itgb2	0.547	0.341	0.651	770	0.18119874734151
Itgb2l	0.534	0.304	0.63	738	0.178073771258572
Itgb3	0.565	0.358	0.66	787	0.184010756764789
Eif6	0.552	0.414	0.688	245	0.16884153695318
Itgb5	0.528	0.331	0.643	816	0.177773909686667
Itgb6	0.438	0.075	0.508	787	0.172189028022094
Itgb7	0.509	0.273	0.613	806	0.173615523072399
Cd47	0.368	0.005	0.458	324	0.155383455072259
Itih1	0.504	0.27	0.61	911	0.157680032630875
Itih2	0.439	0.076	0.508	950	0.155357356141249
Itih3	0.517	0.279	0.617	889	0.161876135527214
Itih4	0.476	0.207	0.578	942	0.155351859723777
Itk	0.483	0.218	0.583	625	0.161305558346166
Itln1	0.497	0.132	0.545	313	0.167336496255255
Stt3a	0.387	-0.035	0.441	705	0.150029563655317
Itm2a	0.423	0.065	0.494	263	0.166270404648313
Itm2b	0.56	0.358	0.656	266	0.183502380340054
Cuzd1	0.427	0.089	0.513	607	0.154209632627758
Itpa	0.501	0.22	0.585	198	0.173864481013318
Itpr1	0.49	0.247	0.594	2749	0.164350663961704
Itpr2	0.5	0.287	0.616	2701	0.164909948780683
Itpr3	0.658	0.595	0.781	2670	0.175363871862369
Itsn1	0.466	0.187	0.565	1714	0.161224850994384
Ivl	0.498	0.152	0.555	468	0.174285021682579
Jag1	0.518	0.223	0.593	1218	0.188328129458181
Jag2	0.619	0.453	0.712	1247	0.194100849160664
Jak1	0.466	0.161	0.55	1153	0.167757903369553
Jak2	0.358	-0.111	0.404	1132	0.153206042427208
Jak3	0.584	0.46	0.708	1100	0.166020541418279
F11r	0.481	0.206	0.583	300	0.154846318669928
Atcay	0.538	0.309	0.626	372	0.162581117657179
Jarid2	0.49	0.22	0.586	1234	0.165436307444379
Jrk	0.538	0.323	0.638	557	0.171376598054442
Ush1g	0.665	0.609	0.788	461	0.170083950120285
Ajuba	0.534	0.356	0.658	547	0.167410249505187
Jun	0.629	0.592	0.784	334	0.163497900501244
Junb	0.594	0.496	0.735	344	0.160528919216824
Jund	0.691	0.692	0.837	341	0.166970265712749
Jup	0.636	0.532	0.748	745	0.172965747854859
Kap	0.391	-0.04	0.449	121	0.146976961783494
Kcna1	0.581	0.446	0.701	495	0.162734235003894
Kcna2	0.459	0.19	0.564	499	0.153581848473074
Kcna3	0.584	0.477	0.719	528	0.161088783091066
Kcna4	0.454	0.114	0.527	654	0.158486672421403
Kcna5	0.543	0.358	0.653	602	0.157285756132545
Kcna6	0.515	0.353	0.651	529	0.151214373996011
Kcna7	0.611	0.562	0.764	489	0.157162079799121
Kcnab1	0.44	0.117	0.525	401	0.160004383594902
Kcnab2	0.538	0.405	0.679	367	0.163656524666953
Kcnab3	0.445	0.164	0.553	404	0.158763433800341
Kcnb1	0.661	0.613	0.792	857	0.169493620497146
Kcnc1	0.624	0.542	0.754	585	0.166880549952369
Kcnc3	0.638	0.538	0.754	769	0.166383018275617
Kcnd1	0.512	0.265	0.606	651	0.155435861937392
Kcnd2	0.472	0.182	0.562	630	0.151901651336176
Kcne1	0.614	0.49	0.726	129	0.170498453801386
Kcnh1	0.561	0.386	0.671	989	0.16619769528415
Kcnh2	0.58	0.434	0.695	1162	0.15991073321741
Kcnh3	0.546	0.375	0.664	1095	0.159282602423792
Kcnj10	0.51	0.358	0.653	379	0.152385398788253
Kcnj11	0.634	0.549	0.754	390	0.162992004689273
Kcnj12	0.597	0.439	0.699	529	0.166737162911264
Kcnj15	0.495	0.301	0.624	402	0.158925075188665
Kcnj16	0.435	0.129	0.531	419	0.154210523125837
Kcnj2	0.42	0.068	0.501	428	0.156716333602572
Kcnj3	0.462	0.198	0.571	501	0.151951941465908
Kcnj4	0.633	0.541	0.754	445	0.172792547018875
Kcnj5	0.515	0.304	0.626	419	0.162145023913972
Kcnj6	0.503	0.32	0.634	425	0.159165074727337
Kcnj8	0.568	0.423	0.686	424	0.165773336406531
Kcnj9	0.685	0.676	0.825	393	0.164384781647644
Kcnk1	0.686	0.669	0.823	336	0.170189495384005
Kcnk2	0.487	0.257	0.599	426	0.161229306755183
Kcnk3	0.767	0.816	0.901	409	0.172772841497878
Kcnk4	0.545	0.363	0.657	398	0.154452387992419
Kcnk5	0.537	0.324	0.64	502	0.15918468232227
Kcnk7	0.488	0.22	0.577	343	0.15968115553675
Kcnma1	0.453	0.197	0.569	1239	0.158639982320821
Kcnu1	0.417	0.094	0.511	1121	0.151084091641593
Kcnmb1	0.529	0.364	0.659	191	0.167735794328293
Kcnn4	0.636	0.617	0.789	425	0.172996881653041
Kcnq1	0.546	0.39	0.671	668	0.155072254981701
Kcnq2	0.552	0.367	0.661	870	0.163053816841843
Kcns1	0.668	0.645	0.808	497	0.165633063251022
Kcns2	0.51	0.291	0.617	477	0.157884278014859
Napsa	0.485	0.268	0.605	419	0.151876910875074
Kdr	0.433	0.085	0.511	1345	0.156492293426675
Mdfic	0.478	0.133	0.546	247	0.186864748112483
Kera	0.39	0.053	0.482	351	0.15379789454751
Khk	0.557	0.39	0.675	343	0.173962456174441
Khsrp	0.52	0.183	0.575	748	0.166064418278635
Kif11	0.334	-0.202	0.357	1052	0.152678447869525
Kif12	0.513	0.291	0.618	642	0.157524142112376
Kif13a	0.493	0.261	0.606	1749	0.16233002416531
Kif13b	0.453	0.126	0.533	1843	0.161173132871344
Kif16b	0.419	0.086	0.507	1312	0.159047705381899
Kif17	0.603	0.46	0.712	1038	0.171966673943427
Kif1a	0.561	0.373	0.664	1698	0.164407898410103
Kif1b	0.445	0.098	0.518	1816	0.158803830042183
Kif1c	0.517	0.278	0.613	1100	0.159429693117347
Kif2a	0.317	-0.274	0.319	716	0.145970968422615
Kif21a	0.426	0.076	0.506	1672	0.160569640700327
Kif21b	0.584	0.436	0.697	1624	0.171204183547899
Kif3a	0.41	0.048	0.489	701	0.163150710924506
Kif3b	0.452	0.138	0.539	747	0.161790827355049
Kif3c	0.558	0.357	0.656	796	0.170137313933821
Kif4	0.397	-0.019	0.455	1231	0.163444198214878
Kif5a	0.597	0.467	0.715	1027	0.17944714029454
Kif5b	0.347	-0.16	0.383	963	0.158837010093959
Kif5c	0.507	0.265	0.606	956	0.171951954043257
Kif7	0.569	0.43	0.691	1348	0.166232624945605
Kif9	0.465	0.174	0.555	810	0.159399329188323
Kifap3	0.38	-0.018	0.447	793	0.158390675946
Kifc5b	0.494	0.241	0.592	672	0.159729701211076
Kifc2	0.477	0.243	0.591	792	0.153607862872184
Kifc3	0.604	0.473	0.716	824	0.168749800678493
Kin	0.415	0.063	0.499	391	0.163505992015019
Uhmk1	0.435	0.112	0.525	419	0.160356792033688
Kit	0.46	0.167	0.559	979	0.158649086633336
Kl	0.49	0.241	0.592	1014	0.15576003886492
Fabp5	0.508	0.275	0.619	135	0.181014611228696
Klc1	0.581	0.416	0.689	616	0.181910505392291
Klc2	0.562	0.369	0.661	619	0.172121130153108
Klf1	0.552	0.379	0.673	376	0.160280626833053
Klf12	0.402	0.015	0.478	402	0.141682117627958
Klf2	0.663	0.602	0.788	354	0.159397563427843
Klf3	0.464	0.199	0.576	344	0.148468241358858
Klf4	0.57	0.397	0.682	483	0.157578935043905
Klf9	0.558	0.404	0.685	244	0.16460019125881
Klk1	0.481	0.155	0.55	261	0.167745126091907
Klk1b11	0.458	0.124	0.534	261	0.162493799817773
Klk1b16	0.447	0.098	0.52	261	0.16428488640692
Klk1b21	0.462	0.108	0.526	261	0.165268500615346
Klk1b24	0.484	0.172	0.56	263	0.16650184798734
Klk1b26	0.465	0.134	0.541	261	0.163931894826287
Klk1b27	0.476	0.155	0.55	263	0.166240347914866
Klkb1	0.395	-0.034	0.451	638	0.160222866070445
Klk1b5	0.481	0.148	0.548	261	0.168940852131011
Klk1b1	0.47	0.173	0.56	261	0.167904405456461
Klk1b8	0.461	0.139	0.54	261	0.165257637388598
Serpina3c	0.495	0.226	0.583	417	0.159982706361918
Klra1	0.335	-0.182	0.365	262	0.158392473473342
Klra10	0.327	-0.237	0.337	266	0.159131805789111
Klra2	0.354	-0.147	0.386	321	0.159505432653448
Klra3	0.321	-0.256	0.328	266	0.158472873519182
Klra4	0.344	-0.131	0.388	263	0.158598106233856
Klra5	0.337	-0.191	0.368	266	0.153816019493078
Klra6	0.331	-0.201	0.358	266	0.157679051442875
Klra7	0.344	-0.149	0.381	280	0.155566844624119
Klra8	0.339	-0.196	0.361	266	0.156870546665322
Klra9	0.328	-0.206	0.356	266	0.158907714709317
Klrc1	0.381	-0.123	0.399	244	0.158815713748198
Klrc2	0.388	-0.079	0.421	238	0.161056663581535
Klrd1	0.32	-0.26	0.327	179	0.151440395146599
Kng1	0.383	-0.162	0.39	661	0.156091527850358
Kpna1	0.355	-0.167	0.373	538	0.155348075281584
Kpna2	0.361	-0.107	0.406	529	0.158696839291101
Kpna3	0.308	-0.218	0.346	521	0.145973285843921
Kpna4	0.281	-0.333	0.283	521	0.145649353151727
Kpna6	0.416	0.074	0.5	536	0.157328264589513
Sspn	0.557	0.432	0.693	216	0.174877850157676
Kras	0.339	-0.179	0.374	188	0.153459533126127
Hivep3	0.508	0.218	0.588	2348	0.15267113942691
Mafb	0.679	0.633	0.807	323	0.168734968845137
Krt31	0.664	0.531	0.748	416	0.190648668872043
Krt10	0.516	0.25	0.606	561	0.164251434811091
Krt13	0.56	0.319	0.635	437	0.171350126141447
Krt14	0.63	0.488	0.726	484	0.174701406369507
Krt15	0.541	0.316	0.634	456	0.170033312624444
Krt16	0.561	0.37	0.661	469	0.168260240423947
Krt17	0.67	0.54	0.752	433	0.181741418347045
Krt18	0.561	0.4	0.676	423	0.165158858809451
Krt19	0.598	0.478	0.718	403	0.167159099008439
Krt32	0.557	0.371	0.664	453	0.176799451958071
Krt33b	0.679	0.55	0.758	404	0.192605736112175
Krt34	0.701	0.585	0.777	392	0.198507669755403
Krt36	0.582	0.41	0.683	473	0.180246373806395
Krt27	0.547	0.389	0.673	448	0.176661645906982
Krt1	0.491	0.195	0.577	637	0.165268183006873
Krt86	0.668	0.541	0.756	486	0.198322837166443
Krt84	0.511	0.254	0.6	603	0.164020237462004
Krt2	0.457	0.1	0.527	707	0.158988018977185
Krt4	0.537	0.308	0.631	525	0.172549084577585
Krt6a	0.552	0.327	0.641	553	0.170729253622757
Krt6b	0.552	0.331	0.643	554	0.171334162783397
Krt8	0.649	0.54	0.753	490	0.174273896573818
Krtap11-1	0.475	0.11	0.536	183	0.175581707560158
Krtap12-1	0.596	0.338	0.664	130	0.226330634835877
Krtap13	0.589	0.381	0.673	197	0.177826054754294
Krtap6-1	0.526	0.118	0.545	78	0.194474282806511
Krtap6-2	0.471	-0.123	0.435	155	0.211831266235125
Krtap8-1	0.513	0.196	0.586	61	0.178233441942708
Krtap19-5	0.475	0.062	0.508	62	0.151879861053233
Krtap9-1	0.714	0.512	0.75	186	0.281527643752872
Ksr1	0.592	0.456	0.708	873	0.163279280205295
Ktn1	0.348	-0.128	0.4	1327	0.161556111281979
Ky	0.601	0.473	0.72	661	0.169281149195764
L1cam	0.512	0.24	0.597	1259	0.159524695654306
Lad1	0.488	0.215	0.582	528	0.152333397819322
Aff3	0.513	0.269	0.615	1229	0.163413223433285
Stmn1	0.567	0.388	0.676	149	0.189243068201922
Lag3	0.479	0.266	0.602	521	0.154487780615432
Dsg4	0.389	-0.048	0.44	1041	0.151802862289394
Lalba	0.443	0.117	0.529	143	0.176520692162959
Lama1	0.482	0.203	0.576	3083	0.170642097613741
Lama2	0.399	-0.056	0.439	3118	0.16386761078199
Lama3	0.444	0.101	0.522	3330	0.163077504098267
Lama4	0.434	0.081	0.511	1816	0.158354049581501
Lama5	0.549	0.328	0.643	3718	0.170867252550397
Lamb1	0.471	0.145	0.548	1834	0.177756571938716
Lamb2	0.488	0.178	0.561	1799	0.172099425938264
Lamb3	0.505	0.223	0.585	1168	0.171460626321502
Lamc2	0.459	0.127	0.536	1193	0.171316551104527
Lamp1	0.495	0.208	0.578	406	0.157264708076146
Lamp2	0.378	-0.157	0.39	416	0.154177588370522
Rpsa	0.524	0.22	0.586	295	0.171288892815323
Anpep	0.557	0.353	0.655	966	0.163631945500215
Laptm5	0.612	0.53	0.744	261	0.165514377445917
Large1	0.493	0.233	0.587	756	0.161455122660598
Lasp1	0.652	0.505	0.743	263	0.177720891553992
Lat	0.515	0.216	0.587	242	0.163417643297412
Lats1	0.378	-0.181	0.377	1129	0.150441713694301
Arhgef2	0.501	0.286	0.612	985	0.158861464676056
Arhgef1	0.548	0.375	0.661	979	0.15955162488197
Lbp	0.518	0.34	0.645	481	0.160123043994956
Lbx1	0.65	0.615	0.794	282	0.171150066225381
Lbx2	0.507	0.254	0.602	195	0.15400142138796
Lcat	0.539	0.335	0.644	438	0.154809841670706
Lck	0.559	0.398	0.677	520	0.164187647035658
Lcn2	0.554	0.359	0.658	200	0.161412846409912
Lcn3	0.462	0.19	0.562	187	0.162347828095254
Lcn4	0.367	-0.097	0.412	185	0.146059667934035
Lcp2	0.443	0.045	0.49	533	0.151105207576084
Ldb1	0.604	0.469	0.718	411	0.162633439489585
Ldb2	0.463	0.138	0.542	373	0.147830482131931
Ldha	0.496	0.295	0.623	361	0.17102831644231
Ldhb	0.548	0.378	0.667	334	0.176087691698211
Ldhc	0.394	0.038	0.483	332	0.163556010794493
Cog1	0.545	0.414	0.684	980	0.164583771517754
Ldlr	0.57	0.379	0.671	862	0.18034648988463
Cnmd	0.479	0.174	0.562	338	0.163057514674467
Lect2	0.436	0.057	0.497	151	0.167488259812531
Lef1	0.499	0.237	0.599	397	0.154499565175408
Lep	0.509	0.332	0.636	167	0.162040191477801
Lepr	0.359	-0.121	0.404	1162	0.148365641742791
Lfng	0.617	0.525	0.743	378	0.16129576423689
Lgals1	0.618	0.449	0.71	135	0.178679805132787
Lgals3	0.458	0.04	0.5	264	0.156905790540589
Lgals4	0.503	0.265	0.614	326	0.155062765958295
Lgals7	0.559	0.397	0.679	136	0.161728256814059
Lgals9	0.527	0.267	0.614	353	0.158295821452075
Eif2d	0.472	0.206	0.574	570	0.164164689641337
Lhb	0.558	0.405	0.676	141	0.16369415514177
Lhcgr	0.428	0.119	0.523	700	0.151406713558356
Lhx1	0.527	0.296	0.628	406	0.161249372050501
Lhx2	0.589	0.469	0.718	406	0.170608461173663
Lhx3	0.632	0.495	0.731	402	0.171098511625589
Lhx4	0.524	0.329	0.645	390	0.167902079575345
Lhx5	0.606	0.524	0.748	402	0.162623922528074
Lhx6	0.619	0.534	0.753	392	0.175941047948971
Lhx8	0.529	0.358	0.66	367	0.173127509352538
Lhx9	0.523	0.3	0.628	397	0.172058442383323
Lif	0.529	0.373	0.665	203	0.169421780653071
Lifr	0.4	-0.011	0.462	1092	0.153569292048982
Lig3	0.486	0.169	0.558	1012	0.170599103286205
Limk1	0.571	0.395	0.675	647	0.167933114270557
Limk2	0.563	0.399	0.678	638	0.166644751363696
Lipa	0.407	0.024	0.476	397	0.153458693407256
Lipe	0.525	0.32	0.633	802	0.15202462794202
Lipg	0.49	0.221	0.585	500	0.160979183514929
Llgl1	0.548	0.324	0.64	1062	0.162560244597971
Rps2	0.514	0.28	0.614	293	0.174692646347341
Gzmm	0.515	0.313	0.629	264	0.166937207448558
Lmna	0.623	0.527	0.745	665	0.171377186837927
Lmnb1	0.54	0.372	0.661	588	0.170811058692561
Lmnb2	0.618	0.506	0.734	596	0.17463706409518
Lmo2	0.528	0.359	0.653	228	0.169767487744519
Lmo4	0.517	0.341	0.648	165	0.174182855711856
Psmb9	0.512	0.278	0.616	219	0.162238544577996
Psmb8	0.507	0.295	0.624	276	0.167264128031291
Lmx1b	0.642	0.588	0.782	372	0.177838142758674
Mycl	0.557	0.355	0.66	368	0.168024226098414
Phyh	0.421	0.055	0.494	338	0.157903923393005
Sh2b3	0.583	0.452	0.705	548	0.156523099472721
Lnx1	0.477	0.232	0.587	728	0.161541327899877
Lor	0.6	0.364	0.682	486	0.200369966051032
Lox	0.523	0.309	0.632	411	0.152874505662957
Loxl1	0.621	0.513	0.745	607	0.16186645820678
Loxl3	0.508	0.238	0.595	754	0.171456649036727
Anxa1	0.389	-0.071	0.424	346	0.159550455813343
Lpl	0.482	0.198	0.574	474	0.165259909081319
Xcl1	0.398	0.054	0.491	114	0.157990951275221
Zbtb7a	0.666	0.566	0.772	569	0.181362331007963
Irag2	0.472	0.199	0.57	539	0.163849047738772
Lrp1	0.602	0.422	0.694	4545	0.18330113582737
Lrp5	0.595	0.442	0.701	1614	0.170009804814637
Lrp6	0.399	-0.016	0.455	1613	0.157593656616028
Lrp8	0.552	0.349	0.654	870	0.178355327360673
Lrpap1	0.605	0.494	0.725	360	0.175907714386341
Lrrc23	0.514	0.306	0.62	340	0.166082113036152
Lrrfip1	0.47	0.126	0.544	729	0.167789782114349
Lrrn1	0.434	0.122	0.526	716	0.154443591797739
Lrrn2	0.537	0.376	0.66	730	0.1588015116335
Lrrn3	0.364	-0.056	0.428	707	0.151477864616494
Lsp1	0.474	0.133	0.543	330	0.160697791641042
Lss	0.503	0.249	0.597	733	0.163948194198324
Lst1	0.494	0.268	0.6	93	0.154720622212586
Lta	0.518	0.356	0.652	202	0.145112814952322
Lta4h	0.411	0.099	0.519	611	0.153853196899564
Ltb	0.52	0.361	0.657	306	0.157785511327354
Ltb4r1	0.578	0.422	0.685	351	0.160294685849693
Ltbp2	0.538	0.277	0.619	1786	0.178474891480238
Ltbp3	0.592	0.388	0.678	1253	0.185455510370237
Ltbr	0.539	0.282	0.62	415	0.17132925239578
Ltc4s	0.555	0.503	0.727	150	0.147941833684352
Ltf	0.461	0.153	0.552	707	0.172070321540219
Ltk	0.52	0.306	0.628	888	0.16256100003009
Lum	0.424	0.092	0.511	338	0.15877053584226
Alad	0.5	0.229	0.587	330	0.163015771163591
Lxn	0.444	0.13	0.543	222	0.161507951780492
Elovl6	0.522	0.331	0.642	267	0.163911512537041
Slc2a10	0.506	0.349	0.644	536	0.156981269431894
Bbox1	0.391	-0.032	0.448	387	0.158070786413768
Gpha2	0.57	0.383	0.669	128	0.177868828055985
Stard4	0.372	-0.064	0.431	224	0.152522116119956
Stard5	0.51	0.228	0.593	213	0.165777067263257
Stard6	0.361	-0.092	0.419	233	0.146179458579137
Recql5	0.493	0.198	0.574	982	0.167033258954682
Grin3b	0.575	0.452	0.703	1003	0.158537047999579
Nphs2	0.434	0.154	0.542	385	0.158579948836459
Klrb1a	0.335	-0.176	0.367	233	0.153633551977811
Cntnap4	0.412	0.028	0.482	1310	0.153129526471923
Sp7	0.533	0.253	0.609	428	0.162701756362339
Klrb1c	0.345	-0.131	0.392	271	0.155962345746097
Blnk	0.435	0.024	0.491	457	0.153491826027068
Snx18	0.661	0.6	0.789	615	0.171651190004541
Muc13	0.398	-0.125	0.418	573	0.147323571324996
Hpcal4	0.707	0.646	0.811	191	0.184220146317628
Or51e2	0.44	0.134	0.528	320	0.15343231368108
Cd93	0.489	0.136	0.548	644	0.172651489080322
Kirrel	0.533	0.301	0.628	789	0.15938674942752
Ubn1	0.422	-0.009	0.469	1135	0.160759385756295
Or2n1e	0.326	-0.169	0.359	312	0.146847477176794
Krtap19-2	0.48	0.007	0.493	141	0.162492899305282
Krtap19-4	0.521	0.16	0.566	84	0.16060132099558
Krtap21-1	0.462	-0.094	0.449	128	0.199934756671109
Krtap19-1	0.52	0.124	0.547	87	0.1709295159902
Ly6c1	0.417	-0.011	0.458	147	0.184589968067835
Peg10	0.531	0.198	0.574	376	0.171624306080434
Cdhr1	0.49	0.215	0.581	859	0.156185641707227
Ly6d	0.546	0.376	0.669	127	0.182319944738219
Ly6e	0.495	0.321	0.634	136	0.178631255567366
Tmem37	0.568	0.471	0.71	211	0.161987913821081
Usp48	0.42	0.061	0.499	1052	0.16550021004855
Ly6f	0.402	0.029	0.477	134	0.175382519673822
Otud7a	0.586	0.479	0.722	926	0.164847796380891
Cyp4f13	0.533	0.353	0.647	523	0.163956355759016
Idh3b	0.502	0.231	0.591	384	0.171138605855092
Oxr1	0.363	-0.155	0.392	866	0.147950949967623
Card14	0.565	0.402	0.676	999	0.168092062687623
Papln	0.529	0.275	0.616	1302	0.167754718107726
Nxf7	0.428	0.091	0.514	620	0.158374994116934
Capn8	0.505	0.235	0.59	703	0.168955524956532
Rtn4ip1	0.361	-0.122	0.404	396	0.15359158123165
Scrt1	0.615	0.517	0.747	348	0.174884663671791
Mfn2	0.539	0.36	0.656	757	0.166729951850255
Trhr2	0.579	0.488	0.722	382	0.165505614414561
Klra17	0.35	-0.161	0.381	273	0.157884540940366
Zscan5b	0.475	0.197	0.574	468	0.166070841154972
Arr3	0.441	0.103	0.523	381	0.154281205446021
Parvb	0.573	0.455	0.706	365	0.171507417809932
Znrf1	0.585	0.475	0.724	227	0.166744967105837
Kcnh7	0.365	-0.081	0.418	1195	0.146728715178952
Zfp287	0.438	0.062	0.506	759	0.164942591145425
Pilrb1	0.464	0.207	0.572	224	0.149312925960207
Sertad3	0.484	0.21	0.571	197	0.152426734637009
Tlr7	0.335	-0.121	0.391	1050	0.145622329126691
Tlr8	0.345	-0.102	0.401	1032	0.144243294164658
Xpnpep2	0.449	0.145	0.544	741	0.155766752609992
Smco4	0.669	0.637	0.807	59	0.174061355709662
Mtmr4	0.471	0.13	0.538	1190	0.164222429423985
Epcam	0.485	0.254	0.603	315	0.177203663933759
Xpnpep1	0.513	0.29	0.621	666	0.164148963992051
Bco2	0.42	0.011	0.476	532	0.156812166944801
Zfp704	0.565	0.388	0.678	566	0.161731825835768
Sgk3	0.348	-0.181	0.369	496	0.151164367358128
Slc8b1	0.556	0.44	0.694	585	0.160802437104404
Adgrl4	0.392	0.018	0.476	739	0.15795542692056
Rac3	0.589	0.419	0.69	192	0.178510573599732
Atp13a1	0.575	0.442	0.699	1200	0.166421547814761
Ly75	0.41	0.022	0.482	1723	0.160882988228621
Acbd3	0.428	0.102	0.524	525	0.157744431784834
Nherf4	0.452	0.14	0.538	498	0.161193331085936
Nup155	0.361	-0.085	0.416	1391	0.15062287598527
Zfp87	0.401	-0.075	0.434	540	0.169605519515206
Ripply3	0.437	0.112	0.531	152	0.153659333206807
Rfxap	0.572	0.481	0.727	231	0.175133100437348
Pfkfb3	0.49	0.24	0.593	555	0.159955779282652
Bbc3	0.603	0.524	0.745	193	0.150430050497201
Khdrbs2	0.376	-0.152	0.388	349	0.148355265018148
Glcci1	0.458	0.129	0.539	538	0.145539065322995
Cd209c	0.473	0.128	0.543	178	0.173240365647559
Cd209d	0.446	0.107	0.525	237	0.156004333013374
Cd209e	0.453	0.1	0.521	208	0.164181405656587
Cd209a	0.464	0.131	0.543	238	0.166048245023005
Hdac10	0.465	0.14	0.536	666	0.162082642016189
Crb1	0.406	-0.037	0.453	1405	0.169350225673901
Acot8	0.562	0.393	0.675	320	0.167650330651062
Cd180	0.389	0.049	0.481	661	0.150767035889883
Mlc1	0.488	0.284	0.614	382	0.158593300240617
Rbm39	0.29	-0.38	0.255	530	0.14341917192019
Rtkn2	0.431	0.088	0.513	602	0.162096593078284
Ms4a3	0.376	-0.056	0.432	213	0.148566577763731
Il1rl1	0.378	-0.053	0.434	567	0.154352018253297
Usp33	0.38	-0.09	0.421	909	0.158051183182541
Glmn	0.286	-0.295	0.295	596	0.148096993895116
Ppargc1b	0.546	0.339	0.649	1014	0.162469691731143
Vgll1	0.431	0.033	0.49	307	0.152083533718553
Tram2	0.5	0.336	0.639	370	0.154768764357132
Tmed1	0.512	0.297	0.624	227	0.161472875115248
Hook2	0.526	0.344	0.641	716	0.164700740781026
Oosp1	0.369	-0.164	0.383	202	0.149398673797315
Inpp5j	0.488	0.163	0.556	1003	0.14956764777795
Ly86	0.426	0.079	0.506	162	0.164481334590982
Ly9	0.431	0.068	0.506	654	0.151713095506216
Ncr1	0.4	0.007	0.467	325	0.147825580887409
Ly96	0.341	-0.158	0.373	160	0.151125676104846
Lyar	0.48	0.151	0.558	388	0.18463018465607
Sumo2	0.423	-0.042	0.451	95	0.160055374851448
Grid2ip	0.585	0.428	0.692	1203	0.155598152151704
Zfp369	0.389	-0.071	0.432	845	0.156811347523331
Zfp617	0.35	-0.255	0.344	559	0.15956838020051
Krtap19-9b	0.446	0.011	0.491	58	0.151707306614572
Myoz3	0.549	0.412	0.688	245	0.154176903430249
Lyl1	0.567	0.394	0.675	278	0.155786296420618
Prima1	0.54	0.312	0.633	153	0.175783727240338
Lyn	0.446	0.097	0.518	512	0.164303594349498
Lyst	0.353	-0.101	0.407	3787	0.151142752794019
Lyz2	0.425	0.02	0.472	148	0.172374636750731
Il17rc	0.552	0.407	0.681	674	0.166590519930148
Lyz1	0.42	0.028	0.472	148	0.172259238355248
Tm4sf1	0.431	0.057	0.497	202	0.178475923672869
M6pr	0.428	0.094	0.515	278	0.15842592671225
Mab21l1	0.561	0.409	0.681	359	0.17453907950447
Mcoln3	0.464	0.217	0.577	553	0.164329389056872
Fut10	0.454	0.151	0.544	481	0.158711260300707
Acer1	0.526	0.352	0.65	273	0.151804832186948
Amacr	0.482	0.246	0.594	381	0.158065143124651
Mbnl3	0.396	-0.11	0.412	342	0.164384812589088
Ntng2	0.629	0.486	0.727	589	0.182150853677104
Marcks	0.732	0.735	0.867	309	0.193038890903089
Syt12	0.574	0.394	0.676	421	0.160577324993163
Vmn1r37	0.381	0.051	0.479	302	0.144382305450293
Vmn1r36	0.376	0.042	0.473	305	0.145585863165578
Vmn1r35	0.384	0.022	0.464	296	0.145901633657705
Vmn1r38	0.358	-0.058	0.418	302	0.140587300198588
Vmn1r33	0.348	-0.078	0.411	305	0.141247760257153
Vmn1r32	0.392	0.054	0.482	302	0.144577608244434
Vmn1r17	0.371	-0.044	0.432	303	0.141218941788051
Mxd1	0.537	0.385	0.668	227	0.167726317231788
Vmn1r26	0.367	-0.036	0.44	339	0.143536203247604
Vmn1r24	0.389	-0.014	0.448	296	0.14575029588976
Vmn1r5	0.345	-0.087	0.407	315	0.141272491215799
Vmn1r6	0.346	-0.086	0.41	303	0.1400897531659
Vmn1r4	0.366	0.011	0.459	297	0.144184112540518
Vmn1r30	0.349	-0.067	0.419	302	0.137157513639193
Vmn1r22	0.362	-0.028	0.435	302	0.142984415695252
Vmn1r23	0.357	-0.042	0.43	302	0.142528164038985
Vmn1r28	0.355	-0.03	0.439	302	0.137019720968185
Vmn1r18	0.346	-0.05	0.426	299	0.136136847664539
Mad1l1	0.579	0.447	0.7	717	0.172940707265157
Vmn1r19	0.36	-0.049	0.424	308	0.138047477481583
Vmn1r21	0.344	-0.077	0.415	297	0.137186482608582
Vmn1r16	0.358	-0.048	0.427	303	0.138264291231496
Vmn1r9	0.348	-0.043	0.429	299	0.141860748921991
Vmn1r8	0.375	0.004	0.46	303	0.141322419270253
Vmn1r27	0.378	-0.001	0.453	303	0.144429939025466
Arhgap4	0.482	0.219	0.58	955	0.158293453810319
Asic3	0.532	0.282	0.614	530	0.16276429407999
Mxd3	0.581	0.45	0.7	206	0.166660099558062
Acot2	0.587	0.475	0.718	453	0.16361956424263
Edaradd	0.542	0.285	0.621	208	0.167573747578421
Galnt10	0.575	0.428	0.693	603	0.16605661720334
Mxd4	0.56	0.364	0.655	209	0.168599434972446
Vmn1r229	0.304	-0.217	0.338	306	0.136657101008288
Vmn1r226	0.31	-0.212	0.339	298	0.139696783793694
Vmn1r228	0.297	-0.183	0.351	333	0.14178991839313
Vmn1r232	0.301	-0.192	0.348	351	0.140326098507097
Vmn1r225	0.308	-0.185	0.35	298	0.139826587250329
Madcam1	0.544	0.351	0.653	405	0.157646965060751
Vmn1r231	0.319	-0.156	0.369	311	0.14018983267523
Vmn1r230	0.322	-0.143	0.372	316	0.135437832016221
Vmn1r234	0.323	-0.155	0.374	329	0.148064524763257
Vmn1r235	0.348	-0.064	0.419	328	0.147465866112309
Vmn1r237	0.378	-0.003	0.454	289	0.147670136378451
Vmn1r236	0.324	-0.149	0.369	334	0.138069729903604
Vmn1r233	0.331	-0.128	0.382	319	0.142538159678165
Vmn1r73	0.338	-0.15	0.375	303	0.143203632718914
Vmn1r80	0.359	-0.086	0.41	308	0.142988554125342
Vmn1r76	0.326	-0.144	0.375	324	0.139979300208956
Vmn1r74	0.32	-0.157	0.367	304	0.140965804535227
Vmn1r75	0.335	-0.11	0.392	305	0.145987495081353
Vmn1r78	0.329	-0.149	0.378	313	0.140398145882627
Vmn1r83	0.332	-0.079	0.41	306	0.14450311336371
Vmn1r81	0.328	-0.129	0.383	306	0.138616778545335
Vmn1r200	0.344	-0.058	0.416	312	0.142117229000887
Vmn1r199	0.327	-0.104	0.392	367	0.150136423739794
Vmn1r214	0.337	-0.041	0.422	367	0.145632328701634
Vmn1r213	0.342	-0.114	0.386	384	0.145151735853036
Smad1	0.561	0.334	0.65	465	0.167479239860403
Vmn1r206	0.33	-0.091	0.397	312	0.143514002220491
Vmn1r205	0.325	-0.127	0.377	316	0.140458016031591
Vmn1r208	0.336	-0.097	0.397	308	0.143416739835488
Vmn1r215	0.335	-0.119	0.385	300	0.143829736993315
Vmn1r198	0.339	-0.103	0.394	300	0.141466296949003
Vmn1r201	0.355	-0.036	0.43	300	0.144162936687263
Vmn1r218	0.33	-0.108	0.394	298	0.139737232154269
Vmn1r195	0.325	-0.088	0.395	316	0.140769812950915
Vmn1r202	0.334	-0.073	0.408	302	0.143102239824038
Vmn1r193	0.336	-0.048	0.422	319	0.144441920212065
Smad2	0.384	-0.091	0.421	467	0.15051801419221
Vmn1r89	0.356	-0.056	0.43	316	0.137732271692993
Vmn1r87	0.347	-0.047	0.43	295	0.137435933615349
Vmn1r70	0.351	-0.107	0.399	298	0.147186660763738
Vmn1r67	0.34	-0.07	0.412	305	0.143861845323531
Vmn1r66	0.315	-0.136	0.377	310	0.140121046073221
Vmn1r185	0.328	-0.1	0.399	319	0.142722877332288
Vmn1r84	0.344	-0.074	0.409	318	0.143690402039578
Vmn1r82	0.351	-0.035	0.435	304	0.145037714381331
Vmn1r210	0.334	-0.09	0.399	306	0.145283556917491
Smad3	0.58	0.431	0.697	425	0.167647986226651
Vmn1r203	0.35	-0.04	0.427	311	0.145996769246197
Vmn1r220	0.365	-0.002	0.448	298	0.147467039729651
Vmn1r219	0.35	-0.035	0.432	312	0.142514557214487
Vmn1r217	0.357	-0.001	0.448	298	0.146280279311268
Vmn1r222	0.338	-0.099	0.396	308	0.140393363080871
Vmn1r212	0.332	-0.08	0.407	357	0.141913890468129
Vmn1r211	0.338	-0.053	0.424	298	0.140156094407643
Vmn1r197	0.35	-0.024	0.443	298	0.141885479824266
Vmn1r216	0.317	-0.136	0.375	298	0.136078479520938
Smad4	0.396	-0.061	0.438	551	0.15577616408109
Acot3	0.577	0.435	0.696	432	0.16531592575067
Acot4	0.52	0.342	0.644	421	0.159531719413481
Havcr1	0.373	-0.167	0.38	305	0.144529800946243
Timd2	0.382	-0.126	0.403	305	0.145858143666752
Havcr2	0.386	-0.037	0.442	281	0.15860397440281
Slc12a8	0.495	0.284	0.614	705	0.158388943094316
Smad5	0.408	-0.046	0.449	465	0.154840822551555
Smad6	0.634	0.574	0.771	495	0.162234858425544
Smad7	0.578	0.459	0.711	426	0.169371266225511
Maf	0.724	0.729	0.858	370	0.176621149333367
Maff	0.763	0.807	0.895	156	0.181612687921582
Mafg	0.652	0.591	0.78	162	0.176637126270437
Mafk	0.604	0.526	0.745	156	0.16151592146387
Mag	0.571	0.42	0.691	582	0.162594616394125
Magea1	0.437	0.067	0.505	320	0.158125003121011
Magea2	0.438	0.066	0.505	320	0.158633437209139
Trpm8	0.522	0.329	0.639	1104	0.164006839226834
Bnipl	0.449	0.14	0.535	356	0.152474892193084
Magea3	0.437	0.067	0.507	320	0.15819678065213
Magea4	0.394	-0.03	0.451	315	0.153084622208806
Slc22a27	0.34	-0.114	0.388	551	0.140738454229254
Magea5	0.43	0.055	0.498	320	0.156598636776526
Magea6	0.428	0.014	0.479	325	0.15516450621135
Magea8	0.43	0.044	0.493	320	0.156835686523904
Mageb1	0.365	-0.15	0.39	380	0.145684255490232
Mageb2	0.371	-0.115	0.408	330	0.148140788414062
Il17rd	0.509	0.274	0.615	738	0.166553667007491
Gpr37l1	0.573	0.43	0.694	481	0.170268947189231
Mageb3	0.372	-0.119	0.406	330	0.148906950807378
Cd99l2	0.398	-0.096	0.424	237	0.154252504249534
Magoh	0.407	0.007	0.465	146	0.158256744929257
Mfap2	0.57	0.361	0.663	185	0.185465377621171
Apobr	0.436	0.073	0.513	942	0.159830220935673
H1f8	0.459	0.105	0.532	304	0.167854022748198
Creld1	0.571	0.355	0.66	420	0.190960366171577
Ccndbp1	0.415	0.07	0.497	356	0.161320722287044
Mak	0.423	0.041	0.491	646	0.154626387362321
Mal	0.513	0.274	0.614	153	0.1546630770758
Ucn2	0.448	0.15	0.537	113	0.140824978470566
Mlph	0.507	0.216	0.582	590	0.161545331655673
Bmf	0.517	0.304	0.63	271	0.158217104674515
Man1a	0.442	0.147	0.541	655	0.156624355586895
Man1a2	0.37	-0.083	0.417	641	0.150142759782882
Nme7	0.376	-0.103	0.407	395	0.151217986811239
Man2a1	0.403	0.023	0.475	1150	0.148877129189619
Mical1	0.511	0.272	0.61	1048	0.163052914196722
Man2b1	0.502	0.248	0.598	1013	0.154304064458115
Man2b2	0.58	0.443	0.702	1018	0.156127100557713
Maoa	0.369	-0.119	0.401	526	0.15778567589806
Mapkapk2	0.537	0.35	0.651	386	0.164390382803056
Mapkapk5	0.449	0.137	0.537	473	0.162085880553854
Marco	0.409	-0.036	0.458	518	0.162030605742728
Nprl3	0.511	0.267	0.603	569	0.1579652682629
Mark3	0.393	-0.012	0.456	744	0.150811550140523
Mas1	0.497	0.372	0.657	324	0.150357850809932
Ascl1	0.704	0.711	0.849	231	0.168640588680439
Ascl2	0.566	0.461	0.712	263	0.165325079315876
Masp1	0.508	0.226	0.591	704	0.163866585147906
Masp2	0.451	0.113	0.531	685	0.159991283197185
Fxyd3	0.399	0.022	0.471	88	0.164453950291013
Matk	0.554	0.372	0.663	505	0.17177711725642
Matn1	0.611	0.485	0.725	500	0.177740668559154
Matn2	0.469	0.157	0.553	937	0.176239069043332
Matn3	0.497	0.217	0.583	481	0.175777726838983
Matn4	0.584	0.437	0.698	624	0.175641501289833
Matr3	0.314	-0.348	0.283	846	0.151353199047754
Max	0.49	0.223	0.586	160	0.156957660911442
Maz	0.61	0.474	0.727	477	0.177830064184501
Mb	0.57	0.408	0.685	154	0.180861993767167
Mbd1	0.429	0.019	0.481	588	0.163663305046983
Mbd2	0.492	0.279	0.617	414	0.163454964070197
Mbd3	0.59	0.413	0.688	285	0.172411226078912
Mbd4	0.368	-0.111	0.407	554	0.152557800248333
Mbl1	0.429	0.08	0.513	239	0.169617541101554
Mbl2	0.409	-0.024	0.46	244	0.160992514776861
Mbp	0.502	0.226	0.592	250	0.157365429297751
Mc1r	0.604	0.577	0.765	315	0.166397119306992
Mc2r	0.457	0.199	0.558	296	0.152075586204442
Mc3r	0.698	0.674	0.822	323	0.179640563228008
Mc4r	0.496	0.333	0.636	332	0.16157893298108
Mc5r	0.507	0.379	0.661	372	0.162419768783372
Mcf2l	0.583	0.436	0.698	1175	0.173811769147516
Mcl1	0.562	0.5	0.731	331	0.163519579658561
Mcm3	0.517	0.275	0.613	812	0.169709549200545
Mcm2	0.574	0.409	0.682	904	0.16736485060881
Mcm4	0.387	-0.041	0.439	862	0.1514211749948
Mcm5	0.531	0.298	0.62	734	0.169585380008706
Mcm6	0.409	0.044	0.486	821	0.156982889267219
Mcm7	0.462	0.174	0.554	719	0.161560831986973
Cd46	0.31	-0.384	0.268	365	0.149780837427406
Anapc1	0.371	-0.069	0.426	1944	0.152967029881391
Mcpt1	0.371	-0.117	0.404	246	0.158148582310714
Mcpt2	0.36	-0.152	0.389	244	0.154465224969096
Mcpt4	0.395	-0.039	0.443	246	0.156704455706334
Cma1	0.434	0.112	0.52	260	0.160065965690163
Tpsb2	0.532	0.328	0.64	276	0.164215601034158
Mcpt8	0.414	0.041	0.487	247	0.158101115152966
Mcpt9	0.388	-0.073	0.428	246	0.159204390962065
Mgrn1	0.547	0.313	0.634	533	0.165714065267787
Mdfi	0.57	0.41	0.69	246	0.196713823634676
Mdk	0.645	0.567	0.776	140	0.195971201883237
Mdm1	0.408	0.009	0.474	718	0.154952576189302
Mdm2	0.424	0.01	0.478	489	0.163005593275952
Mdm4	0.335	-0.245	0.339	490	0.156740447372742
Abcc1	0.513	0.302	0.623	1528	0.16073435402486
Rdh11	0.45	0.195	0.564	316	0.160496638772455
Slc3a2	0.504	0.328	0.637	565	0.160900054966752
Mea1	0.433	-0.004	0.476	174	0.156202836773402
Mecp2	0.49	0.149	0.555	501	0.165605721045444
Mef2a	0.403	-0.054	0.443	498	0.143949065807895
Mef2b	0.567	0.384	0.669	339	0.154000172503562
Mef2c	0.439	0.044	0.491	474	0.150491100316005
Mef2d	0.543	0.317	0.638	514	0.1541686976601
Meis1	0.401	-0.015	0.466	465	0.145121781807877
Rab8a	0.539	0.366	0.658	207	0.168503184637172
Melk	0.409	0.052	0.492	643	0.159771620147798
Fyco1	0.485	0.238	0.592	1437	0.16904784955842
Men1	0.56	0.377	0.667	617	0.164194720420251
Meox1	0.541	0.295	0.629	253	0.162334249512019
Meox2	0.494	0.243	0.6	303	0.155762901255956
Mep1a	0.467	0.153	0.545	760	0.160906477690228
Mep1b	0.402	0.004	0.469	704	0.153716374920858
Mertk	0.436	0.113	0.525	994	0.154498447507031
Mesp1	0.61	0.534	0.749	243	0.151679337056855
Mesp2	0.549	0.323	0.638	370	0.153640544644704
Mest	0.456	0.219	0.572	342	0.147775706276415
Met	0.392	0.005	0.47	1379	0.151534860286177
Mettl1	0.507	0.269	0.609	268	0.159023667908582
Foxc1	0.709	0.697	0.842	553	0.168135336213752
Foxd2	0.636	0.559	0.769	492	0.16515963661341
Mfge8	0.594	0.423	0.693	463	0.17509947891186
Mfng	0.572	0.455	0.703	321	0.158963712211955
Sypl2	0.61	0.492	0.732	264	0.167717766373389
Mgat1	0.535	0.294	0.62	447	0.16133563649742
Mgat3	0.613	0.487	0.724	538	0.156930379152296
Kitl	0.322	-0.196	0.358	273	0.146594858178179
Clec10a	0.534	0.346	0.649	305	0.171496403170832
Mgp	0.611	0.419	0.687	104	0.175979111538345
Mgmt	0.479	0.211	0.581	211	0.161940333681729
Mid1	0.549	0.391	0.674	680	0.172457561896353
Mif	0.728	0.675	0.827	115	0.176046210667745
Cxcl9	0.431	0.086	0.508	126	0.165911893283167
Minpp1	0.547	0.426	0.691	481	0.162475896422691
Mip	0.492	0.303	0.625	263	0.152125693025606
Bhlha15	0.548	0.4	0.677	197	0.151385420913866
Mitf	0.476	0.212	0.578	526	0.157757322471017
Pias2	0.331	-0.217	0.348	621	0.141600710738631
Mki67	0.346	-0.211	0.359	3177	0.144689922635005
Mknk1	0.49	0.203	0.573	415	0.169868698035218
Mknk2	0.606	0.459	0.71	459	0.176050876028465
Mlf1	0.321	-0.312	0.302	282	0.138658855362466
Mlh1	0.424	0.076	0.505	760	0.156873277163823
Mllt10	0.365	-0.165	0.39	1068	0.147921306290495
Aff1	0.492	0.186	0.574	1226	0.156641109645161
Afdn	0.422	0.015	0.474	1820	0.155906023500805
Marcksl1	0.584	0.322	0.657	200	0.182087236399937
Trpm1	0.497	0.267	0.606	1622	0.162575825313062
Mme	0.347	-0.189	0.365	750	0.15267086993042
Mmp12	0.367	-0.146	0.39	473	0.145940716869292
Mmp10	0.398	-0.064	0.439	476	0.150004836224474
Mmp11	0.507	0.249	0.596	492	0.150873135057683
Mmp13	0.402	-0.068	0.433	472	0.151407500689795
Mmp14	0.532	0.308	0.632	582	0.156720685893023
Mmp15	0.584	0.392	0.675	657	0.156930600457571
Mmp16	0.384	-0.105	0.411	607	0.14766539827
Mmp2	0.561	0.288	0.626	662	0.169150211829487
Mmp24	0.564	0.368	0.663	618	0.161260954769677
Mmp3	0.394	-0.103	0.417	479	0.152971710313042
Mmp7	0.422	-0.001	0.468	267	0.156536979767221
Mmp8	0.375	-0.094	0.417	465	0.143005354892501
Mmp9	0.566	0.339	0.653	730	0.163073637850978
Mnat1	0.393	0.033	0.48	309	0.162938617581635
Ndst2	0.48	0.213	0.573	883	0.150121389895853
Foxk1	0.581	0.429	0.699	719	0.154435327565214
Mns1	0.46	0.204	0.566	491	0.173212183941281
Mnt	0.575	0.36	0.66	591	0.159396130260043
Mobp	0.643	0.449	0.709	170	0.175843728375041
Mocs2	0.374	-0.059	0.44	189	0.154274338032614
Me1	0.408	0.043	0.486	572	0.16046838134018
Mog	0.41	0.124	0.521	247	0.149631076903274
Grap2	0.52	0.302	0.628	322	0.155929263186571
Mdh2	0.53	0.284	0.619	338	0.174348318578876
Mdh1	0.45	0.118	0.53	334	0.165050603828205
Morc1	0.387	-0.028	0.448	950	0.155012744068926
Mos	0.51	0.331	0.638	343	0.159343757158969
Mov10	0.524	0.344	0.644	1077	0.155009606624191
Psmd7	0.511	0.327	0.642	321	0.169646693178934
Cd200	0.412	0.085	0.509	278	0.149284734171797
Gbp4	0.436	0.086	0.511	631	0.160231912142935
Clec4d	0.394	-0.045	0.451	219	0.155353590233761
Mpdz	0.378	-0.076	0.425	2055	0.153389449093171
Mpeg1	0.432	0.064	0.504	720	0.158954599709896
Mpl	0.504	0.273	0.61	633	0.154180340581489
Mpo	0.561	0.397	0.673	718	0.158366115146836
Mpp1	0.434	0.066	0.504	466	0.162126976226974
Mpv17	0.451	0.246	0.594	178	0.158791296397823
Mpz	0.536	0.362	0.657	248	0.16012477084901
Mras	0.491	0.23	0.59	208	0.160420920258033
Mrc1	0.386	-0.125	0.409	1456	0.15771221137885
Mrc2	0.573	0.401	0.68	1479	0.166430694278313
Mre11a	0.411	0.016	0.473	706	0.150861412973366
Meis2	0.434	0.101	0.528	477	0.151462915735043
Meis3	0.533	0.32	0.637	378	0.159902531289741
Irag1	0.488	0.204	0.579	921	0.160820047360393
Msc	0.626	0.53	0.749	201	0.170627580128951
Cited2	0.672	0.614	0.8	269	0.168069050420557
Msh2	0.394	0.029	0.481	935	0.160015914680556
Msh3	0.373	-0.025	0.449	1095	0.155827020569419
Msh5	0.505	0.318	0.629	833	0.160302066193819
Msh6	0.392	-0.033	0.45	1358	0.156256441458331
Msi1	0.565	0.417	0.695	362	0.15608593618174
Sik1	0.55	0.415	0.686	779	0.158217460515338
Msl3	0.382	-0.083	0.42	466	0.14972667837796
Msmb	0.422	-0.031	0.462	113	0.181804852040121
Msn	0.531	0.258	0.602	577	0.179337709166926
Mstn	0.374	-0.085	0.418	376	0.152404393532541
Msx1	0.596	0.445	0.706	303	0.163876529918477
Msx2	0.553	0.417	0.691	267	0.151995920508905
Msx3	0.608	0.52	0.744	204	0.164394662259089
Grpel1	0.51	0.243	0.593	217	0.17670397316428
Grpel2	0.422	0.142	0.537	224	0.162675928911602
Mt1	0.804	0.767	0.883	61	0.321225869766899
Polr2k	0.315	-0.239	0.323	99	0.155540513387642
Mt2	0.68	0.503	0.75	61	0.320123199975296
Mt3	0.677	0.463	0.731	68	0.312936393366914
Mt4	0.557	0.222	0.6	62	0.266141574399161
Map1a	0.477	0.137	0.546	3014	0.160441674114898
Map1b	0.469	0.104	0.533	2464	0.163062109072067
Map2	0.378	-0.15	0.397	1828	0.152935785800582
Map4	0.413	-0.092	0.432	1125	0.15754585581267
Map6	0.503	0.198	0.582	906	0.160617869779923
Map7	0.42	0.039	0.485	738	0.153348781523759
Mapt	0.514	0.213	0.591	430	0.165047333465505
Mtcp1	0.342	-0.087	0.414	107	0.141392981366925
Mtf1	0.446	0.046	0.498	675	0.15641408876059
Mtf2	0.319	-0.274	0.322	593	0.154328307931925
Nudt1	0.551	0.354	0.655	156	0.159889382809715
Mthfd2	0.429	0.082	0.509	350	0.161835406144793
Mthfr	0.592	0.421	0.69	695	0.166095033475494
Tesmin	0.519	0.281	0.618	475	0.177815520437212
Mtm1	0.332	-0.198	0.355	603	0.146077612947801
Mtnr1a	0.476	0.293	0.615	353	0.158440156390912
Laptm4a	0.459	0.169	0.551	308	0.160718858939521
Mast2	0.431	0.07	0.501	1800	0.147006464907733
Mttp	0.435	0.121	0.529	909	0.160402335675412
Fam89b	0.575	0.423	0.689	189	0.165549460175411
Mtx1	0.557	0.39	0.67	461	0.158892150400932
Bloc1s5	0.472	0.236	0.586	185	0.169905239634653
Muc1	0.463	0.065	0.515	631	0.145036846338005
Prol1	0.367	-0.386	0.282	312	0.128614793692112
Muc5ac	0.531	0.247	0.607	2751	0.176492423367151
Mug1	0.413	0.016	0.478	1476	0.153048661040646
Mug2	0.421	0.036	0.489	1451	0.154699130956201
Mup1	0.351	-0.146	0.383	235	0.148831602014769
Mup2	0.337	-0.168	0.368	180	0.152246586695479
Mup3	0.336	-0.158	0.369	184	0.153671379944229
Mup4	0.341	-0.165	0.372	178	0.159860683123264
Mup5	0.332	-0.219	0.343	180	0.153305756744181
Commd1	0.476	0.245	0.594	188	0.161774599951358
Usp34	0.313	-0.273	0.317	3582	0.149246031789822
Mmut	0.354	-0.166	0.375	748	0.155049694987677
Mvk	0.528	0.4	0.677	407	0.165682248933487
Mxi1	0.541	0.399	0.678	295	0.156192698696436
Myb	0.451	0.108	0.527	755	0.156209387051292
Mybl1	0.305	-0.342	0.286	751	0.148427702543284
Mybl2	0.57	0.403	0.682	704	0.167002837662425
Mybpc3	0.539	0.297	0.628	1278	0.167228521693528
Myc	0.59	0.455	0.711	454	0.163233438636271
Mycs	0.563	0.407	0.683	431	0.165026110213782
Ppp1r15a	0.456	0.016	0.484	657	0.15489676762331
Gadd45b	0.587	0.492	0.727	160	0.176151694506634
Myd88	0.519	0.368	0.656	296	0.16210627548243
Myef2	0.351	-0.173	0.379	591	0.151864141504137
Myf5	0.566	0.341	0.652	255	0.171778446453977
Myf6	0.497	0.222	0.583	242	0.165927307694105
Myh1	0.573	0.395	0.676	1942	0.183282533462151
Myh11	0.561	0.377	0.666	1938	0.179539911135523
Myh2	0.598	0.444	0.702	1942	0.184899648568192
Myh3	0.588	0.442	0.701	1940	0.181840816066107
Myh4	0.576	0.392	0.675	1939	0.185153681316011
Myh8	0.581	0.419	0.689	1937	0.183541926380588
Myh9	0.653	0.562	0.765	1960	0.19047606064405
Myh6	0.672	0.582	0.776	1938	0.189408683247582
Myl4	0.584	0.375	0.672	193	0.176332695352461
Myl3	0.583	0.348	0.658	204	0.182899502541131
Myl7	0.585	0.451	0.71	175	0.174748948965276
Myl1	0.511	0.23	0.597	188	0.179310347088153
Myl6	0.566	0.375	0.671	151	0.175577718854472
Myl2	0.525	0.26	0.61	166	0.167880935258051
Mylpf	0.582	0.409	0.689	169	0.182488725251314
Myo10	0.554	0.412	0.684	2062	0.164525126768732
Myo15a	0.538	0.317	0.634	3511	0.157440242324684
Myo1b	0.425	0.096	0.512	1136	0.162915666674592
Myo1c	0.553	0.387	0.668	1044	0.163015264722197
Myo1f	0.527	0.314	0.63	1098	0.161233370651886
Myo5a	0.417	0.056	0.49	1853	0.157936275134657
Myo5b	0.539	0.369	0.66	1818	0.16919181271607
Myo6	0.4	-0.009	0.458	1262	0.160634291601862
Myo7a	0.618	0.495	0.728	2215	0.170105651612851
Myo7b	0.572	0.419	0.687	2113	0.165037873058392
Myo9b	0.566	0.372	0.663	2128	0.166778926385748
Myoc	0.505	0.279	0.614	490	0.160812386418957
Myod1	0.625	0.469	0.718	318	0.165896043718747
Myog	0.598	0.46	0.711	224	0.166020489403495
Myom1	0.442	0.079	0.515	1667	0.158705539491297
Myom2	0.477	0.186	0.57	1463	0.163991828099902
Ppp1r12a	0.374	-0.104	0.416	1004	0.152191794014184
Myt1	0.478	0.132	0.543	1169	0.169209776559875
Myt1l	0.462	0.108	0.53	1187	0.165901565957545
Nab1	0.41	0.039	0.484	486	0.158466746221792
Nab2	0.501	0.239	0.592	525	0.156545336210663
Naca	0.378	-0.214	0.37	2187	0.151782240317157
Naga	0.54	0.378	0.663	415	0.162161551450974
Naip1	0.392	0.007	0.467	1403	0.154256392249316
Naip2	0.391	-0.001	0.462	1447	0.154574204712279
Naip5	0.388	0.001	0.462	1403	0.15250467475329
Naip6	0.386	-0.012	0.457	1403	0.152018673830521
Nap1l2	0.359	-0.167	0.385	460	0.160750453343045
Nap1l4	0.437	0.012	0.483	386	0.162794886990706
Napb	0.465	0.128	0.538	298	0.179437203224827
Nat1	0.358	-0.107	0.41	290	0.146489405752507
Nat2	0.365	-0.086	0.414	290	0.147186753452037
Nat3	0.352	-0.12	0.399	290	0.149502115989888
Nbl1	0.627	0.471	0.725	178	0.187246085254238
Nbr1	0.413	-0.018	0.46	988	0.15839799958798
Ncam1	0.554	0.334	0.649	849	0.169180979843429
Ncam2	0.351	-0.133	0.395	837	0.148679869659292
Ncf1	0.594	0.447	0.704	404	0.162226478425417
Ncf2	0.502	0.251	0.601	525	0.169105511917249
Ncf4	0.576	0.433	0.695	339	0.163172272061532
Nck1	0.333	-0.241	0.346	377	0.149875289604298
Nck2	0.588	0.47	0.719	380	0.170175104477981
Ncl	0.348	-0.304	0.325	707	0.162364895559661
Ncoa1	0.407	-0.03	0.455	1405	0.151204160689719
Ncoa2	0.467	0.136	0.544	1462	0.154100648708593
Ncoa3	0.438	0.047	0.498	1403	0.153229446507866
Ndn	0.6	0.482	0.721	325	0.167014355729006
Ndp	0.478	0.209	0.573	131	0.166422478310989
Ndrg1	0.565	0.391	0.677	394	0.165124579904915
Ndufa2	0.536	0.363	0.656	99	0.175123915045179
Ndufa4	0.464	0.108	0.526	82	0.158049357592615
Ndufs4	0.373	-0.102	0.416	175	0.151518789332643
Ndufv1	0.494	0.18	0.562	464	0.169063603423606
Neb	0.478	0.151	0.551	7152	0.168933437124208
Nedd1	0.369	-0.122	0.405	660	0.147865084311784
Nedd4	0.396	-0.035	0.447	887	0.150601801289269
Septin2	0.395	0.004	0.463	361	0.160860850643264
Nedd8	0.435	0.163	0.544	81	0.166663790458132
Nedd9	0.478	0.179	0.566	833	0.157433171359995
Nek1	0.326	-0.285	0.316	1275	0.153292354760625
Nek2	0.48	0.241	0.585	443	0.167637329954826
Neo1	0.39	-0.078	0.429	1492	0.15005501595666
Nes	0.443	0.099	0.522	1864	0.161278819241323
Neu1	0.594	0.471	0.718	409	0.163503356922257
Neurl1a	0.687	0.685	0.83	574	0.169306218065735
Neurod1	0.559	0.354	0.66	357	0.160756620221463
Neurod2	0.694	0.672	0.826	383	0.176521209408861
Neurog1	0.618	0.528	0.746	244	0.155770987892098
Nf1	0.357	-0.097	0.409	2841	0.150455970925133
Nf2	0.474	0.217	0.578	596	0.169113610163429
Nfatc1	0.55	0.358	0.66	939	0.157394291926028
Nfatc2	0.602	0.457	0.713	927	0.161170648905995
Nfatc2ip	0.459	0.178	0.556	412	0.153712617373845
Nfatc3	0.324	-0.341	0.293	1076	0.143168746073317
Nfe2	0.419	0.043	0.485	373	0.151041481469021
Nfe2l1	0.498	0.259	0.603	741	0.157713125256876
Nfe2l2	0.41	-0.007	0.466	597	0.152937164844024
Nfe2l3	0.385	-0.024	0.453	660	0.150262256659994
Nfia	0.431	0.022	0.486	509	0.143285884184866
Nfib	0.409	-0.068	0.435	570	0.144607435494465
Nfic	0.675	0.612	0.794	439	0.162651138651696
Nfil3	0.489	0.266	0.612	462	0.159679836631964
Nfix	0.583	0.42	0.693	494	0.15801526787049
Nfkb1	0.459	0.142	0.543	971	0.159601587548563
Nfkb2	0.519	0.269	0.61	899	0.163766079464321
Nfkbia	0.578	0.431	0.695	314	0.171195715260415
Nfkbib	0.49	0.228	0.589	359	0.162328474256909
Nfkbie	0.514	0.294	0.619	364	0.167539847532919
Nfkbil1	0.546	0.326	0.637	381	0.166140658280734
Nefl	0.652	0.532	0.751	543	0.178040372339855
Nefm	0.586	0.441	0.707	848	0.176538270047659
Nfs1	0.46	0.181	0.559	459	0.159115248047601
Nfya	0.434	0.068	0.51	347	0.153223779477994
Nfyb	0.381	-0.101	0.42	207	0.154076410099291
Nfyc	0.497	0.186	0.57	335	0.155518390149546
Klk1b4	0.501	0.182	0.566	256	0.167706701392851
Ngf	0.489	0.201	0.577	307	0.155740470160238
Klk1b3	0.487	0.166	0.557	261	0.167794830146674
Ngfr	0.612	0.45	0.71	427	0.186535382660563
Ngp	0.447	0.109	0.521	167	0.158419655930895
Nhlh1	0.644	0.592	0.777	133	0.158285144950307
Nhlh2	0.678	0.681	0.827	135	0.16246279028864
Nid1	0.51	0.221	0.588	1245	0.163091398245764
Nid2	0.506	0.206	0.58	1403	0.161626175057217
Nin	0.446	0.171	0.553	2113	0.166479078411877
Ninj1	0.657	0.672	0.823	152	0.167013410361994
Nipsnap1	0.523	0.34	0.644	284	0.163274024791788
Nktr	0.372	-0.145	0.395	1453	0.145563460823752
Nkx2-2	0.681	0.671	0.826	273	0.163793833064725
Nkx2-3	0.586	0.473	0.725	362	0.169926353829372
Nkx2-5	0.705	0.673	0.827	318	0.172004643106127
Nkx2-6	0.563	0.414	0.688	289	0.154143796732587
Nkx2-9	0.601	0.523	0.742	235	0.159052632326055
Nkx3-1	0.534	0.313	0.634	237	0.15647181160411
Nkx6-1	0.628	0.591	0.785	365	0.15823927098196
Nlk	0.389	-0.041	0.446	527	0.155100629713527
Mrpl40	0.458	0.127	0.525	206	0.158789328804839
Nmbr	0.469	0.246	0.592	390	0.152599872012272
Nme1	0.583	0.419	0.69	152	0.175263864363704
Nme2	0.593	0.43	0.694	152	0.17480977792449
Nqo1	0.474	0.179	0.562	274	0.165507208367279
Nqo2	0.398	-0.03	0.455	231	0.150314979162466
Cd244a	0.422	0.037	0.488	397	0.157190455188063
Nmt1	0.545	0.336	0.647	496	0.167900190151176
Nmt2	0.407	0.006	0.466	529	0.15772166405878
Mycn	0.618	0.501	0.737	462	0.168396523978836
Nnat	0.526	0.307	0.627	129	0.158973576033085
Nnmt	0.474	0.17	0.555	264	0.1668263755903
Rrp1	0.499	0.199	0.574	494	0.166335860492231
Nnt	0.421	0.071	0.504	835	0.166186537543818
Emc8	0.639	0.525	0.747	207	0.182511319994665
Nodal	0.545	0.38	0.666	354	0.160757692463386
Mrpl49	0.471	0.125	0.528	166	0.15317191952603
Nog	0.669	0.615	0.792	232	0.174569173224868
Nr4a3	0.52	0.309	0.633	627	0.161033726626192
Nos1	0.559	0.392	0.676	1429	0.165081007943458
Nos2	0.544	0.349	0.652	1144	0.161280857876502
Nos3	0.547	0.335	0.643	1202	0.16009317696369
Notch1	0.592	0.371	0.671	2531	0.188698028730712
Notch2	0.539	0.243	0.604	2473	0.188244408099238
Ints6	0.323	-0.236	0.337	883	0.141443804934473
Notch3	0.529	0.22	0.589	2318	0.182601224063353
Notch4	0.537	0.276	0.618	1964	0.182905041718116
Ccn3	0.533	0.346	0.653	354	0.182198116803877
Zfp638	0.307	-0.369	0.277	1926	0.145920525378558
Uhrf1	0.556	0.339	0.649	782	0.172010695913966
Nup50	0.447	0.069	0.515	466	0.161081363409156
Npas1	0.538	0.353	0.653	594	0.156325727536173
Npas2	0.484	0.21	0.58	816	0.149883815100989
Npc1	0.491	0.245	0.597	1277	0.160506275515041
Npdc1	0.505	0.216	0.578	332	0.161401474243113
Npm1	0.325	-0.324	0.31	292	0.154440807350762
Npm3	0.496	0.275	0.614	175	0.173687014289397
Pnoc	0.554	0.376	0.667	187	0.171229969762375
Nppb	0.448	0.223	0.573	121	0.152949610051537
Nppc	0.585	0.505	0.732	126	0.173740279687512
Npr1	0.513	0.306	0.624	1057	0.158814916612133
Npr3	0.51	0.343	0.647	536	0.160244268915861
Ctnnd2	0.543	0.342	0.651	1246	0.159020602224713
Nptx1	0.633	0.537	0.753	432	0.17113917179706
Npy1r	0.484	0.268	0.603	382	0.161198594610257
Npy2r	0.509	0.297	0.62	381	0.160332823143885
Npy5r	0.375	0.027	0.474	466	0.151083613774627
Npy6r	0.392	0.042	0.476	371	0.15155230955807
Nr1i2	0.548	0.343	0.645	431	0.170126641383197
Slc11a1	0.553	0.41	0.679	548	0.161200706385255
Slc11a2	0.491	0.263	0.603	568	0.156857756728722
Nrap	0.514	0.256	0.606	1728	0.171385480657774
Nras	0.453	0.093	0.516	189	0.162552825139203
Nrf1	0.406	-0.022	0.466	534	0.155877711931533
Nrg3	0.454	0.15	0.55	713	0.150448891052112
Nrl	0.58	0.429	0.691	237	0.158002826714272
Nrp1	0.453	0.084	0.514	923	0.158442201723695
Nrp2	0.521	0.282	0.618	931	0.160439131053131
Nrtn	0.651	0.653	0.805	195	0.161643799021664
Nrxn1	0.459	0.164	0.554	1507	0.159940371789463
Nrxn2	0.616	0.528	0.748	1703	0.165273928136626
Nrxn3	0.494	0.242	0.596	1571	0.1592913365332
Nsd1	0.369	-0.166	0.384	2691	0.157548714430333
Nsdhl	0.452	0.121	0.531	362	0.159184431994154
Nsf	0.47	0.204	0.571	744	0.166425389797914
Nsg1	0.549	0.358	0.663	185	0.164664167074955
Nsg2	0.576	0.394	0.68	171	0.166727459421297
Musk	0.468	0.193	0.567	893	0.162849520356985
Nsmaf	0.396	-0.001	0.464	920	0.153213509163297
Ntan1	0.36	-0.101	0.406	310	0.152618865211775
Ntf3	0.428	0.111	0.521	271	0.150939627442667
Nthl1	0.502	0.271	0.607	300	0.1616798547555
Ntn1	0.696	0.641	0.81	604	0.189036686854946
Ntn3	0.54	0.306	0.629	580	0.172269766746173
Ntrk1	0.569	0.423	0.69	799	0.164957057877896
Ntrk2	0.515	0.315	0.633	821	0.16750751550287
Ntrk3	0.53	0.344	0.647	825	0.16475554641045
Ddr2	0.479	0.186	0.564	854	0.157994594366103
Ntsr1	0.615	0.522	0.743	424	0.158835368199504
Ntsr2	0.602	0.56	0.76	416	0.153319989437162
Dusp8	0.611	0.438	0.701	663	0.164663452116427
Nucb1	0.587	0.421	0.69	459	0.172194060559503
Nudc	0.616	0.46	0.713	332	0.1798352554064
Numb	0.432	-0.014	0.471	653	0.154791962459735
Numbl	0.566	0.307	0.637	604	0.165757955037869
Nup62	0.533	0.196	0.579	526	0.159596042987769
Nr4a2	0.5	0.283	0.62	598	0.15915831922462
Nxn	0.586	0.493	0.727	435	0.169535138648636
Nxph1	0.432	0.074	0.51	271	0.151575551483534
Nxph2	0.352	-0.185	0.37	261	0.146848123140129
Gpr143	0.438	0.123	0.523	405	0.159390021402182
Oat	0.427	0.048	0.488	439	0.164648910569201
Oaz1	0.548	0.419	0.688	227	0.165506150084267
Oaz2	0.457	0.194	0.568	189	0.161852323621374
Obp1a	0.317	-0.329	0.289	163	0.156156066999966
Oc90	0.44	0.028	0.485	485	0.170906150720412
Ocln	0.416	-0.01	0.464	521	0.155007551450003
Ocm	0.509	0.223	0.59	109	0.170131112760991
Odc1	0.423	-0.007	0.467	461	0.162925552514136
Odf1	0.527	0.332	0.643	248	0.197172459203646
Odf2	0.498	0.274	0.61	826	0.171937635440416
Nobox	0.443	0.022	0.483	527	0.15289543233476
Sebox	0.449	0.066	0.503	190	0.152825947290994
Ogdh	0.487	0.182	0.563	1034	0.163251899274231
Ogg1	0.493	0.222	0.582	345	0.164147917639175
Ogn	0.31	-0.264	0.316	298	0.149232464848432
Fam3d	0.513	0.29	0.621	223	0.160165377376303
Fxyd5	0.471	0.114	0.526	179	0.147574823263219
Oit3	0.565	0.395	0.679	546	0.175730452125013
Or2y1b	0.447	0.148	0.537	311	0.153909751294794
Or2a7	0.43	0.157	0.539	310	0.154490140705886
Or2c1	0.447	0.193	0.564	312	0.15421797809286
Or10j5	0.398	0.063	0.493	309	0.151418562768188
Or10a4	0.438	0.145	0.534	315	0.143816560969006
Or7e178	0.358	-0.036	0.436	331	0.140613396482629
Or7a40	0.337	-0.121	0.388	309	0.140601307540758
Or6a2	0.432	0.087	0.503	327	0.154065882320527
Or1e17	0.398	0.088	0.502	325	0.151944679707381
Or1m1	0.457	0.158	0.544	313	0.155589008723468
Or8c9	0.375	-0.067	0.422	313	0.148111731790148
Or8d1	0.423	0.122	0.524	308	0.151517779141532
Or1j1	0.42	0.12	0.52	313	0.150224330889752
Or2z2	0.532	0.403	0.678	315	0.156143985971886
Or2t1	0.45	0.131	0.53	317	0.150701587369649
Or4b1d	0.434	0.109	0.518	308	0.155823883719839
Or51a39	0.447	0.185	0.553	318	0.147014887316611
Or2w1	0.378	0	0.452	317	0.148249142329616
Or8g20	0.388	0.013	0.462	314	0.148622655427337
Or13a17	0.462	0.197	0.564	311	0.154149287353639
Or13a18	0.471	0.232	0.583	318	0.149182331402801
Or2a57	0.461	0.231	0.578	321	0.155578625776727
Or4c58	0.424	0.141	0.532	301	0.158276382549531
Or6e1	0.478	0.227	0.579	313	0.153570160776053
Or6z7	0.489	0.326	0.63	312	0.156340821677236
Or1j21	0.389	0.03	0.47	312	0.147670369004619
Or1ad8	0.459	0.221	0.576	307	0.149213003414447
Or8u8	0.385	-0.003	0.452	319	0.150578512887469
Or1x2	0.538	0.378	0.662	313	0.157049763215861
Or2v1	0.448	0.205	0.563	283	0.156059007679311
Or7a41	0.397	0.055	0.485	319	0.144912413267736
Or7e165	0.338	-0.14	0.38	309	0.141678955761366
Or1p1	0.467	0.249	0.59	323	0.14925276839251
Or13a27	0.473	0.231	0.581	311	0.150715841805943
Or13a28	0.49	0.27	0.604	311	0.154365640281896
Or13p10	0.463	0.255	0.591	315	0.153105172020521
Or51b6	0.399	0.085	0.498	315	0.145896397981843
Or51b17	0.404	0.084	0.498	307	0.150348654979457
Or51b4	0.423	0.12	0.519	311	0.150182534661716
Or52z1	0.417	0.092	0.502	320	0.147625813335038
Or52a5	0.425	0.158	0.536	315	0.155978809921743
Or52a5b	0.42	0.145	0.528	316	0.155263107123409
Or7a42	0.369	-0.002	0.456	310	0.143843677387876
Or10p22	0.436	0.152	0.54	312	0.153156793356969
Omg	0.36	-0.119	0.398	443	0.147248482918248
Omp	0.691	0.672	0.824	163	0.173011521164916
Omt2a	0.356	-0.062	0.419	100	0.146114145510071
Tnfrsf11b	0.468	0.192	0.567	401	0.169282409934622
Oprd1	0.652	0.647	0.808	372	0.164504218104901
Oprk1	0.478	0.207	0.571	380	0.156976770081881
Oprl1	0.481	0.262	0.599	367	0.160329445153542
Oprm1	0.503	0.279	0.612	438	0.160667817477745
Sigmar1	0.538	0.388	0.668	223	0.158583260345401
Orc1	0.391	-0.031	0.445	840	0.154106223520794
Orc2	0.317	-0.224	0.34	576	0.148060245219942
Slc22a6	0.566	0.419	0.685	545	0.163036089159195
Slc22a18	0.497	0.311	0.623	410	0.150328363626375
Orm1	0.427	0.115	0.525	207	0.154761965965237
Orm2	0.45	0.184	0.561	207	0.158250057154642
Orm3	0.432	0.123	0.525	206	0.156836267391081
Slc25a15	0.45	0.144	0.544	301	0.158403904295789
Sqstm1	0.529	0.243	0.601	442	0.165228600443507
Osm	0.514	0.386	0.66	263	0.140963388530403
Osmr	0.381	-0.043	0.447	971	0.151738365729752
Hspa4l	0.376	-0.1	0.417	838	0.159313248864849
Otc	0.354	-0.133	0.39	354	0.149276247533345
Cldn11	0.558	0.404	0.679	207	0.177112224987294
Otog	0.545	0.285	0.623	2911	0.172608863776518
Otp	0.713	0.716	0.849	325	0.168110024527674
Ott	0.3	-0.288	0.305	449	0.132128843307732
Otx1	0.587	0.43	0.704	355	0.160280417966074
Otx2	0.451	0.029	0.491	297	0.152494265533386
Ovol1	0.621	0.48	0.724	267	0.18049086154035
Oxt	0.745	0.679	0.829	125	0.220595786271726
Oxtr	0.63	0.612	0.789	388	0.16692488736039
Oca2	0.39	0.043	0.479	833	0.15552150067974
Mybbp1a	0.526	0.322	0.635	1344	0.164697720379356
P2rx1	0.529	0.305	0.63	399	0.168113709420691
P2rx4	0.559	0.404	0.682	388	0.173348151588856
P2rx7	0.539	0.342	0.649	595	0.167188116848818
P2rx6	0.518	0.292	0.625	389	0.167827344450406
P2ry1	0.465	0.21	0.573	373	0.158223344901833
P2ry2	0.568	0.463	0.707	373	0.157641660442374
P4ha1	0.391	-0.029	0.45	534	0.155283286755563
P4ha2	0.484	0.246	0.596	537	0.163334796239919
P4hb	0.524	0.241	0.598	509	0.176374227076979
Bloc1s6	0.455	0.188	0.562	172	0.16237855677114
Pabpc1	0.386	-0.101	0.417	636	0.150755735999389
Pabpc2	0.402	-0.048	0.446	628	0.154942356221743
Pafah1b1	0.334	-0.259	0.335	410	0.152933774489776
Pafah1b2	0.395	0.041	0.484	229	0.160380702204599
Pafah1b3	0.488	0.286	0.616	232	0.154565325533154
Prdx1	0.376	-0.157	0.387	199	0.157903952779475
Pah	0.452	0.132	0.533	453	0.160045900124017
Pak1	0.419	-0.058	0.44	544	0.162615227164058
Pak3	0.366	-0.137	0.395	559	0.154331810577319
Palm	0.555	0.353	0.659	383	0.165757694202624
Pam	0.403	-0.023	0.458	978	0.152999399344494
Cntn3	0.358	-0.164	0.384	1028	0.146009185051543
Reg3b	0.416	0.016	0.478	175	0.160028085912043
Pappa	0.482	0.166	0.558	1624	0.163110147827084
Pax1	0.578	0.446	0.705	446	0.158766491834406
Pax2	0.561	0.35	0.658	394	0.157615950669733
Pax3	0.514	0.243	0.598	484	0.153633121991313
Pax4	0.433	0.051	0.493	349	0.154642038276632
Pax5	0.504	0.241	0.598	391	0.150109054707998
Pax6	0.43	0.1	0.522	436	0.143164909955987
Pax7	0.596	0.465	0.716	503	0.162087300326927
Pax8	0.527	0.288	0.624	457	0.151537015811102
Pax9	0.6	0.429	0.698	342	0.162205610553396
Pbx1	0.479	0.213	0.585	430	0.157455847401559
Pbx2	0.552	0.367	0.665	430	0.165582616184827
Pbx3	0.452	0.104	0.526	434	0.157730614309154
Igbp1	0.393	-0.017	0.457	340	0.158071174607974
Kat2b	0.456	0.145	0.543	813	0.159488418562129
Pcbp2	0.431	0.058	0.496	362	0.159384845878379
Pcdh10	0.561	0.396	0.679	1057	0.163628710616153
Pcdh8	0.585	0.449	0.708	1070	0.159961548039025
Pck1	0.578	0.411	0.685	622	0.172142461918138
Pcm1	0.31	-0.352	0.285	2025	0.146976375825453
Pcmt1	0.412	0.064	0.5	286	0.153327569800822
Pcna	0.394	0.012	0.472	261	0.159143795415177
Pcnt	0.492	0.269	0.606	2916	0.169476335957853
Pcolce	0.528	0.277	0.619	468	0.157187022018204
Pcp2	0.546	0.265	0.612	136	0.158092854286941
Pcp4	0.414	-0.07	0.45	62	0.163080872820728
Pcsk1	0.366	-0.183	0.374	753	0.153471183779641
Pcsk2	0.488	0.197	0.574	637	0.1653653162758
Furin	0.592	0.407	0.686	793	0.169626207164067
Pcsk4	0.62	0.489	0.725	655	0.161977885407732
Pcsk5	0.501	0.167	0.565	1877	0.18655144675016
Pcsk6	0.531	0.31	0.634	959	0.17200107221517
Pcsk7	0.484	0.196	0.573	770	0.162856283756929
Cdk16	0.493	0.239	0.586	496	0.15748443968705
Cdk18	0.598	0.482	0.718	451	0.160740359170636
Pctp	0.538	0.38	0.672	214	0.171839689098778
Pcx	0.562	0.386	0.672	1179	0.169420235837489
Pdcd1	0.491	0.21	0.578	288	0.149676999886704
Pdcd2	0.452	0.101	0.521	343	0.167061719466305
Pdcd4	0.339	-0.171	0.374	469	0.154817163701918
Pdcd6	0.463	0.137	0.538	191	0.155003364943415
Pdcd6ip	0.434	0.05	0.497	874	0.163160709838873
Pdcd11	0.506	0.29	0.62	1862	0.167575524296338
Pde1a	0.371	-0.05	0.437	545	0.153561762411855
Pde1b	0.528	0.267	0.607	535	0.162652695016764
Pde1c	0.419	0.016	0.476	706	0.155379234914558
Pde3b	0.393	-0.02	0.452	1099	0.149411778131832
Pde4a	0.57	0.398	0.678	844	0.16051517941196
Pde4b	0.44	0.088	0.512	721	0.155757738896103
Pde6d	0.413	0.071	0.504	150	0.149806742463814
Pde7a	0.339	-0.101	0.402	482	0.142808138129539
Pde8a	0.426	0.092	0.514	823	0.157347442320123
Pde9a	0.54	0.329	0.64	534	0.168814592019635
Pde6b	0.506	0.252	0.6	856	0.166608201817857
Pde6g	0.546	0.309	0.631	87	0.159340439989097
Pdgfa	0.536	0.37	0.658	196	0.17240229900216
Pdgfb	0.569	0.427	0.689	241	0.167638592141535
Pdgfra	0.488	0.237	0.592	1089	0.161168212200156
Pdgfrb	0.548	0.368	0.662	1099	0.160603759765951
Pdha1	0.428	0.041	0.487	390	0.16456970252534
Pdha2	0.461	0.141	0.543	391	0.169349908059247
Padi1	0.591	0.453	0.708	662	0.167515098123644
Padi2	0.631	0.528	0.748	673	0.169078933809614
Padi3	0.6	0.468	0.715	664	0.169623771054682
Padi4	0.606	0.473	0.72	666	0.169894686119201
Pdk2	0.625	0.523	0.745	407	0.159844219027163
Enpp1	0.42	0.051	0.492	906	0.156749317346307
Enpp2	0.387	-0.077	0.426	914	0.15385218117209
Pdpk1	0.393	-0.027	0.451	559	0.151344167686491
Pdx1	0.575	0.385	0.675	284	0.1579873335832
Pdyn	0.52	0.341	0.644	248	0.166121839142475
Pea15a	0.574	0.406	0.677	130	0.173011929680987
Etv4	0.526	0.267	0.614	486	0.156893832383451
Pecam1	0.487	0.26	0.609	727	0.161176034066755
Peg3	0.445	0.034	0.49	1571	0.162544065840909
Rhox5	0.392	-0.128	0.402	210	0.156434467691627
Pemt	0.544	0.372	0.662	236	0.156108284977996
Penk	0.541	0.328	0.641	268	0.173534475706715
Pepd	0.561	0.36	0.659	493	0.170347286151786
Per1	0.518	0.229	0.592	1291	0.157380663383645
Per2	0.555	0.334	0.649	1257	0.16314442618355
Per3	0.463	0.149	0.551	1113	0.158510552967587
Dcaf8l	0.351	-0.216	0.357	747	0.149911410059837
Pex11a	0.468	0.29	0.609	246	0.159866511984621
Pex11b	0.394	0.062	0.48	259	0.148789947936348
Pex16	0.53	0.369	0.65	336	0.150362414684564
Pex7	0.418	0.029	0.485	318	0.154325685014203
Cfp	0.461	0.057	0.506	464	0.173066588685076
Pfdn2	0.515	0.299	0.627	154	0.177934937352021
Pfkfb1	0.437	0.086	0.508	448	0.158721115072759
Pfkfb2	0.456	0.134	0.536	518	0.160635016882059
Pfkl	0.577	0.392	0.674	780	0.17263421092468
Pfkm	0.512	0.259	0.603	780	0.170717920724564
Pfn1	0.5	0.34	0.652	140	0.159531776244486
Pfn2	0.425	0.104	0.53	140	0.168608193643494
Prf1	0.535	0.295	0.625	554	0.164717409738559
Cdk14	0.42	0.042	0.488	469	0.156479405748357
Pgam1	0.577	0.392	0.672	254	0.173225553080248
Pgf	0.48	0.162	0.553	158	0.166855504239788
Pgk1	0.433	0.036	0.491	417	0.175110899152313
Pgk2	0.378	-0.092	0.421	417	0.167927643397959
Pgr	0.493	0.288	0.619	926	0.157634489835832
Abcb1b	0.396	0.023	0.474	1276	0.154182516455314
Abcb4	0.417	0.052	0.489	1276	0.154336778780368
Abcb1a	0.404	0.03	0.478	1276	0.15470206880399
Phb	0.532	0.33	0.637	272	0.166390896983893
Slc25a3	0.449	0.124	0.534	357	0.162841537398841
Phex	0.369	-0.134	0.392	749	0.15163759950768
Phf2	0.569	0.376	0.672	1096	0.170576918977653
Phka1	0.372	-0.092	0.412	1241	0.149518664232733
Phkg1	0.55	0.402	0.678	388	0.163689322866169
Phtf1	0.337	-0.101	0.401	761	0.146063130862297
Pick1	0.557	0.37	0.664	416	0.172460434325688
Piga	0.358	-0.06	0.429	485	0.150237930340027
Pigf	0.335	-0.129	0.385	219	0.144694299048233
Pigr	0.479	0.179	0.567	771	0.163653471012846
Pik3c2a	0.311	-0.283	0.311	1686	0.144530089217464
Pik3c2g	0.407	0.004	0.464	653	0.157888178763154
Pik3ca	0.38	-0.024	0.445	1068	0.155773371207944
Pik3cd	0.637	0.554	0.76	1047	0.173074885181403
Pik3r1	0.393	0.022	0.475	724	0.155332598635851
Pik3r2	0.585	0.426	0.691	722	0.163842115190602
Pik3r3	0.41	-0.006	0.461	461	0.156195678035359
Pikfyve	0.369	-0.127	0.398	2097	0.151451269643711
Pim1	0.589	0.506	0.732	313	0.164505674032757
Pim2	0.516	0.324	0.637	370	0.155099169631547
Pip	0.333	-0.261	0.321	146	0.141078327956872
Pip5k1c	0.636	0.552	0.763	687	0.168183796918255
Pip4k2a	0.459	0.163	0.556	405	0.164113547036665
Pip5k1b	0.44	0.13	0.534	539	0.152784683140457
Pip5k1a	0.432	0.059	0.499	547	0.153214285384058
Pira2	0.471	0.125	0.536	680	0.149210715588937
Lilra6	0.46	0.118	0.533	663	0.149701678062898
Pirb	0.46	0.093	0.52	841	0.151297351327414
Pou1f1	0.443	0.069	0.504	291	0.16135632086238
Pitpna	0.435	0.035	0.49	271	0.167953676814371
Pitpnm1	0.556	0.336	0.648	1243	0.161096351684636
Pitx1	0.689	0.676	0.829	315	0.167754538537571
Pitx2	0.594	0.476	0.725	324	0.159920514422538
Pitx3	0.664	0.612	0.797	302	0.166121746794838
Pja1	0.466	0.077	0.513	578	0.165743780261119
Pkm	0.565	0.33	0.641	531	0.181245212545926
Prkaca	0.597	0.462	0.713	351	0.17388024903812
Prkacb	0.481	0.21	0.577	398	0.164310369676861
Prkca	0.509	0.271	0.614	672	0.167964067541624
Prkcb	0.533	0.298	0.629	673	0.169297293004251
Prkcg	0.534	0.304	0.629	697	0.162364177499396
Prkcd	0.586	0.41	0.686	700	0.177543389784732
Prkce	0.508	0.285	0.619	737	0.169523278137059
Prkch	0.502	0.285	0.617	683	0.163187400735351
Prkci	0.394	-0.047	0.441	595	0.155907514809472
Prkd1	0.429	0.085	0.51	918	0.156465117538169
Prkcq	0.455	0.142	0.542	707	0.163540163939156
Prkcz	0.529	0.331	0.64	592	0.167859337759805
Pkd1	0.493	0.231	0.589	4293	0.157185719526662
Pkd2	0.486	0.272	0.607	966	0.153141598491008
Pkdrej	0.441	0.148	0.542	2126	0.152320613183047
Pkia	0.313	-0.311	0.307	76	0.146526620476437
Pkib	0.42	-0.088	0.434	110	0.153676009768938
Pkig	0.552	0.368	0.671	76	0.162716683038029
Pklr	0.509	0.263	0.603	574	0.166596605677884
Pknox1	0.464	0.162	0.557	436	0.156441943087903
Pkp1	0.616	0.489	0.728	728	0.173986896468735
Prl3d1	0.356	-0.185	0.358	224	0.155966077556782
Prl3b1	0.366	-0.082	0.417	222	0.155780083286543
Lypla1	0.351	-0.17	0.377	230	0.153423865328578
Pla2g1b	0.629	0.479	0.725	146	0.203558643796676
Pla2r1	0.416	0.03	0.484	1487	0.160125651744103
Pla2g2c	0.617	0.499	0.738	150	0.194082815314381
Pla2g2d	0.565	0.342	0.65	144	0.200433644587056
Pla2g4a	0.385	-0.088	0.423	748	0.150442319459779
Pla2g5	0.536	0.319	0.636	137	0.185384754798332
Plaa	0.331	-0.219	0.348	794	0.151723550660904
Serpine1	0.542	0.402	0.681	402	0.154888077328476
Serpinb2	0.402	-0.017	0.46	415	0.154485226748204
Papola	0.333	-0.217	0.348	739	0.143441156676874
Plat	0.489	0.222	0.587	559	0.16954563482888
Plau	0.465	0.108	0.53	433	0.173244607591003
Plaur	0.555	0.363	0.659	327	0.177841813328749
Plcb1	0.446	0.095	0.52	1216	0.163980586955915
Plcb2	0.555	0.35	0.655	1181	0.166581472661472
Plcb3	0.573	0.407	0.682	1234	0.163387736098469
Plcb4	0.404	0.004	0.47	1175	0.159139123591288
Plcd1	0.586	0.45	0.706	756	0.170356074592515
Plcd4	0.455	0.136	0.538	807	0.158775301455599
Plcg1	0.541	0.338	0.646	1302	0.165991609601424
Pld1	0.447	0.164	0.549	1036	0.156422578516623
Pld2	0.491	0.248	0.593	944	0.155575276504672
Pld3	0.557	0.362	0.659	488	0.162460475067252
Plec	0.617	0.504	0.731	4691	0.17294358485336
Prl2c2	0.347	-0.101	0.405	224	0.152734906050886
Prl2c3	0.349	-0.094	0.41	224	0.153354832167986
Pa2g4	0.419	0.03	0.491	394	0.165259038069619
Prl7d1	0.354	-0.101	0.405	244	0.147964438000078
Plg	0.476	0.132	0.544	812	0.168562499349181
Serpinf2	0.54	0.343	0.648	491	0.156874559675478
Plk1	0.568	0.427	0.69	603	0.162930239810282
Pln	0.427	0.183	0.531	52	0.159923058180461
Plod1	0.582	0.441	0.7	728	0.167224851675457
Plp1	0.462	0.136	0.541	277	0.167904512240512
Plp2	0.434	0.242	0.585	152	0.155884835578427
Lcp1	0.467	0.209	0.575	627	0.169899363228827
Plscr2	0.381	-0.123	0.406	307	0.165018038053571
Ccl21a	0.511	0.248	0.598	133	0.174659881951967
Pltp	0.564	0.435	0.693	493	0.161361451190293
Bpifa1	0.387	0.059	0.482	278	0.151106303861269
Plxna1	0.589	0.433	0.696	1894	0.168404432614425
Plxna2	0.514	0.278	0.613	1894	0.16271687375602
Plxna3	0.514	0.269	0.607	1872	0.163368512975384
Pml	0.574	0.398	0.679	885	0.169195391575827
Pmp2	0.455	0.202	0.571	132	0.164140415009863
Pmp22	0.553	0.459	0.704	160	0.151337915388477
Pms2	0.4	0.003	0.469	859	0.155286518885275
Rsph10b	0.4	0.003	0.469	859	0.155286518885275
Prrx1	0.535	0.331	0.643	245	0.16202272417977
Phox2b	0.565	0.406	0.691	314	0.169864338949535
Ppp1r14b	0.546	0.49	0.727	147	0.170659678768172
Pnliprp1	0.479	0.144	0.547	473	0.166322163902928
Pnliprp2	0.463	0.151	0.55	482	0.161578515094574
Pnmt	0.547	0.355	0.654	295	0.167271341829081
Pnn	0.371	-0.112	0.408	726	0.148976094982819
Pnp	0.408	0.005	0.469	289	0.155689396140007
Septin5	0.612	0.516	0.741	369	0.173883703858466
Septin4	0.529	0.284	0.618	478	0.164371385481669
Pola1	0.345	-0.206	0.355	1465	0.158089900518137
Pola2	0.502	0.296	0.625	600	0.158313878463163
Polb	0.413	0.025	0.477	335	0.159228483772672
Pold1	0.602	0.479	0.718	1105	0.167159104253029
Pold2	0.555	0.406	0.683	469	0.160008207947433
Pole	0.475	0.179	0.559	2283	0.161218804055969
Pole2	0.379	-0.079	0.424	527	0.147332982323397
Polg	0.517	0.302	0.626	1217	0.160040739709197
Pomc	0.677	0.65	0.813	235	0.173334803766588
Pon1	0.363	-0.088	0.418	355	0.148523218710169
Cnot7	0.344	-0.167	0.379	285	0.150215806429391
Por	0.609	0.492	0.73	678	0.169431975309656
Pou2af1	0.523	0.272	0.617	256	0.15630590880352
Pou2f1	0.429	0.085	0.516	793	0.147466515127571
Pou2f2	0.55	0.384	0.674	583	0.153337935281921
Pou2f3	0.506	0.276	0.616	431	0.151040246266733
Pou3f1	0.709	0.697	0.841	449	0.180362226999086
Pou3f2	0.619	0.524	0.751	445	0.16923694624331
Pou3f3	0.681	0.664	0.825	497	0.171765332649116
Pou3f4	0.516	0.303	0.632	361	0.157767144348715
Pou4f1	0.744	0.841	0.916	421	0.179641926171952
Pou4f2	0.678	0.618	0.799	411	0.17421396057726
Pou4f3	0.58	0.469	0.718	338	0.163643707833746
Pou5f1	0.521	0.272	0.616	352	0.160692602318534
Pou6f1	0.545	0.307	0.635	576	0.158918466778873
Endou	0.515	0.254	0.608	454	0.165633474032413
Plpp1	0.403	0.061	0.496	284	0.152825353873546
Ppara	0.51	0.313	0.633	468	0.175553061550088
Med1	0.408	-0.055	0.448	1575	0.152205759152164
Ppard	0.687	0.646	0.811	440	0.180063494528774
Pparg	0.469	0.141	0.539	505	0.162970029575566
Ppargc1a	0.42	0.008	0.473	797	0.152799303840844
Scand1	0.731	0.76	0.871	142	0.155621586614842
Ppef2	0.485	0.236	0.589	757	0.160264170990038
Ppfibp2	0.437	0.097	0.515	904	0.15674980601707
Ctsa	0.556	0.378	0.669	492	0.16474987943966
Sypl	0.404	-0.02	0.46	261	0.152562934154633
Ppib	0.503	0.272	0.617	216	0.159065520752033
Ppic	0.471	0.202	0.578	212	0.154557070939053
Lgals3bp	0.558	0.409	0.684	577	0.159432809437139
Ppl	0.547	0.369	0.659	1754	0.172607132197192
Ppm1a	0.382	-0.018	0.46	382	0.159028103376877
Ppm1b	0.386	-0.107	0.416	477	0.16160787620448
Ppox	0.423	0.098	0.511	477	0.149944794233147
Ppp1ca	0.54	0.343	0.645	330	0.173045560174326
Ppp1cb	0.331	-0.255	0.322	327	0.154058073294796
Ppp1cc	0.415	0.08	0.502	323	0.164017445697928
Ppp1r1b	0.546	0.32	0.642	194	0.162374666055343
Ppp1r17	0.399	-0.061	0.431	159	0.160912015474323
Ppp2ca	0.397	-0.026	0.45	309	0.156944453565762
Ppp2cb	0.404	0.022	0.477	309	0.156719827930476
Ppp3ca	0.429	0.086	0.511	521	0.157423548644412
Ppp3cb	0.312	-0.301	0.304	525	0.141883020283488
Ppp3cc	0.394	-0.004	0.462	513	0.153262615605344
Ppp3r1	0.368	-0.108	0.411	170	0.156546773539477
Ppp3r2	0.566	0.424	0.692	179	0.171192389501974
Ppp5c	0.605	0.468	0.717	499	0.174780281821572
Inpp5k	0.503	0.287	0.615	468	0.153631069026716
Ppt1	0.455	0.132	0.537	306	0.16690400030529
Ppy	0.54	0.325	0.638	100	0.161482540661049
Npy4r	0.527	0.358	0.652	375	0.161434425578744
Nup88	0.392	0.005	0.463	753	0.157004407322062
Mob4	0.304	-0.358	0.278	225	0.148436847152281
Prep	0.517	0.311	0.635	710	0.167047801895888
Srgn	0.416	0.015	0.483	152	0.149698868675064
Prg2	0.397	-0.059	0.437	223	0.16369605390358
Prim1	0.407	0.031	0.484	417	0.156763419580845
Prim2	0.455	0.135	0.533	505	0.158511987615757
Prkab1	0.557	0.39	0.677	270	0.162794041504545
Prkag1	0.492	0.262	0.604	330	0.159886147718315
Prkar1a	0.437	0.094	0.512	381	0.160294091342749
Prkar1b	0.532	0.339	0.645	381	0.165152081143458
Prkar2a	0.439	0.159	0.551	402	0.158770549908744
Prkar2b	0.439	0.112	0.526	416	0.165612032463156
Prkcsh	0.55	0.321	0.643	528	0.17244477201366
Prkdc	0.345	-0.133	0.388	4128	0.151035276552969
Prkg1	0.444	0.109	0.522	686	0.160149034474082
Prkg2	0.452	0.157	0.546	762	0.16186047886046
Mapk11	0.575	0.465	0.711	364	0.161774122654149
Mapk8ip1	0.566	0.345	0.655	707	0.164264203967646
Eif2ak2	0.337	-0.184	0.372	515	0.150017476137862
Prkx	0.458	0.155	0.547	355	0.156346395350966
Prl	0.408	0.074	0.498	228	0.156460954303478
Prl4a1	0.406	0.049	0.484	227	0.153018542005798
Prl6a1	0.335	-0.138	0.375	230	0.145659514775962
Prl8a6	0.311	-0.232	0.333	240	0.141361801115494
Prl7a1	0.325	-0.187	0.354	266	0.147330720987243
Prl7a2	0.313	-0.219	0.344	253	0.143813751320663
Prlr	0.403	-0.075	0.435	608	0.154406880412276
Prm1	0.413	0.162	0.5	51	0.155088425761103
Prm2	0.434	0.157	0.524	107	0.150780607704502
Prm3	0.64	0.472	0.727	101	0.186783065255112
Prnp	0.582	0.421	0.698	254	0.163909992173012
Proc	0.578	0.441	0.7	460	0.180077339570376
Procr	0.583	0.418	0.688	242	0.163323873774122
Prodh	0.551	0.338	0.643	599	0.166616322124989
Prom1	0.426	0.118	0.524	867	0.159116688432788
Prop1	0.494	0.207	0.576	223	0.14958445263766
Pros1	0.385	-0.08	0.426	675	0.165858720857972
Prox1	0.482	0.207	0.579	737	0.154376110125346
Prh1	0.429	-0.231	0.365	289	0.139306348285547
Prph	0.607	0.548	0.755	507	0.166519747743833
Prph2	0.642	0.597	0.784	346	0.179050212944414
Prpf4b	0.335	-0.196	0.353	1007	0.149746098485483
Prps1	0.394	-0.011	0.456	318	0.165920318283203
Lgmn	0.539	0.309	0.634	435	0.17166469494307
Prss12	0.422	0.073	0.505	761	0.15911077098687
St14	0.589	0.411	0.69	855	0.172444868886881
Klk6	0.501	0.22	0.585	253	0.174104249820275
Tmprss15	0.322	-0.284	0.319	1069	0.14462166588171
Prtn3	0.629	0.541	0.754	254	0.17044168169604
Prx	0.473	0.195	0.575	1391	0.159051240679819
Npepps	0.376	-0.082	0.42	920	0.153299282119061
Psap	0.567	0.375	0.67	557	0.188231015543592
Cyth1	0.545	0.365	0.658	400	0.171535893346383
Helq	0.413	0.093	0.512	1069	0.158170279221182
Cyth2	0.567	0.419	0.686	399	0.168483090362494
Cyth3	0.539	0.34	0.643	399	0.171186016646079
Psen1	0.436	0.174	0.554	467	0.148562747467362
Psen2	0.612	0.512	0.738	448	0.167352502043266
Psma2	0.372	-0.059	0.436	234	0.152417578665792
Psma3	0.305	-0.299	0.311	255	0.153010606861521
Psmb1	0.441	0.058	0.496	240	0.159991825197143
Psmb10	0.505	0.28	0.614	273	0.163903174332648
Psmb4	0.481	0.203	0.573	264	0.155938875750615
Psmb5	0.499	0.299	0.625	264	0.159758809928575
Psmb6	0.47	0.204	0.577	238	0.157023717610991
Psmb7	0.39	-0.061	0.437	277	0.160094886338547
Psmc1	0.426	0.084	0.508	440	0.158452401505471
Psmc2	0.409	0.007	0.466	475	0.164111345763655
Psmc3	0.537	0.308	0.628	442	0.174284476499718
Psmc3ip	0.534	0.315	0.637	217	0.180243690414897
Psmc5	0.465	0.183	0.557	406	0.166712464386368
Psmd4	0.515	0.229	0.592	379	0.169772243520439
Psme1	0.539	0.336	0.646	249	0.176988801577195
Psme2	0.486	0.23	0.586	239	0.167935407155463
Psme3	0.416	0.079	0.498	254	0.152897932194926
Pipox	0.447	0.16	0.546	390	0.159063341345046
Bpifa2	0.346	-0.021	0.438	235	0.146510343513233
Pspn	0.471	0.201	0.567	156	0.166808375263798
Pstpip1	0.577	0.392	0.675	415	0.175269062035689
Pstpip2	0.466	0.137	0.542	334	0.170625265900348
Rhox6	0.428	-0.003	0.466	227	0.160884470542292
Ptafr	0.529	0.386	0.669	341	0.159766190256953
Ptbp1	0.595	0.447	0.707	555	0.169864989313884
Ptch1	0.477	0.232	0.589	1434	0.157371005319709
Ptch2	0.54	0.36	0.654	1182	0.159788260183624
Ptcra	0.528	0.358	0.648	206	0.150961570046877
Ptdss1	0.464	0.203	0.569	473	0.154919663576475
Pten	0.355	-0.216	0.357	403	0.148912243551116
Atp12a	0.462	0.187	0.562	1035	0.161425070144492
Dicer1	0.401	-0.009	0.461	1906	0.158170447641905
Pter	0.381	-0.037	0.439	349	0.155183786044043
Bspry	0.537	0.376	0.665	486	0.164065057610242
Ptf1a	0.556	0.422	0.691	324	0.159135929714875
Sugct	0.358	-0.166	0.373	436	0.154209612909826
Ptgdr	0.519	0.376	0.662	357	0.156503934001089
Tmc2	0.479	0.201	0.572	888	0.157771907254705
Ptgds	0.593	0.455	0.711	189	0.163590061350313
Mvd	0.578	0.447	0.704	401	0.164675128928162
Socs7	0.523	0.336	0.644	579	0.151280921367874
Prpf8	0.5	0.247	0.593	2335	0.160663103684147
Ptger1	0.526	0.383	0.659	405	0.155694945354765
Casc3	0.453	0.022	0.487	698	0.154176030637006
Pcdha9	0.467	0.171	0.558	979	0.160279536346871
Pcdha3	0.48	0.19	0.569	942	0.160439654752417
Pcdha12	0.487	0.237	0.593	950	0.159651519505519
Sardh	0.535	0.319	0.636	919	0.164154720360701
Nlgn1	0.355	-0.181	0.373	843	0.144556786150008
Ufsp2	0.371	-0.072	0.424	461	0.151828031845368
Ptger2	0.471	0.305	0.616	362	0.150773245880235
Eif4a3	0.537	0.375	0.661	411	0.164533599365866
Mcrip1	0.603	0.465	0.716	97	0.15908575491116
Rwdd4a	0.433	0.087	0.522	188	0.157534907264511
Flna	0.47	0.086	0.523	2639	0.163101961860213
Ptger3	0.613	0.582	0.772	362	0.16579298026131
Nadk	0.529	0.311	0.634	439	0.163332802794664
Stab1	0.513	0.252	0.604	2571	0.177861301194463
Stab2	0.468	0.153	0.551	2559	0.175646713990515
Ptger4	0.57	0.486	0.72	513	0.160700857374374
Pkhd1l1	0.332	-0.232	0.345	4249	0.143798340134038
Med9	0.649	0.605	0.79	142	0.171152014539702
Shkbp1	0.504	0.284	0.616	704	0.153008547189863
Edem1	0.459	0.221	0.581	652	0.152727601302658
Btnl10	0.501	0.244	0.601	275	0.160344630419577
Ash1l	0.362	-0.146	0.389	2958	0.153024231208409
Luc7l2	0.339	-0.127	0.384	392	0.149342785233313
Bcas3	0.427	0.05	0.496	928	0.149981062017219
Lrrc4	0.516	0.307	0.628	652	0.157167386027893
Rspo1	0.602	0.457	0.712	265	0.186561470788831
Ptgfr	0.42	0.119	0.522	366	0.155617234526717
Wfdc12	0.465	0.183	0.568	85	0.177258773937176
Wfdc15b	0.466	0.143	0.539	80	0.198567601758587
Ptgfrn	0.537	0.348	0.652	879	0.160416428217741
Prom2	0.551	0.406	0.678	835	0.164866943357952
Tmem47	0.47	0.222	0.576	181	0.170573365473928
Ptgir	0.566	0.423	0.69	415	0.165874269470384
Ptgis	0.515	0.33	0.634	501	0.155185920488955
Hexim1	0.586	0.449	0.708	356	0.172884276659846
Hps4	0.549	0.327	0.64	671	0.16101605554914
Hps1	0.62	0.535	0.749	712	0.165765105360513
Ptgs1	0.518	0.328	0.638	602	0.15425831836335
Ptgs2	0.455	0.109	0.524	604	0.155013279415312
Pth	0.366	-0.054	0.438	115	0.162958068955828
Pthlh	0.54	0.399	0.674	175	0.152829382678766
Pth1r	0.557	0.405	0.681	591	0.164488483193789
Phf21a	0.442	0.08	0.514	688	0.157005316138371
Slc25a36	0.344	-0.221	0.346	311	0.149754856021676
Ptk2b	0.549	0.362	0.657	1009	0.16746837103315
Nrbp1	0.468	0.11	0.527	543	0.162248878513469
Twf1	0.398	0.007	0.468	350	0.154812690816685
Ptma	0.506	0.12	0.555	111	0.193173452346544
Tmsb10	0.64	0.5	0.738	44	0.185754616835577
Tmsb4x	0.4	-0.154	0.405	44	0.164497880842474
Ptn	0.537	0.226	0.596	168	0.199404182211998
Ptp4a1	0.322	-0.22	0.343	173	0.157055957506772
Ptp4a2	0.328	-0.242	0.335	167	0.157542825442517
Ptp4a3	0.685	0.605	0.789	173	0.178150275219668
Ptpn1	0.529	0.324	0.64	432	0.165399337020978
Ptpn11	0.484	0.221	0.586	597	0.164628972195149
Ptpn12	0.354	-0.221	0.356	775	0.148469137457634
Ptpn13	0.425	0.067	0.502	2451	0.153189090594127
Ptpn14	0.555	0.382	0.67	1189	0.161208644850379
Dusp1	0.625	0.506	0.735	367	0.17154042365896
Ptpn18	0.527	0.318	0.635	453	0.15676379617899
Ptpn2	0.321	-0.187	0.363	406	0.145778539440343
Ptpn20	0.351	-0.165	0.378	426	0.149127259146663
Ptpn4	0.302	-0.334	0.289	926	0.140541344227875
Ptpn5	0.566	0.387	0.671	541	0.162306291096144
Ptpn22	0.38	-0.14	0.396	802	0.151383973214368
Sirpa	0.494	0.231	0.592	513	0.155932692038168
Ptpra	0.466	0.159	0.553	829	0.160208013513211
Ptprb	0.458	0.178	0.563	1998	0.153338982180152
Ptprc	0.379	-0.134	0.402	1293	0.152883882891637
Ptprcap	0.511	0.257	0.6	197	0.162469275530427
Cabp7	0.695	0.653	0.814	215	0.175004091298634
Zfp286	0.418	0.026	0.485	519	0.164367693780952
Wdr81	0.535	0.347	0.65	1934	0.159396787475671
Ttc36	0.547	0.38	0.665	186	0.161961867651701
Pla2g15	0.516	0.321	0.635	412	0.155152369021412
Ripk2	0.356	-0.105	0.404	539	0.146328433196934
Ell2	0.39	-0.058	0.436	639	0.152745116149733
Rfpl4	0.411	-0.01	0.46	287	0.159867360776639
Ptprd	0.365	-0.124	0.401	1508	0.14664750111008
Arhgdia	0.56	0.357	0.658	204	0.173999686487513
Abcg4	0.577	0.452	0.703	646	0.166178607508413
Ptpre	0.529	0.333	0.643	719	0.162395771921714
Rassf3	0.554	0.395	0.677	232	0.165013914471067
Ptprf	0.572	0.401	0.681	1898	0.160563442675017
PTPRG	0.466	0.139	0.544	1442	0.157218067209908
Ptprj	0.461	0.161	0.554	1350	0.152389701848802
Ptprk	0.402	-0.033	0.45	1457	0.154838981187316
Ptpru	0.606	0.461	0.712	1446	0.16680222062897
Lrrc75b	0.592	0.534	0.742	306	0.161236142041644
Ptprm	0.476	0.187	0.568	1452	0.157603274061304
Ptprn	0.507	0.272	0.609	981	0.15831872101519
Ptprn2	0.491	0.22	0.582	1001	0.160625710419751
Ptpro	0.47	0.18	0.565	1226	0.150727291586195
Kcnh6	0.581	0.445	0.701	950	0.16031611933584
Rapgef6	0.342	-0.191	0.364	1606	0.149328874936564
Ptprr	0.399	0.045	0.487	656	0.154850575781117
Ptprs	0.623	0.51	0.739	1907	0.162403362740156
Ptprt	0.526	0.291	0.622	1455	0.161298257685472
Ptprz1	0.359	-0.16	0.388	2312	0.146701709654589
Cavin1	0.765	0.787	0.886	392	0.182759921568942
Lrrc3c	0.528	0.324	0.632	255	0.158752593073078
Pts	0.443	0.155	0.551	144	0.155438018375549
Ptx3	0.509	0.319	0.633	381	0.164447044835868
Igdcc3	0.523	0.306	0.629	793	0.157024464828704
Itgb4	0.592	0.441	0.702	1802	0.168544189285357
Pura	0.728	0.7	0.841	321	0.181860644646432
Purb	0.808	0.853	0.922	324	0.183207470129235
Pvalb	0.541	0.306	0.636	110	0.190559108884324
Nectin2	0.518	0.287	0.619	530	0.15499280370864
Nacad	0.493	0.171	0.565	1504	0.157107275373599
Dhrs11	0.539	0.357	0.656	260	0.170299594330556
Lrrc75a	0.584	0.448	0.698	339	0.157921675289668
Pex19	0.517	0.232	0.596	299	0.174784813798049
Cyb5d2	0.456	0.148	0.546	263	0.159608943322731
Abcd3	0.362	-0.029	0.441	659	0.148415799710603
Abcd4	0.523	0.348	0.645	606	0.157040670158855
Pirt	0.598	0.507	0.732	135	0.165799718966358
Pxmp2	0.466	0.314	0.624	193	0.146969691118708
Pex2	0.349	-0.14	0.386	305	0.154344409792269
Pxn	0.628	0.512	0.744	591	0.17120529131407
Trpv1	0.579	0.417	0.687	839	0.16892607522103
Zfp3	0.449	0.109	0.529	497	0.172123999115322
Pex5	0.5	0.209	0.578	639	0.166866606627635
Or1e25	0.435	0.201	0.562	312	0.151241868634568
Pygm	0.58	0.414	0.684	842	0.168278955006614
Slu7	0.451	0.068	0.51	585	0.170299826714567
Qki	0.379	-0.054	0.434	341	0.156128068087633
Rab1a	0.371	-0.086	0.424	205	0.1549723736292
Rab10	0.432	0.146	0.542	200	0.159477499224125
Rab11b	0.569	0.365	0.659	218	0.169155360484903
Rab12	0.509	0.331	0.638	243	0.16574925283336
BC049762	0.461	0.082	0.51	163	0.159160415543431
Rab17	0.591	0.41	0.688	214	0.179195473061077
Rab18	0.356	-0.109	0.405	206	0.154417210081193
Rab19	0.524	0.348	0.652	217	0.163076145104048
Rab20	0.605	0.461	0.713	233	0.176298661921349
Oog1	0.348	-0.091	0.402	496	0.154827074912608
Rab22a	0.402	0.025	0.476	194	0.154055127774482
Rab23	0.393	-0.004	0.465	237	0.153798346161535
Rab24	0.523	0.266	0.612	203	0.172966243249676
Rab33a	0.549	0.363	0.662	237	0.176266009344422
Rab33b	0.544	0.356	0.656	229	0.168380598336332
Ripor2	0.487	0.234	0.591	1078	0.158271671505154
Rab3a	0.618	0.452	0.711	220	0.171712749769278
Rab3d	0.616	0.435	0.701	219	0.169393068474656
Rab4a	0.425	0.114	0.524	218	0.160847382970683
Rab4b	0.548	0.355	0.654	213	0.166738027546825
Rab5b	0.436	0.1	0.524	215	0.165219426776231
Rab5c	0.517	0.275	0.617	234	0.172210921455427
Zfp184	0.403	-0.081	0.434	737	0.165832212064558
Rab6a	0.384	-0.048	0.437	208	0.151548595774724
Dennd5a	0.46	0.164	0.55	1287	0.158524843656093
Kif20a	0.439	0.137	0.536	887	0.160091320134581
Rab7	0.525	0.263	0.61	207	0.173597536402097
Rabggtb	0.388	-0.012	0.457	339	0.161124685265087
Rac1	0.451	0.11	0.524	211	0.166096959783329
Rac2	0.611	0.474	0.718	192	0.168505399484437
Rad1	0.384	-0.048	0.442	280	0.158298294398364
Rad17	0.332	-0.164	0.375	688	0.147574472165839
Rad21	0.406	0.016	0.474	635	0.156112623026665
Rad23a	0.523	0.254	0.606	363	0.164689908671409
Rad23b	0.383	-0.199	0.373	416	0.154041088357584
Rad50	0.367	-0.065	0.423	1312	0.157960252378591
Rad51	0.369	-0.095	0.413	339	0.153877712564693
Rad51ap1	0.364	-0.193	0.377	337	0.152243179341661
Rad51b	0.346	-0.072	0.419	258	0.156450106966045
Rad51d	0.468	0.237	0.586	329	0.159941836251901
Rad52	0.431	0.056	0.499	420	0.163019909157334
Rad54l	0.43	0.051	0.486	747	0.160455476338239
Rad9a	0.536	0.34	0.648	389	0.164953775689244
Rnf185	0.433	0.036	0.488	228	0.158726317427497
Rag1	0.435	0.099	0.517	1040	0.162061377330198
Zbtb12	0.559	0.402	0.681	459	0.168223838167904
Rag2	0.352	-0.183	0.375	527	0.149168480775111
Hspa1a	0.84	0.89	0.941	641	0.188971849065703
Abhd16a	0.579	0.447	0.702	558	0.16204791407207
Rab34	0.535	0.349	0.652	259	0.174485994484604
Rai1	0.558	0.328	0.647	1889	0.166734174592658
Aldh1a2	0.451	0.117	0.53	518	0.16334480460454
Kdm4b	0.58	0.392	0.676	1086	0.164435011204771
Mcfd2	0.524	0.326	0.64	145	0.172939694742711
Raly	0.485	0.157	0.555	312	0.160666140137558
Eme2	0.517	0.323	0.633	373	0.161735665530586
Ran	0.49	0.232	0.593	216	0.169691077457394
Ranbp1	0.464	0.11	0.528	203	0.177566170830518
Ranbp2	0.31	-0.37	0.279	3053	0.14831959006463
Rangap1	0.532	0.294	0.623	589	0.174709153796058
Rasgrp2	0.595	0.458	0.707	608	0.16305425447589
Rapsn	0.636	0.534	0.749	412	0.186747766877218
Rara	0.608	0.48	0.723	462	0.166753170020094
Rarg	0.557	0.357	0.656	458	0.166953214770707
Mtmr11	0.404	0.062	0.493	700	0.149683954322739
Rasa3	0.582	0.436	0.698	834	0.171462092901007
Rasal1	0.603	0.476	0.716	799	0.165772477791007
Rasd1	0.589	0.479	0.72	280	0.171014683757966
Rasgrf1	0.551	0.37	0.659	1262	0.164646812863731
Rasgrp1	0.483	0.218	0.58	795	0.163316956382729
Slfnl1	0.56	0.411	0.682	410	0.16150536295559
Pramel27	0.34	-0.115	0.391	491	0.152126846901977
Pramel25	0.35	-0.072	0.413	498	0.154020678241982
Cnksr1	0.526	0.301	0.625	700	0.16158492917807
Rimkla	0.57	0.439	0.7	380	0.169559746238436
Rasl2-9	0.466	0.157	0.556	216	0.166895198216176
Vps37d	0.614	0.463	0.709	261	0.166472571928214
Rax	0.621	0.545	0.758	342	0.158598263292927
Trpv5	0.441	0.125	0.526	723	0.153930198237279
Moxd2	0.415	0.037	0.482	619	0.149411352932884
Tet3	0.545	0.314	0.639	1803	0.163552257350425
Mical3	0.541	0.337	0.647	1993	0.16321911690411
Or2d3	0.467	0.24	0.587	307	0.151757962246837
Obox7	0.357	-0.18	0.374	218	0.149015336829628
Reps2	0.427	-0.031	0.457	648	0.156825348680726
Tmprss11a	0.351	-0.116	0.401	389	0.148287424993505
Serpina16	0.455	0.196	0.565	418	0.149012248637013
Klf11	0.482	0.15	0.55	502	0.159977966481087
Btg1c	0.473	0.157	0.545	161	0.166271300149978
Rhox11	0.472	0.166	0.558	206	0.16154976614138
Slc25a43	0.445	0.203	0.571	341	0.150956913413495
Gm9	0.429	-0.006	0.474	162	0.155160469565172
Rhox4e	0.402	0.032	0.485	205	0.157975591943157
Pld6	0.628	0.611	0.787	221	0.159805572042091
Jmjd4	0.568	0.397	0.681	427	0.164372966176686
Sun3	0.347	-0.112	0.402	320	0.148657399562283
Zzef1	0.435	0.092	0.512	2891	0.159955556665011
Tmem199	0.438	0.159	0.539	208	0.153701477077301
Nlrp1a	0.416	0.067	0.497	1182	0.156578429448067
Dcdc2a	0.429	0.078	0.515	475	0.158099089620412
Pom121l2	0.416	0.012	0.476	972	0.143946200866233
Gsc2	0.6	0.542	0.751	214	0.152138802044745
Trim40	0.486	0.242	0.59	246	0.18358421963461
Utp14b	0.37	-0.088	0.418	780	0.157591700453079
Zfp691	0.568	0.372	0.668	283	0.16930120789628
Zfp982	0.339	-0.312	0.307	368	0.167073075904631
Pramel21	0.412	0.062	0.49	469	0.152519835055969
Skint3	0.288	-0.264	0.313	458	0.140719141518464
Hs3st2	0.572	0.418	0.684	367	0.15846295086496
Nhs	0.399	-0.074	0.432	1647	0.148088634015852
Grhl1	0.511	0.281	0.619	618	0.161610623206526
Rb1	0.332	-0.192	0.357	921	0.144169843346452
Rbbp4	0.391	-0.097	0.421	425	0.156775460276663
Rbbp6	0.386	-0.144	0.399	1790	0.154197605403577
Robo3	0.467	0.147	0.547	1402	0.15335551198476
Rbl1	0.352	-0.125	0.396	1063	0.149845529413503
Rbl2	0.387	-0.022	0.453	1135	0.152490090390819
Rbm3	0.39	-0.029	0.457	154	0.142068396335034
Rbm4	0.502	0.219	0.586	361	0.165337248496671
Rbm6	0.348	-0.261	0.333	1118	0.145868723826113
Rbmx	0.327	-0.331	0.292	391	0.129996700313107
Rbmxl1	0.326	-0.356	0.279	388	0.13026446422059
Rbmy	0.285	-0.425	0.233	380	0.136584238670387
Rbp1	0.575	0.416	0.688	135	0.180098527751486
Rbp2	0.62	0.475	0.724	134	0.182498029609268
Rbp3	0.519	0.326	0.637	1234	0.157297668950465
Rbp4	0.545	0.343	0.645	245	0.16646246893819
Rbpms	0.47	0.138	0.544	220	0.154022220250399
Rbpj	0.39	-0.021	0.459	526	0.1509439132842
Rbpjl	0.601	0.47	0.717	515	0.163249238361525
Rce1	0.53	0.374	0.658	329	0.1627953999248
Rcn1	0.565	0.353	0.655	325	0.173937513351158
Rcvrn	0.611	0.459	0.713	202	0.1741180761209
Pitpnm2	0.615	0.496	0.73	1335	0.161861357348211
Rdh5	0.52	0.315	0.626	318	0.155940413747556
Rdh16	0.524	0.32	0.631	317	0.16727472411987
Rdx	0.371	-0.086	0.42	583	0.160214758886525
Rfc1	0.402	-0.048	0.447	1132	0.161059548835523
Recql	0.417	0.035	0.486	648	0.164816593202335
Reg1	0.458	0.056	0.503	165	0.166472077945658
Reg2	0.436	0.05	0.5	173	0.164401011955972
Reg3a	0.422	0.058	0.503	175	0.155952571285836
Reg3g	0.425	0.069	0.506	174	0.156934659518299
Rel	0.339	-0.256	0.333	588	0.142880844175805
Rela	0.523	0.262	0.606	549	0.15428397366742
Relb	0.566	0.395	0.676	558	0.163633179716165
Reln	0.459	0.144	0.546	3461	0.158687447297128
Rem1	0.576	0.408	0.68	297	0.161014380655132
Ren1	0.527	0.341	0.648	402	0.15324157087339
Renbp	0.453	0.17	0.553	430	0.156875558215834
Upf1	0.59	0.433	0.698	1124	0.17240896754828
Reps1	0.379	-0.148	0.397	795	0.144472147192074
Dpf2	0.508	0.215	0.584	405	0.174447154381513
Resp18	0.427	0.186	0.568	175	0.157984782702857
Rest	0.485	0.128	0.548	1082	0.169199072341201
Ret	0.53	0.328	0.64	1115	0.162863421776349
Rev3l	0.323	-0.261	0.328	3122	0.146173720140896
Bex1	0.485	0.2	0.57	128	0.165217054189717
Rfc2	0.556	0.368	0.661	349	0.172402589005409
Rfng	0.554	0.384	0.666	332	0.160966330509553
Trim27	0.523	0.332	0.641	513	0.16618077597777
Rfx1	0.616	0.465	0.719	963	0.164100610894028
Rfx2	0.615	0.49	0.728	717	0.16473471068199
Rfx3	0.429	0.048	0.495	749	0.152246340653557
Rfxank	0.526	0.295	0.622	269	0.164563521383949
Slc50a1	0.534	0.43	0.687	221	0.155858475579516
Ralgds	0.598	0.452	0.707	907	0.167761430279469
Rgl1	0.514	0.292	0.622	768	0.163302786376814
Rgl2	0.491	0.248	0.595	778	0.153780158431821
Rgn	0.371	-0.125	0.403	299	0.156432322875849
Rgs16	0.539	0.288	0.622	201	0.162196708780946
Rgs2	0.453	0.092	0.522	211	0.16616235512228
Rgs4	0.506	0.22	0.588	205	0.178706310610622
Rgs5	0.554	0.306	0.629	181	0.179277369102185
Rgs9	0.522	0.297	0.625	675	0.1612312809288
Rhag	0.354	-0.147	0.387	438	0.149762378739272
Rheb	0.335	-0.223	0.348	184	0.150643184050435
Rhd	0.523	0.359	0.654	418	0.158455340388283
Rnase1	0.575	0.36	0.664	149	0.179672382283398
Rit2	0.461	0.154	0.548	217	0.1669322063526
Ring1	0.539	0.341	0.651	406	0.16329813913465
Ralbp1	0.483	0.234	0.59	648	0.165961260612182
Ripk1	0.421	0.02	0.479	656	0.157179202878836
Rit1	0.485	0.199	0.569	219	0.155909367594956
Rlbp1	0.525	0.296	0.623	317	0.165930547445504
Rln1	0.39	-0.002	0.458	185	0.16059322372396
Xpr1	0.415	0.026	0.473	695	0.152436961136476
Uri1	0.38	-0.143	0.399	531	0.153813179475464
Rnaseh1	0.493	0.231	0.591	285	0.160976507794362
Rlim	0.323	-0.252	0.329	600	0.135195394911928
Rnf2	0.368	-0.067	0.431	336	0.156802228930188
Rnf4	0.377	-0.128	0.396	194	0.158364837353341
Rnf7	0.559	0.413	0.696	113	0.205561778372969
Trim10	0.48	0.234	0.587	489	0.162299075142911
Rnps1	0.435	0.007	0.466	305	0.141157705451067
Robo1	0.419	0.036	0.491	1612	0.150209517537824
Rock1	0.297	-0.314	0.296	1354	0.147436809575968
Rock2	0.337	-0.18	0.368	1388	0.155766374111432
Slc22a8	0.501	0.287	0.613	537	0.152439653438941
Rom1	0.44	0.177	0.553	351	0.156024346191192
Mst1r	0.493	0.234	0.59	1378	0.156776332386011
Rora	0.496	0.263	0.607	523	0.1633447537631
Rorc	0.49	0.242	0.593	516	0.165612331124281
Ros1	0.366	-0.115	0.407	2340	0.148672525148686
Rp1	0.322	-0.292	0.318	2095	0.146820901068152
Rp2	0.357	-0.185	0.374	347	0.159855796566746
Rpa2	0.491	0.21	0.585	270	0.162076693788035
Rpe65	0.364	-0.164	0.383	533	0.152192994216713
Rpgr	0.336	-0.265	0.333	1039	0.147828101929421
Rph3a	0.549	0.282	0.619	681	0.173535211087452
Rpia	0.537	0.369	0.664	303	0.168573435269032
Rpl10a	0.622	0.512	0.738	217	0.182032564451396
Rpl18	0.576	0.456	0.701	188	0.162538157369762
Rpl19	0.57	0.439	0.688	196	0.176107081440529
Rpl21	0.511	0.239	0.595	160	0.172631597186943
Rpl22	0.509	0.259	0.608	128	0.175967943630988
Mrpl23	0.516	0.23	0.585	146	0.155242114529636
Rpl26	0.537	0.366	0.66	145	0.172426232906698
Rpl27	0.589	0.413	0.687	136	0.172177273143452
Rpl28	0.557	0.41	0.679	137	0.157172508591585
Rpl29	0.586	0.37	0.669	160	0.189029361719001
Rpl30	0.415	0.02	0.473	115	0.179344736844549
Rpl32	0.559	0.38	0.662	135	0.173177027188267
Rpl37a	0.591	0.451	0.709	92	0.186322863592869
Rpl36a	0.524	0.241	0.596	106	0.193160739079994
Rpl6	0.508	0.244	0.596	296	0.173195193556437
Rpl7	0.445	0.125	0.523	270	0.169811599530862
Rpl9	0.459	0.188	0.559	192	0.167102148254081
Rpn2	0.495	0.249	0.6	631	0.159474965088946
Polr1c	0.5	0.265	0.605	346	0.163395975527683
Polr1b	0.477	0.228	0.586	1135	0.164015787188732
Polr1d	0.432	0.051	0.496	133	0.164108809354622
Polr1a	0.483	0.21	0.577	1717	0.163687605512933
Polr2a	0.481	0.129	0.539	1970	0.152765328289707
Polr2c	0.515	0.326	0.638	275	0.165480946786538
Polr2j	0.619	0.504	0.733	117	0.175965364852925
Sub1	0.35	-0.14	0.395	127	0.158425604826711
Pdc	0.364	-0.081	0.426	244	0.15108417659853
Rps12	0.449	0.162	0.555	132	0.187752584090393
Rps14	0.478	0.163	0.551	151	0.169166116852331
Rps15	0.693	0.651	0.81	145	0.169702097302032
Rps16	0.49	0.256	0.597	146	0.162857059447287
Rps17	0.529	0.368	0.656	135	0.169721044702603
Rps18	0.526	0.35	0.642	152	0.167636907922649
Rps19	0.485	0.248	0.6	145	0.165048395091644
Rps24	0.429	0.054	0.496	133	0.160908428490693
Rps29	0.674	0.653	0.811	56	0.183397468379013
Rps3a1	0.43	0.089	0.518	264	0.171190698198134
Rps4x	0.429	0.044	0.48	263	0.164765455210156
Rps5	0.55	0.292	0.617	204	0.176503203351153
Rps6	0.424	0.074	0.496	249	0.165053444806542
Rps6ka1	0.575	0.444	0.702	735	0.165548157727027
Rps6ka2	0.531	0.341	0.645	733	0.162906516958579
Rps7	0.468	0.228	0.583	194	0.163772974604615
Rps8	0.526	0.322	0.632	208	0.176222704580879
Trim30a	0.388	-0.016	0.456	496	0.161695776581451
Rptn	0.383	-0.15	0.404	1118	0.146716304401765
Rras	0.571	0.404	0.682	218	0.164627720637622
Rrh	0.45	0.108	0.521	337	0.153740202605434
Rrm1	0.419	0.023	0.476	792	0.164339877180404
Rrm2	0.465	0.217	0.58	390	0.157918107843998
Rs1	0.468	0.187	0.563	224	0.164321760059566
Dhrs3	0.514	0.352	0.649	302	0.159087105749062
Rsu1	0.501	0.293	0.616	277	0.159629259043263
Rtkn	0.525	0.308	0.627	564	0.160487332629074
Rtn2	0.505	0.293	0.62	471	0.152704567634183
Rtn3	0.361	-0.162	0.387	964	0.151199682459943
Hps6	0.463	0.201	0.565	805	0.15458710024098
Ruvbl2	0.607	0.492	0.725	463	0.167635781955821
Rxra	0.602	0.475	0.719	467	0.168658668361772
Rxrb	0.542	0.369	0.663	524	0.166696199491943
Rxrg	0.514	0.279	0.614	463	0.161682360928208
Uimc1	0.378	-0.11	0.413	727	0.160002158311471
Ncor1	0.377	-0.162	0.385	2454	0.148844689205728
Nr1h4	0.439	0.115	0.527	488	0.161691504941234
Ryk	0.427	0.122	0.527	594	0.158323898650226
Ryr1	0.571	0.413	0.685	5035	0.167733165359933
Ryr2	0.445	0.125	0.53	4966	0.160249477743928
Ryr3	0.441	0.119	0.527	4888	0.159666276446722
S100a1	0.515	0.213	0.589	94	0.181390219470607
S100a10	0.469	0.194	0.573	97	0.167056179858979
S100a11	0.465	0.205	0.574	98	0.175760677067822
S100a13	0.469	0.202	0.565	160	0.164826944787004
S100a3	0.613	0.476	0.724	101	0.183910032809109
S100a4	0.573	0.357	0.66	101	0.184140995717431
S100a5	0.578	0.383	0.67	93	0.180636476577576
S100a6	0.572	0.364	0.655	89	0.193644582564994
S100a8	0.449	0.121	0.535	89	0.16885762284084
S100a9	0.522	0.228	0.59	113	0.177428857979016
S100b	0.638	0.56	0.77	92	0.193379903776438
Prrx2	0.588	0.45	0.71	247	0.154834670548147
Saa1	0.454	0.096	0.526	122	0.163119029894145
Saa2	0.461	0.105	0.53	122	0.163156542436848
Saa3	0.445	0.083	0.513	122	0.169999535751439
Saa4	0.438	0.098	0.516	130	0.152209846918586
Sag	0.518	0.312	0.637	403	0.159407750980393
Acsm3	0.36	-0.137	0.395	580	0.150370182960528
Khdrbs1	0.422	0.014	0.478	443	0.14715085262539
Apcs	0.364	-0.089	0.418	224	0.140447890825913
Sap18	0.511	0.338	0.644	172	0.15724878013087
Sf3a2	0.515	0.116	0.542	485	0.155452712075859
Sar1a	0.375	-0.021	0.447	198	0.149127343153115
Sars	0.523	0.298	0.625	536	0.171462917764606
Sart1	0.574	0.427	0.693	806	0.173227624478632
Sat1	0.404	-0.029	0.45	171	0.160945123521093
Satb1	0.466	0.158	0.552	764	0.158943335948608
Nkx1-2	0.558	0.41	0.69	305	0.160081316765261
Sbp	0.443	0.06	0.505	199	0.166848647256399
Atxn1	0.545	0.352	0.659	799	0.156249786504449
Atxn2	0.438	0.043	0.502	1286	0.146983688193662
Serpinb3a	0.37	-0.142	0.397	387	0.154324548816468
Scd1	0.603	0.482	0.721	355	0.16537059582565
Scd2	0.579	0.41	0.683	358	0.164785748648568
Scg2	0.411	0.058	0.495	617	0.157278271583795
Scg3	0.424	0.001	0.47	471	0.160732720554725
Clec11a	0.542	0.385	0.671	328	0.162780499047385
Stmn2	0.572	0.323	0.634	179	0.196921718582868
Scin	0.437	0.084	0.514	715	0.163451609824773
Stmn3	0.625	0.481	0.72	180	0.185641154133501
Scn10a	0.538	0.363	0.657	1958	0.162350056726457
Scn1a	0.409	0.033	0.48	2009	0.152922149200287
Scn1b	0.598	0.456	0.712	218	0.176947563844448
Scn3a	0.449	0.157	0.547	1947	0.158065274243889
Scn5a	0.602	0.511	0.736	2020	0.164285427668626
Scn7a	0.349	-0.105	0.4	1681	0.15019845515231
Scn8a	0.571	0.455	0.706	1978	0.166129893419803
Scn9a	0.412	0.058	0.493	1984	0.1533326507727
Scnn1a	0.595	0.432	0.698	700	0.165828015874912
Scnn1b	0.603	0.469	0.716	638	0.173042720890446
Scnn1g	0.527	0.302	0.628	655	0.162793411722279
Scp2	0.421	-0.002	0.472	547	0.165598979521863
Scrg1	0.454	0.225	0.581	98	0.171385511183334
Zc3h7b	0.604	0.453	0.708	982	0.177014501793563
Sct	0.534	0.363	0.647	139	0.147492735356245
Msr1	0.342	-0.183	0.37	458	0.148210180660108
Scx	0.624	0.538	0.751	207	0.162445577578187
Ccl1	0.51	0.269	0.612	92	0.188234424344432
Ccl11	0.556	0.386	0.67	97	0.17148118391186
Ccl12	0.454	0.187	0.559	104	0.167965745803209
Ccl17	0.492	0.183	0.556	103	0.173108717710252
Ccl2	0.439	0.049	0.496	148	0.153216441172128
Ccl20	0.448	0.137	0.533	97	0.184996917626387
Ccl22	0.456	0.193	0.562	92	0.167677125685209
Ccl25	0.449	0.116	0.53	144	0.164165331643346
Ccl27a	0.45	0.213	0.569	164	0.149328040018643
Ccl3	0.498	0.282	0.618	92	0.172197415041275
Ccl4	0.502	0.242	0.598	92	0.169724322743985
Ccl5	0.55	0.357	0.659	91	0.172248506663697
Ccl6	0.414	0.057	0.491	116	0.158050479633608
Ccl7	0.47	0.178	0.56	97	0.17783007980884
Ccl8	0.512	0.315	0.63	97	0.180324659799551
Ccl9	0.392	-0.008	0.458	122	0.147906515408216
Cxcl15	0.356	-0.117	0.394	167	0.154533958763166
Cxcl2	0.523	0.327	0.636	100	0.178242275629082
Cxcl5	0.42	0.1	0.512	132	0.159762569072471
Cx3cl1	0.486	0.18	0.567	395	0.160577277521081
Cxcl12	0.509	0.368	0.658	119	0.191957061840725
Sdf2	0.437	0.06	0.5	219	0.151566205353544
Serpinf1	0.537	0.405	0.679	417	0.15777935779887
Sdf4	0.517	0.269	0.611	361	0.172716639594101
Sfrp2	0.722	0.717	0.848	295	0.191964373240576
Nptn	0.434	0.061	0.498	281	0.158450366599906
Frrs1	0.393	-0.012	0.46	592	0.149291280776409
Sord	0.45	0.156	0.554	357	0.16922746504947
Cavin2	0.539	0.326	0.644	418	0.168062803939225
Sec22b	0.451	0.136	0.534	215	0.158195600067838
Sec23a	0.355	-0.14	0.389	765	0.148220334563936
Sec61g	0.436	0.132	0.527	100	0.148599544913682
Exoc4	0.47	0.188	0.561	975	0.163770115733525
Sel1l	0.437	0.1	0.522	790	0.162111146801524
Sele	0.442	0.034	0.498	619	0.168462474583599
Glg1	0.465	0.184	0.561	1175	0.176107295917442
Selenbp1	0.525	0.308	0.63	472	0.163794844329754
Selenbp2	0.526	0.306	0.63	472	0.163766306220217
Sell	0.444	0.05	0.499	372	0.175465332730948
Selp	0.487	0.131	0.546	768	0.172514194175999
Selplg	0.532	0.282	0.624	417	0.154405694599151
Sema3a	0.383	-0.09	0.418	772	0.150004812985916
Sema3b	0.5	0.245	0.595	749	0.16106248901638
Sema3c	0.41	0.01	0.471	751	0.156078478798319
Sema3e	0.414	0.044	0.488	775	0.153130927170875
Sema3f	0.565	0.359	0.657	785	0.161599517866861
Sema4a	0.538	0.356	0.656	760	0.162606408828765
Sema4b	0.551	0.376	0.665	823	0.161959687334264
Sema4c	0.526	0.305	0.63	834	0.163121416586415
Sema4d	0.53	0.33	0.646	861	0.160555047782571
Sema4f	0.49	0.243	0.594	777	0.157271716058118
Sema5a	0.492	0.189	0.569	1074	0.165921749953527
Sema5b	0.578	0.429	0.696	1093	0.167684899603627
Sema6a	0.493	0.22	0.585	1031	0.158790143535907
Sema6b	0.568	0.417	0.688	886	0.15758537884181
Sema6c	0.516	0.312	0.632	963	0.153975498242969
Sema7a	0.545	0.359	0.658	664	0.161926327873419
Septin8	0.601	0.478	0.721	484	0.174241044170446
Selenop	0.407	0.026	0.482	370	0.163637249275692
Selenow	0.527	0.336	0.651	87	0.178717440381224
Serf1	0.388	-0.07	0.431	62	0.167150170415424
Sez6	0.539	0.303	0.631	991	0.157473032748516
Foxp3	0.541	0.288	0.621	429	0.163424296103302
Spi1	0.634	0.513	0.743	272	0.167867041355893
Sfrp1	0.701	0.659	0.819	314	0.189340793208828
Frzb	0.507	0.273	0.61	323	0.174698613271192
Sfrp4	0.495	0.219	0.578	351	0.167696225576586
Srsf2	0.632	0.627	0.796	221	0.139028958564744
Srsf3	0.315	-0.297	0.286	164	0.135133983208967
Srsf5	0.321	-0.219	0.333	270	0.138205014754123
Sftpa1	0.427	-0.007	0.469	248	0.159548057020023
Sftpb	0.525	0.302	0.624	354	0.179061809083628
Sftpc	0.512	0.299	0.625	193	0.160498798469682
Sftpd	0.395	-0.126	0.41	374	0.158117110736934
Sgca	0.487	0.229	0.581	387	0.150996844574536
Sgce	0.387	-0.024	0.454	473	0.151641772415221
Sgk1	0.479	0.196	0.572	524	0.163035717236529
Scg5	0.419	0	0.468	212	0.159215356909972
Sgpl1	0.436	0.057	0.498	568	0.164380040574877
Sh2b1	0.452	0.111	0.528	756	0.149263242937592
Sh2d1a	0.429	0.03	0.484	126	0.152660246895151
Sh3bp1	0.549	0.342	0.648	680	0.161911810641417
Zfp106	0.382	-0.107	0.416	1888	0.153956101322925
Itsn2	0.396	-0.01	0.46	1658	0.154104602404468
Sh3gl2	0.463	0.144	0.543	352	0.16441518118048
Sh3gl1	0.617	0.493	0.729	368	0.174131912937143
Ostf1	0.46	0.127	0.536	215	0.171317226743282
Sorbs3	0.495	0.194	0.571	733	0.150965591476084
Sorbs1	0.423	0.013	0.478	938	0.148824717975904
Shbg	0.448	0.177	0.551	403	0.151687008150539
Shc1	0.486	0.221	0.584	579	0.15715444941446
Shc3	0.508	0.264	0.608	474	0.157666905776496
Shcbp1	0.329	-0.235	0.34	668	0.154391567856075
Shd	0.564	0.339	0.65	344	0.164275715094172
Sem1	0.45	0.109	0.538	70	0.172824374040979
Shh	0.629	0.576	0.772	437	0.169649004189741
Shmt1	0.484	0.181	0.562	478	0.167516028181024
Shox2	0.523	0.339	0.65	331	0.165785917925572
Cyfip1	0.477	0.218	0.578	1253	0.161300248003035
Pmel	0.431	0.053	0.498	626	0.151274124892121
Siah1a	0.376	-0.133	0.396	282	0.161441820506924
Siah1b	0.375	-0.14	0.393	282	0.162043813178132
Siah2	0.542	0.366	0.666	325	0.17159401572058
St6gal1	0.52	0.26	0.607	403	0.1644117163292
St3gal3	0.522	0.315	0.628	374	0.158521570645526
St3gal1	0.59	0.456	0.708	337	0.158948676476277
St3gal4	0.488	0.265	0.603	333	0.159976711081168
St3gal2	0.592	0.459	0.713	350	0.163301780556877
St6galnac1	0.47	0.161	0.547	526	0.155956602162181
St6galnac2	0.54	0.377	0.662	373	0.153354589818587
St6galnac3	0.469	0.177	0.562	305	0.160366006337611
St6galnac4	0.626	0.503	0.732	302	0.169681055983024
St8sia1	0.492	0.277	0.613	355	0.154387780078363
St8sia2	0.512	0.33	0.637	375	0.160062184788537
St8sia3	0.387	0.016	0.473	380	0.143330599223695
St8sia4	0.348	-0.11	0.397	359	0.146857355766565
St3gal5	0.46	0.201	0.572	414	0.161233108272578
Ptk6	0.549	0.358	0.656	451	0.175267321356715
Stil	0.35	-0.193	0.368	1262	0.150833925724524
Tra2b	0.341	-0.208	0.343	288	0.131230033585204
Cox7a2l	0.445	0.09	0.519	134	0.154213251683074
Sim1	0.456	0.106	0.524	765	0.154660149531432
Sim2	0.568	0.419	0.691	657	0.161010794621638
Sin3a	0.414	-0.015	0.46	1277	0.156523519877288
Sin3b	0.596	0.44	0.7	1098	0.171400718206731
Sipa1	0.537	0.322	0.636	1038	0.155172096276655
Six1	0.604	0.523	0.745	284	0.161428120919904
Six2	0.734	0.752	0.868	296	0.168069522075539
Six3	0.684	0.681	0.83	333	0.164603954931498
Six4	0.481	0.238	0.597	775	0.154327481668254
Six5	0.563	0.389	0.676	719	0.15884685628635
Six6	0.55	0.411	0.683	246	0.160487156553971
Vps4b	0.358	-0.169	0.377	444	0.157984938955374
Clpb	0.516	0.299	0.622	677	0.163842223237855
Ski	0.632	0.527	0.748	727	0.17653857729134
Skil	0.398	0.024	0.481	675	0.160065740680701
Sla	0.437	0.059	0.495	297	0.151994553203229
Slbp	0.394	-0.069	0.432	275	0.150595106085486
Slc10a1	0.491	0.28	0.61	362	0.159262920971812
Slc10a2	0.384	-0.013	0.454	348	0.152748969741978
Slc12a1	0.432	0.129	0.533	1090	0.16073513757132
Slc12a2	0.392	0.011	0.472	1206	0.155818825852712
Slc12a3	0.57	0.427	0.69	1002	0.16469990547857
Slc12a4	0.583	0.452	0.704	1087	0.168317651918474
Slc12a7	0.554	0.39	0.673	1083	0.166567479655342
Slc13a2	0.532	0.355	0.651	586	0.157059519335394
Slc16a1	0.387	-0.017	0.456	493	0.153235484484329
Slc16a2	0.529	0.326	0.638	545	0.155795405379201
Slc16a7	0.342	-0.107	0.403	484	0.146656490365532
Slc17a1	0.384	0.047	0.482	465	0.146511142147926
Slc34a1	0.545	0.413	0.681	637	0.157818602840856
Slc18a3	0.528	0.416	0.684	530	0.153862999107031
Slc19a1	0.556	0.445	0.697	512	0.157058207266832
Slc1a1	0.489	0.295	0.619	523	0.157453745555084
Slc1a2	0.488	0.279	0.609	572	0.16562959498275
Slc1a3	0.495	0.317	0.63	543	0.156528216712239
Slc1a6	0.493	0.262	0.597	561	0.153627551213794
Slc1a5	0.569	0.45	0.702	555	0.164954086216357
Slc20a1	0.415	0.067	0.5	681	0.159725662905278
Slc20a2	0.509	0.324	0.638	656	0.163908304290404
Slc22a1	0.529	0.348	0.647	556	0.163885274420155
Slc22a2	0.469	0.238	0.586	553	0.160558048578495
Slc22a3	0.469	0.288	0.611	551	0.152052474732373
Slc22a5	0.502	0.298	0.617	557	0.15229497055242
Slc22a12	0.547	0.39	0.669	553	0.155684996342047
Slc23a1	0.499	0.251	0.595	605	0.157537831206218
Slc25a14	0.34	-0.141	0.379	325	0.146124571132329
Slc25a17	0.417	0.102	0.512	307	0.149825590694361
Slc2a1	0.586	0.448	0.701	492	0.16034052685545
Slc2a2	0.428	0.078	0.505	523	0.152000521223529
Slc2a3	0.475	0.256	0.597	493	0.160560071286833
Slc2a4	0.475	0.263	0.597	509	0.15228379427201
Slc31a1	0.477	0.212	0.583	196	0.148868799864022
Slc31a2	0.484	0.269	0.604	143	0.148575021407811
Slc34a2	0.531	0.35	0.649	697	0.170122050568379
Slc3a1	0.44	0.127	0.535	685	0.150334220332204
Slc4a1	0.535	0.38	0.661	929	0.154291640634992
Slc4a1ap	0.395	-0.024	0.459	744	0.156292694512741
Slc4a2	0.531	0.316	0.631	1237	0.156749447729418
Slc4a3	0.541	0.363	0.656	1227	0.157274746440218
Slc5a1	0.508	0.287	0.613	665	0.16306771125091
Slc6a2	0.524	0.341	0.644	617	0.158931919901841
Slc7a5	0.641	0.606	0.786	512	0.169789456323367
Slc7a7	0.5	0.31	0.626	510	0.161342037822256
Slc8a1	0.429	0.082	0.509	970	0.157615284815072
Slc9a1	0.624	0.551	0.756	820	0.160999471555799
Slfn1	0.356	-0.174	0.377	337	0.160736171942324
Slfn2	0.395	-0.05	0.438	378	0.159695103433983
Slfn3	0.361	-0.061	0.431	517	0.155086490729309
Slfn4	0.378	-0.039	0.446	602	0.158688331499694
Slit1	0.595	0.453	0.707	1531	0.18064518876022
Slit2	0.409	0.014	0.471	1542	0.166221325230347
Slit3	0.59	0.453	0.706	1523	0.1805338319072
Slpi	0.469	0.147	0.548	131	0.211454800999126
Snai2	0.454	0.104	0.527	269	0.164967401632831
Hltf	0.308	-0.291	0.307	1003	0.149242347432543
Smarca4	0.548	0.311	0.632	1617	0.166321809991373
Smarcb1	0.564	0.345	0.648	385	0.166093292974071
Smarcc1	0.402	-0.08	0.432	1104	0.157904732011122
Ighmbp2	0.531	0.301	0.626	993	0.16920585993292
Kdm5c	0.467	0.161	0.548	1551	0.163101472025501
Kdm5d	0.367	-0.107	0.405	1548	0.155939881165569
Smn1	0.401	-0.102	0.425	288	0.156028147155405
Smpd1	0.472	0.17	0.555	627	0.15751584456024
Smpd2	0.503	0.257	0.6	419	0.168718870398762
Smr3a	0.319	-0.454	0.224	147	0.137651038388927
Smr2	0.286	-0.517	0.191	143	0.139752439354167
Ncor2	0.584	0.397	0.68	2468	0.160155706356828
Sms	0.371	-0.066	0.427	366	0.156650499937999
Sst	0.606	0.452	0.705	116	0.1825572834993
Sstr1	0.595	0.495	0.728	391	0.167197476931015
Sstr2	0.589	0.496	0.728	369	0.162978377182764
Sstr3	0.593	0.47	0.714	428	0.158750599411223
Sstr4	0.58	0.456	0.707	385	0.167649849565176
Sstr5	0.55	0.405	0.678	362	0.154028748082935
Sumo3	0.548	0.287	0.624	113	0.164094400055892
Ssty1	0.396	-0.001	0.462	232	0.15712798050487
Siglec1	0.508	0.277	0.614	1701	0.156353534971452
Snai1	0.672	0.651	0.814	264	0.165610113975448
Snap25	0.461	0.11	0.521	206	0.172123952402657
Snapin	0.437	0.174	0.552	136	0.156693621803887
Snap91	0.406	-0.1	0.427	838	0.154106317409291
Snca	0.441	-0.068	0.459	140	0.177082576689947
Sncg	0.552	0.33	0.661	123	0.181043289614566
Snap23	0.388	-0.089	0.418	221	0.164667466887596
Plk2	0.438	0.123	0.53	682	0.159577447408774
Snn	0.592	0.471	0.714	88	0.174988379748003
Snrk	0.517	0.281	0.616	748	0.166630681239207
Eftud2	0.527	0.293	0.622	972	0.166694315784472
Snrpc	0.508	0.064	0.515	159	0.150148835606762
Snrnp70	0.442	0.067	0.491	448	0.152153904790905
Snrpb	0.444	-0.026	0.453	231	0.164242787913988
Snrpb2	0.357	-0.221	0.355	225	0.157942511994138
Snrpd1	0.289	-0.298	0.287	119	0.13500292699125
Snrpe	0.368	-0.018	0.442	92	0.152443087936684
Snrpn	0.37	-0.235	0.342	240	0.157673088323712
Snta1	0.558	0.395	0.676	499	0.163864537767468
Sntb1	0.488	0.241	0.593	537	0.163558106187816
Sntb2	0.492	0.272	0.607	520	0.158129105404828
Soat1	0.436	0.137	0.531	540	0.149831495630317
Sod1	0.413	-0.042	0.457	154	0.163680879204748
Sod2	0.51	0.235	0.593	222	0.179467261796172
Sod3	0.601	0.508	0.737	251	0.170737334260211
Son	0.348	-0.2	0.365	2444	0.142472065180984
Sorl1	0.524	0.293	0.625	2215	0.169249944820566
Sort1	0.491	0.226	0.589	858	0.157831753947675
Sos1	0.347	-0.149	0.382	1319	0.145074080827531
Sos2	0.355	-0.14	0.386	1332	0.146357908241426
Sox1	0.732	0.782	0.886	391	0.180587609938617
Sox10	0.607	0.449	0.712	466	0.162450237213681
Sox11	0.788	0.815	0.903	395	0.187624498703575
Sox12	0.702	0.711	0.846	314	0.16849018485283
Sox13	0.617	0.449	0.707	613	0.171861901208195
Sox14	0.676	0.619	0.798	240	0.163773968099974
Sox15	0.529	0.323	0.643	231	0.154396205277939
Sox17	0.638	0.553	0.766	419	0.163400817678829
Sox18	0.581	0.442	0.701	377	0.154332888001527
Sox2	0.727	0.77	0.88	319	0.170949508926893
Sox3	0.74	0.728	0.858	450	0.174473782878552
Sox4	0.678	0.669	0.827	440	0.166225497286785
Sox5	0.481	0.183	0.568	763	0.162590690681335
Sox6	0.444	0.079	0.512	827	0.154525985565112
Sox7	0.561	0.374	0.668	380	0.155914311612819
Sox8	0.594	0.393	0.682	464	0.160473147273437
Sox9	0.695	0.64	0.813	507	0.164594358239526
Sp1	0.417	-0.013	0.467	781	0.151869489630794
Sp100	0.367	-0.089	0.413	591	0.147554076130786
Spa17	0.388	-0.065	0.438	149	0.158828661687081
Sp3	0.325	-0.255	0.339	783	0.143671410253326
Sp4	0.352	-0.187	0.377	782	0.149673007529276
Sall3	0.602	0.417	0.694	1248	0.166131824683267
Spam1	0.311	-0.274	0.317	512	0.146083172921589
Sparc	0.635	0.469	0.719	302	0.191067640588323
Sphk1	0.523	0.291	0.616	388	0.165167750468852
Serpina1a	0.499	0.257	0.602	436	0.159052583892918
Serpina1b	0.516	0.281	0.616	413	0.16163340998384
Serpina1c	0.513	0.273	0.613	413	0.160232692433149
Serpina1d	0.52	0.278	0.615	413	0.160945512681283
Serpina1e	0.509	0.281	0.616	413	0.159422927082505
Serpinb9b	0.413	0.033	0.485	377	0.164221655899527
Serpinb9c	0.403	-0.008	0.464	387	0.158953588678432
Serpinb6b	0.433	0.052	0.499	377	0.158963263776672
Serpinb9f	0.365	-0.106	0.412	377	0.155541894387435
Serpinb9e	0.379	-0.088	0.424	377	0.157613020242046
Serpini1	0.372	-0.123	0.402	410	0.151144783454045
Serpina3k	0.458	0.138	0.539	418	0.163203913812198
Slc22a19	0.368	-0.025	0.437	551	0.147998388455646
Serpina3n	0.515	0.257	0.602	418	0.1641576011896
Bptf	0.431	0.05	0.5	2921	0.156930477964095
Serpina3m	0.476	0.179	0.559	418	0.162115704886185
Cetn4	0.332	-0.181	0.369	168	0.159698145528991
Rbms3	0.462	0.103	0.53	463	0.15321196113102
Ggt7	0.534	0.348	0.651	662	0.161390148189401
Serpinb6a	0.447	0.093	0.52	399	0.162292635702592
Serpine2	0.459	0.119	0.529	397	0.152077327376534
Ccdc154	0.511	0.313	0.628	664	0.1658645252811
Arhgef17	0.522	0.287	0.619	2057	0.157450254901139
Tdpoz1	0.454	0.11	0.524	365	0.165257909053784
Larp4	0.35	-0.264	0.335	719	0.147382348399912
Fbxo40	0.493	0.236	0.594	710	0.16476897779311
Stxbp5l	0.335	-0.207	0.356	1185	0.145010867284657
Serpinb9	0.41	-0.004	0.468	374	0.161145989315615
Serpinb5	0.381	-0.068	0.43	375	0.15353151931307
Serpinb8	0.41	-0.008	0.468	374	0.161646618365406
Zbtb7c	0.679	0.597	0.785	619	0.175199133896176
Serpinb9d	0.388	-0.055	0.44	377	0.160068680487417
Fchsd2	0.371	-0.101	0.414	764	0.149954371658887
Spic	0.396	0.001	0.466	242	0.15149601869771
Spin1	0.433	0.052	0.5	262	0.155348524561374
Spink1	0.359	-0.181	0.367	80	0.173424344555679
Hectd1	0.332	-0.206	0.354	2610	0.145239552126143
Spink4	0.48	0.247	0.592	86	0.173052023413855
Spint1	0.566	0.386	0.673	507	0.175272392820559
Spint2	0.523	0.351	0.653	252	0.178307223060053
Sec23ip	0.394	-0.037	0.451	998	0.151378118195341
Spn	0.429	0.023	0.488	395	0.143238538462118
Fam120c	0.427	0.034	0.486	1091	0.157175860432435
Spta1	0.425	0.06	0.495	2415	0.164927134610859
Elfn2	0.661	0.599	0.786	823	0.171663664553104
Sptan1	0.488	0.204	0.574	2498	0.171663226223047
Sptb	0.573	0.425	0.69	2329	0.173276993617217
Sptbn1	0.468	0.174	0.555	2363	0.168156773834176
Wdr11	0.407	0.058	0.493	1223	0.159900422560884
Sptbn2	0.53	0.322	0.634	2388	0.168915499306061
Strbp	0.318	-0.305	0.304	672	0.148622691161285
Spock1	0.583	0.432	0.7	442	0.186955071183896
Spop	0.446	0.115	0.531	374	0.165610102424138
Kctd12b	0.395	-0.068	0.429	292	0.149472167226799
Baiap2l2	0.639	0.591	0.78	522	0.154979946016203
Spp1	0.451	0.021	0.49	295	0.162476664341678
Spr	0.581	0.431	0.693	262	0.176646295047819
Dtx4	0.524	0.288	0.621	616	0.162562032172344
Sprr1a	0.684	0.414	0.706	144	0.199070659549382
Sprr1b	0.568	0.193	0.592	153	0.191465778415839
Sprr2a1	0.508	-0.008	0.487	83	0.184806778299006
Sprr2b	0.567	-0.042	0.479	98	0.220258812450408
Camkk2	0.554	0.36	0.658	588	0.162240818375925
Sprr2d	0.582	-0.02	0.488	85	0.222697320466313
Sprr2e	0.564	-0.067	0.467	76	0.214156814485705
Tbc1d16	0.599	0.46	0.709	766	0.165212589107378
Thsd4	0.542	0.304	0.633	1018	0.170106265714757
Sprr2f	0.576	0.013	0.507	76	0.206807687351087
Ccdc40	0.561	0.406	0.682	1192	0.169410850246904
Wdr37	0.362	-0.112	0.405	496	0.151073828622965
Zfp804b	0.344	-0.22	0.356	1343	0.15152662313713
Sprr2h	0.571	-0.047	0.477	108	0.216093127176869
Sprr2i	0.57	-0.04	0.48	76	0.210021410398296
Sprr2k	0.561	0.034	0.507	68	0.215744999477561
Sprr3	0.445	-0.103	0.436	238	0.16232411293849
Skor1	0.553	0.338	0.652	964	0.166208582600268
Sephs2	0.474	0.222	0.586	451	0.160289012874686
Igsf11	0.451	0.194	0.57	428	0.148990943015
Cfap69	0.317	-0.203	0.349	942	0.152975899164602
Mucl2	0.341	-0.268	0.346	138	0.161608875343702
Gtpbp10	0.32	-0.205	0.351	366	0.148378051152961
Gm45837	0.565	0.389	0.671	945	0.175427687092918
Pde2a	0.565	0.389	0.671	945	0.175427687092918
Sptlc2	0.402	0.01	0.467	560	0.155695680980663
Ubald1	0.618	0.419	0.701	176	0.153854119340807
Rnf43	0.499	0.214	0.58	784	0.154198532442754
Sqle	0.38	0.002	0.462	572	0.150354553967018
Tmie	0.621	0.528	0.748	153	0.179518353734328
Tspoap1	0.501	0.22	0.583	1846	0.162839739873689
Scarb1	0.551	0.42	0.69	509	0.159269589546102
C2cd2	0.474	0.21	0.578	696	0.157621051043568
Csrnp2	0.57	0.387	0.675	534	0.170354016830779
Src	0.623	0.531	0.75	541	0.165927778308261
Gramd1c	0.382	0.002	0.462	457	0.145531278719813
Usf3	0.373	-0.154	0.393	2221	0.147784035426992
Smagp	0.539	0.356	0.66	97	0.154710647001609
Bnip5	0.514	0.272	0.614	669	0.161458943351679
Galnt6	0.586	0.445	0.702	622	0.165154120230514
Fmr1nb	0.383	-0.033	0.438	238	0.15765330168857
Srebf1	0.528	0.273	0.609	1134	0.159471450042021
Srebf2	0.544	0.359	0.657	1130	0.162026568621841
Mchr1	0.571	0.415	0.682	353	0.155480565860571
Esrp1	0.436	0.089	0.514	681	0.158180655357309
Fam228b	0.313	-0.308	0.303	232	0.147211397882331
Urb1	0.484	0.264	0.601	2277	0.163220783448048
Klhl25	0.559	0.363	0.66	589	0.168431377067265
Alg11	0.347	-0.126	0.395	492	0.155056775112111
Vcpkmt	0.428	0.138	0.537	228	0.164794408340721
Setd1b	0.582	0.364	0.665	1985	0.157327457345254
Srf	0.628	0.55	0.765	504	0.160388081408618
Pknox2	0.532	0.311	0.636	474	0.161108417367304
Ubap1l	0.549	0.318	0.636	384	0.163644049135796
Pif1	0.516	0.315	0.628	650	0.160210960141888
Chmp6	0.603	0.478	0.715	200	0.177438310074574
Panx3	0.475	0.245	0.588	392	0.150910446105597
Srm	0.652	0.571	0.772	302	0.173945805492085
Mlxip	0.518	0.257	0.606	917	0.154809919549924
Srms	0.515	0.316	0.63	507	0.160125995148559
Zfp976	0.286	-0.452	0.232	636	0.144966595011973
Aph1b	0.438	0.172	0.551	257	0.149305720340215
Srp14	0.593	0.459	0.71	110	0.17378375345847
Dhx37	0.566	0.372	0.664	1150	0.166316062292049
Yeats2	0.419	-0.012	0.468	1407	0.155558411920817
Srpk1	0.434	0.051	0.495	648	0.163161195661708
Tmem132b	0.534	0.345	0.651	1078	0.163834295319858
Btla	0.34	-0.228	0.341	306	0.149974889421113
Map6d1	0.555	0.449	0.71	191	0.148418443564457
Fam180a	0.514	0.323	0.625	173	0.157348209375184
Cd200l1	0.354	-0.159	0.381	300	0.146357085261875
Slc9c1	0.32	-0.161	0.367	1175	0.143829417590264
Srpk2	0.386	-0.094	0.421	682	0.156782476794307
Tmprss7	0.423	0.058	0.497	829	0.158732850953351
Phldb2	0.425	0.055	0.494	1302	0.152803889954708
Srprb	0.485	0.297	0.62	269	0.163551301841262
Ghsr	0.68	0.697	0.836	364	0.165288990355566
Exog	0.458	0.162	0.552	392	0.161293730962556
Btbd2	0.664	0.587	0.781	523	0.172916008392073
Trim21	0.465	0.182	0.561	462	0.170370608917149
Alg1	0.542	0.371	0.659	482	0.164577148884828
Tmem132c	0.545	0.388	0.674	1107	0.161653987179158
Ro60	0.389	-0.034	0.447	538	0.165152656066102
Mob3a	0.654	0.548	0.758	217	0.166251850667716
Ssb	0.302	-0.347	0.28	415	0.147985555845
Ankrd33	0.491	0.208	0.577	337	0.161288581306962
Snu13	0.489	0.267	0.603	128	0.171112167957252
Tor1aip1	0.437	0.103	0.52	576	0.152543868198641
Dot1l	0.551	0.316	0.636	1540	0.163376730909112
Cyp4f17	0.554	0.355	0.649	524	0.166515905848953
Zfp871	0.406	-0.006	0.469	615	0.165408959023609
Ssr4	0.474	0.156	0.551	173	0.159692780057841
Ssrp1	0.499	0.203	0.577	708	0.163722149806671
Znrf4	0.635	0.585	0.776	327	0.166272836454745
Rpp40	0.38	-0.039	0.446	363	0.15427977649245
Asb18	0.572	0.467	0.712	467	0.170289299609066
Stac	0.489	0.217	0.586	403	0.162808861750672
Zfp143	0.367	-0.155	0.395	637	0.148585185211138
Stag1	0.317	-0.25	0.325	1258	0.147555596415785
Iqcj	0.454	0.188	0.562	110	0.147874788197449
Stag2	0.316	-0.259	0.322	1268	0.148331840873226
Shroom4	0.428	0.02	0.482	1475	0.160058612064347
Klhl29	0.534	0.335	0.648	875	0.157709727016048
Stam	0.352	-0.222	0.359	548	0.153785805899044
Dip2c	0.399	0.014	0.472	1556	0.150487741304682
Sgms1	0.446	0.184	0.561	419	0.152345274239941
Star	0.512	0.308	0.628	284	0.167252309351978
Stat1	0.485	0.235	0.589	755	0.162006243071964
Stat2	0.493	0.285	0.613	922	0.160982320086996
Stat3	0.546	0.36	0.657	770	0.166872032791488
Stat4	0.375	-0.019	0.451	748	0.149752090006409
Stat5a	0.648	0.55	0.758	797	0.171912176174225
Ndufaf8	0.655	0.566	0.771	74	0.189383687118619
Stat5b	0.624	0.508	0.736	786	0.17123774743618
Cep78	0.394	0.014	0.467	790	0.156006565503229
Stat6	0.509	0.292	0.619	837	0.157124814955446
Stau1	0.432	0.061	0.503	495	0.157221709663758
Stc1	0.491	0.268	0.607	247	0.167940452568106
Stc2	0.533	0.294	0.624	296	0.176840404813098
Nek11	0.403	0.012	0.471	628	0.159300025635425
Sult2a1	0.364	-0.057	0.432	285	0.147053853142711
Mterf1b	0.33	-0.104	0.392	381	0.151209216740699
Sult1e1	0.343	-0.187	0.37	295	0.151634039309125
Rsrc2	0.3	-0.323	0.284	434	0.142563392236463
Stfa1	0.349	-0.258	0.344	97	0.156390017359375
Tmem212	0.461	0.211	0.575	187	0.158519192640441
Etl4	0.419	0.009	0.476	1997	0.151924378859882
Stfa2	0.35	-0.111	0.406	103	0.151879498285329
Alg3	0.504	0.32	0.627	438	0.153457461944808
Kntc1	0.408	0.066	0.495	2207	0.158387430310967
Stfa3	0.348	-0.143	0.394	103	0.160781991233861
Tspan10	0.489	0.225	0.585	332	0.17632858775953
Slc25a38	0.513	0.352	0.648	326	0.155106311631696
Eif4g1	0.435	0.036	0.486	1600	0.15583356000846
Creb3l2	0.522	0.295	0.625	521	0.160350863994984
Cblb	0.411	-0.001	0.464	938	0.153603154748444
Fam20a	0.54	0.422	0.686	541	0.156866877576692
Stim1	0.521	0.253	0.6	685	0.170103592594508
Akr1d1	0.406	0.052	0.491	325	0.155312566092587
Diras1	0.752	0.765	0.874	198	0.178849974642687
Stip1	0.492	0.187	0.568	543	0.178205048096753
Creb3l3	0.504	0.267	0.606	479	0.161975260024817
Stk10	0.6	0.466	0.714	966	0.175797612491634
Stk11	0.628	0.529	0.746	436	0.174273208410645
Eif5a2	0.385	-0.11	0.415	153	0.172504647590903
Aurkc	0.478	0.242	0.587	315	0.160457504721682
Hmgcs1	0.387	-0.067	0.433	520	0.15467600591092
Dis3l2	0.476	0.177	0.559	884	0.164136006355651
Stk16	0.459	0.15	0.54	305	0.162948526884544
Hdac4	0.536	0.318	0.636	1076	0.164527794195442
Plk4	0.324	-0.274	0.321	925	0.144192011204205
Slk	0.378	-0.073	0.429	1233	0.160108983294225
Prrg3	0.458	0.156	0.552	231	0.153317045133657
Aqp12	0.557	0.402	0.677	290	0.167879154896194
Sde2	0.449	0.101	0.525	448	0.171317467545361
Aurkb	0.55	0.404	0.679	345	0.167452341727818
Sned1	0.542	0.294	0.629	1403	0.171305450067336
Aurka	0.446	0.123	0.53	417	0.161178231439664
Tmem63a	0.564	0.435	0.694	804	0.159694549374348
Triqk	0.319	-0.2	0.345	86	0.154420041096078
Fanci	0.413	0.1	0.514	1330	0.156872359481585
Daam1	0.433	0.096	0.514	1077	0.158044183650411
Dock3	0.44	0.107	0.519	2030	0.152393829004039
Sult1a1	0.504	0.232	0.59	263	0.160756856151266
Sult1c1	0.424	-0.005	0.466	304	0.156005974207696
Zdhhc9	0.477	0.136	0.537	364	0.160275309782879
Slc26a7	0.383	0	0.461	656	0.154115398522691
Unc13c	0.414	0.029	0.484	2210	0.156874480576579
Wnt8a	0.561	0.359	0.656	354	0.181979763579238
Ccdc62	0.418	0.124	0.53	701	0.165355231083808
Cenpx	0.491	0.242	0.587	114	0.16379155888392
Cpeb3	0.537	0.334	0.65	716	0.155151522808685
Bhlhe40	0.453	0.165	0.552	411	0.156750844607096
Adamts18	0.472	0.161	0.557	1219	0.168252125093721
Myo5c	0.505	0.287	0.615	1742	0.165426956869898
Thnsl1	0.34	-0.162	0.379	747	0.154194511773486
Zfp280c	0.336	-0.262	0.337	742	0.150202921862362
Stra6	0.511	0.298	0.618	670	0.15733788861631
Hmgcll1	0.35	-0.16	0.385	343	0.157340570774983
Stra8	0.468	0.149	0.55	393	0.161455654688474
Npb	0.57	0.507	0.733	119	0.155039001608823
Fam83b	0.363	-0.117	0.406	1012	0.143758319280729
Rbmx2	0.454	0.098	0.523	326	0.168650216189333
Fsip2l	0.298	-0.368	0.271	655	0.138132200157847
Strap	0.388	-0.139	0.399	350	0.15599435832283
Sirt7	0.494	0.269	0.602	402	0.159339072239706
Ulk4	0.493	0.307	0.623	1275	0.159677242638144
Vps8	0.429	0.119	0.526	1427	0.160041689639475
Pycr1	0.53	0.328	0.641	309	0.168746363615498
Zc3hav1l	0.574	0.465	0.712	296	0.179425318413236
Tns2	0.502	0.209	0.581	1400	0.155103057179956
Gipc3	0.609	0.469	0.715	297	0.172397415652762
Stx1a	0.665	0.598	0.783	288	0.176420885664143
Stx3	0.495	0.305	0.622	289	0.171113467200066
Samd9l	0.319	-0.24	0.334	1579	0.145161423193034
Stx4a	0.552	0.429	0.691	298	0.168220283691148
Ccnb3	0.358	-0.154	0.389	1396	0.152317581464562
Stxbp1	0.586	0.418	0.686	603	0.170715194425983
Stxbp2	0.56	0.394	0.673	593	0.167701508405516
Stxbp3	0.379	-0.05	0.436	592	0.161907626972068
Stxbp4	0.349	-0.164	0.374	557	0.152700440595481
Snx30	0.506	0.269	0.607	437	0.164813625588545
Sucla2	0.337	-0.177	0.371	463	0.15569932628827
Suclg2	0.432	0.114	0.526	433	0.169301648677135
Ido2	0.477	0.226	0.579	405	0.157370894416164
Eif1	0.419	0.031	0.482	113	0.172579990627482
Acnat2	0.416	0.039	0.484	420	0.154896747806309
Clic6	0.497	0.254	0.61	596	0.170161931330377
Dtx3l	0.44	0.103	0.524	748	0.159336912546264
Osgin2	0.326	-0.216	0.35	550	0.149173300012396
Supt4a	0.442	0.148	0.545	117	0.162396983704808
Enox2	0.394	-0.037	0.445	598	0.157693469242693
Zfp710	0.663	0.546	0.761	666	0.177838362175934
Wfdc5	0.478	0.2	0.574	126	0.18915929894617
Gan	0.534	0.369	0.66	597	0.168970493347874
Supt5	0.54	0.291	0.626	1082	0.16431386320271
Supt6	0.49	0.174	0.561	1726	0.165289472109351
Igsf1	0.42	0.05	0.493	1317	0.152279327590708
Abcc8	0.582	0.486	0.72	1588	0.163488466055678
Abcc9	0.443	0.187	0.558	1546	0.155407833766117
Csta1	0.383	-0.047	0.453	97	0.160217254304194
Surf1	0.407	0.03	0.477	306	0.151064704501934
Surf2	0.51	0.242	0.594	257	0.162189286925948
Gps1	0.544	0.343	0.646	526	0.168377465434302
Surf4	0.535	0.359	0.651	269	0.159897771237597
Med22	0.555	0.37	0.662	200	0.17371300807873
Gen1	0.321	-0.259	0.331	908	0.149800506175521
Surf6	0.568	0.35	0.65	355	0.18170481173746
Wfdc6a	0.444	0.099	0.516	136	0.175744038028353
Eif2b1	0.454	0.191	0.566	305	0.163747107227641
Gtf2h3	0.52	0.312	0.63	309	0.180482712122439
Taf3	0.453	0.048	0.496	932	0.164839637712485
Suv39h1	0.491	0.231	0.587	413	0.170178521400771
Itih5	0.495	0.263	0.603	952	0.159193895337578
Trim30d	0.379	-0.05	0.441	497	0.159629009698365
Sva	0.334	-0.227	0.346	158	0.145985338971066
Svs4	0.344	-0.179	0.37	113	0.138646226641165
Gpkow	0.458	0.134	0.539	488	0.159078643698185
Svs5	0.399	-0.005	0.47	122	0.134738593838758
Tfe3	0.504	0.254	0.598	572	0.154075771590874
Hoxc10	0.53	0.313	0.637	342	0.159537665545933
Svs6	0.351	-0.176	0.379	99	0.147224501873337
Trp53bp2	0.431	0.024	0.484	1134	0.159711150596568
Hace1	0.348	-0.149	0.383	909	0.150139489671226
Swap70	0.466	0.19	0.565	585	0.172059588717377
Tbc1d12	0.43	0.132	0.534	698	0.153241551380551
Hsh2d	0.486	0.157	0.553	334	0.161138091335549
Tmem164	0.566	0.455	0.703	296	0.160908051928744
Taar2	0.4	0.051	0.492	339	0.151377116310465
Taar4	0.422	0.077	0.505	347	0.148248870378673
Taar7b	0.448	0.102	0.517	358	0.157242686927481
Rtl9	0.351	-0.213	0.359	1367	0.135422108032269
Rad51ap2	0.305	-0.327	0.294	976	0.145492180277942
Enpp3	0.386	-0.089	0.421	874	0.154439509546772
Sycp1	0.278	-0.389	0.26	993	0.14912581412936
Tyw3	0.468	0.195	0.568	257	0.166051709688163
Nudcd3	0.585	0.404	0.685	363	0.172679204978693
Sectm1a	0.536	0.343	0.647	192	0.163015168669184
Il23r	0.336	-0.206	0.357	659	0.14356223109801
Erich3	0.438	0.029	0.49	517	0.164852890374649
Sycp3	0.307	-0.331	0.296	254	0.155407353835477
Syk	0.566	0.401	0.681	629	0.170633214013694
Frmd4a	0.52	0.3	0.626	1042	0.157748703799723
Syn1	0.515	0.191	0.576	706	0.159103158157726
Bend7	0.392	-0.001	0.467	434	0.150513898251078
Syn2	0.556	0.354	0.66	586	0.159598755144515
Ttc28	0.578	0.436	0.699	2450	0.168014606502565
Sdc1	0.506	0.2	0.581	311	0.160543822994934
Dhtkd1	0.436	0.118	0.526	921	0.15395494493129
Sdc3	0.574	0.377	0.672	442	0.154827466350253
Lcorl	0.316	-0.251	0.333	600	0.14827756047061
Sdc4	0.565	0.395	0.675	198	0.163890288495798
Syngr1	0.7	0.642	0.813	234	0.175692878486519
Syngr2	0.649	0.52	0.748	224	0.165132333236659
Kif15	0.355	-0.107	0.405	1387	0.154894710746829
Syngr3	0.569	0.414	0.689	229	0.154721118280001
Minar1	0.486	0.184	0.569	917	0.16395418650212
Synj2	0.479	0.204	0.575	1479	0.15944806056157
Tmc7	0.53	0.344	0.641	726	0.159622710863428
Syp	0.597	0.417	0.697	314	0.170806886121813
Dennd2a	0.508	0.298	0.622	1000	0.158199288269671
Gpr139	0.493	0.324	0.631	345	0.153877515938814
Syt1	0.51	0.261	0.611	421	0.177531143533885
Syt2	0.604	0.432	0.7	422	0.184922885811888
Syt3	0.532	0.321	0.636	587	0.159609505863294
Tbc1d25	0.453	0.146	0.54	742	0.150564196445954
Vmn1r183	0.355	-0.105	0.403	305	0.14523515079624
Syt4	0.428	0.084	0.511	425	0.158351292985777
Slc38a5	0.512	0.306	0.622	479	0.158144209195454
Pgbd5	0.625	0.53	0.749	409	0.167942960397991
T	0.535	0.302	0.634	436	0.158172070321926
B3gntl1	0.502	0.267	0.61	357	0.159329194719762
Mtrr	0.413	0.064	0.498	696	0.15506040130705
Slc35f3	0.509	0.362	0.655	421	0.159490186706605
Metrnl	0.501	0.276	0.61	311	0.157559665731104
Nemp1	0.424	0.143	0.54	437	0.152611782914124
Adcy2	0.472	0.25	0.594	1095	0.162433225847336
Nlrp4b	0.36	-0.087	0.411	863	0.154950214413578
Iglon5	0.599	0.499	0.728	336	0.156050569834485
Zfp658	0.44	0.069	0.51	887	0.169112844083446
Zfp719	0.379	-0.157	0.393	735	0.159339384101959
Tent4a	0.452	0.14	0.537	542	0.152847261188262
D130043K22Rik	0.471	0.177	0.563	1081	0.158425020307807
Lpp	0.47	0.019	0.489	613	0.163708070669996
Zfp180	0.466	0.153	0.557	655	0.165273401950008
Irgc1	0.61	0.529	0.746	463	0.161919514001086
Irgq	0.513	0.304	0.627	583	0.160532426092515
Slc30a6	0.38	0.02	0.469	465	0.141027563426373
Lypd11	0.408	0.052	0.497	196	0.157136923180366
Zkscan2	0.405	-0.023	0.457	960	0.159898327145263
Zfp526	0.545	0.292	0.626	675	0.165854913041608
Gprc6a	0.406	0.01	0.469	928	0.159395474958876
Shank2	0.537	0.323	0.642	1472	0.156321550650576
Dock10	0.413	0.028	0.481	2187	0.155098047803233
Lrch2	0.316	-0.236	0.34	773	0.147465488331051
BC048679	0.532	0.302	0.628	172	0.162426435736371
Nckap5	0.4	-0.025	0.456	1909	0.14957119981764
Mtmr9	0.469	0.185	0.559	545	0.159609838108855
Thsd7b	0.416	-0.027	0.456	1607	0.165573964599401
Slc22a22	0.311	-0.194	0.348	554	0.139285716174866
Zfp677	0.347	-0.261	0.339	634	0.165905329426439
Tdrd6	0.437	0.144	0.543	2135	0.160194296628027
Mettl14	0.35	-0.148	0.38	456	0.15060209863986
P3h2	0.494	0.242	0.593	703	0.15829879615574
Gm12169	0.401	-0.007	0.463	250	0.153387716947685
Tbc1d31	0.373	-0.042	0.435	996	0.151100082965948
Hus1b	0.438	0.109	0.517	276	0.164435568191821
Tmem151b	0.688	0.693	0.837	561	0.168612231200303
Coq10a	0.493	0.261	0.607	259	0.155535538525531
Pamr1	0.464	0.141	0.541	720	0.168395586629527
Prrt3	0.489	0.236	0.588	972	0.151827160479645
Gab3	0.361	-0.121	0.402	595	0.141013300154358
Mcmbp	0.436	0.129	0.532	642	0.156379107436782
Mkx	0.453	0.177	0.561	354	0.153640271034995
Kcnk12	0.785	0.865	0.926	430	0.16901891641759
Themis	0.364	-0.119	0.4	636	0.148175772853854
Ppp1r36	0.414	0.076	0.503	411	0.154266928861716
Brcc3	0.344	-0.149	0.381	291	0.149060592552951
Tbc1d4	0.464	0.197	0.568	1243	0.160871671682235
Unc5d	0.456	0.14	0.541	956	0.158282386617204
Lacc1	0.366	-0.083	0.419	430	0.15756619116443
Zfp947	0.33	-0.344	0.295	437	0.16169274346101
Vmn2r111	0.34	-0.201	0.359	857	0.149110156385742
Ints9	0.503	0.264	0.604	687	0.161793025381862
Adgrb3	0.366	-0.102	0.412	1522	0.151735882176611
4931408C20Rik	0.365	-0.124	0.403	1381	0.150502913845698
Gm597	0.375	-0.093	0.422	896	0.149621944074401
Kbtbd2	0.352	-0.156	0.385	623	0.152968626157085
Bicral	0.465	0.176	0.566	1074	0.153101899776749
Lpcat1	0.487	0.204	0.571	534	0.159774914040578
Fam91a1	0.367	-0.054	0.433	837	0.149149564436869
Sepsecs	0.386	-0.006	0.458	504	0.161299769255231
Trim41	0.506	0.253	0.601	630	0.165802408192824
Alkbh1	0.445	0.113	0.525	389	0.154933250254243
Lzts1	0.571	0.394	0.675	599	0.16701715670013
D130040H23Rik	0.341	-0.065	0.418	405	0.13576312175173
Marchf11	0.463	0.214	0.578	400	0.153512500561002
Churc1	0.47	0.125	0.533	112	0.171445283772427
Lrtm2	0.559	0.409	0.679	370	0.170715156648551
Gm382	0.293	-0.372	0.268	1250	0.144592879564565
Vmn2r15	0.324	-0.236	0.335	855	0.144698083397006
Lrrc25	0.529	0.332	0.639	297	0.164335877269396
Cpne9	0.549	0.34	0.649	553	0.160804579179607
Mtrf1	0.35	-0.105	0.4	446	0.150745281805021
Kbtbd7	0.47	0.168	0.556	690	0.160239560319849
Cln5	0.413	0.04	0.491	341	0.145734566043468
Fbxw13	0.378	-0.037	0.437	466	0.149484556132124
Nrg1	0.45	0.093	0.521	700	0.154881230786886
Ncoa7	0.38	-0.077	0.43	943	0.154094553072192
Pank3	0.323	-0.231	0.34	370	0.147938591010049
6720489N17Rik	0.421	0.146	0.54	106	0.157387012973926
Amer3	0.486	0.17	0.563	780	0.160915417242201
Suox	0.411	-0.014	0.459	546	0.1507161747143
Mtss1	0.52	0.264	0.61	759	0.158717925802438
Pla2g4b	0.561	0.395	0.675	791	0.165884155138753
Exoc3	0.444	0.135	0.532	755	0.161487905161239
Kcnh8	0.418	0.072	0.501	1102	0.154805833270059
Or2y8	0.453	0.189	0.555	311	0.156596403574754
Kcnj14	0.558	0.351	0.652	434	0.166604212864968
Efhb	0.344	-0.188	0.368	853	0.1471254010865
Tsga10	0.375	-0.045	0.433	697	0.163378020236364
Ado	0.732	0.753	0.867	256	0.170113616259431
Tmem87a	0.336	-0.136	0.386	560	0.145903088682793
Odad1	0.539	0.37	0.66	658	0.166588828056617
Nomo1	0.537	0.364	0.661	1214	0.16377942864669
Tifa	0.413	0.022	0.486	184	0.147682085518222
Ap1ar	0.462	0.196	0.571	298	0.162634954855309
Mrgprf	0.583	0.491	0.722	343	0.160039888902895
Mrgprd	0.554	0.461	0.705	321	0.156060122556997
Tfdp2	0.363	-0.112	0.407	386	0.149504336031382
Ptchd1	0.403	0.077	0.503	888	0.14900611526067
Plac9	0.495	0.294	0.619	108	0.161328872898423
Fancd2	0.413	0.072	0.5	1450	0.159698120150964
Wwc1	0.55	0.362	0.658	1104	0.164674626937673
Cspp1	0.336	-0.21	0.349	1197	0.14640740887965
Mgst2	0.418	0.094	0.507	147	0.152018068758317
Arfgef1	0.319	-0.241	0.334	1846	0.147099691800127
Pcdh9	0.412	0	0.47	1237	0.15449406145226
Vstm2a	0.415	0.094	0.522	236	0.158391603275572
Trib1	0.538	0.403	0.678	372	0.157179046888289
Mfsd9	0.466	0.286	0.613	466	0.147985772950104
Depdc7	0.383	-0.009	0.46	511	0.153903563723104
Asap2	0.516	0.286	0.62	1000	0.16736959301192
Dennd6a	0.363	-0.08	0.418	605	0.150442893214473
Dsg1c	0.352	-0.184	0.367	911	0.14651258046701
Ccdc73	0.303	-0.332	0.294	1066	0.146084543416968
Plekhh1	0.504	0.254	0.602	1356	0.164012914915448
Pde12	0.503	0.315	0.635	608	0.162728754919487
Spsb4	0.589	0.473	0.714	273	0.164280783702128
Asxl3	0.387	-0.1	0.421	2204	0.151539789536516
Zfyve26	0.482	0.239	0.589	2529	0.16215737794601
Tmem18	0.471	0.315	0.623	140	0.152735788659328
Hk3	0.515	0.293	0.619	922	0.164652675964437
Clrn3	0.462	0.224	0.58	226	0.150398626352276
Syne3	0.577	0.458	0.704	975	0.170684729778444
Trim52	0.452	0.069	0.502	233	0.151660823477488
Tmem60	0.321	-0.047	0.417	133	0.148660878747511
Rln3	0.553	0.419	0.687	141	0.172370191539411
Inpp5a	0.518	0.32	0.64	422	0.16348011829502
Nhlrc3	0.396	0.037	0.488	347	0.150399403917336
Dcaf15	0.554	0.366	0.663	638	0.161438735788232
Proser1	0.441	0.053	0.505	913	0.145529228626985
Cc2d1a	0.527	0.277	0.612	943	0.163485500196341
Ccdc191	0.391	-0.02	0.449	883	0.163441501864642
8030462N17Rik	0.385	-0.116	0.415	399	0.153761743883668
Gsap	0.392	0.026	0.471	858	0.153254120727627
Zswim4	0.556	0.372	0.659	1101	0.164148765163875
Ubxn10	0.537	0.389	0.674	277	0.153790316171848
Wdr25	0.491	0.179	0.565	535	0.160960096234785
Zfp748	0.37	-0.204	0.372	888	0.171676573565543
Zfp729a	0.353	-0.211	0.364	973	0.165691867344212
Arap2	0.355	-0.117	0.404	1703	0.151385072768582
Mapre2	0.468	0.159	0.557	326	0.161284443259365
Fam149a	0.43	0.065	0.504	787	0.143019239669764
Mms22l	0.321	-0.156	0.374	1238	0.146301012555088
Klhl32	0.444	0.153	0.543	620	0.15902385173984
Lcor	0.356	-0.151	0.391	433	0.146641937288716
Ccdc110	0.427	0.108	0.524	848	0.15961018669119
Frat2	0.63	0.68	0.828	231	0.161744106323256
AA986860	0.494	0.177	0.566	606	0.160060612289619
Lactb2	0.367	-0.054	0.429	288	0.153750888950826
9330159F19Rik	0.361	-0.171	0.379	648	0.151073455608234
Fam193b	0.527	0.242	0.603	778	0.164137940730436
Paox	0.488	0.221	0.584	504	0.155607790235724
Mtg1	0.476	0.228	0.58	326	0.162644995541789
Spice1	0.405	0.002	0.467	860	0.151533140709216
Efcab12	0.494	0.235	0.587	673	0.161688947169738
Cfap44	0.407	0.055	0.495	1843	0.159348858867202
Sprn	0.494	0.242	0.593	147	0.166947434686482
Trmt1	0.486	0.178	0.561	663	0.16694318601206
Sh3bgrl2	0.512	0.276	0.621	107	0.159672330353439
Gm266	0.77	0.828	0.907	200	0.17477115783416
Rho	0.644	0.563	0.768	348	0.165206354227107
Nepro	0.385	0.012	0.467	564	0.158241018544745
Slc66a1	0.61	0.502	0.73	293	0.161752508349474
Zfp273	0.354	-0.273	0.333	501	0.167104460008223
Prpsap2	0.432	0.082	0.503	369	0.16184887960165
Iffo2	0.645	0.579	0.775	512	0.173568688627322
Aldh4a1	0.59	0.445	0.705	562	0.168050147745709
Catsper2	0.402	0.039	0.478	588	0.148802468900047
Mars2	0.456	0.195	0.567	586	0.155659689051351
N4bp3	0.556	0.356	0.651	537	0.164565263177452
Satb2	0.498	0.255	0.602	733	0.160686305189692
Tarbp1	0.484	0.268	0.603	1579	0.16496225266441
Bicdl2	0.507	0.315	0.624	507	0.160630458347598
Arl14ep	0.38	-0.085	0.419	276	0.168606316080459
Chpt1	0.338	-0.067	0.423	406	0.143187359941435
Ddx46	0.399	-0.01	0.457	1032	0.162102916866899
Rsph4a	0.365	-0.191	0.375	716	0.150256101435011
Dse	0.421	0.035	0.486	958	0.153147537667902
Kctd7	0.582	0.465	0.713	289	0.160869548740676
Pm20d1	0.465	0.192	0.566	503	0.153333064013418
Tifab	0.577	0.464	0.708	147	0.15694241537291
Tent5a	0.526	0.341	0.647	447	0.16796843008383
Mageb11	0.37	-0.119	0.403	330	0.152756599411832
Pgghg	0.512	0.258	0.605	690	0.157026984617883
Slc45a3	0.549	0.4	0.674	553	0.162612101983521
Scfd2	0.48	0.246	0.595	684	0.16361981705489
Best2	0.539	0.391	0.671	508	0.160181880692749
Galnt17	0.513	0.303	0.622	598	0.164816026398179
BC016579	0.405	0.076	0.502	218	0.150876774162907
Tnpo2	0.571	0.406	0.679	897	0.173544802532677
Ifitm6	0.472	0.245	0.592	104	0.165906832898128
Mfsd4a	0.585	0.486	0.722	512	0.161519663937503
Zfp583	0.348	-0.225	0.354	568	0.155723624298316
Abhd10	0.344	-0.105	0.401	297	0.154043006438736
Pdlim2	0.552	0.318	0.636	349	0.162511882798531
Evi5l	0.564	0.433	0.693	813	0.164602145505328
Aox2	0.447	0.127	0.533	1345	0.161484129827997
Slc39a14	0.559	0.406	0.682	489	0.168221729533644
Gabpb2	0.395	-0.041	0.448	414	0.155987503505006
Hycc2	0.338	-0.182	0.367	586	0.141641382803383
Tmem71	0.397	-0.017	0.453	287	0.150098195516788
Wdr19	0.432	0.069	0.501	1341	0.16244230634464
Cdkl3	0.362	-0.113	0.404	610	0.152495554008641
Phf3	0.352	-0.21	0.364	2025	0.152192012235193
Itga10	0.437	0.132	0.533	1166	0.152940482097147
Ankrd35	0.482	0.223	0.582	996	0.168554943257294
Prss27	0.556	0.387	0.671	328	0.17353348139331
Il20rb	0.501	0.308	0.633	308	0.1579911152295
Rnf26	0.501	0.319	0.623	424	0.164006184354387
Tapbpl	0.496	0.252	0.599	451	0.159030409763432
Zbbx	0.329	-0.292	0.319	716	0.150549953200827
Dnd1	0.527	0.341	0.644	352	0.162402153058342
Fstl5	0.377	-0.094	0.416	847	0.158078562904898
Txndc2	0.474	0.178	0.569	550	0.163906823659867
Fbxl21	0.426	0.146	0.539	460	0.154177485679563
Scyl2	0.362	-0.115	0.406	930	0.14814246837408
Tac1	0.378	-0.015	0.455	130	0.152077540810387
Tac2	0.508	0.279	0.613	116	0.160086477242839
Tacc3	0.43	0.041	0.489	637	0.158266222082095
Gatd1	0.539	0.3	0.627	220	0.16922012726397
Tacr1	0.595	0.421	0.692	407	0.164809365176612
Tacr2	0.596	0.466	0.714	384	0.163263959007403
Tacr3	0.514	0.316	0.633	452	0.156599474998506
Prdm9	0.429	0.042	0.494	847	0.155815697994991
Rassf4	0.465	0.22	0.58	322	0.156216181434483
Depp1	0.493	0.261	0.601	205	0.151186842621302
Taf1b	0.378	-0.058	0.437	586	0.15621355515303
Lemd1	0.458	0.151	0.543	203	0.166708352688281
Taf1c	0.541	0.349	0.649	836	0.156679255524761
Klhdc8a	0.541	0.375	0.667	350	0.160927629275701
Taf6	0.487	0.152	0.549	678	0.161700983609262
Mylk3	0.443	0.102	0.521	795	0.158538232905875
Rtl3	0.442	0.098	0.522	553	0.151247930059908
P2ry10b	0.356	-0.126	0.387	352	0.154917283546904
Gpr174	0.344	-0.128	0.386	335	0.151626107776035
Tent5d	0.304	-0.294	0.306	390	0.141901873182086
Tagln	0.508	0.205	0.58	201	0.169874843086863
Wmp	0.277	-0.424	0.241	516	0.134690150174384
Dstyk	0.484	0.245	0.591	927	0.161929187820157
Tagln2	0.611	0.478	0.722	199	0.178799425546927
Rbbp5	0.379	-0.101	0.415	538	0.15697749499519
Lgi3	0.555	0.379	0.666	548	0.162288247288171
Nudt18	0.507	0.335	0.64	323	0.163264930810036
Tal1	0.572	0.434	0.699	329	0.158131146403681
Szrd1	0.499	0.258	0.6	152	0.151593080259637
Arhgef11	0.476	0.169	0.553	1552	0.155624402552633
Fbxo42	0.445	0.101	0.525	717	0.153445980104025
Tal2	0.478	0.175	0.552	108	0.154936157063016
Taldo1	0.547	0.401	0.68	337	0.174241923063219
Plekhg6	0.513	0.302	0.621	787	0.151373620157464
Pth2r	0.462	0.152	0.547	546	0.163383585142516
Tank	0.334	-0.232	0.341	448	0.146647303764438
Bag2	0.512	0.34	0.642	210	0.17073130611285
Tap1	0.52	0.372	0.658	724	0.159915733937715
Ythdf2	0.382	-0.177	0.386	579	0.153241335373882
Tap2	0.541	0.413	0.68	702	0.162582861930173
Dis3l	0.467	0.198	0.569	1053	0.162185267865007
Plekhh2	0.43	0.111	0.525	1491	0.158411625356252
Tapbp	0.546	0.365	0.661	466	0.159578172327101
Tarbp2	0.497	0.212	0.582	365	0.170147319746405
Cracr2b	0.523	0.333	0.637	394	0.165976310256674
Dync2li1	0.404	0.032	0.481	351	0.157035942695798
Map9	0.378	-0.085	0.426	646	0.15431556665513
Slc44a3	0.427	0.116	0.522	656	0.154833613804154
Arhgef19	0.585	0.46	0.708	802	0.161862907472821
Slc6a6	0.504	0.308	0.626	621	0.160592682895302
Cntn2	0.523	0.274	0.614	1040	0.159365734780223
9530068E07Rik	0.537	0.299	0.628	259	0.169604010389391
Duoxa1	0.563	0.363	0.656	341	0.164506263588465
Tbca	0.393	-0.009	0.456	108	0.166105478929389
Tbl1x	0.39	-0.077	0.433	527	0.155013826738168
Tbp	0.365	-0.127	0.399	316	0.147647080505687
Tbr1	0.593	0.483	0.729	681	0.160787515185407
Zfp598	0.562	0.336	0.648	908	0.169207562843125
Tbrg1	0.484	0.133	0.54	406	0.167325717912794
Prepl	0.408	0.02	0.476	725	0.159109097025191
Nutm1	0.379	-0.098	0.416	1126	0.151550904752619
Tbl3	0.503	0.244	0.593	801	0.166363628434418
Plekhg1	0.444	0.112	0.526	1390	0.153907056585818
Chrm5	0.493	0.26	0.604	532	0.161489283605053
Tbrg4	0.556	0.401	0.675	630	0.163478462110753
Tbx1	0.635	0.536	0.757	488	0.163602898241523
Casd1	0.371	-0.044	0.435	797	0.152705145938033
Arcn1	0.356	-0.148	0.387	511	0.153147600446495
Tbx15	0.454	0.061	0.506	602	0.152367461107834
Tbx2	0.632	0.542	0.757	711	0.162679600324969
Tbx3	0.538	0.347	0.655	741	0.158272297048369
Tbx4	0.616	0.462	0.717	552	0.16553559577155
Tbx5	0.55	0.322	0.645	518	0.158920399873279
Tbx6	0.513	0.177	0.564	436	0.15748976916635
Bms1	0.411	-0.01	0.464	1284	0.162069743806217
Tbxa2r	0.604	0.586	0.773	341	0.154232644811659
Tbxas1	0.467	0.187	0.559	533	0.154873728868349
Tcap	0.631	0.517	0.739	167	0.165935014429591
Col28a1	0.367	-0.198	0.37	1141	0.153848121751119
Atg9b	0.537	0.366	0.657	922	0.151771177301064
Fam83f	0.566	0.407	0.683	495	0.164464556527586
Fbxw10	0.455	0.174	0.557	1025	0.157691721743293
Tnrc6b	0.42	-0.059	0.452	1810	0.152892868956572
Tmem82	0.535	0.431	0.687	356	0.152215455021559
Tcea1	0.336	-0.278	0.32	312	0.152307985880934
Agap3	0.597	0.449	0.706	910	0.164861116738381
Ccdc186	0.363	-0.077	0.421	917	0.158646796765694
Tcea2	0.509	0.217	0.579	299	0.174130335714026
Tcea3	0.518	0.29	0.62	347	0.170771412760718
Skp1	0.349	-0.236	0.346	163	0.164212832146439
Larp1b	0.377	-0.13	0.394	335	0.148984225914134
Hnf1a	0.61	0.514	0.743	628	0.158255990037945
Megf11	0.551	0.26	0.614	1095	0.191811038804504
Tcf12	0.366	-0.165	0.385	706	0.137624623680586
Dnajc16	0.544	0.363	0.659	772	0.159792402529246
Tcf15	0.72	0.771	0.876	195	0.174596304171182
Zfp354a	0.369	-0.136	0.398	573	0.156443875350286
Slc18a2	0.471	0.202	0.569	517	0.159752823140107
Hnf1b	0.573	0.454	0.712	558	0.157232462208267
Sox30	0.488	0.191	0.571	782	0.149400002760744
4933430I17Rik	0.394	-0.026	0.452	495	0.154193816115245
Tcf20	0.4	-0.117	0.416	1987	0.152462111808607
Slc24a1	0.444	0.088	0.515	1130	0.152932483774204
Nipal4	0.511	0.345	0.647	406	0.161704711729504
Tcf21	0.628	0.533	0.751	179	0.177376732373292
Tcf4	0.444	0.084	0.518	670	0.150603368823689
Tet2	0.394	-0.084	0.432	1920	0.151763260719947
Arhgap29	0.343	-0.177	0.371	1266	0.148395862168241
Tcf7	0.519	0.224	0.591	303	0.155929167265967
Tcf7l1	0.558	0.342	0.653	599	0.15862984808225
Ago3	0.357	-0.14	0.391	860	0.147160410044584
Trim38	0.415	0.017	0.478	471	0.163158274721014
Tcf7l2	0.481	0.233	0.594	598	0.150633547722295
Kmt2a	0.437	0.05	0.498	3963	0.15584615036737
Zeb1	0.414	-0.02	0.467	1117	0.161325363532498
Tfap2a	0.525	0.395	0.677	437	0.156096899064534
Scgn	0.419	0.017	0.469	276	0.163272877305273
Tfap2b	0.467	0.257	0.603	459	0.149479871171486
Ttc24	0.48	0.174	0.559	334	0.16029411827652
Tfap2c	0.513	0.347	0.651	488	0.157482457793545
Tfcp2	0.482	0.208	0.577	502	0.156873097090977
Tcf3	0.568	0.405	0.686	653	0.154729384292476
Pak6	0.573	0.384	0.67	682	0.162396492541167
Ccdc9b	0.466	0.128	0.537	545	0.157457691933479
Disp2	0.502	0.284	0.614	1345	0.155792949425651
Tfeb	0.625	0.496	0.733	534	0.165547888136228
Etnk2	0.551	0.365	0.66	385	0.16753361055014
Nudt15	0.406	0.016	0.481	170	0.160852485771483
Tfec	0.358	-0.131	0.39	317	0.158154231458935
Vps72	0.488	0.201	0.575	368	0.161193829817818
Mlx	0.509	0.296	0.628	298	0.168029642301747
Ubtf	0.589	0.395	0.68	764	0.181005732499465
Tut7	0.391	-0.059	0.435	1474	0.158793141592508
Syna	0.464	0.273	0.607	617	0.148456640040872
Crygn	0.663	0.596	0.786	183	0.173059846737188
Hhipl1	0.608	0.486	0.724	791	0.168896091762563
Tcl1	0.467	0.172	0.551	193	0.156520615258884
Gm4787	0.327	-0.275	0.322	748	0.15528206145668
Lrrc1	0.409	0.157	0.536	524	0.155739666136465
Tmem51	0.554	0.398	0.678	249	0.160666373034088
Myocd	0.496	0.216	0.586	983	0.156343993113972
Cfhr4	0.316	-0.342	0.292	879	0.152729815946561
Parp16	0.568	0.445	0.7	322	0.163208101410909
Cilp	0.506	0.236	0.594	1250	0.164680976100664
Cdk5rap2	0.431	0.115	0.526	1822	0.162699160754082
Fnbp1l	0.351	-0.178	0.375	609	0.15253839502521
Fam168b	0.461	-0.031	0.472	206	0.148079090132432
Uqcc4	0.544	0.42	0.688	136	0.159583873790251
Cdc73	0.32	-0.245	0.331	531	0.145510842655054
Gnptg	0.527	0.34	0.646	307	0.162718884646956
Tcn2	0.485	0.288	0.614	430	0.157651735599946
Tmprss4	0.515	0.269	0.612	435	0.168459307835161
Tcof1	0.507	0.189	0.582	1356	0.168539832847971
Tmprss13	0.515	0.242	0.595	548	0.16000374685873
Tcp1	0.348	-0.16	0.375	556	0.16215200678018
She	0.578	0.445	0.706	492	0.167472780877305
Cep164	0.517	0.304	0.627	1333	0.168450460098954
Gm136	0.435	0.043	0.49	328	0.169068952898609
Prmt7	0.507	0.24	0.595	692	0.166355261053975
Tdrd5	0.384	-0.05	0.439	1040	0.154191458169262
Aldh5a1	0.49	0.268	0.612	523	0.16215956630202
Pstk	0.381	-0.007	0.454	359	0.158421851909404
Spg11	0.423	0.1	0.514	2430	0.158561917441096
Duox2	0.55	0.368	0.66	1517	0.15994239098634
Sidt2	0.578	0.465	0.711	853	0.16423632472068
Slc10a3	0.45	0.203	0.564	473	0.147995202231613
Tcp10a	0.47	0.109	0.53	438	0.162559797646112
Tcp10b	0.472	0.107	0.53	438	0.162224421462031
Tent4b	0.421	0.11	0.53	680	0.149371361857513
Tcp11	0.56	0.471	0.716	567	0.160038791704324
4930486L24Rik	0.393	-0.09	0.426	333	0.157289840954683
Cped1	0.377	-0.03	0.445	1026	0.150201079181904
Slc25a29	0.572	0.435	0.696	306	0.164537753434709
L3mbtl2	0.524	0.283	0.62	739	0.167299158897562
Chadl	0.667	0.678	0.823	748	0.16568269029969
Iqub	0.358	-0.103	0.404	788	0.149573062514729
Rcor3	0.446	0.056	0.502	551	0.157570115221669
Cgas	0.404	0.034	0.481	507	0.151506940915863
Edrf1	0.392	-0.019	0.456	1240	0.159175781193933
Mmp21	0.474	0.19	0.566	568	0.150367623335287
Zfp879	0.45	0.139	0.545	563	0.164161211337965
Sertad4	0.464	0.135	0.544	377	0.161264188550429
Syde2	0.465	0.218	0.581	1314	0.156881431315245
Zfp609	0.488	0.175	0.57	1413	0.160179649860425
Neurl3	0.569	0.443	0.702	254	0.168926810839798
Arid5a	0.54	0.27	0.615	619	0.162726274420754
Lman2l	0.497	0.306	0.625	358	0.151649999170377
Csnk1g1	0.356	-0.135	0.392	459	0.145537339632628
Kdm5a	0.348	-0.183	0.37	1690	0.153403697276433
Chtf18	0.514	0.291	0.617	969	0.160271002676214
Antkmt	0.469	0.21	0.573	229	0.161633306584054
Slc39a2	0.42	0.085	0.508	309	0.156484441501463
Fbxl16	0.541	0.367	0.658	479	0.167470426824556
Hdhd5	0.493	0.268	0.604	419	0.161693068366256
Mob3b	0.574	0.424	0.693	216	0.17309847774007
Rhbdl1	0.6	0.458	0.706	373	0.164044995029938
Rhot2	0.551	0.37	0.663	620	0.162853823606912
Sema6d	0.44	0.099	0.523	1073	0.153859104174661
Chtf8	0.482	0.23	0.585	121	0.161099411392658
Wfikkn1	0.53	0.26	0.609	552	0.176317840307695
Vezt	0.427	0.082	0.506	784	0.155814826076313
Fam20b	0.433	0.092	0.51	409	0.160592129825793
Prl3d2	0.351	-0.203	0.346	223	0.157264758948686
Prl3d3	0.354	-0.197	0.35	223	0.156717033458857
Vgll2	0.63	0.483	0.732	322	0.161257432207152
Bud13	0.417	-0.048	0.444	637	0.153423449501525
Trim50	0.578	0.415	0.685	483	0.172808360749689
Slc35f1	0.466	0.254	0.594	408	0.149351876841324
Maneal	0.614	0.499	0.732	452	0.156475995941578
Astl	0.412	0.063	0.496	435	0.143403673928434
Slc43a2	0.574	0.434	0.694	568	0.168070732131264
Hip1	0.54	0.354	0.654	1029	0.171012383592845
Rhbdd2	0.585	0.431	0.695	361	0.154282612082568
Utp25	0.465	0.161	0.553	768	0.158471285305819
Kri1	0.565	0.355	0.66	705	0.174747878904149
Trmt2b	0.404	0.012	0.47	493	0.15661979879814
Tmem120a	0.621	0.556	0.759	343	0.162369520567661
Traf3ip3	0.48	0.24	0.591	513	0.167543651689251
Il36g	0.397	-0.085	0.426	193	0.153354214134842
Il1f10	0.485	0.186	0.565	152	0.162515019222267
Wipf1	0.444	-0.018	0.464	493	0.13713141741567
Camk1g	0.535	0.307	0.631	477	0.168104065838214
Slc36a3	0.583	0.467	0.71	477	0.158850778063848
Slc36a1	0.599	0.487	0.721	475	0.162324116063354
Senp6	0.32	-0.27	0.325	1139	0.15043489633493
Brinp3	0.416	0.055	0.488	766	0.153037656732422
Fcgbp	0.521	0.225	0.595	2583	0.182441252412469
Ncaph	0.437	0.027	0.487	731	0.162472713640747
Csrnp1	0.544	0.327	0.642	583	0.165161682992118
Slc35e3	0.526	0.435	0.694	313	0.153375677921351
Rab11fip3	0.566	0.384	0.672	1092	0.17418048132116
Entpd3	0.519	0.287	0.622	529	0.159347699729745
Rap1b	0.333	-0.147	0.388	184	0.153524208604055
Gpat2	0.482	0.262	0.598	801	0.157366220993968
Sec22c	0.528	0.36	0.654	303	0.166623523471465
Prr14l	0.366	-0.167	0.383	1971	0.156340201649568
A3galt2	0.53	0.327	0.636	370	0.160269624715195
Pomgnt2	0.605	0.509	0.734	580	0.160387887245163
Fam117a	0.544	0.335	0.648	451	0.160065160621213
Rnpep	0.531	0.32	0.639	650	0.162422326120924
Zbtb8b	0.538	0.333	0.645	484	0.173275520538049
Psd4	0.471	0.141	0.543	1005	0.158238047061701
Mageb18	0.402	-0.127	0.407	327	0.157582708804148
Rassf2	0.555	0.392	0.671	326	0.158260865804038
Cdh12	0.356	-0.137	0.392	794	0.147962905754002
Nav1	0.541	0.353	0.656	1875	0.158172960055955
Zmat1	0.341	-0.273	0.333	647	0.148716208739993
Arrdc1	0.534	0.267	0.612	434	0.16171576886482
Ccdc92	0.619	0.469	0.715	314	0.16682525467449
Miga1	0.382	-0.023	0.453	600	0.155021579710458
Mfsd6l	0.477	0.271	0.606	586	0.153184408681597
Cnksr3	0.511	0.285	0.616	555	0.160753810365116
Ginm1	0.366	-0.003	0.461	328	0.149019354984091
Phactr2	0.408	0.008	0.472	563	0.149400249699702
Adgrg6	0.408	0.035	0.484	1165	0.154265315327816
Ccdc28a	0.432	0.126	0.536	184	0.157383659601372
Nhsl1	0.46	0.108	0.53	1587	0.152236702310284
Arfgef3	0.493	0.249	0.597	2170	0.163105689675049
Taar5	0.52	0.34	0.64	337	0.15736721455629
Taar6	0.446	0.161	0.552	345	0.159208488950191
Taar7a	0.458	0.125	0.529	358	0.159640414167421
Taar8a	0.401	0.017	0.474	344	0.154655512564846
Clvs2	0.406	-0.003	0.455	327	0.152231393867752
Sult3a2	0.313	-0.257	0.324	293	0.143901287167944
Calhm6	0.538	0.381	0.669	313	0.171430160149668
Rfpl4b	0.341	-0.121	0.394	266	0.157032710991792
Mfsd4b5	0.41	0.055	0.495	479	0.153050514122601
Mfsd4b1	0.428	0.09	0.51	425	0.153965533090661
Afg1l	0.414	0.085	0.507	480	0.153532585696479
Mcu	0.471	0.313	0.627	350	0.157234444286244
Micu1	0.487	0.196	0.573	483	0.163359751207529
Lrrc20	0.575	0.456	0.702	184	0.166529149481663
Hkdc1	0.571	0.426	0.691	915	0.173081039500269
Stox1	0.429	0.065	0.504	990	0.155287401110765
Lrrtm3	0.467	0.251	0.592	582	0.152136246861885
Ctnna3	0.418	0.072	0.499	895	0.16146604656542
Zfp365	0.509	0.288	0.619	408	0.164016364879829
Ube2d1	0.399	-0.011	0.461	147	0.149159526891931
Ybey	0.46	0.185	0.556	164	0.161112062204342
Trappc10	0.49	0.222	0.585	1258	0.163289576052997
Pdxk	0.589	0.438	0.702	312	0.173039497992104
Ilvbl	0.471	0.211	0.575	632	0.162909996454308
Vmn2r81	0.329	-0.21	0.344	865	0.145829975280853
Shc2	0.583	0.453	0.708	573	0.166386212965634
Cdc34	0.703	0.676	0.829	235	0.17392818313409
Polrmt	0.606	0.504	0.733	1207	0.166496684242732
Plppr3	0.555	0.316	0.637	716	0.166081321813369
Med16	0.637	0.554	0.759	865	0.170355124982552
Wdr18	0.606	0.488	0.724	431	0.170527596795616
Tmem259	0.635	0.575	0.771	574	0.155659475231754
Sbno2	0.579	0.409	0.683	1349	0.16306138857141
Plk5	0.58	0.445	0.699	599	0.158342605128287
Abhd17a	0.655	0.538	0.752	310	0.170837581856887
AU041133	0.305	-0.455	0.237	498	0.154694533809723
Aldh1l2	0.467	0.167	0.557	923	0.165066866891167
Appl2	0.434	0.098	0.517	662	0.158520336969907
Ckap4	0.602	0.551	0.76	575	0.169054920864539
Tcp11l2	0.409	0.042	0.485	517	0.161216070519193
Slc5a8	0.384	0.024	0.474	611	0.147041452922759
Slc17a8	0.442	0.107	0.524	601	0.160691121321293
Socs2	0.398	0.045	0.487	198	0.150856127892565
Eea1	0.353	-0.084	0.422	1411	0.162621527311826
Cep290	0.305	-0.226	0.337	2479	0.153424485634215
Alx1	0.455	0.138	0.545	326	0.156687677788221
Mettl25	0.398	-0.006	0.461	600	0.165255154356815
Tph2	0.455	0.162	0.553	488	0.15974778017643
Rab21	0.423	0.124	0.535	222	0.173264375157684
Zfc3h1	0.348	-0.15	0.386	1992	0.149474880028884
Tspan8	0.399	-0.022	0.447	235	0.168752388111915
Rab3ip	0.439	0.092	0.518	428	0.164024039384771
D930020B18Rik	0.454	0.18	0.556	626	0.159676200148826
Rxylt1	0.359	-0.061	0.429	444	0.151291251311322
Marchf9	0.621	0.598	0.783	348	0.162061856652512
Agap2	0.537	0.351	0.653	1186	0.157203197813456
Os9	0.505	0.261	0.605	672	0.166461630544653
Slc26a10	0.491	0.315	0.627	684	0.155584891389414
Mars1	0.468	0.164	0.549	910	0.162389821368366
Arhgap9	0.498	0.324	0.632	473	0.156705915071683
Tcte1	0.601	0.512	0.735	498	0.167747500510069
Rdh19	0.511	0.294	0.617	318	0.163036143872006
Rdh16f2	0.49	0.256	0.595	318	0.164622844911348
Gls2	0.544	0.369	0.664	602	0.170048678522946
Myl6b	0.566	0.372	0.668	207	0.17785498613933
Dynlt2a1	0.315	-0.241	0.335	191	0.146287129976836
Dynlt1b	0.484	0.232	0.598	113	0.164563098412773
Pik3ip1	0.585	0.396	0.68	264	0.175253005307011
Ccdc157	0.573	0.411	0.683	718	0.17107963495714
Phf1	0.492	0.238	0.592	559	0.159181759243651
Ccm2	0.517	0.303	0.626	453	0.161886347460048
Cep68	0.428	0.036	0.489	733	0.156649173167229
Aftph	0.353	-0.25	0.347	931	0.15006739804385
Lgalsl	0.42	0.086	0.509	172	0.158883288252871
Ugp2	0.321	-0.241	0.333	508	0.145112816088669
Wdpcp	0.379	-0.024	0.443	722	0.153403642600984
Ehbp1	0.368	-0.124	0.404	1231	0.155270722847836
Papolg	0.298	-0.33	0.286	739	0.140242835031997
Ccdc85a	0.482	0.179	0.564	545	0.159293255257461
Efemp1	0.396	-0.088	0.426	493	0.162515950989363
Cfap36	0.344	-0.16	0.38	343	0.152374108554199
Fem1al	0.62	0.504	0.733	654	0.174549440132744
Hbq1a	0.51	0.22	0.586	145	0.173587491736331
Phlda1	0.601	0.532	0.751	405	0.155120453265833
Gabrp	0.464	0.235	0.586	440	0.147479689348242
Tdg	0.44	0.038	0.496	421	0.164924027946522
Tdgf1	0.439	0.113	0.53	171	0.167155158209154
Clint1	0.447	0.097	0.527	641	0.152925278839302
Prdx2	0.548	0.332	0.646	198	0.168755336448723
Rufy1	0.482	0.289	0.617	712	0.170860013006572
Adamts2	0.582	0.414	0.688	1213	0.170143460236937
Dntt	0.438	0.121	0.527	530	0.158089121518374
Acsl6	0.485	0.258	0.602	722	0.162682685042683
Sry	0.636	0.461	0.722	395	0.172495176726584
Fnip1	0.329	-0.237	0.341	1165	0.149099654094125
Nmur2	0.505	0.335	0.641	395	0.152282768183458
Tead1	0.44	0.133	0.539	436	0.155094048006909
Mfap3	0.437	0.101	0.518	349	0.153409066899481
Gemin5	0.438	0.109	0.525	1503	0.159620192345405
Mrpl22	0.421	0.116	0.518	206	0.160110954127324
Tead2	0.57	0.396	0.679	445	0.160758281974591
Tead3	0.605	0.496	0.733	465	0.160201143320977
Trim58	0.568	0.415	0.684	485	0.169969149127086
Or2ak7	0.48	0.255	0.596	306	0.155028717635275
Tead4	0.573	0.393	0.677	427	0.161743102185244
Iba57	0.548	0.412	0.684	358	0.160778841560321
Wnt9a	0.625	0.485	0.724	365	0.181919995199071
Prss38	0.444	0.162	0.546	322	0.15395989654397
Nlrp3	0.499	0.296	0.618	1033	0.17013720968229
Flcn	0.555	0.383	0.672	579	0.164307580449083
Alyref	0.488	0.206	0.573	255	0.160388361780237
Tom1l2	0.476	0.193	0.568	507	0.155449798954911
Tec	0.401	0.004	0.468	630	0.155512278420888
Dhrs7b	0.488	0.226	0.584	323	0.163904810130382
Tmem11	0.583	0.432	0.694	190	0.175151429913981
Usp22	0.561	0.4	0.68	525	0.17384156704327
Mmgt2	0.432	0.147	0.542	123	0.14715626173008
Tecta	0.536	0.321	0.642	2155	0.17361408383454
Arhgap44	0.527	0.282	0.619	764	0.165168322263054
Usp43	0.498	0.273	0.611	1132	0.153984200960446
Tectb	0.523	0.342	0.652	329	0.162514971185337
Cntrob	0.499	0.245	0.592	887	0.158005345563527
Chd3	0.534	0.307	0.631	2055	0.170610749235765
Tef	0.62	0.484	0.727	301	0.171075925466067
Kdm6b	0.532	0.26	0.609	1641	0.155833863815074
Wrap53	0.476	0.168	0.56	532	0.155113634097501
Nlgn2	0.595	0.461	0.713	836	0.159628326261487
Kctd11	0.489	0.237	0.584	232	0.150566958943525
Acap1	0.474	0.18	0.559	740	0.166372246726542
Neurl4	0.493	0.228	0.588	1563	0.160135059215745
Mgl2	0.482	0.234	0.589	332	0.165664227819141
Arrb2	0.552	0.364	0.661	421	0.160995227602711
Tek	0.407	0.009	0.47	1123	0.15889030308689
Gltpd2	0.486	0.315	0.627	321	0.15046037780553
Spag7	0.515	0.258	0.607	227	0.170429954744811
Camta2	0.5	0.211	0.578	1208	0.158350145350672
Dhx33	0.479	0.244	0.591	698	0.158269934241218
Wscd1	0.563	0.385	0.668	572	0.162881714909195
Tekt1	0.549	0.363	0.654	418	0.176592263344988
Spns2	0.548	0.41	0.682	549	0.163253179531538
Coro6	0.532	0.317	0.633	471	0.159163242116663
Git1	0.541	0.336	0.644	770	0.163352881577045
Trp53i13	0.467	0.218	0.576	385	0.148618961005769
Taok1	0.33	-0.21	0.35	1001	0.14785884425333
Fam222b	0.53	0.25	0.604	562	0.159508920489383
Proca1	0.416	-0.01	0.472	220	0.159940813817807
Evi2b	0.328	-0.341	0.294	444	0.139758963332763
Utp6	0.4	0.002	0.462	597	0.159339437825656
Adap2	0.507	0.294	0.62	381	0.164655263984774
Nle1	0.564	0.424	0.692	485	0.166348202828031
Unc45b	0.579	0.435	0.694	929	0.180767236109588
Heatr6	0.443	0.171	0.555	1184	0.160025327899187
Synrg	0.43	0.019	0.487	1138	0.154647492390812
Tada2a	0.405	0.008	0.465	443	0.158912507285614
Mrm1	0.531	0.418	0.682	320	0.16238780193733
Ggnbp2	0.337	-0.231	0.346	698	0.159516765955096
Ptrh2	0.354	-0.124	0.399	181	0.158134369444701
Trim25	0.572	0.408	0.688	634	0.176644425261937
Gm525	0.545	0.314	0.628	90	0.167116706788754
Hlf	0.556	0.398	0.677	295	0.157109367351266
Utp18	0.371	-0.073	0.429	552	0.148849982826863
Spata20	0.535	0.317	0.636	790	0.163214860458049
Xylt2	0.568	0.397	0.676	865	0.162091717692738
Ppp1r9b	0.619	0.517	0.744	817	0.167702822185192
Samd14	0.588	0.421	0.692	417	0.158528258553772
Kat7	0.441	0.084	0.51	611	0.156358938942931
Prr15l	0.48	0.163	0.562	100	0.163809772298685
Scrn2	0.553	0.361	0.659	425	0.164284160295799
Gpr179	0.468	0.166	0.558	2293	0.160471764448663
Cisd3	0.504	0.195	0.571	137	0.160876875878098
Arl5c	0.509	0.331	0.639	179	0.163171145776499
Stac2	0.561	0.343	0.652	408	0.161860262840909
Nr1d1	0.564	0.357	0.659	615	0.157583786616775
Tns4	0.524	0.275	0.615	696	0.158480729037295
Klhl11	0.42	0.1	0.518	709	0.15794750383127
Plekhh3	0.527	0.34	0.64	796	0.159169346586231
Rundc1	0.55	0.402	0.678	615	0.165118691816387
Tmem106a	0.54	0.326	0.639	261	0.157471879944398
Dhx8	0.484	0.21	0.574	1244	0.162302652193337
Pyy	0.608	0.502	0.729	100	0.157572908083766
Nags	0.564	0.421	0.688	527	0.161732372243822
Hrob	0.461	0.113	0.531	615	0.151517234940076
Asb16	0.529	0.299	0.623	453	0.174502662574741
Atxn7l3	0.483	0.169	0.56	354	0.165035513568952
Fam171a2	0.611	0.555	0.761	822	0.153468360013094
Cdc27	0.311	-0.273	0.322	825	0.144985424046773
Ace3	0.52	0.342	0.645	737	0.162020563581009
Abca8a	0.373	-0.037	0.439	1619	0.149970605524472
Abca9	0.379	0	0.458	1623	0.149980758050453
Abca5	0.338	-0.172	0.369	1642	0.149444944705985
Gpr142	0.501	0.303	0.62	371	0.155886661636971
Cd300a	0.448	0.102	0.518	318	0.154600021458427
Cd300lb	0.423	0.062	0.496	255	0.157241825419645
Cd300ld	0.471	0.16	0.553	221	0.161676791537294
Cd300e	0.445	0.097	0.514	196	0.154650350286174
Hid1	0.576	0.436	0.696	788	0.161380770596591
Slc16a5	0.541	0.424	0.688	468	0.157656476719977
Llgl2	0.584	0.449	0.705	1051	0.161676612013382
Unk	0.573	0.369	0.668	810	0.169788312179194
Trim47	0.608	0.514	0.739	642	0.165721664794042
Fbf1	0.523	0.279	0.616	1173	0.167632466409758
Srp68	0.521	0.317	0.632	625	0.166533280764097
Rnf157	0.552	0.346	0.655	681	0.167185635597931
Qrich2	0.577	0.449	0.703	592	0.167189326317438
Ube2o	0.597	0.443	0.706	1288	0.17288806894623
Rhbdf2	0.624	0.528	0.746	827	0.166839949370235
Tnrc6c	0.468	0.107	0.534	1900	0.155428763577817
Tmc6	0.551	0.419	0.683	810	0.160789492724001
Tmc8	0.595	0.524	0.739	723	0.156289763048911
Engase	0.578	0.44	0.699	734	0.161267664110798
Nploc4	0.474	0.179	0.563	608	0.16260273028649
Lrrc45	0.553	0.416	0.68	670	0.175738825701453
Uts2r	0.577	0.473	0.711	385	0.156395083142824
Cybc1	0.505	0.289	0.617	187	0.15670841140025
Rab40b	0.539	0.377	0.662	279	0.162298013233233
Dnajc27	0.444	0.135	0.54	273	0.162947273133218
Ubxn2a	0.321	-0.281	0.321	258	0.148043258112062
Trib2	0.522	0.297	0.622	343	0.164736710916353
Inmt	0.578	0.402	0.682	264	0.17871336659389
Pqlc3	0.42	0.214	0.568	202	0.150199671056264
Nol10	0.369	-0.031	0.446	687	0.151962931483959
Adad1	0.332	-0.211	0.353	619	0.149278724986855
Trappc12	0.488	0.185	0.568	797	0.157418945150753
Tep1	0.444	0.13	0.531	2629	0.156685395566858
Snx13	0.29	-0.279	0.308	958	0.140261141360512
Ankmy2	0.438	0.031	0.487	440	0.171993053680804
Dgkb	0.406	-0.014	0.46	795	0.161422022338073
Terf1	0.351	-0.122	0.398	421	0.15446790145586
Terf2	0.464	0.174	0.558	540	0.159140603356731
Stxbp6	0.416	0.022	0.48	210	0.160291842646268
Tert	0.5	0.27	0.604	1122	0.156300918296827
Tes	0.544	0.285	0.627	419	0.194849696959179
Tesk1	0.541	0.343	0.647	627	0.15468950027765
Prss39	0.495	0.298	0.622	367	0.160927408382772
G2e3	0.3	-0.297	0.307	739	0.149044157646149
Prss40	0.477	0.2	0.574	365	0.163000896021305
Baz1a	0.364	-0.121	0.397	1552	0.153406584175044
Mbip	0.33	-0.204	0.351	341	0.14872848423416
Slc25a21	0.376	-0.064	0.432	305	0.144135727609601
Morf4l1	0.41	-0.007	0.467	362	0.15822364356875
Psmd2	0.439	0.101	0.517	908	0.162891437490631
Tex2	0.477	0.198	0.574	1128	0.159622719708675
Gm527	0.32	-0.216	0.345	310	0.147461732096302
Mis18bp1	0.299	-0.365	0.273	998	0.144309231889295
Tex261	0.576	0.483	0.72	196	0.152596961990201
Mgat2	0.443	0.17	0.553	442	0.157063628716556
L2hgdh	0.379	-0.031	0.445	464	0.156016341782976
Tex264	0.543	0.309	0.63	309	0.159506559138475
Gphb5	0.522	0.231	0.592	130	0.177166461403309
Plekhd1	0.543	0.41	0.682	505	0.167372446841394
Susd6	0.427	0.04	0.493	302	0.164144348439103
Zfand3	0.551	0.347	0.657	205	0.159508452730318
Sipa1l1	0.488	0.213	0.583	1782	0.155301216916444
Zfyve1	0.512	0.263	0.609	777	0.1717662019172
Acot5	0.545	0.395	0.673	421	0.158800501781214
Ppp2r5d	0.544	0.356	0.654	594	0.160962301254313
Acot6	0.5	0.261	0.6	419	0.158274750438867
Fam161b	0.49	0.2	0.573	589	0.163931788253083
Coq6	0.462	0.189	0.567	476	0.159086586603285
Lin52	0.406	-0.006	0.458	116	0.153017871673321
Utp4	0.397	-0.009	0.459	686	0.148803745634666
Eif2b2	0.55	0.385	0.669	351	0.167146386185681
Mlh3	0.335	-0.206	0.356	1411	0.148911571487953
Nek9	0.443	0.106	0.524	984	0.163751964929695
Flvcr2	0.501	0.291	0.62	551	0.152208578430373
Cipc	0.469	0.196	0.572	411	0.155709893180194
Tmem63c	0.541	0.389	0.668	802	0.154774082811249
Pomt2	0.479	0.249	0.59	820	0.149984143040701
Ahsa1	0.499	0.194	0.575	338	0.16440664565135
Ism2	0.563	0.316	0.638	493	0.16908124971548
Lysmd1	0.451	0.177	0.556	226	0.145909236293025
Tex9	0.358	-0.121	0.401	387	0.158488431334495
Tfam	0.353	-0.171	0.371	243	0.157781903205895
Tfdp1	0.492	0.222	0.587	410	0.163752880406892
Kcnk13	0.578	0.45	0.702	405	0.164623084229782
Nrde2	0.502	0.255	0.601	1172	0.167440302366722
Dglucy	0.422	0.057	0.493	617	0.158989674036317
Rin3	0.567	0.381	0.669	980	0.159801046489631
Itpk1	0.583	0.448	0.705	419	0.171087077520223
Tff1	0.576	0.419	0.695	87	0.181269518952871
Unc79	0.424	0.105	0.518	2596	0.156212399752733
Ifi27l2b	0.441	0.029	0.489	283	0.171909958563523
Serpina10	0.5	0.272	0.609	448	0.155659765365056
Tff2	0.516	0.21	0.584	129	0.17872279265444
Tff3	0.471	0.175	0.566	81	0.1736488047407
Rcor1	0.4	-0.033	0.454	382	0.156993527962383
Cdc42bpb	0.536	0.364	0.659	1713	0.166615573418729
Eif5	0.361	-0.2	0.365	429	0.16285241032426
Tfg	0.359	-0.266	0.338	397	0.146282256913981
Rd3l	0.38	-0.055	0.436	197	0.147104465420813
Tfpi	0.375	-0.173	0.382	306	0.162188013313251
Cep170b	0.533	0.267	0.61	1574	0.15616421475284
Clba1	0.469	0.174	0.562	321	0.162823344932155
Tfpi2	0.415	-0.017	0.457	230	0.165658376421371
Pacs2	0.578	0.415	0.689	892	0.164750274407718
Dync2i1	0.391	-0.034	0.446	999	0.153846337726988
Rapgef5	0.421	0.082	0.507	814	0.161706596768171
Cdca7l	0.449	0.093	0.514	438	0.158374625563957
Tmem196	0.415	0.124	0.526	182	0.156670372413999
Larp4b	0.369	-0.15	0.392	741	0.14609437180717
Heatr1	0.404	0.061	0.492	2143	0.1583535630565
Tgfa	0.574	0.402	0.682	159	0.196468985856728
Tgfb1	0.571	0.455	0.705	390	0.161020454276759
Vps41	0.378	-0.041	0.438	853	0.15966470991652
Amph	0.448	0.038	0.496	690	0.159806260508619
Tgfb1i1	0.526	0.23	0.594	461	0.1666615235708
Or2b6	0.37	-0.015	0.445	313	0.141808744639986
Tsc22d1	0.409	-0.034	0.462	1077	0.148604308112391
Tgfb2	0.489	0.255	0.6	442	0.161295630809218
Tgfb3	0.554	0.372	0.662	412	0.167728449123994
Tgfbi	0.52	0.306	0.626	683	0.165809244358083
Zfp322a	0.349	-0.227	0.349	410	0.158619149757299
Slc17a2	0.422	0.164	0.543	447	0.148292121932287
Tgfbr1	0.33	-0.226	0.34	503	0.154479916550044
Mboat1	0.429	0.138	0.536	492	0.152120345801905
Tgfbr2	0.616	0.511	0.738	592	0.178207984251309
Gmds	0.414	0.014	0.476	372	0.159172606163013
Tgfbr3	0.483	0.183	0.567	850	0.158224969233408
Tgif1	0.438	0.058	0.497	305	0.151057490323309
Tgm1	0.495	0.237	0.595	815	0.157907441957125
Ofcc1	0.38	-0.063	0.431	926	0.154474864615113
Tgm2	0.612	0.483	0.723	686	0.174468342705724
Tgm3	0.472	0.166	0.555	693	0.159690844562292
Tg	0.439	0.076	0.51	2766	0.159420869931842
Phactr1	0.478	0.212	0.575	642	0.155041990747334
Mylip	0.567	0.43	0.694	445	0.174847363521234
Ift88	0.363	-0.136	0.393	825	0.15662557584545
Nup153	0.357	-0.276	0.34	1462	0.144517446685757
Kdm1b	0.452	0.119	0.532	826	0.163651597117477
Rnf144b	0.523	0.285	0.619	301	0.189476468818356
Tgtp1	0.397	-0.036	0.448	415	0.155654389407414
Th	0.54	0.312	0.632	498	0.161888142752022
Ptpdc1	0.434	0.1	0.519	747	0.162951290306542
Fam120a	0.497	0.219	0.585	1112	0.162335780568131
Thbd	0.533	0.274	0.619	577	0.182765562843499
Thbs1	0.536	0.249	0.605	1171	0.179571728485566
Thbs2	0.519	0.218	0.59	1172	0.178328357330882
Eif4e1b	0.525	0.315	0.634	250	0.177449372436013
Thbs3	0.516	0.242	0.6	956	0.17444737002038
B4galt7	0.57	0.41	0.681	327	0.158231198930647
BC051665	0.445	0.049	0.502	330	0.164441439493858
Thbs4	0.514	0.223	0.59	963	0.171710311389786
Cdc14b	0.411	0.032	0.48	485	0.154355437255996
Theg	0.516	0.285	0.616	375	0.160119908290722
Zfp455	0.347	-0.234	0.347	461	0.163749795444999
Zfp595	0.345	-0.248	0.347	625	0.164494778630069
Thpo	0.427	0.084	0.503	356	0.142787844520913
Thra	0.569	0.419	0.689	492	0.175242029550133
Ice1	0.393	-0.059	0.438	2241	0.154663063534531
Clptm1l	0.48	0.205	0.574	539	0.15473497742737
Thrb	0.476	0.168	0.557	475	0.165804800144931
Rfesd	0.342	-0.243	0.349	157	0.159834253633768
Skic3	0.349	-0.145	0.386	1563	0.162594932659687
Thrsp	0.594	0.476	0.72	150	0.169205041985283
Thy1	0.578	0.536	0.747	162	0.162273539863418
Rasa1	0.321	-0.21	0.351	1038	0.144535337776806
Tia1	0.391	-0.146	0.405	386	0.151834714911856
Tial1	0.335	-0.303	0.323	392	0.142234197546443
Tiam1	0.53	0.342	0.649	1591	0.163490424776599
Ankrd34b	0.423	0.1	0.519	508	0.155829535023034
Zfyve16	0.325	-0.284	0.319	1528	0.153094229430223
Serinc5	0.513	0.279	0.616	461	0.173446421350611
Lhfpl2	0.552	0.459	0.71	222	0.171508866021373
Tie1	0.508	0.27	0.609	1134	0.160601797318175
Wdr41	0.389	0.018	0.468	460	0.155317476437912
Pde8b	0.512	0.28	0.615	788	0.164202650264886
Klf10	0.451	0.042	0.499	479	0.158559040620345
Gcnt4	0.404	0.105	0.517	455	0.15181334782969
Trim24	0.388	-0.079	0.43	1051	0.15391161732614
Trim28	0.489	0.143	0.548	834	0.170469422948585
Btf3	0.441	0.081	0.51	204	0.163969291187498
Fcho2	0.336	-0.23	0.35	809	0.146342287716682
Mrps27	0.425	0.13	0.53	415	0.159874060127848
Marveld2	0.457	0.139	0.54	555	0.154328526471514
Timeless	0.509	0.312	0.628	1197	0.162082625355478
Timm17a	0.379	-0.053	0.436	171	0.148460856910995
Srek1	0.371	-0.16	0.381	494	0.151317015703426
Sgtb	0.413	0.035	0.49	304	0.15714144201591
Timm17b	0.486	0.183	0.561	172	0.157323810396969
Timm44	0.492	0.283	0.616	452	0.164371827043352
Timp1	0.473	0.173	0.556	205	0.165067956065693
Timp2	0.6	0.492	0.729	220	0.183179457278604
Depdc1b	0.465	0.195	0.565	529	0.159944048071739
Timp3	0.611	0.475	0.722	211	0.181902547696104
Mier3	0.386	-0.071	0.436	551	0.155090416114314
Il31ra	0.396	-0.032	0.452	716	0.153114707380838
Dhx29	0.398	0.027	0.477	1365	0.158065616748618
Ccno	0.631	0.57	0.767	352	0.171375224654458
Arl15	0.397	0.058	0.492	204	0.155893887655467
Nkx2-1	0.667	0.643	0.814	372	0.171904705552336
Paip1	0.327	-0.312	0.304	400	0.146617196739313
Pxk	0.431	0.077	0.504	582	0.155730276836005
Atp6v0a2	0.535	0.39	0.67	856	0.164434795302542
Tjp1	0.366	-0.186	0.374	1745	0.146031587828274
Tjp2	0.484	0.233	0.589	1167	0.156101485137863
3830406C13Rik	0.279	-0.322	0.281	127	0.144382738137476
Sntn	0.368	-0.154	0.381	147	0.156778834607972
Slc4a7	0.342	-0.165	0.374	1131	0.148046036992593
Lrrc3b	0.436	0.08	0.504	259	0.164868497743229
Tk1	0.596	0.458	0.711	233	0.175528539541053
Rarb	0.488	0.201	0.572	448	0.164604735808058
Ube2e2	0.444	0.093	0.518	201	0.153889686099459
Tkt	0.575	0.384	0.673	623	0.175823256163993
Sec24c	0.438	0.006	0.475	1096	0.155877104232917
Zfp503	0.593	0.449	0.713	652	0.166367421196983
Polr3a	0.489	0.236	0.588	1390	0.166763271855018
Fabp9	0.386	-0.002	0.464	132	0.157435142717635
Tle1	0.473	0.114	0.532	770	0.16276405290775
Tasor	0.309	-0.308	0.304	1498	0.147256392959592
Tle2	0.583	0.406	0.685	767	0.165402238526749
Chdh	0.551	0.354	0.656	596	0.167238540041972
Tle3	0.541	0.32	0.641	782	0.161194661156694
Sema3g	0.536	0.317	0.634	780	0.162137805054919
Tle4	0.449	0.048	0.497	773	0.159465827056355
Oxnad1	0.403	0.029	0.479	311	0.155564577257863
Wapl	0.317	-0.317	0.303	1200	0.149629649422336
Tll1	0.39	-0.066	0.434	1013	0.159332483008503
4930474N05Rik	0.417	0.03	0.478	218	0.154820990565578
Tln1	0.497	0.2	0.576	2541	0.173425346407904
Fermt2	0.433	0.103	0.52	680	0.162259521607838
Tlr1	0.388	0.048	0.484	795	0.151261242631103
Mapk1ip1l	0.397	-0.348	0.317	242	0.139992998208874
Dlgap5	0.397	-0.036	0.451	808	0.153562534915207
Tlr4	0.344	-0.125	0.39	835	0.145335116123561
Tmem260	0.393	0.063	0.493	703	0.148760766100006
Tlr6	0.396	0.068	0.495	806	0.151374949855789
Or11g27	0.43	0.144	0.531	311	0.150724601812617
Ttc5	0.511	0.256	0.606	440	0.165556050233546
Pip4p1	0.44	0.081	0.513	284	0.16484519905441
Eddm3b	0.419	0.077	0.5	149	0.157952551778268
Ang4	0.426	-0.027	0.453	144	0.157986477953335
Tppp2	0.481	0.126	0.548	170	0.164177893705223
Nr2e1	0.437	0.12	0.528	385	0.161109082108084
Haus4	0.524	0.376	0.658	363	0.165756207949806
Tlx1	0.629	0.519	0.746	333	0.171799265279604
Tlx2	0.645	0.617	0.794	284	0.151937558258191
Khnyn	0.512	0.278	0.612	671	0.161979151225762
Cenpj	0.353	-0.176	0.378	1344	0.152456159377421
Zmym5	0.308	-0.348	0.288	627	0.144547585939506
Ska3	0.36	-0.166	0.38	411	0.153128151285078
Tspan7	0.539	0.288	0.617	249	0.170913975211967
Phf11a	0.322	-0.249	0.337	293	0.157316885796898
Phf11d	0.328	-0.269	0.33	320	0.15556515341491
Shisa2	0.611	0.493	0.732	295	0.166973197219997
Mtmr6	0.391	0.007	0.467	617	0.156761352647816
Spata13	0.535	0.305	0.63	1244	0.163731965693762
Arl11	0.519	0.301	0.621	176	0.170207349145113
Fam167a	0.527	0.323	0.629	215	0.164926997435623
Xkr6	0.63	0.6	0.785	638	0.165578431983522
Dtymk	0.456	0.23	0.583	212	0.167163906521332
Hmbox1	0.404	-0.005	0.464	420	0.147101610130062
Scara3	0.503	0.249	0.599	606	0.159630860476134
Ccar2	0.498	0.199	0.572	922	0.161774132642437
Tmod1	0.525	0.297	0.622	359	0.16467567430512
Tmpo	0.386	-0.085	0.424	693	0.155376305426372
Fam216b	0.404	0.077	0.5	138	0.155503159885274
Akap11	0.324	-0.294	0.319	1895	0.147122902860328
Vwa8	0.426	0.11	0.521	1905	0.15434363134159
Clec3b	0.688	0.655	0.818	202	0.191756422729361
Pcdh17	0.535	0.333	0.646	1157	0.164810667887211
Tnc	0.485	0.179	0.565	2019	0.166396913947804
Tnnc1	0.575	0.364	0.664	161	0.189107738650308
Tdrd3	0.355	-0.185	0.372	743	0.151664504265205
Tnnc2	0.555	0.302	0.631	160	0.182568396665848
Pcdh20	0.402	0.024	0.475	952	0.151562345426792
Tnf	0.528	0.425	0.693	235	0.158412922083279
Tnfaip1	0.565	0.413	0.683	316	0.166971634764316
Tnfaip2	0.602	0.501	0.73	691	0.170522156551761
Tnfaip3	0.445	0.084	0.512	775	0.164811689090333
Tnfaip6	0.399	-0.014	0.462	275	0.159223301399687
Tnfrsf10b	0.432	0.078	0.508	381	0.161164506398666
Tnfrsf11a	0.514	0.278	0.621	625	0.16473674279996
Tnfrsf17	0.488	0.167	0.559	185	0.167305582428919
Tnfrsf18	0.515	0.22	0.59	228	0.182720332465398
Tnfrsf1a	0.54	0.328	0.642	454	0.168804422018056
Tnfrsf1b	0.51	0.211	0.587	474	0.168964482040889
Cd40	0.478	0.182	0.568	289	0.173237490571923
Cd27	0.51	0.182	0.568	250	0.167764693302102
Tnfrsf8	0.503	0.171	0.566	498	0.167485647561271
Tnfrsf9	0.498	0.165	0.561	256	0.1845675443775
Tnfsf11	0.485	0.21	0.579	316	0.155835815345837
Tnfsf12	0.522	0.319	0.629	249	0.154902417501607
Dedd	0.488	0.273	0.603	318	0.157497978861153
Pglyrp1	0.529	0.332	0.642	182	0.162906942021005
Cd40lg	0.329	-0.109	0.408	260	0.14733477643228
Cd70	0.538	0.311	0.626	195	0.160473875052616
Tnfsf8	0.463	0.209	0.579	239	0.153054297030634
Tnfsf9	0.468	0.193	0.568	309	0.154438770527194
Tnks	0.417	0.055	0.498	1320	0.162799406158577
Tnni1	0.567	0.427	0.689	187	0.177986688181022
Tnni2	0.62	0.466	0.713	182	0.195352514299647
Tnni3	0.521	0.295	0.618	211	0.178014784227209
Tnnt1	0.527	0.324	0.636	262	0.173314660615566
Tnnt2	0.569	0.345	0.651	302	0.187182527610479
Tnnt3	0.49	0.223	0.585	272	0.181776485918235
Tnp1	0.454	0.168	0.547	55	0.154693157397761
Tnp2	0.591	0.432	0.702	117	0.16354493625071
Tnr	0.486	0.202	0.576	1358	0.158974502456363
Tns1	0.529	0.269	0.615	1888	0.157928235625652
Tom1	0.51	0.246	0.595	516	0.156977783324632
Top1	0.398	-0.094	0.422	767	0.169694225335857
Top2a	0.366	-0.139	0.395	1528	0.157068996093191
Top2b	0.317	-0.34	0.291	1612	0.151929715190309
Top3a	0.467	0.142	0.543	1003	0.163733351182891
Top3b	0.503	0.215	0.583	862	0.170355755093662
Ppp1r13b	0.443	0.061	0.502	1087	0.153383611247529
Tmem165	0.403	0.098	0.513	323	0.14727622774836
Tpbg	0.528	0.422	0.687	426	0.162297708210177
Tpbpa	0.361	-0.161	0.393	124	0.153102815779059
Tpd52	0.448	0.088	0.523	247	0.156856047369744
Tpd52l1	0.431	0.096	0.523	204	0.158017524624461
Tph1	0.434	0.154	0.547	447	0.154672830693436
Tpi1	0.522	0.314	0.639	299	0.17736979500832
Tpm1	0.522	0.298	0.623	284	0.192182304070378
Tpm2	0.589	0.418	0.688	284	0.19384288685615
Tpmt	0.335	-0.194	0.359	240	0.15182365412959
Tpo	0.476	0.18	0.561	914	0.161848611959935
Tpp2	0.307	-0.334	0.29	1262	0.148554381041341
Tpst1	0.419	0.134	0.533	370	0.156457941020014
Tpst2	0.642	0.581	0.772	390	0.168238637037444
Crisp2	0.323	-0.321	0.303	243	0.157317013083504
Nr2c1	0.414	0.064	0.499	590	0.157811394326733
Nr2c2	0.439	0.094	0.515	629	0.157330654784385
Hsp90b1	0.369	-0.119	0.404	802	0.15573966472603
Traf1	0.55	0.35	0.653	409	0.176155049729853
Traf2	0.515	0.298	0.624	508	0.172194744961437
Traf3	0.552	0.359	0.659	567	0.177976692531665
Traf4	0.602	0.436	0.699	470	0.180426333343142
Traf6	0.428	0.055	0.494	530	0.165910995720262
Tnfsf10	0.461	0.175	0.557	291	0.159191617648813
Traip	0.5	0.261	0.603	470	0.169634250210274
Trap1a	0.432	-0.038	0.46	224	0.174898582735645
Plscr1	0.411	-0.048	0.451	328	0.161425587026166
Trex1	0.513	0.223	0.581	314	0.155329958312148
Trf	0.497	0.181	0.569	697	0.178887611741177
Tfrc	0.33	-0.26	0.329	763	0.14827063912974
Trh	0.443	0.09	0.51	256	0.157128238080193
Trhr	0.438	0.151	0.543	393	0.157649564771809
Trip6	0.485	0.153	0.551	480	0.164175352051339
Tob1	0.499	0.22	0.591	362	0.157813934884123
Trp53	0.507	0.222	0.588	390	0.161205453349993
Trp63	0.525	0.259	0.606	680	0.156504018885039
Trp73	0.603	0.467	0.719	638	0.161718907599438
Trpc1	0.389	0.028	0.474	809	0.155006960070742
Trpc2	0.57	0.417	0.683	890	0.163986594558278
Trpc3	0.494	0.291	0.616	910	0.160872459026848
Trpc4	0.429	0.137	0.532	974	0.155073547620266
Trpc5	0.433	0.127	0.529	975	0.15608671056028
Trpc6	0.386	-0.01	0.454	930	0.15353416792789
Tpt1	0.458	0.135	0.54	172	0.168089113631331
Prss2	0.53	0.236	0.597	246	0.182259520513463
Prss3	0.541	0.289	0.623	246	0.18451718904367
Try4	0.563	0.313	0.636	246	0.186135972583298
Ctr9	0.424	0.038	0.488	1173	0.16481574151405
Tsc2	0.506	0.284	0.613	1742	0.160551874516168
Tsg101	0.382	-0.129	0.395	391	0.148857895308432
Rsph1	0.487	0.19	0.578	301	0.161775450299428
Tshb	0.445	0.089	0.519	138	0.173663180154876
Tshr	0.482	0.258	0.598	764	0.158400038626175
Tsn	0.401	0.027	0.473	228	0.153666577005904
Tspyl1	0.518	0.305	0.626	379	0.160895245767218
Phlda2	0.727	0.701	0.841	144	0.177969377368565
Tssk1	0.541	0.366	0.658	365	0.168600144347785
Tssk2	0.572	0.418	0.685	358	0.171413774556935
Tsks	0.539	0.369	0.661	585	0.16760596719463
Tst	0.548	0.398	0.68	297	0.156670876048879
Rpl13a	0.539	0.42	0.684	203	0.17145011725202
Gfus	0.556	0.383	0.674	321	0.159797838632618
Psmd3	0.585	0.453	0.705	530	0.164963484682397
Tsx	0.421	-0.099	0.431	144	0.168732859355786
Ttc3	0.362	-0.146	0.391	1979	0.158626536425388
Ttf1	0.426	0.02	0.48	859	0.165556938061025
Tgoln1	0.423	-0.002	0.479	353	0.158870481499141
Ttk	0.36	-0.127	0.397	830	0.151850360520534
Ttn	0.387	-0.08	0.429	33467	0.155552939053267
Ttr	0.482	0.212	0.587	147	0.158269272402876
Tub	0.556	0.349	0.655	505	0.166044763989735
Tuba1a	0.545	0.293	0.625	451	0.174801817584073
Tuba1b	0.551	0.31	0.634	451	0.174118969733839
Tuba3a	0.578	0.373	0.667	450	0.172944150452608
Tuba4a	0.552	0.299	0.628	448	0.171580570210217
Tuba1c	0.551	0.307	0.632	449	0.174672153693083
Tuba3b	0.57	0.365	0.663	450	0.173041158785687
Tubb2a	0.667	0.512	0.742	445	0.173065395570074
Tubb3	0.655	0.562	0.768	450	0.168978257572629
Tubb4a	0.61	0.484	0.727	444	0.167370543891667
Tubb5	0.581	0.409	0.688	444	0.168212717551639
Tuft1	0.498	0.283	0.614	390	0.166106645048236
Tulp1	0.575	0.405	0.685	543	0.170807706390612
Tulp3	0.524	0.289	0.622	460	0.165521586580192
Twist1	0.758	0.809	0.899	206	0.176629816677566
Tnfrsf4	0.478	0.125	0.534	272	0.166450628714383
Tnfsf4	0.418	0.084	0.508	198	0.161473015459348
Txk	0.412	0.087	0.508	527	0.155243086067528
Txn1	0.52	0.212	0.594	105	0.197189372409
Cmpk2	0.513	0.303	0.622	447	0.165509892518681
Tyms	0.434	0.043	0.485	307	0.157731917374925
Tyr	0.376	-0.097	0.413	533	0.15048446431195
Tyro3	0.517	0.273	0.61	880	0.163489475413377
Tyrobp	0.426	0.126	0.527	114	0.15737029454951
Tyrp1	0.389	-0.089	0.421	537	0.151385728040687
Zrsr2	0.417	0.035	0.477	541	0.149510123092295
U2af2	0.518	0.27	0.611	475	0.162334760042996
Uba52	0.673	0.591	0.778	128	0.192621222362941
Ubb	0.708	0.609	0.787	305	0.17394888127912
Ubc	0.644	0.552	0.757	734	0.168960370544153
Ube2m	0.606	0.509	0.737	183	0.179232141923646
Ube2e3	0.372	-0.174	0.374	207	0.154475871389869
Ube2e1	0.437	0.079	0.511	193	0.157811325481376
Ube2l3	0.439	0.017	0.477	154	0.169442713360453
Ube2i	0.425	0.013	0.473	158	0.161062806868904
Uba3	0.326	-0.197	0.357	462	0.150501622438864
Uba1	0.467	0.146	0.546	1058	0.160713469146619
Uba1y	0.456	0.097	0.519	1058	0.162223767080103
Ube2a	0.382	-0.039	0.448	152	0.145518035291855
Ube2b	0.341	-0.208	0.359	152	0.140362335441638
Ube2g2	0.5	0.201	0.575	165	0.163508905093784
Ube2h	0.418	0.002	0.474	183	0.152973340269997
Ube3a	0.303	-0.343	0.281	870	0.147160882937272
Usp12	0.407	0.063	0.499	370	0.158931550740344
Sumo1	0.322	-0.255	0.34	101	0.15017122213441
Ubp1	0.403	-0.015	0.462	540	0.154349578213061
Ubr1	0.371	-0.054	0.434	1757	0.155962645342842
Uchl1	0.585	0.417	0.691	223	0.180716159903048
Usp10	0.495	0.214	0.584	793	0.16056492451887
Usp5	0.536	0.325	0.642	858	0.168969031256264
Ucn	0.567	0.503	0.723	122	0.150875202747251
Ucp1	0.438	0.143	0.542	307	0.148618357396747
Ucp2	0.532	0.346	0.651	309	0.159443144586347
Ucp3	0.541	0.332	0.644	308	0.16147444350863
Ufd1	0.435	0.068	0.503	307	0.157705961855948
Slc35a2	0.486	0.32	0.634	393	0.157044898410766
Ugcg	0.366	-0.053	0.431	394	0.152330449589774
Ugdh	0.423	0.051	0.492	493	0.161378795691749
Ugt1a2	0.431	0.117	0.524	533	0.156922686785755
Ugt2b5	0.339	-0.192	0.362	530	0.147987560123084
Ugt8a	0.36	-0.098	0.406	541	0.147898539788641
Dpysl3	0.534	0.299	0.63	683	0.16750796416509
Ulk1	0.532	0.29	0.621	1057	0.158694829503511
Umod	0.51	0.231	0.593	642	0.168932042419201
Uck1	0.576	0.399	0.679	283	0.16761411488091
Umps	0.44	0.158	0.547	481	0.163507204136812
Unc119	0.587	0.487	0.727	262	0.160414099353609
Unc13b	0.461	0.114	0.529	1602	0.161384368370681
Unc5c	0.462	0.128	0.534	950	0.162174909002605
Uncx	0.662	0.581	0.781	530	0.170873669950292
Ung	0.558	0.446	0.706	306	0.162451492853286
Usp4	0.476	0.165	0.558	962	0.165601301146171
Nr1h3	0.541	0.346	0.647	445	0.163154643239349
Nr1h2	0.621	0.514	0.74	446	0.168971523514435
Uox	0.497	0.271	0.611	303	0.162163998371979
Prap1	0.493	0.141	0.542	149	0.170219453712442
Upk1b	0.47	0.174	0.559	260	0.166535955590925
Upk2	0.461	0.22	0.576	184	0.148382165003356
Upk3a	0.567	0.402	0.681	287	0.157465060370493
Upp1	0.536	0.31	0.632	311	0.175241648731953
Uqcrq	0.644	0.556	0.759	82	0.146251526691968
Uqcrc1	0.529	0.288	0.618	480	0.165901417204563
Urod	0.424	0.071	0.5	367	0.156821866861814
Uros	0.438	0.029	0.482	265	0.165637626986885
Usf1	0.51	0.218	0.587	310	0.159297919193138
Usf2	0.552	0.325	0.645	346	0.166069079671181
Ush2a	0.427	0.045	0.494	5193	0.154622706276111
Usp9x	0.305	-0.308	0.297	2554	0.147906660141273
Utf1	0.535	0.388	0.67	339	0.147437143163927
Scgb1a1	0.472	0.243	0.587	96	0.161732301881235
Utrn	0.437	0.124	0.528	3430	0.162006575828886
Kdm6a	0.329	-0.265	0.329	1424	0.149215382603459
Uty	0.295	-0.353	0.281	1212	0.146976078756056
Slc45a2	0.441	0.141	0.541	530	0.155882146460128
Uxt	0.446	0.19	0.559	157	0.147420538037566
Cdh23	0.59	0.44	0.7	3352	0.161643528382693
Vmn1r51	0.37	0.023	0.459	329	0.140136574751816
Vmn1r45	0.381	0.079	0.487	318	0.142347258730493
Vmn2r89	0.288	-0.356	0.271	507	0.138883146584651
Vmn2r37	0.338	-0.167	0.372	802	0.146938687075174
Vmn2r30	0.344	-0.16	0.377	852	0.147434592852106
Vmn2r10	0.332	-0.223	0.345	847	0.144798943570181
Vmn2r42	0.33	-0.199	0.357	852	0.147427618566283
Vmn2r32	0.333	-0.19	0.362	852	0.147423734177228
Vmn2r107	0.327	-0.23	0.338	861	0.147984221598782
Vmn2r104	0.327	-0.219	0.343	860	0.148547274659136
Vamp1	0.467	0.074	0.509	118	0.167366391446501
Vamp2	0.591	0.427	0.691	116	0.170389042732812
Vamp3	0.42	0.129	0.531	103	0.158090926253005
Vamp8	0.513	0.369	0.656	101	0.167558386127399
Vars	0.546	0.351	0.652	1263	0.164569654702406
Sox21	0.759	0.819	0.905	276	0.180116067608164
Vasp	0.514	0.222	0.592	375	0.159831636481555
Vav1	0.536	0.305	0.627	845	0.17135129209143
Vav2	0.572	0.394	0.676	868	0.171900261263149
Farp1	0.547	0.355	0.655	1048	0.164128502503624
Stk24	0.49	0.249	0.597	431	0.168573947284152
Vax1	0.594	0.521	0.745	338	0.165397204902415
Timm8a2	0.601	0.556	0.758	97	0.170999734830694
Ggact	0.555	0.323	0.641	149	0.164753090589285
Vbp1	0.339	-0.214	0.353	196	0.161113641654724
Itgbl1	0.427	-0.065	0.443	494	0.19938401006356
Vcam1	0.381	-0.026	0.453	739	0.155131476211706
Vcl	0.431	0.051	0.492	1066	0.168672383667174
Vdac1	0.493	0.233	0.596	283	0.164947735054146
Ugt3a2	0.346	-0.112	0.399	523	0.147309856401845
Vdac2	0.405	-0.093	0.427	295	0.162895542740385
Vdac3	0.376	-0.132	0.404	283	0.158215142150703
Vdr	0.595	0.448	0.702	422	0.168252451873822
Vegfa	0.523	0.371	0.666	392	0.167734931758974
Vegfb	0.54	0.289	0.623	207	0.170926253862172
Vegfc	0.443	0.042	0.496	415	0.172164411829906
Lin7b	0.612	0.452	0.704	207	0.169266384801742
Lin7c	0.33	-0.14	0.389	197	0.14854340777838
Otulinl	0.424	0.191	0.561	303	0.150277716034443
Trio	0.527	0.35	0.652	3103	0.165851392859964
Vezf1	0.44	0.08	0.517	518	0.152799040865021
Dap	0.497	0.112	0.541	102	0.1694540735854
Marchf6	0.355	-0.069	0.418	909	0.15293847519587
Vhl	0.546	0.418	0.684	181	0.153783402284396
Nipal2	0.365	-0.023	0.447	383	0.143380207324046
Slc32a1	0.691	0.682	0.829	525	0.176030462722303
Vil1	0.543	0.342	0.652	827	0.169471907578325
Dcaf13	0.368	-0.185	0.371	445	0.155974040667457
Ezr	0.621	0.518	0.74	586	0.176752371442906
Vill	0.547	0.366	0.664	859	0.169727642612864
Abra	0.46	0.112	0.526	375	0.160778236910273
Vim	0.581	0.436	0.695	466	0.167092610650044
Eny2	0.322	-0.117	0.392	101	0.163223045088225
Vip	0.421	0.02	0.473	171	0.1502381856365
Vipr1	0.604	0.522	0.742	459	0.165199011294624
Vipr2	0.478	0.264	0.6	437	0.156426436059356
Vldlr	0.426	0.003	0.473	873	0.175872390585297
Washc5	0.434	0.132	0.527	1159	0.156187044111156
Nrsn1	0.493	0.199	0.577	196	0.165837320097643
Cyrib	0.328	-0.205	0.355	324	0.142291822223268
Kcnk9	0.53	0.284	0.617	402	0.170748408582948
Vnn1	0.448	0.118	0.533	512	0.156585200450591
Vpreb1a	0.531	0.284	0.615	142	0.159218129554862
Them6	0.607	0.581	0.767	207	0.159773296972643
Vpreb1b	0.538	0.297	0.622	142	0.160409332008144
Vpreb3	0.543	0.277	0.62	123	0.160997453848581
Zc3h3	0.51	0.235	0.593	950	0.158719203899969
Mroh6	0.484	0.264	0.598	722	0.152797573004636
Naprt	0.5	0.267	0.603	538	0.15878865032494
Ccdc166	0.538	0.432	0.69	449	0.153825081162241
Nrbp2	0.519	0.334	0.64	258	0.158442705557515
Vps45	0.401	0.029	0.476	570	0.153195059406602
Mroh1	0.56	0.41	0.681	1640	0.167420143052441
Lrrc14	0.497	0.299	0.615	493	0.159175414205465
C030006K11Rik	0.552	0.443	0.7	218	0.150980431170051
Arhgap39	0.558	0.343	0.651	1109	0.160935568871164
Zfp7	0.475	0.154	0.551	685	0.169835634565026
Vrk1	0.393	-0.043	0.442	440	0.161118818289781
Apol9a	0.448	0.129	0.528	310	0.161391818652699
Trpv2	0.525	0.351	0.648	756	0.160189218051499
Ankrd54	0.57	0.471	0.713	299	0.165384368737748
Eif3l	0.571	0.418	0.689	564	0.16480021478109
Tmem184b	0.65	0.588	0.779	407	0.164901260428418
Tomm22	0.451	0.243	0.594	142	0.156517574574563
Sun2	0.544	0.364	0.658	731	0.159905653713803
Vtn	0.515	0.265	0.612	478	0.160826913989076
Mrtfa	0.559	0.314	0.636	964	0.160613805000463
Cyp2d34	0.503	0.254	0.597	504	0.157455893231913
Vwf	0.541	0.311	0.636	2813	0.180913897857656
Mcat	0.582	0.463	0.714	381	0.169362591249809
Ttll12	0.63	0.516	0.741	639	0.165588518089061
Mpped1	0.612	0.467	0.716	326	0.163483934336607
Wap	0.488	0.222	0.587	134	0.18595696554139
Rtl6	0.528	0.301	0.621	243	0.149763653085688
5031439G07Rik	0.612	0.504	0.736	447	0.165941586429796
Wars1	0.538	0.314	0.636	481	0.167593436903174
Gramd4	0.541	0.34	0.643	633	0.16201160456595
Cerk	0.547	0.391	0.674	531	0.165758692834419
Tbc1d22a	0.516	0.279	0.613	516	0.159215370453198
Was	0.427	-0.027	0.458	520	0.148864062144303
Wbp1	0.459	0.102	0.522	304	0.164696108385286
Brd1	0.49	0.215	0.58	1189	0.167364479289395
Zbed4	0.437	0.095	0.517	1168	0.156916240769006
Alg12	0.461	0.256	0.594	486	0.151639479720539
Pim3	0.65	0.591	0.779	326	0.175310767521157
Selenoo	0.503	0.281	0.614	666	0.161847357600112
Wbp2	0.559	0.283	0.633	261	0.16245157227853
Adm2	0.467	0.214	0.572	150	0.14799655050776
Fmnl3	0.536	0.316	0.631	1028	0.167229095798898
Wbp4	0.371	-0.169	0.392	376	0.16092654111812
Smgc	0.328	-0.312	0.316	733	0.142282577985032
Tceal9	0.46	0.121	0.53	104	0.164312667737239
Mroh2b	0.411	0.098	0.506	1581	0.155969984506944
Gxylt1	0.418	0.095	0.511	435	0.157648352742526
Pphln1	0.395	-0.022	0.456	381	0.146496820990458
Adamts20	0.431	0.082	0.515	1906	0.167757240712178
Eif4h	0.416	0.036	0.486	248	0.146176979512203
Dbx2	0.51	0.263	0.604	377	0.152764530210928
Baz1b	0.427	0.051	0.491	1479	0.164345709339834
Rapgef3	0.546	0.386	0.668	926	0.159878132421078
Senp1	0.388	-0.051	0.441	640	0.149943963083264
Wdr1	0.498	0.2	0.58	606	0.166384232244987
Rnd1	0.502	0.276	0.612	232	0.164062768754823
Wee1	0.398	0.011	0.472	646	0.149637066297739
Krt73	0.557	0.362	0.658	539	0.171848183277573
Krt79	0.574	0.411	0.686	531	0.169328044243083
Spryd3	0.536	0.336	0.646	442	0.167189039636455
Soat2	0.548	0.422	0.685	525	0.155587671433597
Aaas	0.42	0.047	0.491	546	0.15237735399471
Atf7	0.411	-0.045	0.448	483	0.152391052049002
Gtsf2	0.37	-0.19	0.376	154	0.168951700139174
Wfs1	0.644	0.57	0.769	890	0.168082204619201
Rmi2	0.595	0.523	0.743	149	0.165059660311794
Cpped1	0.541	0.37	0.666	312	0.174045257593062
Marf1	0.394	-0.039	0.446	1736	0.156356273698594
Spidr	0.37	-0.108	0.406	933	0.153761033872045
Zmat3	0.507	0.234	0.596	290	0.168324585352414
Fgd4	0.363	-0.14	0.392	766	0.155203992212538
Tmem191	0.579	0.497	0.724	302	0.168190724792106
Ccn4	0.547	0.295	0.625	367	0.17940989790974
Pi4ka	0.473	0.164	0.55	2044	0.161255352298601
Slc7a4	0.515	0.308	0.626	635	0.157181094701659
Klhl22	0.509	0.263	0.605	634	0.165116811152482
Scarf2	0.619	0.5	0.737	833	0.183107276390346
Ccn5	0.54	0.297	0.624	251	0.181490285122366
Wiz	0.518	0.231	0.589	956	0.158694535776702
Cyp2ab1	0.55	0.349	0.649	280	0.157377443467365
Eif2b5	0.459	0.191	0.566	717	0.159355937396379
Rtp2	0.662	0.57	0.77	223	0.178217352011127
Uts2b	0.328	-0.214	0.346	113	0.154874440963758
Atp13a4	0.405	0.042	0.483	1193	0.154712825299525
Wnt1	0.648	0.62	0.794	370	0.170761528906747
Atp13a3	0.326	-0.22	0.346	1249	0.150567756172565
Wnt10a	0.647	0.554	0.759	417	0.174242480678512
Tmem44	0.555	0.382	0.664	433	0.166427849680129
Lsg1	0.431	0.066	0.502	644	0.161328694919998
Fam43a	0.621	0.535	0.751	424	0.173982062235676
Wnt10b	0.577	0.451	0.703	389	0.173700372071421
Pak2	0.387	-0.088	0.423	524	0.157699901058294
Nrros	0.537	0.427	0.688	721	0.164824525165857
Wnt11	0.615	0.525	0.746	354	0.183965701279903
Ubxn7	0.361	-0.13	0.398	489	0.149239882864765
Muc20	0.417	-0.001	0.471	688	0.139223975920958
Wnt9b	0.625	0.475	0.719	359	0.188810482799561
Adcy5	0.625	0.529	0.747	1262	0.174763925218044
Wnt2	0.51	0.237	0.595	360	0.177973363695509
Slc49a4	0.422	0.222	0.575	478	0.14684177358153
Golgb1	0.422	0.111	0.523	3238	0.166032540171436
Wnt2b	0.541	0.338	0.644	389	0.171329781502964
Poglut1	0.406	0.028	0.476	392	0.150469658831576
Wnt3	0.632	0.527	0.748	355	0.183319117752863
Wnt3a	0.597	0.457	0.712	352	0.178848695069655
Wnt4	0.609	0.52	0.744	351	0.176418804550008
Dzip3	0.32	-0.269	0.321	1204	0.150769204595292
Cip2a	0.304	-0.214	0.339	907	0.149245395430098
Wnt5a	0.54	0.351	0.657	380	0.180954693723709
Wnt5b	0.626	0.506	0.737	359	0.18850873566969
Wnt6	0.582	0.448	0.702	364	0.172288154182821
Wnt7a	0.645	0.547	0.759	349	0.191695544216763
Wnt7b	0.676	0.637	0.806	353	0.188224679817165
Impg2	0.365	-0.12	0.403	1243	0.145854083415179
Wnt8b	0.578	0.443	0.703	368	0.18011327861277
Ftdc2	0.361	-0.149	0.395	192	0.149090995277006
Cldnd1	0.476	0.254	0.598	253	0.16425609296975
Wrn	0.35	-0.138	0.391	1401	0.155641404904222
Dctn6	0.494	0.215	0.578	195	0.162942229873515
Csnka2ip	0.352	-0.125	0.402	276	0.146606099163877
Wt1	0.573	0.416	0.694	517	0.161105310416564
Speer2	0.408	0.064	0.494	264	0.158251285462717
Xbp1	0.454	0.226	0.583	267	0.150720666180387
Rbm11	0.445	0.034	0.491	238	0.162481212152153
Xdh	0.487	0.213	0.581	1335	0.164895526552979
Xirp1	0.487	0.202	0.575	1132	0.158779610608337
Xk	0.494	0.34	0.64	446	0.159905134911137
Cyyr1	0.535	0.322	0.635	165	0.171855977717793
Xlr	0.33	-0.301	0.316	208	0.153300046680525
Map3k7cl	0.494	0.231	0.59	142	0.172987788042108
Scaf4	0.397	-0.12	0.41	1209	0.149627034253634
Setd4	0.469	0.233	0.584	439	0.159487236063011
Xlr3a	0.376	-0.096	0.408	221	0.155876461671718
Zdhhc14	0.511	0.284	0.619	489	0.155425729670394
Xlr3c	0.362	-0.13	0.39	226	0.156827294299595
Nox3	0.432	0.101	0.518	568	0.156722919128951
Tfb1m	0.359	-0.072	0.42	345	0.149622581087561
Acat3	0.408	0.015	0.478	397	0.165213394723695
Vmn2r98	0.338	-0.194	0.358	857	0.147793379220637
Vmn2r102	0.332	-0.229	0.34	857	0.148785065974833
Vmn2r106	0.333	-0.213	0.347	862	0.149556133299883
Vmn2r110	0.329	-0.221	0.345	858	0.149136224331792
Zfp160	0.335	-0.318	0.311	650	0.155215961152692
Zfp758	0.327	-0.335	0.294	583	0.163803842462566
Flywch1	0.546	0.335	0.643	673	0.166528314924646
Tbc1d24	0.533	0.33	0.642	561	0.167130728663458
Traf7	0.553	0.36	0.659	669	0.169578273995547
Rab40c	0.598	0.497	0.729	281	0.170797563770252
Bnip1	0.469	0.274	0.605	228	0.159535818012021
Lemd2	0.682	0.694	0.833	511	0.164679030039252
Ilrun	0.464	0.202	0.582	291	0.151053062317926
Uhrf1bp1	0.519	0.304	0.628	1429	0.162199346650829
Anks1	0.573	0.414	0.688	1189	0.167146799889871
Zfp523	0.584	0.387	0.68	568	0.170137210741803
Slc26a8	0.469	0.209	0.573	999	0.157920167021548
Btbd9	0.446	0.17	0.553	612	0.160154765447928
Slc37a1	0.537	0.38	0.664	531	0.161579453398211
Zfp472	0.367	-0.21	0.367	534	0.165075051068746
Zfp81	0.339	-0.288	0.323	531	0.158216813138879
Adamts10	0.524	0.247	0.599	1104	0.171279003581197
Marchf2	0.458	0.181	0.556	287	0.161876480065459
Vps52	0.542	0.388	0.667	723	0.162792665785073
Bag6	0.477	0.095	0.522	1154	0.156783721080169
Abcf1	0.542	0.327	0.642	837	0.176994472261112
H2-M10.4	0.435	0.08	0.506	331	0.155828093525901
H2-M1	0.406	0.023	0.472	344	0.149493965128008
H2-M10.5	0.429	0.073	0.502	330	0.160127085185426
Trim31	0.458	0.148	0.546	507	0.16739318860535
Adgrf5	0.441	0.123	0.531	1348	0.156611836317721
Enpp4	0.374	-0.061	0.431	456	0.148398755394832
Clic5	0.588	0.423	0.691	251	0.172887980502807
Aars2	0.528	0.345	0.648	980	0.16099875870363
Tmem63b	0.591	0.501	0.731	832	0.165700283842515
Lrrc73	0.554	0.422	0.684	316	0.162567435800061
Abcc10	0.532	0.365	0.653	1526	0.161175087222312
Rrp36	0.524	0.331	0.638	226	0.165563246753404
Pex6	0.516	0.354	0.649	981	0.155713591971873
Ubr2	0.429	0.1	0.517	1755	0.160525228489319
AI661453	0.501	0.162	0.56	1206	0.146700152087589
Usp49	0.543	0.432	0.692	685	0.16314763641193
Treml4	0.446	0.147	0.546	264	0.152182881562097
Plcl2	0.453	0.13	0.537	1128	0.163046504735212
Zfp959	0.307	-0.408	0.258	539	0.157746555419049
Dpp9	0.606	0.474	0.72	862	0.16728165426852
Safb2	0.492	0.227	0.588	991	0.165222736819754
Safb	0.484	0.183	0.566	937	0.162238510670127
Micos13	0.521	0.267	0.613	119	0.1654289967501
Dus3l	0.576	0.416	0.686	637	0.169368371245965
Crb3	0.509	0.31	0.628	117	0.150100944891129
Vmn2r120	0.356	-0.136	0.39	856	0.14851240163821
Pja2	0.373	-0.178	0.384	707	0.157038568190353
Dlgap1	0.566	0.401	0.682	992	0.162375428636777
Pcare	0.482	0.179	0.563	1279	0.156995168407615
Lclat1	0.4	0.054	0.486	376	0.152056290260035
Fez2	0.539	0.365	0.662	375	0.167449925978327
Srsf7	0.292	-0.36	0.252	238	0.125204021189249
Map4k3	0.374	-0.055	0.437	894	0.150048727394077
Kcng3	0.585	0.525	0.74	433	0.162742500128025
Ttc7	0.593	0.476	0.717	858	0.171621184757205
Fbxo11	0.337	-0.226	0.35	930	0.149025778364347
Svil	0.445	0.112	0.526	2170	0.15680594086578
Wac	0.325	-0.339	0.296	646	0.142792694472662
Gjd4	0.483	0.245	0.593	364	0.157095927378561
Thoc1	0.317	-0.258	0.328	657	0.148285450950106
Mib1	0.373	-0.108	0.41	1006	0.167435070108227
Rbbp8	0.333	-0.268	0.331	893	0.151406761279203
Ankrd29	0.415	0.073	0.498	309	0.160568153440876
Hrh4	0.386	-0.04	0.436	391	0.150724596342439
Zfp521	0.549	0.355	0.661	1311	0.1784975230485
Rsl24d1	0.513	0.28	0.617	163	0.183293479847914
Dsg1b	0.358	-0.165	0.381	1060	0.145710215178018
Gm4836	0.297	-0.396	0.269	212	0.146861666468026
Klhl14	0.547	0.368	0.662	630	0.163542524703347
Ino80c	0.487	0.141	0.548	191	0.167150843998199
Rprd1a	0.359	-0.042	0.438	312	0.15288198953315
Fhod3	0.473	0.168	0.554	1578	0.159099302976367
Pik3c3	0.424	0.076	0.505	887	0.15807275441092
Ammecr1l	0.405	-0.013	0.459	310	0.150870479555916
Lims2	0.627	0.477	0.723	341	0.196189219585411
Wdr36	0.341	-0.127	0.394	899	0.147604786169853
Fam13b	0.334	-0.198	0.359	851	0.150683903110849
Reep2	0.53	0.309	0.63	254	0.158905956963658
Etf1	0.317	-0.238	0.338	437	0.147703328867684
Apbb3	0.451	0.085	0.511	486	0.165449275380191
Rell2	0.47	0.16	0.554	303	0.155240104489809
Rbm27	0.349	-0.204	0.36	1005	0.14729687748549
Gm94	0.409	-0.007	0.461	93	0.146386813734836
Pggt1b	0.451	0.171	0.553	377	0.163176300539717
Ticam2	0.426	0.119	0.531	232	0.153093813693637
Fam170a	0.453	0.077	0.519	333	0.163579260152672
Prdm6	0.593	0.453	0.711	596	0.168305017284412
Cep120	0.419	0.073	0.502	988	0.160125232584287
Slc27a6	0.416	0.073	0.503	619	0.157956490609902
Minar2	0.395	-0.007	0.459	193	0.155013302505735
Gm4841	0.348	-0.161	0.377	417	0.154637370885284
Pde6a	0.554	0.374	0.666	860	0.170969733014392
Sh3tc2	0.492	0.276	0.607	1289	0.163553425755025
Onecut2	0.6	0.502	0.735	505	0.160311768979948
Alpk2	0.423	0.032	0.49	2144	0.159173157127681
Grp	0.481	0.265	0.607	146	0.159732912395938
Cplx4	0.41	0.006	0.477	160	0.169430112141031
Mppe1	0.43	0.132	0.528	397	0.157395618102597
Prelid3a	0.558	0.406	0.679	172	0.164715776742234
Cep76	0.349	-0.146	0.384	659	0.150993071472054
Mapk4	0.599	0.478	0.72	583	0.168195353566044
St8sia5	0.621	0.539	0.753	412	0.162803421373947
Rnf165	0.566	0.397	0.678	347	0.156359933483301
Haus1	0.355	-0.047	0.433	278	0.153020244733873
Zadh2	0.497	0.268	0.609	377	0.16513094549931
Cd226	0.351	-0.104	0.403	333	0.146140539560159
Plaat3	0.491	0.243	0.592	162	0.169431566354403
Ppp2r5b	0.563	0.422	0.688	497	0.160096728358279
Snx32	0.515	0.319	0.631	404	0.163163611703782
Catsper1	0.464	0.205	0.574	686	0.147663147138227
Rin1	0.517	0.282	0.612	763	0.156155974771338
Npas4	0.484	0.154	0.55	802	0.152656347876821
Lrfn4	0.549	0.377	0.662	636	0.160989454300885
Kdm2a	0.407	0.028	0.476	1161	0.155693660655191
Gstp3	0.545	0.365	0.655	210	0.163942597117117
Ndufs8	0.562	0.322	0.635	212	0.173282511494066
Kmt5b	0.415	0.025	0.482	883	0.159964945378105
Atrx	0.323	-0.297	0.315	2476	0.154125994580958
Taf6l	0.5	0.278	0.612	623	0.153772986349466
Ubxn1	0.435	0.083	0.505	297	0.15963971714578
Eml3	0.462	0.169	0.557	897	0.156613164765795
Xpa	0.448	0.127	0.537	272	0.167530038328415
Myrf	0.584	0.377	0.671	1112	0.161657790415198
Xpc	0.496	0.192	0.571	930	0.170186722983574
Cyb561a3	0.5	0.298	0.619	242	0.153481468296509
Tkfc	0.444	0.109	0.522	578	0.164663348620577
Ercc5	0.391	-0.082	0.425	1170	0.153048364290067
Oosp2	0.319	-0.252	0.335	168	0.156269883958421
Oosp3	0.311	-0.22	0.341	195	0.150129779028012
Patl1	0.375	-0.093	0.409	770	0.144431476607566
Xrcc1	0.532	0.289	0.625	631	0.16044122491083
Xrcc5	0.396	-0.019	0.458	732	0.161305595397976
Slc6a18	0.516	0.329	0.636	615	0.159006531601422
Slc6a20b	0.535	0.351	0.651	635	0.15969720361991
Nmrk1	0.38	-0.061	0.435	195	0.154414072651102
D030056L22Rik	0.57	0.429	0.697	162	0.162363203707326
Trpm6	0.408	0.048	0.49	2028	0.153355973422018
Rorb	0.468	0.191	0.567	470	0.172471620548656
Yap1	0.499	0.225	0.592	488	0.15181041310541
Abhd17b	0.361	-0.169	0.374	288	0.156058663473048
Trpm3	0.461	0.194	0.565	1721	0.156215347248783
Smc5	0.344	-0.115	0.398	1087	0.152617442428149
Tmem252	0.512	0.26	0.601	183	0.16258638102513
Pgm5	0.486	0.218	0.579	567	0.157953443560722
Cbwd1	0.307	-0.197	0.355	393	0.152448591513426
Dmrt2	0.465	0.189	0.571	561	0.161884484074651
Glis3	0.472	0.146	0.549	935	0.154365896409851
Ybx1	0.445	0.043	0.498	322	0.152524466013126
Ric1	0.402	0.013	0.47	1422	0.152647211725382
Ermp1	0.435	0.139	0.538	898	0.153833455613512
Hectd2	0.338	-0.187	0.365	775	0.147242385408655
Myof	0.434	0.09	0.513	2048	0.156524997500223
Cyp2c70	0.366	-0.096	0.41	489	0.151470065670809
Opalin	0.398	-0.009	0.453	143	0.136886201428277
Yes1	0.316	-0.311	0.304	541	0.144400348568119
Ubtd1	0.575	0.352	0.65	227	0.167516424506805
Morn4	0.494	0.232	0.594	146	0.154364888698584
Cox15	0.436	0.158	0.541	413	0.150350746341629
Cyp2c23	0.457	0.193	0.563	494	0.156873781727105
Erlin1	0.408	-0.016	0.457	348	0.161407349392285
Slf2	0.334	-0.216	0.35	1163	0.146411485822222
Twnk	0.434	0.147	0.538	685	0.152090133667374
Lzts2	0.55	0.361	0.657	671	0.160136412196435
Dpcd	0.495	0.283	0.619	203	0.169200911774528
Pprc1	0.428	0.008	0.475	1644	0.153011784792706
Wbp1l	0.548	0.308	0.632	385	0.164748058557323
Ina	0.648	0.616	0.792	501	0.168491120191858
Taf5	0.404	0.036	0.49	801	0.152954278351305
Siae	0.411	-0.006	0.467	541	0.151512905417376
Habp2	0.507	0.26	0.611	517	0.175736462099522
Plekhs1	0.407	0.034	0.484	474	0.154961831933948
Map3k19	0.398	-0.03	0.451	1311	0.154989298293533
Afap1l2	0.578	0.399	0.68	843	0.174459633151405
Ablim1	0.494	0.212	0.58	861	0.161859262514849
Fhip2a	0.467	0.242	0.591	764	0.161379172409944
Atrnl1	0.42	0.031	0.489	1378	0.165811593704827
Slc23a3	0.446	0.153	0.537	611	0.153977692579535
Eno4	0.453	0.177	0.559	618	0.15940182556713
Ywhae	0.405	0.019	0.473	255	0.168219797006745
Prlhr	0.613	0.536	0.746	370	0.16210001957114
Ywhag	0.767	0.779	0.882	247	0.191804457543742
Ywhah	0.494	0.233	0.591	246	0.176313720900645
Ywhaq	0.49	0.243	0.595	245	0.170101143890628
Npbwr1	0.586	0.531	0.744	329	0.161153954899292
Ywhaz	0.412	0.036	0.487	245	0.165133314292795
Yy1	0.611	0.474	0.725	414	0.180689670660067
Plagl1	0.527	0.195	0.577	704	0.167109359120239
Zan	0.522	0.228	0.597	5420	0.18095921091653
Tmem185b	0.49	0.322	0.626	350	0.151204707356897
Epb41l5	0.354	-0.173	0.374	731	0.149071689431942
Cfap221	0.432	0.112	0.522	836	0.154797485059935
C1ql2	0.612	0.474	0.725	287	0.168872617258124
Zap70	0.649	0.541	0.755	618	0.175696640269451
Zfp1	0.48	0.227	0.59	403	0.166810693047302
Rab3gap1	0.385	-0.061	0.432	981	0.158076599825408
Zranb3	0.414	0.017	0.473	1069	0.162700642899255
R3hdm1	0.384	-0.111	0.414	1135	0.145820812717925
Lct	0.496	0.239	0.595	1931	0.158963165695891
Dars	0.337	-0.201	0.357	501	0.152906864657815
Yod1	0.413	0.039	0.484	343	0.154093446697669
Dyrk3	0.493	0.269	0.607	586	0.160496550841008
Zbtb17	0.587	0.424	0.697	794	0.180522481535444
Rab7b	0.458	0.133	0.534	199	0.161309733074278
Rab29	0.511	0.284	0.621	204	0.162849762552404
Zfp101	0.352	-0.272	0.336	612	0.162015539690609
Ipo9	0.47	0.169	0.555	1040	0.162791234718217
Igfn1	0.429	0.041	0.494	2849	0.156859831015223
Ascl5	0.663	0.613	0.796	188	0.154742012299304
Rnf103	0.334	-0.2	0.357	683	0.147698469389613
Zfp281	0.411	-0.011	0.47	893	0.150707085530167
Zfp105	0.393	-0.059	0.444	524	0.165841327831861
Zbtb41	0.369	-0.152	0.391	908	0.158797290291424
Zfp11	0.505	0.236	0.597	647	0.17984349036701
Odr4	0.31	-0.283	0.313	447	0.147146245680038
Smg7	0.394	-0.073	0.431	1146	0.14793929475501
Nmnat2	0.566	0.391	0.672	307	0.16664043805084
Lamc1	0.522	0.254	0.606	1607	0.181383723585118
Mkrn3	0.454	0.076	0.51	544	0.168726953192681
Rasal2	0.432	0.078	0.507	1286	0.154248403897177
Cryzl2	0.475	0.21	0.579	350	0.164730488797625
Dars2	0.368	-0.028	0.444	653	0.150567988430167
Zfp13	0.58	0.39	0.68	505	0.171482101346762
Klhl20	0.378	-0.028	0.447	604	0.149957095728299
Aph1a	0.46	0.224	0.576	265	0.14879107527891
Suco	0.316	-0.331	0.299	1254	0.144423382067073
Prrc2c	0.35	-0.264	0.337	2846	0.145189360292288
Fmo4	0.377	-0.047	0.436	560	0.147772554176343
Fmo6	0.459	0.111	0.526	532	0.156696988133002
Pcgf2	0.541	0.347	0.654	342	0.16368468147086
Tiprl	0.366	-0.085	0.42	271	0.149643964696951
Rcsd1	0.486	0.112	0.537	412	0.160222831371711
Gm4846	0.43	0.101	0.519	538	0.151726818084687
Gm4847	0.409	0.066	0.5	537	0.152863502501501
Zfp148	0.388	-0.092	0.426	794	0.152970581788043
Fam78b	0.627	0.513	0.738	261	0.158753357499039
Atf6	0.401	-0.024	0.456	656	0.148633533854459
Ndufs2	0.479	0.204	0.571	463	0.159526412105629
Arhgap30	0.425	0.045	0.493	1093	0.156397717381913
Tstd1	0.418	0.012	0.469	133	0.161776695255675
Zbtb14	0.512	0.255	0.608	449	0.171339745362863
Sf1	0.465	0.046	0.5	639	0.150669889670829
Ifi207	0.335	-0.301	0.312	978	0.139865509479662
Ifi205	0.364	-0.185	0.378	404	0.153539952765025
Trim26	0.528	0.316	0.633	545	0.168683850233214
Rnf112	0.502	0.294	0.619	654	0.166719926874213
Becn2	0.481	0.27	0.607	447	0.166271143736012
Zfp185	0.43	0.015	0.478	486	0.159048969963884
Cnst	0.464	0.111	0.532	711	0.165031798139825
Ahctf1	0.315	-0.261	0.326	2243	0.146061696766792
Cdc42bpa	0.355	-0.131	0.393	1732	0.153671009697879
Wdr26	0.394	0.056	0.495	641	0.15635300368165
C130074G19Rik	0.638	0.561	0.764	141	0.171628442335105
Mark1	0.45	0.155	0.549	795	0.15301365963215
Zfp2	0.364	-0.203	0.371	459	0.159541223164635
Slc30a10	0.556	0.419	0.687	470	0.168857660991128
Lyplal1	0.38	-0.016	0.456	239	0.152486491720836
Zfp207	0.325	-0.455	0.24	495	0.143565184838111
Zfand5	0.338	-0.331	0.307	213	0.15886835514682
Kctd3	0.465	0.178	0.563	815	0.154941822213104
Smyd2	0.587	0.446	0.704	433	0.180014577704241
Vash2	0.574	0.435	0.695	355	0.163157959202424
Flvcr1	0.489	0.302	0.623	560	0.153337331139936
Ppp2r5a	0.42	0.074	0.501	486	0.155564788534168
Zfp239	0.598	0.511	0.744	201	0.181623964428829
Lpgat1	0.411	0.045	0.484	409	0.15202776832494
Hhat	0.5	0.344	0.643	499	0.157519652380792
Sbspon	0.487	0.142	0.544	264	0.176902480257855
Zpr1	0.519	0.261	0.607	459	0.164087029097892
Zfp26	0.357	-0.219	0.361	959	0.158823291605794
Zfp27	0.459	0.139	0.546	819	0.168255832044835
Tfap2d	0.439	0.143	0.542	452	0.156655162384747
Zfp28	0.434	0.058	0.504	825	0.164443004439287
Zscan2	0.595	0.447	0.709	614	0.175650340338945
Kcnq5	0.438	0.126	0.53	952	0.153528909457065
Zfp30	0.507	0.274	0.612	548	0.174391816262815
Zfp35	0.382	-0.136	0.4	580	0.161986909089532
Zfp36	0.533	0.273	0.615	319	0.150404660227981
Zfp37	0.367	-0.19	0.382	594	0.163358844198543
Zscan21	0.451	0.083	0.518	555	0.163738468845448
Arhgef4	0.604	0.477	0.717	484	0.171825490487175
Plekhb2	0.531	0.285	0.621	221	0.167172484418513
Kansl3	0.461	0.139	0.539	903	0.154105970261247
Actr1b	0.516	0.315	0.633	376	0.159099594731725
Zfp39	0.433	0.053	0.502	718	0.165348784246463
Eif5b	0.357	-0.159	0.386	1216	0.163571280345857
Slc9a2	0.499	0.288	0.614	814	0.156706498094019
Zfp40	0.312	-0.361	0.281	796	0.159175689551987
Zfp41	0.472	0.093	0.528	198	0.172071451227265
Zfp42	0.472	0.221	0.585	288	0.165594500513746
Zfp46	0.651	0.593	0.786	452	0.17857380116879
Dnah7b	0.377	-0.055	0.431	4068	0.153733794710028
Slc39a10	0.374	-0.068	0.43	833	0.154012554400446
Zfp51	0.333	-0.314	0.311	781	0.161467226288223
Nemp2	0.403	0.025	0.476	421	0.153944298771687
Hibch	0.33	-0.158	0.374	385	0.145076120616417
Pms1	0.323	-0.246	0.334	917	0.146326200063698
Zfp52	0.329	-0.291	0.315	724	0.163358778266605
Ormdl1	0.341	-0.134	0.386	153	0.135308808849249
Zfp54	0.34	-0.282	0.326	585	0.161206509175873
Plcl1	0.416	0.062	0.498	1096	0.162591011093934
Zfp57	0.45	0.062	0.502	421	0.161419286475326
Stradb	0.372	-0.107	0.407	418	0.141302845451764
Mpp4	0.467	0.152	0.545	654	0.166466193761621
Zfp59	0.383	-0.111	0.416	653	0.167384014864947
Zfp60	0.376	-0.146	0.396	704	0.165485042179473
Zfp61	0.432	0.087	0.518	555	0.161449714252751
Ino80d	0.483	0.195	0.572	1021	0.155509174505788
Ndufs1	0.324	-0.25	0.329	727	0.156642298208116
Zfp62	0.374	-0.171	0.386	907	0.163135436299645
Ccnyl1	0.349	-0.104	0.401	291	0.152386854035059
Zfp64	0.65	0.562	0.77	676	0.175237710751675
Cps1	0.437	0.069	0.503	1500	0.162989233565175
Zbtb7b	0.545	0.316	0.638	544	0.159271542133805
Cxcr1	0.449	0.191	0.553	351	0.151845966023825
Gpbar1	0.503	0.323	0.625	329	0.150564143101508
Aamp	0.513	0.239	0.6	436	0.166817054365345
Ctdsp1	0.57	0.468	0.715	261	0.161560932338919
Retreg2	0.491	0.207	0.576	541	0.162557523106996
Dner	0.534	0.266	0.614	737	0.181757244087538
Gpr55	0.575	0.478	0.713	327	0.161568866642882
B3gnt7	0.525	0.34	0.646	397	0.157976548053632
Gigyf2	0.383	-0.074	0.427	1291	0.149132771803583
Dgkd	0.484	0.208	0.577	1220	0.167971691048229
Usp40	0.363	-0.089	0.413	1235	0.154081534452487
Espnl	0.58	0.42	0.689	1005	0.166251809449855
Erfe	0.548	0.37	0.66	340	0.157693869641236
Farp2	0.46	0.158	0.547	1065	0.155213468638005
Slco4c1	0.326	-0.22	0.348	722	0.144009856109346
Ppip5k2	0.341	-0.179	0.368	1129	0.151362855394845
Relch	0.338	-0.147	0.381	1216	0.146286690377073
Zcchc2	0.458	0.154	0.553	1166	0.152751917629389
Zfp85	0.355	-0.276	0.332	473	0.167885313993974
Cdh19	0.336	-0.209	0.353	770	0.147342167085691
Zfp9	0.466	0.098	0.531	454	0.172202280166327
Zfp90	0.415	0.009	0.478	636	0.158672307134228
Rpp38	0.348	-0.113	0.396	280	0.152730176990262
Dclre1c	0.381	-0.05	0.44	705	0.154623182958551
Cdnf	0.485	0.272	0.608	187	0.175006261176067
Zfp92	0.524	0.333	0.642	488	0.16193705895051
Camk1d	0.458	0.186	0.567	385	0.164214662376222
Proser2	0.552	0.324	0.643	471	0.160202291796289
Zfp93	0.477	0.166	0.563	645	0.169589077244954
Zfp94	0.482	0.197	0.576	486	0.171218680922588
Zkscan5	0.498	0.267	0.612	819	0.170672160584381
Zscan12	0.402	-0.026	0.458	501	0.164359666975098
C1ql3	0.569	0.416	0.694	255	0.164122241642289
Zfp97	0.307	-0.436	0.245	546	0.152042769837811
Tbpl2	0.367	-0.156	0.383	350	0.148632864209349
Zfpm1	0.592	0.407	0.688	995	0.162682783108855
Tor4a	0.479	0.224	0.577	426	0.155725454282835
Tubb4b	0.576	0.382	0.674	445	0.169043670124418
Tmem203	0.545	0.536	0.742	136	0.150646658480608
Lrrc26	0.484	0.291	0.608	331	0.151660898178077
Man1b1	0.508	0.284	0.616	658	0.1600040376241
Zfpm2	0.434	0.051	0.501	1151	0.159634747147119
Uap1l1	0.557	0.355	0.654	507	0.171003925733712
Paxx	0.476	0.22	0.581	205	0.15962256123029
Rabl6	0.482	0.127	0.542	725	0.160574368129189
Obp2a	0.444	0.138	0.542	176	0.159372818396028
Zfr	0.345	-0.268	0.334	1074	0.154023907682124
Lcn11	0.479	0.212	0.573	178	0.159348569287521
Sohlh1	0.497	0.183	0.568	357	0.160711414377778
Kcnt1	0.61	0.511	0.737	1238	0.168058906070466
Camsap1	0.463	0.111	0.527	1582	0.161230187450051
Qsox2	0.463	0.159	0.549	639	0.161835790348641
Zfx	0.353	-0.22	0.36	799	0.161502806306945
Snapc4	0.475	0.194	0.568	1325	0.157752026792836
Sec16a	0.415	-0.083	0.433	2357	0.150520857607752
Rexo4	0.455	0.111	0.53	432	0.168647234147385
Slc2a6	0.532	0.386	0.664	497	0.15336939349584
Zfy1	0.315	-0.35	0.292	782	0.155795595978951
Gbgt1	0.536	0.337	0.642	347	0.154889187782406
Ddx31	0.407	0.035	0.481	687	0.154072443873157
Zfy2	0.314	-0.344	0.293	777	0.154847268409272
Trub2	0.507	0.283	0.611	331	0.161589863290149
Coq4	0.554	0.4	0.669	266	0.154726958796109
Zer1	0.62	0.529	0.744	779	0.172512015422733
Spout1	0.531	0.307	0.63	385	0.169444733991538
Phyhd1	0.51	0.236	0.595	311	0.157051969091234
Dolk	0.501	0.327	0.631	534	0.156953296993464
Nup188	0.475	0.244	0.59	1759	0.158543030809653
Zhx1	0.323	-0.29	0.319	873	0.14392879288659
Sh3glb2	0.58	0.436	0.698	404	0.169265108712217
BC005624	0.541	0.3	0.627	289	0.174075349321609
Zic1	0.638	0.545	0.764	447	0.170802962103483
Exosc2	0.458	0.233	0.584	293	0.158957120790974
Qrfp	0.554	0.376	0.661	124	0.156269614275591
Zic2	0.634	0.573	0.779	529	0.171577525834728
Nup214	0.43	-0.034	0.464	2085	0.14774981006949
Plpp7	0.676	0.634	0.8	271	0.166284526408584
Prrc2b	0.522	0.261	0.61	2230	0.159929280778209
Zic3	0.582	0.381	0.678	466	0.166441268094966
Slc25a25	0.561	0.434	0.695	514	0.164859458581915
Pip5kl1	0.542	0.381	0.667	395	0.156619093820699
Cfap157	0.604	0.491	0.724	523	0.176397957879456
Niban2	0.631	0.514	0.74	749	0.168845243597915
Lrsam1	0.562	0.446	0.698	727	0.170855662955038
Zic4	0.526	0.298	0.629	334	0.163076455890094
Mapkap1	0.455	0.157	0.55	522	0.159299449923075
Rabepk	0.443	0.041	0.499	380	0.155831275293779
Zik1	0.365	-0.157	0.389	463	0.161072519127742
Gsn	0.56	0.331	0.646	780	0.169378659954394
Zim1	0.483	0.146	0.552	579	0.17206424668193
Ikzf1	0.519	0.281	0.62	515	0.170091306181009
Or12k5	0.37	0.006	0.457	330	0.149642592117887
Ikzf2	0.451	0.084	0.515	526	0.164438861181011
Ikzf3	0.5	0.246	0.599	507	0.16728714205857
Rabgap1	0.373	-0.101	0.411	1064	0.153915930620397
Dennd1a	0.478	0.147	0.544	1016	0.151180916431004
Ikzf4	0.534	0.325	0.642	586	0.159683402086228
Slc30a1	0.544	0.4	0.679	503	0.17429346315985
Gtdc1	0.373	-0.093	0.412	445	0.150217272908494
Slc30a3	0.515	0.323	0.635	388	0.156133694810827
Slc30a4	0.378	0.033	0.477	430	0.146160877981516
Zp1	0.488	0.196	0.572	623	0.15499582205547
Epc2	0.355	-0.138	0.393	808	0.150290291255101
Zp2	0.405	-0.021	0.455	713	0.156694185567595
Zp3	0.507	0.278	0.617	424	0.159579298559231
Zp3r	0.375	-0.121	0.403	579	0.156237768606886
Dnajc2	0.335	-0.253	0.338	621	0.158892237994411
Cytip	0.431	0.107	0.519	359	0.152151555827165
Zyx	0.552	0.222	0.597	564	0.170718542498902
Ccdc148	0.352	-0.072	0.417	527	0.156323891456912
Pkp4	0.435	0.077	0.509	1190	0.1499392480042
Gca	0.418	-0.023	0.458	220	0.159669118198634
4933409G03Rik	0.377	-0.221	0.374	320	0.161706539912542
Klhl41	0.397	0.004	0.467	606	0.157732645967116
Ppig	0.329	-0.258	0.332	752	0.146879650165477
Tlk1	0.342	-0.165	0.377	766	0.147454791924497
Mettl8	0.378	-0.097	0.418	388	0.153214726344532
Pdk1	0.435	0.147	0.543	434	0.150670028360276
Atp5g3	0.369	-0.146	0.38	141	0.153614149552204
Agps	0.361	-0.114	0.403	671	0.152391712967416
Sestd1	0.391	0.016	0.47	696	0.158957294668374
Cerkl	0.407	0.035	0.478	525	0.157796856859459
Zdhhc5	0.432	0.025	0.481	715	0.144308990123341
P2rx3	0.55	0.356	0.659	397	0.167678518656282
Tnks1bp1	0.461	0.11	0.53	1720	0.156268190638734
Fads2b	0.406	0.028	0.479	487	0.155820742363762
Or5t17	0.3	-0.263	0.31	324	0.135390934685129
Madd	0.484	0.203	0.575	1627	0.157239247786358
Cstpp1	0.478	0.183	0.559	331	0.156663104094723
Lrp4	0.526	0.286	0.618	1905	0.170238423085047
Arhgap1	0.544	0.353	0.653	479	0.161047861999089
Ambra1	0.435	0.065	0.499	1300	0.147684728735096
Large2	0.537	0.347	0.646	691	0.155311174993606
Slc35c1	0.605	0.54	0.751	363	0.161057597641587
Cstf3	0.343	-0.184	0.365	717	0.157144331105028
Prrg4	0.345	-0.173	0.371	226	0.139175074945851
Kif18a	0.313	-0.304	0.305	886	0.150499730237862
Ano3	0.373	-0.081	0.417	981	0.151753491725061
Or4k77	0.36	-0.029	0.434	305	0.148666219407216
Arhgap11a	0.338	-0.217	0.353	987	0.148137575042418
Zfp770	0.336	-0.23	0.347	705	0.155937910451236
Bahd1	0.531	0.262	0.606	772	0.159744957133797
Rhov	0.565	0.422	0.69	236	0.164919068550532
Vps18	0.571	0.407	0.68	973	0.166472384372862
Itpka	0.568	0.436	0.695	459	0.160332633078123
Frmd5	0.489	0.259	0.604	517	0.15997337862793
Mall	0.59	0.49	0.726	154	0.14631475016679
F830045P16Rik	0.418	0.097	0.515	487	0.148787567865747
Ebf4	0.6	0.464	0.715	599	0.162080080709661
Dnaaf9	0.437	0.091	0.515	1179	0.156125270285572
Mavs	0.45	0.088	0.518	503	0.150851867536049
Smox	0.563	0.381	0.67	585	0.166754658510626
Btbd3	0.496	0.233	0.593	530	0.165678621895884
Sptlc3	0.373	-0.061	0.434	563	0.151132406764833
Sel1l2	0.334	-0.195	0.362	688	0.152341128653207
Kat14	0.453	0.13	0.533	779	0.15641084904414
Smim26	0.349	-0.133	0.402	107	0.139481250051314
Kiz	0.375	-0.126	0.406	695	0.152971174943077
Nkx2-4	0.732	0.803	0.897	354	0.171615434693523
Cstl1	0.518	0.318	0.634	140	0.172022362517332
Sdcbp2	0.479	0.193	0.567	292	0.167090259269389
Psmf1	0.467	0.115	0.527	271	0.159039013754539
Rspo4	0.554	0.402	0.677	228	0.185125773457549
Trib3	0.535	0.299	0.621	354	0.165240424636684
Nrsn2	0.525	0.31	0.635	202	0.151201954560127
6820408C15Rik	0.522	0.366	0.657	354	0.165848834126362
Mylk2	0.541	0.288	0.624	613	0.170519431203585
Xkr7	0.617	0.559	0.761	580	0.159926384768257
Ccm2l	0.563	0.409	0.682	481	0.162290064673396
Asxl1	0.398	-0.053	0.442	1514	0.152905962086415
Bpifb6	0.526	0.307	0.627	449	0.169768751139146
Bpifb1	0.559	0.402	0.675	474	0.161840301723781
Bpifb5	0.53	0.39	0.665	490	0.158018134300272
Zfp341	0.605	0.425	0.699	846	0.173393045827633
Pigu	0.465	0.233	0.583	435	0.152979287698348
Phf20	0.453	0.107	0.527	1010	0.167650174614828
Dlgap4	0.585	0.413	0.689	992	0.160894435448878
Tgif2	0.541	0.337	0.643	237	0.158452019543457
D630003M21Rik	0.508	0.27	0.609	1187	0.163126946510433
Ralgapb	0.347	-0.153	0.38	1507	0.146632012240922
Ppp1r16b	0.576	0.41	0.683	568	0.17143682248972
Gdap1l1	0.639	0.564	0.765	367	0.17161692682449
Fitm2	0.6	0.527	0.744	262	0.16174063346303
Pcif1	0.571	0.394	0.676	706	0.160905064722959
Ncoa5	0.45	0.105	0.516	579	0.14906298358733
Slc35c2	0.571	0.511	0.731	364	0.158794806097324
Zfp334	0.542	0.344	0.654	679	0.180032037971768
Zmynd8	0.533	0.317	0.643	1235	0.165970885536936
Ddx27	0.567	0.383	0.669	760	0.177231584270502
Tshz2	0.519	0.285	0.625	1030	0.164078675181502
Zfp217	0.486	0.178	0.569	1041	0.164694422958516
Cbln4	0.45	0.144	0.544	198	0.153459655819824
Stx16	0.492	0.28	0.609	326	0.159924542758674
Npepl1	0.572	0.419	0.69	524	0.172108895835456
Ppp1r3d	0.62	0.515	0.739	279	0.163077207446448
Taf4	0.534	0.38	0.673	1042	0.157501043638649
Osbpl2	0.464	0.143	0.544	484	0.160694546802523
Slc17a9	0.562	0.414	0.685	447	0.162904034568893
Ythdf1	0.463	0.081	0.523	559	0.156793992313536
Arfgap1	0.501	0.185	0.578	414	0.169571655309439
Helz2	0.514	0.28	0.613	2947	0.16281418810588
Gmeb2	0.473	0.13	0.539	530	0.161374303607277
Zgpat	0.554	0.337	0.647	511	0.173550060604902
Samd10	0.534	0.367	0.658	202	0.157480031386143
Zbtb10	0.431	0.085	0.517	861	0.15819998875767
Ythdf3	0.334	-0.347	0.297	596	0.145987374821366
Acad9	0.466	0.213	0.575	625	0.161763424527291
Qrfpr	0.456	0.199	0.569	433	0.158147619361523
Bltp1	0.326	-0.266	0.327	5005	0.143298092618657
Nudt6	0.467	0.212	0.573	313	0.150462644495366
Stoml3	0.465	0.234	0.585	287	0.160555958776774
Hnrnpa3	0.328	-0.359	0.294	379	0.145880970616197
Spg20	0.426	0.052	0.501	671	0.162090614385363
Tm4sf4	0.473	0.205	0.575	202	0.176062559334021
Eif2a	0.333	-0.295	0.322	581	0.151223650426156
Clrn1	0.393	0.025	0.479	250	0.149819769552601
Gpr171	0.369	0.006	0.455	319	0.146810625231596
Aadacl2fm1	0.291	-0.285	0.301	280	0.145607357826107
Gpr149	0.429	0.112	0.525	732	0.155243081229255
Gmps	0.319	-0.262	0.322	693	0.150105197367415
Otol1	0.398	-0.041	0.458	482	0.156324128054721
Ctso	0.406	-0.014	0.463	312	0.156222474604322
Tmem131l	0.445	0.082	0.516	1597	0.156625469146307
Fhdc1	0.454	0.135	0.54	1149	0.152437971308681
Gatb	0.431	0.096	0.511	557	0.160274097655106
Fhip1a	0.516	0.299	0.625	1081	0.162434337373564
Fcrl1	0.425	0.076	0.507	363	0.152147071543731
Rrnad1	0.496	0.28	0.607	475	0.160715255640584
Isg20l2	0.434	0.082	0.514	368	0.164440248578614
Smg5	0.499	0.25	0.595	1017	0.164948567648376
Slc25a44	0.582	0.503	0.732	333	0.158162725116697
Syt11	0.536	0.361	0.657	430	0.161680466012057
Msto1	0.483	0.251	0.597	556	0.157193683526735
Pbxip1	0.535	0.326	0.64	727	0.167477556332085
Dennd4b	0.51	0.262	0.603	1510	0.158000453498995
Gatad2b	0.383	-0.06	0.43	594	0.15130030279489
Ints3	0.483	0.241	0.59	1041	0.163670123357294
S100a7l2	0.338	-0.165	0.372	92	0.140276642618295
Sprr4	0.494	-0.062	0.467	76	0.200098153375148
Tdpoz8	0.427	0.06	0.496	244	0.164292012680827
Pogz	0.445	0.073	0.511	1409	0.157618258344782
Gm128	0.501	0.256	0.601	350	0.149881982692181
Prune1	0.486	0.225	0.583	454	0.1670070911867
Golph3l	0.413	0.02	0.471	343	0.153549734685873
Adamtsl4	0.497	0.178	0.564	1036	0.160175428087463
Ciart	0.417	0.012	0.476	375	0.148006934919113
BC028528	0.386	-0.125	0.413	148	0.136614540178742
Otud7b	0.46	0.139	0.543	840	0.162269478342334
Pias3	0.492	0.247	0.596	628	0.155011129084492
Trim45	0.471	0.189	0.566	757	0.164468724165131
Vangl1	0.473	0.25	0.593	526	0.154450387894827
Csde1	0.339	-0.243	0.341	798	0.151859982278255
Ampd1	0.471	0.139	0.541	745	0.160380305293027
Bcl2l15	0.396	-0.038	0.444	167	0.153033909659357
Rsbn1	0.389	-0.027	0.455	795	0.149388294843118
St7l	0.344	-0.145	0.382	559	0.146750587194781
Chil5	0.422	0.021	0.48	431	0.154497314285628
Chil6	0.407	-0.063	0.436	440	0.158928937005976
Cym	0.547	0.34	0.648	379	0.159754237961891
Slc16a4	0.351	-0.121	0.396	500	0.145143827364017
Rbm15	0.439	0.097	0.513	962	0.148480312995797
Slc6a17	0.636	0.526	0.746	727	0.166759645236627
Strip1	0.544	0.345	0.647	837	0.167537033648366
Ahcyl1	0.453	0.117	0.531	530	0.170648193634806
Gpr61	0.506	0.305	0.627	449	0.154704017663632
Amigo1	0.576	0.44	0.699	492	0.165535933144986
Elapor1	0.533	0.279	0.623	1013	0.171661464848194
Clcc1	0.389	-0.069	0.428	544	0.16027226050185
Slc25a24	0.433	0.112	0.524	475	0.158520006187996
Olfm3	0.397	0	0.465	478	0.151262527875797
Cdc14a	0.411	0.051	0.493	603	0.150556325440573
Trmt13	0.333	-0.182	0.369	481	0.157527103081732
Slc35a3	0.287	-0.272	0.313	326	0.136515999093417
Plppr4	0.486	0.234	0.59	766	0.153938656954614
Tram1l1	0.484	0.309	0.625	363	0.156951192988993
Cenpe	0.344	-0.126	0.393	2471	0.154506074181063
Gm4861	0.366	0.022	0.465	106	0.14932749786544
Rap1gds1	0.344	-0.088	0.412	607	0.156325295587272
Gbp5	0.439	0.093	0.513	590	0.161366114194369
Gbp7	0.443	0.118	0.528	638	0.163549249672138
Kyat3	0.389	-0.034	0.448	455	0.160941182181352
Gtf2b	0.395	-0.05	0.436	316	0.161248447838397
Clca3b	0.418	0.006	0.472	1044	0.142932062671083
Clca2	0.403	0.019	0.476	942	0.151040098451706
Znhit6	0.419	0.043	0.494	460	0.167340164517742
Ak5	0.465	0.181	0.559	562	0.161448850624765
Prdm13	0.649	0.604	0.79	754	0.173366401888102
Coq3	0.376	-0.06	0.435	370	0.154447142174521
Rigi	0.413	0.057	0.495	926	0.164158283923822
Ndufb6	0.424	0.087	0.504	128	0.141645140357326
Nol6	0.519	0.302	0.622	1152	0.15918596267393
Phf24	0.535	0.338	0.644	400	0.165426612487935
Atosb	0.5	0.221	0.584	538	0.149631157914314
Arhgef39	0.51	0.334	0.637	344	0.155812070096684
Car9	0.466	0.162	0.552	437	0.15071520546907
Gba2	0.471	0.156	0.55	918	0.158283718718418
Npr2	0.485	0.226	0.582	1047	0.157744464242959
Zbtb5	0.489	0.204	0.581	670	0.155910823373457
Slc25a51	0.509	0.35	0.646	298	0.159713681211116
Shb	0.641	0.581	0.778	503	0.170048178463268
Galnt12	0.528	0.361	0.654	576	0.161807325903075
Tmeff1	0.443	0.113	0.533	372	0.17700191487773
Acnat1	0.416	0.061	0.496	416	0.155218660982462
Zfp189	0.38	-0.077	0.427	608	0.161722495390292
Aldob	0.456	0.097	0.52	364	0.173000095990481
Elp1	0.41	0.026	0.48	1333	0.156738573651863
Abitram	0.365	-0.076	0.426	193	0.153039810480122
Frrs1l	0.531	0.319	0.638	293	0.165406072108836
Ecpas	0.325	-0.205	0.351	1840	0.149538937232917
Ptbp3	0.36	-0.148	0.388	551	0.151789954121398
E130308A19Rik	0.489	0.178	0.565	737	0.164886765343814
Tmem268	0.52	0.274	0.608	342	0.164379986046422
Megf9	0.47	0.103	0.533	600	0.165423361888917
Haus6	0.312	-0.296	0.308	933	0.146171590482625
Acer2	0.495	0.292	0.615	275	0.172524946266329
Focad	0.39	0.033	0.475	1798	0.156139376018206
Ifna13	0.496	0.237	0.588	189	0.16902455263183
Ifna16	0.48	0.199	0.564	189	0.164681375357339
Ifne	0.428	0.153	0.538	192	0.149106223759646
Cyp2j13	0.419	0.049	0.486	503	0.149902984561484
Usp1	0.344	-0.188	0.371	784	0.155682070554447
Leprot	0.425	0.151	0.544	131	0.156803419149143
C8a	0.441	0.064	0.504	587	0.165186966848128
Ttc22	0.586	0.46	0.709	568	0.172089436166396
Pars2	0.499	0.295	0.616	511	0.165950326646739
Fam151a	0.497	0.234	0.588	608	0.157767138247664
Cyb5rl	0.521	0.324	0.638	316	0.162027609841234
Yipf1	0.448	0.157	0.548	306	0.15125949667151
Glis1	0.588	0.398	0.681	789	0.164502138050858
Zyg11a	0.408	0.108	0.513	706	0.153883042884201
Tut4	0.318	-0.306	0.304	1644	0.150920040329995
Prpf38a	0.388	-0.04	0.431	312	0.149000449838614
Zfyve9	0.355	-0.19	0.373	1397	0.154769222737485
Nrd1	0.396	-0.04	0.447	1229	0.157082535879293
Ttc39a	0.547	0.365	0.659	578	0.171191304463457
Slc5a9	0.486	0.253	0.595	685	0.156294543726966
Skint10	0.29	-0.287	0.299	354	0.139234620939622
Skint6	0.287	-0.296	0.291	1240	0.135286893482041
Skint11	0.28	-0.327	0.275	364	0.139874295711367
Cyp4a29	0.417	0.099	0.509	509	0.151017071938712
Efcab14	0.391	0.009	0.468	529	0.153075874445064
Atpaf1	0.487	0.224	0.589	348	0.162055307855999
Lrrc41	0.432	0.107	0.515	807	0.152806936423303
Tmem69	0.299	-0.208	0.34	245	0.138629857484327
Tesk2	0.429	0.058	0.495	570	0.154261942325155
Ipo13	0.569	0.409	0.681	963	0.169014564241214
Kdm4a	0.519	0.269	0.614	1064	0.168844519582872
Szt2	0.493	0.247	0.595	3431	0.153780351092096
Tmem125	0.554	0.383	0.665	216	0.166308838624852
AU022252	0.531	0.277	0.618	199	0.172062594842741
Foxj3	0.386	-0.104	0.42	623	0.142750435816819
Zmpste24	0.369	-0.084	0.417	475	0.149287912325087
Nt5c1a	0.544	0.364	0.661	365	0.163854554594539
Pabpc4	0.499	0.222	0.588	660	0.167398510561267
Rhbdl2	0.424	0.12	0.523	302	0.155497884215422
Yrdc	0.567	0.464	0.711	280	0.165436047653435
Epha10	0.612	0.486	0.724	292	0.172160076196424
Gnl2	0.409	0	0.469	728	0.159886532893405
Zc3h12a	0.522	0.26	0.608	596	0.157847063941516
Oscp1	0.493	0.256	0.599	379	0.158604034164695
Eva1b	0.594	0.529	0.742	164	0.154708587442331
Thrap3	0.433	0.04	0.494	951	0.153445928692101
5730409E04Rik	0.552	0.302	0.628	230	0.167493712159607
Zfp362	0.643	0.537	0.755	418	0.162976257100133
Fam167b	0.517	0.4	0.669	162	0.164524092515435
Iqcc	0.43	0.079	0.509	418	0.158473346022484
Tmem39b	0.588	0.489	0.723	492	0.156593393987435
Adgrb2	0.582	0.416	0.689	1561	0.165362633706468
Hcrtr1	0.593	0.48	0.72	416	0.164109648892351
Serinc2	0.617	0.534	0.75	450	0.167259960200148
Sesn2	0.588	0.457	0.706	480	0.163864135119808
Themis2	0.55	0.407	0.683	663	0.159517024587393
Fam76a	0.534	0.243	0.601	307	0.189126021653479
Ahdc1	0.549	0.292	0.626	1594	0.157863659662726
Wdtc1	0.573	0.408	0.685	677	0.17184546393405
Pigv	0.49	0.266	0.6	493	0.160871144189277
Crybg2	0.505	0.232	0.594	1516	0.157097039567203
Pdik1l	0.403	0.043	0.486	341	0.156966093181929
Slc30a2	0.573	0.447	0.701	371	0.17031929196173
Man1c1	0.557	0.416	0.687	625	0.155787105732537
Ncmap	0.581	0.355	0.655	118	0.166762033995617
Grhl3	0.549	0.344	0.651	603	0.165843630297221
Il22ra1	0.525	0.313	0.635	581	0.156850097255189
Asap3	0.552	0.383	0.67	904	0.166991165486043
Zbtb40	0.544	0.332	0.647	1258	0.172844183393982
Ece1	0.592	0.463	0.715	753	0.165818625060118
Eif4g3	0.455	0.12	0.533	1578	0.160733948496171
Sh2d5	0.548	0.374	0.661	429	0.164811608531086
Emc1	0.531	0.348	0.65	997	0.159735287528132
Igsf21	0.602	0.496	0.729	468	0.158482214605701
Crocc	0.621	0.533	0.744	2009	0.173117014924871
Aadacl3	0.388	0.002	0.46	408	0.151567309640966
Aadacl4fm4	0.368	-0.037	0.434	407	0.150142184071267
Vps13d	0.436	0.096	0.516	4390	0.155799762592227
Nppa	0.497	0.287	0.614	152	0.154388965969441
Fbxo44	0.621	0.51	0.738	255	0.170795776003023
Fbxo2	0.677	0.572	0.774	297	0.180301159045769
Tardbp	0.362	-0.184	0.381	414	0.152144970523478
Gm572	0.478	0.209	0.574	399	0.160434336622008
Tmem201	0.604	0.462	0.711	664	0.159664117350698
Dnajc11	0.513	0.318	0.632	559	0.163809624534395
Phf13	0.582	0.366	0.664	296	0.172707005482324
Ajap1	0.52	0.336	0.645	412	0.14750676786369
Cep104	0.476	0.18	0.561	926	0.166179485463361
Megf6	0.563	0.294	0.633	1572	0.20832553323146
Arhgef16	0.589	0.461	0.71	713	0.162013142165921
Tnfrsf14	0.54	0.314	0.64	275	0.176606298227746
Fndc10	0.688	0.673	0.822	223	0.167485628525501
9430015G10Rik	0.505	0.225	0.585	199	0.165873377555953
Plekhn1	0.49	0.224	0.585	611	0.153234490384951
Klhl17	0.536	0.313	0.633	640	0.161805694854095
Samd11	0.47	0.171	0.558	552	0.150692892204362
Elapor2	0.428	-0.002	0.476	1028	0.16568511343957
Nupl2	0.404	-0.052	0.452	420	0.143227150298891
Gbx1	0.659	0.612	0.795	418	0.159176797085047
Iqca1l	0.48	0.228	0.581	825	0.164210379805016
Galnt11	0.427	0.092	0.509	608	0.154457541658709
Kmt2c	0.357	-0.22	0.357	4904	0.151184093099077
Insig1	0.475	0.292	0.619	259	0.153948324028281
Hadhb	0.366	-0.175	0.374	475	0.156802342562072
Agbl5	0.474	0.17	0.557	846	0.151204096003652
Dnajc5g	0.363	-0.14	0.389	165	0.167901653890828
Gckr	0.464	0.18	0.561	587	0.159721924813064
Haus3	0.285	-0.32	0.288	570	0.146072500600438
Zfyve28	0.536	0.296	0.626	905	0.168362041436673
Tnip2	0.465	0.19	0.562	430	0.170769370520024
Dok7	0.515	0.265	0.608	570	0.157500630648092
Sh3tc1	0.559	0.37	0.66	1346	0.167482387394031
Ablim2	0.561	0.355	0.657	664	0.172428852945071
Tada2b	0.54	0.348	0.648	420	0.170907798376599
Cytl1	0.57	0.382	0.664	139	0.170572647883646
Semp2l2a	0.392	-0.029	0.45	502	0.156325045864247
Cpeb2	0.531	0.339	0.652	992	0.150812438767409
Cc2d2a	0.397	-0.01	0.458	1633	0.150087448203182
Tapt1	0.395	0.063	0.493	564	0.150146099171205
Sel1l3	0.457	0.176	0.559	1137	0.157178258007147
Chrna9	0.508	0.318	0.634	479	0.16299604753902
Guf1	0.333	-0.19	0.363	651	0.154790991012648
Slc10a4	0.562	0.464	0.71	437	0.160065912866015
Cwh43	0.378	0.01	0.463	699	0.145514050205252
Lrrc66	0.416	0.024	0.479	872	0.152948713113309
Aasdh	0.389	0.022	0.475	1100	0.155075138099173
Ppat	0.362	-0.108	0.408	517	0.156107720926553
Polr2b	0.37	-0.074	0.42	1174	0.156439307537815
Uba6	0.303	-0.318	0.296	1053	0.146968462614221
Tmprss11d	0.322	-0.205	0.353	417	0.137941983886511
Ythdc1	0.31	-0.328	0.291	736	0.141132997380547
Ugt2b36	0.332	-0.206	0.353	530	0.148855361840434
Grsf1	0.429	0.123	0.53	479	0.153531440144838
Cox18	0.459	0.273	0.605	332	0.154451225997102
Parm1	0.482	0.113	0.536	296	0.147016176217184
Sdad1	0.477	0.219	0.581	687	0.168619093682515
Cnot6l	0.339	-0.164	0.373	555	0.147070173846793
Fras1	0.477	0.17	0.561	4010	0.166711316860421
Paqr3	0.464	0.218	0.577	311	0.151704372600546
Tmem150c	0.466	0.213	0.576	249	0.158170904677669
Lin54	0.369	-0.134	0.402	749	0.154316992571189
Plac8	0.423	-0.033	0.453	112	0.186865564885221
Gpat3	0.454	0.204	0.569	438	0.159539108701818
Arhgap24	0.486	0.227	0.591	747	0.158606499677134
Lrrc8d	0.522	0.37	0.661	859	0.165034384264146
Rpap2	0.37	-0.108	0.407	614	0.155852102494811
Gak	0.455	0.105	0.524	1305	0.161639882287122
Slc26a1	0.478	0.212	0.572	720	0.161132993009407
Vmn2r13	0.333	-0.209	0.351	831	0.146884263407877
Vmn2r14	0.344	-0.206	0.355	848	0.146911797813336
Chfr	0.431	0.032	0.484	664	0.164164922445289
P2rx2	0.53	0.315	0.635	497	0.163204411697242
Galnt9	0.592	0.468	0.712	604	0.168020476632587
Ficd	0.631	0.577	0.771	458	0.166122278857753
Tmem119	0.539	0.356	0.662	280	0.160004720254237
Ssh1	0.541	0.352	0.654	1042	0.164204669960828
Alkbh2	0.506	0.302	0.625	239	0.159818902035489
Myo1h	0.486	0.299	0.621	1022	0.164192027241187
Oasl1	0.586	0.468	0.714	511	0.167099727974995
Gcn1	0.573	0.454	0.704	2671	0.171549805986209
Vsig10	0.542	0.386	0.673	558	0.165846025360084
Fbxo21	0.614	0.536	0.75	627	0.174217826602467
Fbxw8	0.536	0.371	0.66	598	0.163138253896646
Sds	0.606	0.474	0.719	327	0.181281703571534
Oas1e	0.494	0.249	0.596	386	0.163347734398103
Trafd1	0.493	0.175	0.563	580	0.171322735121795
Naa25	0.415	0.099	0.513	972	0.160199883395071
Pheta1	0.58	0.477	0.72	266	0.15787043194893
Rad9b	0.395	0	0.468	403	0.149911728009886
B3gnt4	0.522	0.329	0.635	350	0.160316252298553
Rimbp2	0.523	0.277	0.616	1079	0.163895772086782
Sfswap	0.477	0.165	0.56	945	0.15989586270799
Lrch4	0.497	0.284	0.612	680	0.154284237985707
Agfg2	0.507	0.216	0.592	490	0.153154250003921
Mepce	0.51	0.288	0.621	666	0.158165552382655
Pilra	0.44	0.103	0.522	302	0.152574954172231
Trappc14	0.555	0.407	0.682	580	0.159109842699873
Adap1	0.588	0.444	0.704	374	0.168129031102124
Micall2	0.5	0.235	0.597	1009	0.158043150027236
Tmem184a	0.568	0.433	0.696	449	0.157675756449313
Snx8	0.611	0.517	0.74	459	0.175150369409823
Brat1	0.507	0.308	0.625	867	0.161282577818964
Amz1	0.563	0.416	0.685	502	0.167775154677933
Ap5z1	0.589	0.482	0.718	807	0.162596798453376
Radil	0.561	0.392	0.673	1099	0.161687972129829
Tnrc18	0.556	0.343	0.65	1755	0.16042504775202
Fbxl18	0.66	0.619	0.793	707	0.17247934639009
Zfp12	0.567	0.4	0.687	686	0.178505819485912
Ints15	0.594	0.544	0.751	448	0.163829233608846
Daglb	0.521	0.36	0.654	669	0.167305971530057
Aimp2	0.494	0.245	0.596	320	0.160978550360145
Ccz1	0.42	0.093	0.514	480	0.154908575904914
Lmtk2	0.46	0.141	0.546	1471	0.156092433145273
Gm4871	0.413	-0.038	0.45	314	0.154703637512906
Pdap1	0.423	0.011	0.475	181	0.168684078981269
Bud31	0.47	0.149	0.54	144	0.176971664352273
Urad	0.491	0.25	0.592	178	0.158467410226746
Katnal1	0.457	0.164	0.549	488	0.162883381109397
Uspl1	0.36	-0.183	0.374	1089	0.155721361787185
Gimap6	0.449	0.092	0.517	305	0.161118810829708
Gimap7	0.427	0.13	0.526	293	0.164881875030687
Fam221a	0.401	-0.038	0.452	301	0.162931039664042
Jazf1	0.554	0.319	0.64	243	0.163980632371753
Creb5	0.516	0.266	0.614	501	0.153675246490519
Fkbp14	0.424	0.046	0.49	211	0.163057205512855
Plekha8	0.406	0.033	0.486	519	0.158201964897658
Itprid1	0.383	-0.119	0.408	1034	0.155048714432068
Vopp1	0.499	0.143	0.547	172	0.161058789564784
Ccser1	0.387	-0.049	0.443	895	0.147406972289213
Foxi3	0.608	0.467	0.72	399	0.155145234453185
Thnsl2	0.51	0.273	0.61	483	0.167367224261288
Tmem150a	0.559	0.391	0.674	271	0.169154370218828
Mat2a	0.34	-0.212	0.353	395	0.161325275542789
Elmod3	0.504	0.302	0.624	381	0.163519214631952
Eva1a	0.61	0.466	0.707	156	0.164316793892503
Slc4a5	0.55	0.386	0.668	1001	0.162972866662202
Mob1a	0.408	-0.047	0.442	216	0.162392785873728
Paip2b	0.407	-0.005	0.473	136	0.158175971535189
Cyp26b1	0.63	0.544	0.753	512	0.16463180813202
Smyd5	0.513	0.29	0.621	416	0.176600116678996
C87436	0.481	0.179	0.561	574	0.162789573106489
Arhgap25	0.494	0.214	0.583	648	0.163249677749183
Hmces	0.488	0.206	0.578	353	0.163345569808653
Txnrd3	0.436	0.127	0.534	614	0.161370530147768
Iqsec1	0.568	0.392	0.676	1099	0.156674002271956
Hdac11	0.584	0.428	0.69	347	0.166784448910917
Ccdc174	0.347	-0.196	0.366	467	0.151183225501337
Fgd5	0.53	0.274	0.617	1514	0.165410224787127
Tmf1	0.345	-0.144	0.392	1091	0.149857865745107
Frmd4b	0.478	0.201	0.573	1035	0.15936958387928
Gxylt2	0.547	0.389	0.667	444	0.156799490390989
Ppp4r2	0.36	-0.223	0.361	417	0.150551836734156
Slc6a1	0.627	0.527	0.746	599	0.169017905984574
Vgll4	0.567	0.359	0.661	287	0.162824624238215
Zfp637	0.493	0.228	0.592	286	0.167659213135829
Ankrd26	0.384	-0.029	0.451	1681	0.159983243939638
Wnk1	0.352	-0.224	0.359	2635	0.141975444494341
A2m	0.443	0.098	0.52	1474	0.1572480008246
Vmn2r19	0.331	-0.19	0.359	854	0.144268180496817
Vmn2r27	0.334	-0.195	0.358	857	0.144239836421934
Clstn3	0.545	0.329	0.642	956	0.168368877831671
C1rl	0.486	0.197	0.574	482	0.161504896881267
A2ml1	0.42	0.059	0.503	1456	0.152001557932804
BC035044	0.389	-0.046	0.446	138	0.163281646443036
Klrb1f	0.332	-0.172	0.365	217	0.15764453380767
Clec2e	0.365	-0.122	0.404	216	0.16346621694473
Clec12a	0.382	-0.065	0.43	267	0.160654576358198
Clec9a	0.392	-0.056	0.44	264	0.16144372851773
Klrh1	0.326	-0.321	0.308	223	0.155137087071378
5530400C23Rik	0.292	-0.364	0.281	173	0.134519247442928
Crebl2	0.449	0.15	0.542	123	0.169964177129458
Gprc5a	0.52	0.367	0.657	356	0.157949600316214
H2aj	0.808	0.871	0.93	129	0.186573899006553
Rerg	0.491	0.292	0.62	199	0.160438836498124
Dera	0.469	0.207	0.574	318	0.167547804987579
Pyroxd1	0.366	-0.132	0.4	498	0.156822426854194
Gys2	0.429	0.077	0.506	704	0.15529434672892
Stk38l	0.389	-0.013	0.457	464	0.153748188475387
Mrps35	0.435	0.131	0.536	320	0.163011441355403
Klhl42	0.67	0.622	0.795	493	0.170680968157436
Caprin2	0.358	-0.19	0.373	1031	0.147036262169743
Amn1	0.274	-0.305	0.283	258	0.151390150800804
Vwde	0.362	-0.106	0.41	926	0.155195348152092
Ccdc136	0.51	0.281	0.615	1187	0.173912451397682
Tspan33	0.59	0.488	0.722	283	0.175751621408314
Zc3hc1	0.435	0.037	0.49	501	0.156573018875107
Cpa2	0.442	0.095	0.519	417	0.154296514022288
Mgam	0.448	0.077	0.509	1827	0.153819799476989
Prss58	0.408	0.027	0.476	241	0.161725694447287
Tcaf2	0.443	0.112	0.525	919	0.160497067108633
Zfp212	0.527	0.286	0.621	492	0.169700012167351
Oscar	0.486	0.218	0.579	271	0.151329728449035
Cnot3	0.552	0.307	0.637	751	0.160354662559207
Leng8	0.546	0.297	0.63	785	0.164248208329094
Lilra5	0.422	0.083	0.514	295	0.143462832134687
Ppp1r12c	0.524	0.297	0.622	782	0.166832803306974
Kmt5c	0.538	0.292	0.616	468	0.164211089368954
Shisa7	0.579	0.431	0.696	541	0.159693148000055
Zfp628	0.535	0.273	0.618	1038	0.161909792132775
Ccdc106	0.54	0.364	0.656	341	0.16578868911737
Nlrp2	0.403	0.021	0.472	1046	0.162120796695406
Galp	0.426	0.083	0.505	117	0.152054710528159
Zfp954	0.475	0.156	0.556	416	0.167717245661997
Zfp418	0.385	-0.11	0.414	652	0.166030306453755
Zfp772	0.438	0.059	0.505	416	0.164791384363948
Zscan18	0.476	0.119	0.537	809	0.162392026290416
Zscan22	0.503	0.16	0.56	496	0.169117024197405
Zbtb45	0.531	0.229	0.593	520	0.161414992545681
Pla2g4c	0.415	0.005	0.468	607	0.16037211514469
Arhgap35	0.439	0.092	0.514	1499	0.159319478614488
Ap2s1	0.686	0.648	0.81	142	0.180720705355172
Igfl3	0.382	-0.086	0.42	140	0.168412269051301
Ccdc61	0.55	0.409	0.679	511	0.154823247235757
Mypop	0.579	0.381	0.671	393	0.156740919394582
Ppm1n	0.545	0.351	0.651	404	0.170088422468288
Klc3	0.6	0.443	0.699	508	0.171031031874032
Mark4	0.598	0.485	0.723	752	0.159742706255482
Bloc1s3	0.604	0.562	0.764	195	0.160190190744945
Ppp1r37	0.613	0.484	0.723	712	0.171535617713205
Vmn1r178	0.367	-0.096	0.407	304	0.144397637546182
Vmn1r180	0.352	-0.124	0.394	305	0.144205057151065
Zfp114	0.506	0.251	0.607	585	0.170785974653978
Zfp428	0.517	0.19	0.578	189	0.172869495813796
Phldb3	0.549	0.378	0.665	648	0.162744473283018
Lypd10	0.378	-0.001	0.463	246	0.156918487914376
Lypd4	0.441	0.196	0.567	246	0.162392387290494
Atp1a3	0.627	0.505	0.735	1013	0.176657090252996
Zfp574	0.552	0.337	0.648	900	0.16651909685379
Cxcl17	0.432	0.148	0.54	119	0.163992955251421
B3gnt8	0.526	0.326	0.634	389	0.15303422540296
B9d2	0.544	0.326	0.639	175	0.161773388452294
Hnrnpul1	0.517	0.225	0.592	859	0.160159318370783
Nlrp9a	0.325	-0.19	0.355	1004	0.150615491314507
Cyp2a22	0.493	0.22	0.581	492	0.1529439890374
Itpkc	0.513	0.264	0.609	678	0.165296313825178
Blvrb	0.555	0.402	0.683	206	0.157881613571262
Hipk4	0.587	0.426	0.691	616	0.162903020631538
Samd4b	0.57	0.38	0.668	687	0.15976290548695
Nccrp1	0.585	0.458	0.709	291	0.156416182160113
Fbxo27	0.566	0.43	0.691	280	0.162364718077089
Rasgrp4	0.543	0.341	0.646	678	0.162531708593227
Zfp790	0.441	0.075	0.512	779	0.172470270680384
Zfp940	0.38	-0.149	0.396	566	0.161480871620617
Zfp420	0.386	-0.097	0.419	578	0.164352580219219
Zfp382	0.471	0.161	0.556	579	0.163717843482003
Wdr62	0.53	0.294	0.625	1524	0.161654917242285
Alkbh6	0.533	0.307	0.623	238	0.151928406169214
Syne4	0.46	0.202	0.566	388	0.157581571059992
Lrfn3	0.522	0.321	0.633	626	0.159167243142611
Arhgap33	0.491	0.187	0.565	1305	0.147469979027643
U2af1l4	0.48	0.235	0.591	220	0.159795068783728
Ffar2	0.572	0.464	0.707	330	0.156728030909768
Ffar3	0.527	0.422	0.683	319	0.151891316369727
Ffar1	0.5	0.322	0.629	300	0.156069293717804
Scgb2b24	0.335	-0.234	0.339	112	0.150711569864339
Scgb2b27	0.363	-0.112	0.406	112	0.15597472965987
Garre1	0.466	0.107	0.529	1059	0.159231573853514
Kctd15	0.539	0.403	0.678	283	0.15733916071793
Dpy19l3	0.43	0.143	0.531	716	0.152042628489447
Gm4884	0.424	0	0.472	694	0.154069709171499
AI987944	0.296	-0.48	0.223	406	0.145464740490976
Siglecf	0.493	0.246	0.599	569	0.158883371782581
Lim2	0.584	0.461	0.707	173	0.154051711015583
Ctu1	0.597	0.464	0.713	420	0.177060335966353
Mybpc2	0.552	0.344	0.653	1136	0.171133448836979
Tbc1d17	0.56	0.385	0.669	645	0.159337635337143
Scaf1	0.531	0.251	0.603	1256	0.15647713296903
Prr12	0.53	0.241	0.601	2035	0.156530377637607
Mrgpra1	0.421	0.113	0.513	331	0.149645956678315
Mrgpra3	0.443	0.151	0.534	329	0.149118772788252
Mrgprb4	0.36	-0.054	0.424	321	0.149021920932992
Mrgprb1	0.356	-0.035	0.431	350	0.148926129094997
Ano5	0.417	0.048	0.488	904	0.151660853606528
Luzp2	0.366	-0.123	0.401	345	0.156540315949128
Siglech	0.46	0.16	0.551	309	0.154917865825593
Tubgcp5	0.372	-0.04	0.441	1024	0.151020961310491
Nipa1	0.537	0.407	0.679	323	0.169047855770162
Mtmr10	0.421	0.086	0.508	771	0.154625895781838
Lrrk1	0.543	0.375	0.664	2014	0.16579423265661
Adamts17	0.531	0.312	0.633	1122	0.172270603233568
Synm	0.471	0.186	0.566	1561	0.154811686707867
Vps33b	0.482	0.225	0.579	617	0.161799380798935
Prc1	0.386	-0.013	0.452	606	0.154007241037763
Zfp592	0.49	0.159	0.559	1262	0.164811441556155
Tmc3	0.464	0.177	0.556	1130	0.15434170543814
Vmn2r66	0.313	-0.242	0.329	851	0.147776605700932
Vmn2r71	0.313	-0.281	0.312	855	0.147393312615669
Picalm	0.32	-0.293	0.316	660	0.143855911499908
Crebzf	0.677	0.701	0.84	358	0.169265573030815
Kctd14	0.537	0.355	0.656	287	0.16546687236075
Rsf1	0.375	-0.125	0.404	1441	0.160814407325981
Gdpd4	0.355	-0.067	0.419	632	0.15217415122309
Emsy	0.381	-0.099	0.422	1264	0.142667887590809
Mogat2	0.579	0.493	0.724	334	0.156200849903654
Gdpd5	0.598	0.501	0.729	607	0.159494442555082
P2ry6	0.581	0.44	0.695	328	0.161335950325009
Pgap2	0.576	0.485	0.722	250	0.157426671532318
Or52m2	0.392	0.028	0.468	326	0.149754667296523
Cnga4	0.536	0.328	0.636	575	0.158551178726768
Dchs1	0.447	0.071	0.505	3291	0.148565447755981
Or6b9	0.398	0.026	0.473	316	0.149448013663939
Tmem41b	0.321	-0.211	0.349	291	0.13971077237054
Ipo7	0.315	-0.267	0.319	1038	0.151824104046543
Galnt18	0.596	0.466	0.713	622	0.16919598569959
Spon1	0.537	0.3	0.629	807	0.173058675243646
Insc	0.537	0.367	0.657	532	0.173021393657138
Plekha7	0.547	0.344	0.648	1266	0.160127703370727
Xylt1	0.56	0.358	0.657	953	0.162944092591538
Smg1	0.349	-0.138	0.387	3658	0.15180848500667
Acsm2	0.425	0.062	0.496	600	0.154999113458316
Acsm4	0.428	0.082	0.508	580	0.158468747322466
Thumpd1	0.438	0.068	0.509	350	0.160594475451909
Dcun1d3	0.432	0.038	0.488	304	0.158743150845301
Tmem159	0.452	0.309	0.623	161	0.152555583730971
Mosmo	0.388	0.033	0.472	167	0.142813084857687
Vwa3a	0.471	0.215	0.578	1148	0.161969663866297
Cog7	0.553	0.374	0.664	770	0.172152599385445
Palb2	0.357	-0.167	0.381	1104	0.156001467542398
Tnrc6a	0.383	-0.155	0.398	1896	0.149157945957918
Slc5a11	0.504	0.266	0.603	673	0.159893207236932
Gtf3c1	0.51	0.296	0.621	2101	0.163377363097253
Katnip	0.459	0.138	0.539	1610	0.159322323648179
Tufm	0.497	0.243	0.594	452	0.165173705161725
Atxn2l	0.469	0.097	0.529	1049	0.150488301048415
Ino80e	0.522	0.229	0.59	205	0.149310758797204
Hirip3	0.478	0.129	0.542	601	0.165083692659721
Kctd13	0.554	0.434	0.694	329	0.162708311142237
Sez6l2	0.517	0.26	0.605	923	0.157077346661586
Asphd1	0.436	0.106	0.519	360	0.15594678210759
Zfp553	0.497	0.19	0.571	591	0.162812475454576
Zfp768	0.531	0.243	0.602	568	0.157823909266874
Zfp764	0.48	0.127	0.537	431	0.168261915070877
Prr14	0.417	0.002	0.463	612	0.142765553874726
Ccdc189	0.538	0.323	0.639	333	0.163375412635003
Rnf40	0.531	0.348	0.647	1001	0.171253241818745
Fbxl19	0.502	0.272	0.604	674	0.162779848579912
Setd1a	0.468	0.087	0.52	1716	0.153087540218007
Zfp646	0.455	0.055	0.502	1788	0.163699930951295
Fus	0.408	-0.136	0.414	518	0.152923770649986
Armc5	0.463	0.199	0.563	926	0.158260636078333
Rusf1	0.487	0.286	0.616	466	0.160271485522795
4933402N03Rik	0.423	0.015	0.476	329	0.158401922732841
Gpr26	0.648	0.641	0.803	337	0.164976573734568
Ppfia1	0.445	0.122	0.526	1266	0.159340446874327
Tpcn2	0.541	0.375	0.658	731	0.160903951916492
Zfp958	0.297	-0.472	0.227	467	0.150032684837934
Arglu1	0.45	0.248	0.586	271	0.150188573201916
Pcid2	0.519	0.326	0.637	399	0.170128413120852
Adprhl1	0.502	0.28	0.614	353	0.164746795702595
Tmco3	0.496	0.352	0.646	678	0.159568626868892
Erich1	0.453	0.095	0.517	332	0.158227810821258
Arhgef10	0.514	0.294	0.625	1345	0.164516439472813
Tpte	0.348	-0.123	0.396	664	0.144528921580104
Dkk4	0.413	0.041	0.491	221	0.171295956769265
Nsd3	0.411	-0.037	0.455	1446	0.165026284156944
Tti2	0.431	0.134	0.533	537	0.161659222327604
Mboat4	0.496	0.291	0.611	435	0.156780115506293
Fgl1	0.386	-0.114	0.412	314	0.158897101397267
Sorbs2	0.442	0.061	0.503	1214	0.154112652236137
Helt	0.552	0.38	0.668	240	0.156089856277649
Neil3	0.389	-0.079	0.427	606	0.161678583222057
Gpm6a	0.464	0.097	0.515	278	0.172917795492156
BC030500	0.405	0.039	0.487	123	0.148471724634618
Cbr4	0.366	-0.038	0.443	236	0.152677616555807
Ddx60	0.334	-0.176	0.368	1710	0.152146643874398
Trim60	0.391	-0.023	0.451	466	0.151623089865798
Naf1	0.408	-0.043	0.456	597	0.137783268798169
Psd3	0.388	-0.081	0.429	1004	0.1551574934365
Csgalnact1	0.476	0.202	0.572	530	0.156866204541751
Zfp930	0.304	-0.469	0.236	441	0.148522535328567
Zfp868	0.337	-0.282	0.325	422	0.154489390427557
Gatad2a	0.51	0.242	0.596	630	0.16018700703414
Tmem161a	0.599	0.498	0.725	480	0.1617552761974
Sugp2	0.478	0.186	0.565	1067	0.162410207301933
Ddx49	0.572	0.429	0.69	480	0.171470543570055
Klhl26	0.599	0.418	0.687	606	0.169771278381899
Mpv17l2	0.599	0.508	0.734	200	0.16150205520109
Ccdc124	0.647	0.532	0.748	217	0.18131992587932
Ushbp1	0.514	0.265	0.605	680	0.166638369818045
Ankle1	0.501	0.259	0.6	534	0.161763139875997
Nxnl1	0.568	0.429	0.689	217	0.16020724038363
Colgalt1	0.576	0.406	0.68	617	0.163606942941244
Zfp961	0.36	-0.209	0.366	444	0.164286972316887
Cib3	0.56	0.34	0.645	160	0.166579697138084
Tmem184c	0.337	-0.137	0.386	622	0.145559473511171
Inpp4b	0.379	-0.038	0.441	941	0.151627147203337
Rtbdn	0.487	0.17	0.559	247	0.159099348239979
Heatr3	0.405	0.035	0.479	679	0.16673546853885
Ces1f	0.422	0.005	0.474	561	0.157900578199058
Cpne2	0.585	0.409	0.685	548	0.171269703997908
Ccdc102a	0.636	0.539	0.75	549	0.172090695406743
Ndrg4	0.59	0.437	0.702	352	0.167418153198543
Cnot1	0.367	-0.102	0.406	2369	0.15350369196291
Slc38a7	0.572	0.446	0.702	463	0.163574691974387
Dync1li2	0.427	0.062	0.502	492	0.157592593861371
Nae1	0.304	-0.327	0.287	534	0.150656221140151
Ces2b	0.472	0.146	0.545	556	0.160482363048891
Ces2c	0.47	0.119	0.532	561	0.160814057652983
Ces2e	0.457	0.107	0.524	559	0.159312070873647
Ces4a	0.499	0.251	0.6	563	0.15808709022993
Phaf1	0.432	0.061	0.5	422	0.156955601958568
Elmo3	0.536	0.356	0.649	720	0.160695625498997
Fbxl9	0.465	0.172	0.547	166	0.164241521314969
Fhod1	0.519	0.277	0.612	1197	0.158401508562655
Carmil2	0.497	0.214	0.578	738	0.155399116917119
Edc4	0.478	0.18	0.561	1406	0.159512168289394
Nrn1l	0.505	0.235	0.583	162	0.175546470685181
Txnl4b	0.448	0.147	0.545	149	0.15350273286712
Tat	0.502	0.271	0.609	454	0.167858622193704
Zfp612	0.453	0.094	0.525	672	0.173040363512619
Cmtr2	0.436	0.146	0.541	767	0.162793166559621
Vac14	0.561	0.415	0.682	782	0.166452166501986
Fcsk	0.537	0.347	0.647	1090	0.166974798085239
Ddx19b	0.505	0.266	0.605	494	0.172028980436379
Aars	0.503	0.247	0.598	968	0.171259684390159
Rfwd3	0.399	-0.046	0.445	774	0.157581428452717
Tmem231	0.568	0.482	0.719	315	0.150908326577415
Atmin	0.498	0.237	0.597	818	0.157333677579811
Plcg2	0.566	0.429	0.694	1265	0.165957728815193
Slc38a8	0.586	0.479	0.717	432	0.163789793735304
Klhl36	0.694	0.635	0.804	613	0.176447594701925
6430548M08Rik	0.59	0.386	0.677	407	0.173204003580745
Mthfsd	0.471	0.204	0.572	372	0.159171772458272
Klhdc4	0.519	0.245	0.604	584	0.167696149630519
Piezo1	0.6	0.499	0.727	2546	0.163097360827042
Spg7	0.502	0.276	0.61	781	0.163670071293429
Chmp1a	0.625	0.476	0.723	196	0.186963889488826
Cdk10	0.557	0.378	0.662	360	0.168240859154722
Spire2	0.588	0.444	0.701	718	0.171488298405177
Nup133	0.443	0.126	0.531	1155	0.157367701547192
Ttc13	0.48	0.244	0.594	759	0.163320495968433
Map3k21	0.525	0.326	0.637	1002	0.164354165585313
Gucy1a2	0.379	-0.058	0.431	730	0.154858137322177
Mmp27	0.363	-0.156	0.384	525	0.147707249629997
Cfap300	0.393	-0.007	0.463	267	0.14966319429358
Cep126	0.31	-0.306	0.307	1103	0.145326755954065
Med17	0.452	0.153	0.545	649	0.164610824452578
Deup1	0.436	0.136	0.536	507	0.163458450873737
Slc36a4	0.418	0.159	0.543	500	0.153999231262603
Mbd3l2	0.344	-0.156	0.379	228	0.148756361572008
Zfp426	0.381	-0.113	0.413	550	0.160724900784062
Rdh8	0.502	0.293	0.619	317	0.160721845088216
Ppan	0.572	0.445	0.701	470	0.165049081828546
Atg4d	0.537	0.342	0.647	474	0.157265769483043
Kank2	0.58	0.408	0.685	843	0.164019858186051
Tmem205	0.552	0.449	0.696	189	0.158885110358049
Plppr2	0.597	0.448	0.704	452	0.155927566911243
Zfp809	0.405	-0.063	0.438	402	0.161564067386942
Zfp599	0.377	-0.114	0.412	548	0.160793090558007
Zfp810	0.436	0.001	0.476	461	0.172368292222667
Cypt4	0.357	-0.102	0.396	153	0.16138474702744
Septin7	0.33	-0.214	0.353	437	0.15568495416652
Igsf9b	0.537	0.284	0.62	1328	0.154427752469598
Ntm	0.478	0.223	0.587	344	0.157534886067952
Adamts15	0.549	0.348	0.653	950	0.172219447270311
Zbtb44	0.358	-0.203	0.364	453	0.146626088469515
Nfrkb	0.438	0.067	0.506	1296	0.153957902570027
Tmem45b	0.508	0.333	0.636	278	0.161313691670323
Foxred1	0.438	0.084	0.511	493	0.15540868353967
Fez1	0.526	0.273	0.611	392	0.170092635198122
Msantd2	0.465	0.225	0.586	559	0.15911867214237
Or8g33	0.331	-0.159	0.371	314	0.146101774075787
Or10d1b	0.44	0.138	0.532	311	0.147787202662449
Scn3b	0.487	0.26	0.605	215	0.159545245838893
Gramd1b	0.533	0.342	0.648	878	0.155085499219656
Sc5d	0.417	0.05	0.493	299	0.145380895038792
Tlcd5	0.496	0.275	0.61	245	0.158151870763489
C1qtnf5	0.511	0.264	0.612	243	0.155505947774609
Rnf214	0.42	0.022	0.479	668	0.158759597999845
Zbtb16	0.568	0.385	0.674	673	0.172550062285978
Usp28	0.408	0.005	0.469	1051	0.158311668756335
Gm4894	0.292	-0.273	0.312	118	0.135694307385065
Ttc12	0.448	0.16	0.546	704	0.169388496247337
Dlat	0.386	-0.071	0.43	642	0.158269315378075
Sik2	0.421	0.034	0.484	931	0.151111037334419
Hoatz	0.38	0.008	0.467	168	0.153271349676302
Gldn	0.455	0.126	0.536	549	0.154975818289594
Dmxl2	0.338	-0.199	0.36	3054	0.148991594015812
Hykk	0.364	-0.053	0.437	376	0.149701355927695
Lingo1	0.65	0.613	0.789	620	0.162957727605017
Snx33	0.567	0.364	0.662	574	0.162446800657281
Cplx3	0.575	0.401	0.682	158	0.178298691698809
Lman1l	0.499	0.286	0.613	505	0.155328569946806
Coro2b	0.564	0.438	0.696	480	0.165155189467124
Lctl	0.473	0.181	0.564	566	0.157177856071863
Herc1	0.336	-0.193	0.361	4859	0.150592102701731
Usp3	0.387	-0.019	0.458	520	0.160241767810137
Rab8b	0.402	0.056	0.49	207	0.152367862830542
Gtf2a2	0.296	-0.249	0.327	109	0.143816555220291
Mindy2	0.464	0.184	0.57	601	0.158858026123028
Zfp280d	0.322	-0.334	0.3	974	0.147334155025478
Prtg	0.435	0.1	0.52	1191	0.151301500624024
Atosa	0.395	-0.016	0.458	1082	0.15179655084976
Leo1	0.465	0.113	0.534	667	0.16560768996285
Slc17a5	0.392	0.076	0.502	495	0.152372869614584
Cd109	0.363	-0.086	0.42	1442	0.14484732485338
Plscr4	0.418	-0.043	0.446	326	0.158792330298288
Gk5	0.394	0.037	0.488	516	0.153865327109586
Pxylp1	0.521	0.328	0.637	480	0.160202625962702
Ppp2r3a	0.332	-0.217	0.353	1150	0.148247575594235
Topbp1	0.366	-0.108	0.412	1515	0.157948449610827
Dnajc13	0.357	-0.1	0.407	2243	0.150984115504288
Atp2c1	0.346	-0.138	0.388	952	0.155855232021412
Glyctk	0.525	0.308	0.625	523	0.165903219599119
Dusp7	0.654	0.636	0.806	422	0.167654492038144
Parp3	0.592	0.439	0.702	533	0.173236737347882
6430571L13Rik	0.575	0.367	0.662	164	0.162863678018583
Camkv	0.54	0.247	0.604	512	0.176250513394759
Apeh	0.535	0.325	0.641	732	0.161230398222998
Atrip	0.41	0.05	0.49	785	0.158634525661837
Plxnb1	0.512	0.253	0.601	2119	0.162805174814068
Fbxw19	0.356	-0.097	0.405	466	0.14865199959933
Scap	0.536	0.353	0.649	1276	0.157275296771362
Setd2	0.341	-0.267	0.333	2537	0.146751478473684
Nbeal2	0.531	0.352	0.65	2750	0.157059052633748
Prss42	0.452	0.146	0.549	335	0.157011837981386
Prss50	0.552	0.417	0.684	439	0.158786926298095
Als2cl	0.583	0.441	0.698	952	0.170103049662169
Fam240a	0.492	0.296	0.617	97	0.168851655792069
Rtp3	0.419	0.048	0.499	474	0.154691193314606
Dync1li1	0.42	0.073	0.508	523	0.156278470821964
Acaa1b	0.539	0.359	0.658	424	0.171714875446593
Zfp445	0.364	-0.139	0.393	986	0.156185157349316
Mrgpra2b	0.43	0.157	0.537	331	0.153141430354465
Mrgpra4	0.442	0.178	0.545	313	0.147828008790529
Zfp65	0.356	-0.197	0.369	390	0.167569797888929
Zfp825	0.304	-0.475	0.23	274	0.152132099314473
Pate14	0.362	-0.173	0.371	99	0.166067631020302
Slc22a26	0.343	-0.087	0.403	552	0.144228120281573
Zfp709	0.326	-0.329	0.301	727	0.156150743485124
Tcstv3	0.429	-0.03	0.46	169	0.161402169875232
Alms1	0.34	-0.244	0.343	3251	0.147990220380227
Lancl3	0.566	0.45	0.705	420	0.173196928503291
Slc22a29	0.332	-0.144	0.371	551	0.139070063654959
Ifi209	0.331	-0.245	0.337	420	0.147554485098791
5730507C01Rik	0.325	-0.32	0.309	416	0.149634449617928
Phf11b	0.314	-0.269	0.325	276	0.155539656829402
Or1af1	0.424	0.121	0.522	309	0.144648939088765
Ago1	0.536	0.31	0.631	857	0.165333313208165
Zfp352	0.401	-0.132	0.41	551	0.153121821181418
Phgdh	0.52	0.295	0.624	533	0.170399313946483
AF067061	0.429	-0.045	0.454	171	0.165733190128455
Gbp9	0.447	0.122	0.529	619	0.164829955504038
Smok2b	0.366	-0.073	0.425	484	0.152279028328491
Sytl5	0.371	-0.063	0.433	753	0.151422833652298
H2al1j	0.379	-0.04	0.439	109	0.144308230269428
Nyx	0.679	0.668	0.818	476	0.165428291913629
Slc9a7	0.429	0.105	0.518	726	0.15003390007132
Rbm10	0.512	0.224	0.589	930	0.161547960052866
Usp11	0.475	0.163	0.554	921	0.159866289832157
Tesl1	0.46	0.08	0.517	411	0.185758735638041
Gpr119	0.446	0.183	0.556	335	0.158647910071455
Or11q2	0.338	-0.085	0.412	319	0.146006575867056
Or5o1	0.392	0.004	0.467	319	0.147872984728705
Ints6l	0.328	-0.223	0.343	861	0.144864013745442
Mmgt1	0.312	-0.212	0.346	131	0.135285661766535
Slc9a6	0.398	0.042	0.482	702	0.146469322998947
Tmem185a	0.374	-0.047	0.428	322	0.148012172937173
Magea10	0.358	-0.139	0.394	325	0.146954267353162
Gm14743	0.319	-0.295	0.313	171	0.154312106931108
Pcyt1b	0.413	-0.019	0.461	369	0.152638667720299
Pdk3	0.383	-0.068	0.426	415	0.147917206387233
Klhl15	0.362	-0.125	0.397	604	0.150314589164571
Arhgef9	0.47	0.202	0.572	516	0.165956974500385
Stard8	0.487	0.193	0.57	1019	0.162401453887676
Ercc6l	0.339	-0.191	0.362	1240	0.150740000766578
Ube2dnl1	0.342	-0.144	0.388	155	0.151863638886704
Klhl4	0.329	-0.255	0.33	717	0.151943216992448
Dmtf1l	0.325	-0.265	0.328	470	0.146216518705616
Nox1	0.397	0.004	0.462	563	0.150610694072663
Tceal1	0.467	0.155	0.548	165	0.162793229942379
Rbm41	0.371	-0.089	0.415	437	0.152715475180819
Nxt2	0.41	-0.032	0.457	198	0.156220487390061
Lhfpl1	0.409	0.048	0.49	220	0.163718640302407
Gnl3l	0.434	0.08	0.509	577	0.167067480267816
Adgrg2	0.363	-0.094	0.414	1009	0.145948961273235
Ppef1	0.348	-0.134	0.39	650	0.146383951720232
Fancb	0.316	-0.234	0.336	853	0.149503632333873
Glra2	0.396	-0.024	0.449	452	0.149346083196322
Gemin8	0.494	0.176	0.563	238	0.160601383435779
Ofd1	0.327	-0.23	0.342	1019	0.148007816858831
Lrp11	0.527	0.349	0.652	483	0.160876615670735
Zc3h12d	0.535	0.328	0.641	533	0.158208037246244
Gm4922	0.348	-0.153	0.384	497	0.149763434871411
Il22ra2	0.388	0.004	0.465	230	0.147963606008045
Il20ra	0.416	0.043	0.491	546	0.154940816680767
Aldh8a1	0.43	0.1	0.517	487	0.160452305405878
Tbpl1	0.304	-0.269	0.313	186	0.14540886492562
L3mbtl3	0.421	-0.049	0.454	883	0.162711242542474
Sh3rf3	0.544	0.338	0.648	878	0.163128573071697
Adamts14	0.568	0.37	0.666	1206	0.170310453804277
Npffr1	0.681	0.673	0.823	432	0.164528301204407
Lrrc3	0.581	0.447	0.701	257	0.172017637868705
C2cd4c	0.596	0.438	0.699	419	0.160962052724874
Mex3d	0.6	0.45	0.712	718	0.160291015823165
Lingo3	0.7	0.691	0.83	589	0.168006500821292
Zfp938	0.296	-0.469	0.231	579	0.151489650470696
Ric8b	0.369	-0.021	0.448	560	0.153855938836426
Gas2l3	0.358	-0.146	0.393	683	0.152312867913254
Cdk17	0.374	-0.04	0.438	523	0.144925099830861
Ccdc38	0.376	-0.034	0.442	563	0.150732977691664
Tmtc3	0.341	-0.127	0.391	920	0.151677043762567
Rassf9	0.396	-0.004	0.46	435	0.163964056474018
Ptprq	0.353	-0.159	0.384	2300	0.142215531467475
Osbpl8	0.365	-0.117	0.404	889	0.153879012667882
Trhde	0.397	0.041	0.482	1025	0.14959147204565
Myrfl	0.435	0.089	0.517	904	0.154412313033373
Lrrc10	0.584	0.485	0.715	274	0.159138905177028
Stac3	0.564	0.325	0.647	360	0.174370183553462
Ankrd52	0.501	0.233	0.588	1076	0.172521569143834
Pla2g3	0.513	0.23	0.587	504	0.164797666102742
Npc1l1	0.528	0.327	0.638	1333	0.160749371659896
Gpr75	0.442	0.084	0.511	540	0.153669922063764
Fbll1	0.673	0.619	0.797	314	0.171586327225468
Btnl9	0.543	0.395	0.675	536	0.159028241891304
Zfp454	0.44	0.049	0.501	536	0.170698179907411
Col23a1	0.458	0.089	0.522	532	0.161431213218098
Sowaha	0.596	0.516	0.74	548	0.157722345353539
Zfp867	0.403	-0.058	0.447	473	0.163748127400362
Mief2	0.541	0.356	0.649	454	0.163226471059632
Smcr8	0.492	0.195	0.572	935	0.159892964993292
Dnah9	0.484	0.216	0.578	4484	0.162203190666525
Pfas	0.48	0.173	0.559	1337	0.16257608889587
Slc13a5	0.479	0.234	0.589	572	0.160259385435333
Rtn4rl1	0.58	0.431	0.691	445	0.168617814644907
Trarg1	0.553	0.435	0.692	173	0.155793330790674
Nsrp1	0.388	-0.08	0.428	542	0.160337232703383
Ssh2	0.397	-0.031	0.452	1429	0.152742189813927
Sarm1	0.6	0.497	0.726	764	0.169295712369329
Atad5	0.327	-0.263	0.329	1826	0.150971210133794
Slfn9	0.395	-0.046	0.439	910	0.157737551294345
Coro1b	0.518	0.278	0.614	484	0.160913794370793
Slfn14	0.411	0.023	0.477	899	0.159965180258903
Gas2l2	0.488	0.197	0.569	860	0.155693128574184
Usp32	0.35	-0.179	0.369	1604	0.148083433987243
Coro1c	0.535	0.374	0.665	474	0.171110630689853
Brip1	0.349	-0.187	0.37	1174	0.1522980124644
Adam23	0.466	0.17	0.56	829	0.16811514789828
Rsad1	0.506	0.314	0.63	442	0.159389663982505
Phospho1	0.622	0.547	0.756	267	0.163153276214223
Adam25	0.351	-0.168	0.378	760	0.161460017652285
Ttll6	0.508	0.286	0.618	822	0.163319204282307
Krt39	0.475	0.198	0.568	482	0.172830805358627
Adamts5	0.475	0.173	0.56	930	0.166243043565058
Aoc2	0.474	0.192	0.567	757	0.151177936358739
Gpatch8	0.424	-0.023	0.463	1505	0.153830312011717
Agr2	0.405	0.016	0.471	175	0.154622300219626
Sppl2c	0.508	0.311	0.63	690	0.158389759599062
Aplnr	0.543	0.346	0.651	377	0.1616067847256
Akt3	0.334	-0.236	0.34	479	0.145953677171975
Sdk2	0.602	0.473	0.719	2176	0.158101052389991
Otop2	0.579	0.46	0.707	563	0.159352005780543
Cdr2l	0.635	0.546	0.754	465	0.175765917949964
Aloxe3	0.544	0.34	0.645	711	0.164611063350729
Enpp7	0.566	0.439	0.703	446	0.162009548034185
Amfr	0.459	0.201	0.566	639	0.155859375829834
Fscn2	0.557	0.368	0.66	492	0.166203410863558
Hexdc	0.47	0.219	0.578	486	0.155631457628007
Fn3krp	0.447	0.151	0.548	309	0.159775343158139
Wdcp	0.388	-0.003	0.463	663	0.152956901668459
Apc2	0.537	0.299	0.624	2274	0.160803023742493
Apob	0.375	-0.062	0.431	4505	0.148083219001599
Gdf7	0.619	0.524	0.744	461	0.173197989755615
Arih1	0.457	0.101	0.526	555	0.179215593846126
Arih2	0.448	0.1	0.524	492	0.17218193838533
Kcns3	0.512	0.264	0.605	491	0.169738766145611
Ash2l	0.407	-0.023	0.464	623	0.155182510469385
Cog5	0.338	-0.176	0.367	829	0.148592393799852
Dock4	0.44	0.132	0.532	1978	0.151710301465088
Akap6	0.428	0.072	0.508	2307	0.158724852818568
Lrfn5	0.359	-0.161	0.376	746	0.150068926429505
Bace1	0.56	0.409	0.683	501	0.162380085982663
Rpl10l	0.649	0.55	0.757	214	0.178944643856068
Arid4a	0.385	-0.091	0.423	1261	0.159757121608702
Banf1	0.503	0.25	0.6	89	0.177404740392887
Gpr135	0.57	0.479	0.717	457	0.15678286839191
Tmem30b	0.797	0.862	0.926	353	0.170590086599945
Syt16	0.452	0.144	0.542	549	0.158618419395114
Bpnt1	0.497	0.248	0.599	323	0.17384674784364
Kcnh5	0.431	0.1	0.517	988	0.156608197892862
Akap5	0.393	-0.141	0.409	745	0.162701410608909
Bves	0.392	0.033	0.477	358	0.148705716760099
C1ql1	0.685	0.582	0.782	258	0.174960275143348
Capn10	0.511	0.313	0.63	666	0.162226362646206
Car14	0.471	0.155	0.547	337	0.155542913613036
Mideas	0.564	0.345	0.653	1089	0.164079049222062
Xcr1	0.478	0.251	0.591	338	0.146225074258438
Rps6kl1	0.517	0.291	0.618	544	0.157807553356628
Vash1	0.582	0.39	0.674	375	0.164383887189458
Cd52	0.438	0.253	0.597	74	0.151291755341937
Irf2bpl	0.555	0.379	0.675	775	0.160927092308842
Zdhhc22	0.589	0.56	0.761	263	0.161505819295555
Samd15	0.361	-0.167	0.384	620	0.148613371772822
Cdc6	0.418	0.101	0.514	589	0.162008121103925
Cdh20	0.477	0.172	0.559	801	0.154085221268395
Cfdp1	0.384	-0.079	0.433	295	0.161097649709838
Gpr68	0.633	0.553	0.758	365	0.167115621176957
Slc24a4	0.498	0.247	0.595	605	0.162983722994001
Btbd7	0.377	-0.089	0.417	1130	0.151376169013918
Serpina3f	0.499	0.182	0.562	445	0.16518801215101
Serpina3j	0.477	0.192	0.567	420	0.161789415827497
Adam6b	0.325	-0.239	0.339	756	0.152294396551426
Adam6a	0.33	-0.223	0.345	754	0.152123044339268
Clca1	0.427	0.048	0.494	913	0.154053314096609
Clec5a	0.417	-0.018	0.466	190	0.150406674569278
Macc1	0.301	-0.308	0.297	851	0.144337444790275
Tubal3	0.405	-0.015	0.456	446	0.159133192255608
Klf6	0.433	0.052	0.498	318	0.155746830666984
Pappa2	0.455	0.078	0.512	1789	0.163140070009544
Mtr	0.411	0.008	0.469	1253	0.16358900207521
Def6	0.648	0.571	0.767	630	0.176436737426791
Def8	0.599	0.479	0.719	472	0.177558574227603
Defa17	0.391	0.028	0.478	93	0.164965232365675
Btn2a2	0.432	0.09	0.508	514	0.156063770391827
Dido1	0.422	-0.034	0.454	2256	0.154625923643562
Mylk4	0.488	0.224	0.582	387	0.169618966064034
Serpinb6d	0.386	-0.068	0.431	375	0.154462199770852
Dmtf1	0.336	-0.219	0.352	761	0.145560379144645
Dlg2	0.374	-0.079	0.422	852	0.150970147411625
Dand5	0.498	0.247	0.598	185	0.158166861695431
Spata31d1b	0.456	0.118	0.532	1361	0.155350417201337
Spata31d1d	0.423	0.068	0.507	1247	0.151324842329655
Zfp367	0.511	0.308	0.633	340	0.159792956595964
Cntnap3	0.378	-0.094	0.419	1287	0.150711619778108
Spata31d1c	0.367	-0.105	0.409	853	0.147134304739979
Zfp458	0.331	-0.291	0.321	752	0.160356234536108
Zfp874a	0.348	-0.262	0.337	447	0.160651582277838
Zfp58	0.349	-0.272	0.332	489	0.168271907355996
Ets1	0.53	0.276	0.616	440	0.164718203054861
Ets2	0.547	0.352	0.656	468	0.166639098144286
Zfp72	0.345	-0.29	0.325	435	0.16494764507932
Gpr150	0.559	0.412	0.68	427	0.162140362717928
Faim	0.428	0.099	0.524	201	0.159659307745654
Farsb	0.389	-0.036	0.443	589	0.159572050845124
Fbln5	0.496	0.163	0.556	448	0.172299381532228
Fiz1	0.549	0.303	0.632	500	0.175012613718504
Fxr2	0.459	0.123	0.531	674	0.152077225993655
Tnpo1	0.388	-0.002	0.457	898	0.159664395472514
Fyb	0.418	-0.027	0.464	819	0.156738875474874
Zfp366	0.624	0.507	0.74	746	0.175627032698651
G3bp2	0.347	-0.274	0.326	482	0.147194872984206
Gadd45g	0.582	0.421	0.69	159	0.179832923546827
Cldn34b3	0.364	-0.036	0.437	209	0.152674943365839
Ppwd1	0.347	-0.18	0.374	646	0.149191232750407
Gmcl1	0.416	0.068	0.498	524	0.15769835344478
Gdf15	0.578	0.48	0.714	303	0.15847364271566
Ggt5	0.502	0.294	0.62	573	0.158251403144514
Pde4d	0.472	0.195	0.569	747	0.158024646504318
Gapt	0.458	0.128	0.543	157	0.158472644269651
Gpc6	0.542	0.352	0.654	565	0.166854224696052
Actbl2	0.444	0.095	0.515	376	0.156390497645363
Cdc20b	0.438	0.126	0.533	519	0.159680084664667
Gpr34	0.329	-0.172	0.36	375	0.142848117825161
Grem1	0.589	0.414	0.687	184	0.174188407812752
Grem2	0.667	0.609	0.791	168	0.178686243112042
Gtf2h2	0.331	-0.252	0.331	396	0.154215483896855
Hax1	0.398	-0.106	0.415	280	0.139102339215233
Erc2	0.447	0.17	0.55	1002	0.165465307132017
Hcst	0.433	0.115	0.52	79	0.1545406202572
Ogdhl	0.573	0.366	0.661	1029	0.166020339602387
Arhgap22	0.535	0.358	0.655	702	0.157729389585461
Antxrl	0.425	0.003	0.47	641	0.15747627871893
4930596D02Rik	0.45	0.078	0.507	216	0.153179473411797
Lrit1	0.477	0.224	0.578	624	0.15990212775772
Lrit2	0.398	0.03	0.479	549	0.153775972152461
Hs2st1	0.499	0.238	0.589	356	0.165861673346529
Tlr11	0.352	-0.046	0.424	931	0.143312212995359
Ccnb1ip1	0.379	-0.075	0.428	276	0.156714032972365
Cdh24	0.561	0.365	0.661	781	0.158646794299573
Homez	0.407	-0.049	0.442	518	0.151237781105489
Zfhx2	0.518	0.252	0.605	2562	0.159936946109158
Il17d	0.722	0.761	0.87	205	0.167836897769842
Rhof	0.593	0.474	0.718	211	0.174536648539885
Setdb2	0.361	-0.192	0.37	697	0.15943485090278
C1qtnf9	0.43	0.029	0.492	333	0.158462243654531
Dleu7	0.548	0.42	0.685	209	0.16021684858528
Gucy1b2	0.441	0.113	0.527	824	0.159431861659954
Pnma2	0.475	0.248	0.598	365	0.163538662337071
Synb	0.425	0.146	0.541	618	0.144788935432118
Impdh1	0.54	0.355	0.656	514	0.168166315943065
Fhip2b	0.536	0.323	0.635	744	0.164299902619221
Impdh2	0.453	0.147	0.544	514	0.163513682181778
Enox1	0.47	0.208	0.576	643	0.16370214248741
Insl5	0.413	0.152	0.536	145	0.164164843907909
Insrr	0.528	0.332	0.641	1300	0.163185487769923
Sh2b2	0.581	0.391	0.678	621	0.163861036910966
Kctd12	0.733	0.791	0.888	327	0.160763307924138
Jtb	0.401	0.055	0.493	146	0.167749796818906
Aadat	0.367	-0.099	0.409	425	0.147335200547292
Katna1	0.331	-0.195	0.358	493	0.152548421004204
Kel	0.421	0.066	0.496	713	0.15208977874813
Slitrk6	0.319	-0.177	0.361	840	0.145530602830296
Krtap14	0.521	0.218	0.596	167	0.161297939511086
Abcc4	0.452	0.251	0.593	1325	0.156783011425369
Lamc3	0.558	0.333	0.646	1581	0.178604052645629
Oxgr1	0.488	0.283	0.608	337	0.156960441323308
Plcxd3	0.44	0.099	0.523	321	0.151725483389884
Card6	0.411	-0.005	0.47	1175	0.152733722348808
Rxfp3	0.588	0.474	0.716	472	0.166135971889159
Adamts12	0.439	0.05	0.498	1600	0.165669385476146
Ly6h	0.587	0.483	0.724	160	0.178816589994052
Lynx1	0.622	0.407	0.688	116	0.182946955529648
Tspyl5	0.487	0.229	0.586	406	0.161186357682084
Erich5	0.38	-0.216	0.369	362	0.155336503650916
Mab21l2	0.635	0.593	0.78	359	0.172496500979742
Map2k5	0.399	0.056	0.493	448	0.154929319437571
Mapk7	0.504	0.174	0.558	806	0.162648450081667
Lrp12	0.409	0.006	0.472	858	0.157901907169962
Rspo2	0.384	-0.089	0.418	243	0.171654192587009
Tmem74	0.375	-0.148	0.388	305	0.150342992708887
Mta2	0.436	0.059	0.495	668	0.15814013307361
Csmd3	0.334	-0.28	0.323	3707	0.144951738560822
Esyt1	0.495	0.293	0.618	1092	0.155812022381866
Aard	0.591	0.525	0.741	167	0.166701618494472
Slc30a8	0.427	0.089	0.507	367	0.160670470164514
Colec10	0.408	-0.028	0.453	277	0.165601169548875
Mgll	0.472	0.213	0.577	319	0.158580115577761
Fam83a	0.549	0.365	0.66	436	0.155867584437974
Mid2	0.425	0.035	0.483	685	0.163086647934303
Mmp17	0.548	0.327	0.641	578	0.156166955940759
Dnajb6	0.399	-0.112	0.421	365	0.149034623570247
Phf20l1	0.352	-0.185	0.372	1013	0.155940708944383
Ago2	0.52	0.286	0.619	860	0.161715817385526
Gpr20	0.598	0.471	0.713	358	0.160011686616373
Nek3	0.398	-0.004	0.461	511	0.15588900779777
Zfp647	0.574	0.419	0.694	535	0.174328541026803
Nek4	0.396	-0.011	0.458	792	0.155367155540157
Apol8	0.487	0.255	0.599	339	0.167937707119133
Foxred2	0.578	0.445	0.7	665	0.157938934312524
Mief1	0.487	0.254	0.594	463	0.16111027863094
Cacna1i	0.612	0.491	0.726	2199	0.167697853183114
A4galt	0.553	0.374	0.662	359	0.157556475003473
Neu2	0.49	0.195	0.573	393	0.157151200142585
Nr0b2	0.543	0.364	0.653	260	0.168435195526806
Ttc38	0.543	0.391	0.672	465	0.168402007310323
Nr2e3	0.524	0.27	0.609	395	0.16920254328606
Nt5e	0.435	0.111	0.524	576	0.157162153256891
Ttll8	0.495	0.248	0.598	832	0.157760534963048
Oas1g	0.523	0.301	0.626	367	0.164201531060695
Slc2a13	0.526	0.34	0.645	637	0.161570419954841
Pdzrn4	0.505	0.298	0.625	1014	0.165766218990582
Oasl2	0.487	0.251	0.593	508	0.161020687649496
Tenm1	0.377	-0.103	0.411	2731	0.152136531106893
Tenm2	0.525	0.317	0.635	2764	0.161533177189144
Pced1b	0.519	0.278	0.615	433	0.152869584828156
Tenm3	0.477	0.231	0.59	2715	0.157905478614987
Ccdc184	0.622	0.485	0.727	191	0.179329190703428
Zfp641	0.483	0.186	0.569	422	0.162153586126735
C1ql4	0.564	0.341	0.652	238	0.161139426162125
Tenm4	0.545	0.34	0.648	2833	0.161287463601191
Dip2b	0.424	0.072	0.504	1574	0.157127260301835
Osr1	0.538	0.293	0.625	266	0.167910920762444
Krt90	0.549	0.382	0.67	538	0.169882806083417
Nlrp5	0.415	0.083	0.505	1111	0.161752450958738
Pacsin1	0.628	0.497	0.736	441	0.181430186801517
AU021092	0.497	0.239	0.592	385	0.158667051186784
Pacsin2	0.562	0.357	0.662	486	0.178665382097624
Mettl22	0.532	0.352	0.653	393	0.162348388157919
Papss1	0.486	0.219	0.583	624	0.169292307532709
Mrtfb	0.474	0.131	0.541	1091	0.153881090548591
Papss2	0.431	0.065	0.498	621	0.156308258838764
Rimbp3	0.468	0.179	0.562	1606	0.156878673361922
Lamp3	0.331	-0.239	0.34	411	0.138458173484151
Klhl6	0.424	0.084	0.508	619	0.16444772019117
Liph	0.42	0.078	0.507	451	0.155579226949094
Rtp1	0.581	0.454	0.707	263	0.170957665211799
Gmnc	0.4	-0.056	0.444	339	0.151429646917939
Ostn	0.372	-0.012	0.452	130	0.145040762723808
Mb21d2	0.579	0.444	0.701	491	0.167159623892517
Pebp1	0.632	0.544	0.76	187	0.169105139812724
Pigz	0.485	0.279	0.607	560	0.151896325370498
Pcbp1	0.595	0.5	0.732	356	0.170737866355232
Lmln	0.46	0.181	0.561	681	0.169247280743757
Ccdc14	0.364	-0.1	0.415	934	0.152977624896753
Pde10a	0.509	0.297	0.622	796	0.166424891093527
Gpr156	0.46	0.162	0.552	798	0.1611924477835
Cd200r4	0.383	-0.052	0.438	270	0.15339279817605
Slc26a4	0.42	0.109	0.518	780	0.15397482898628
Zpld1	0.373	-0.06	0.43	415	0.148703044472018
Adgrg7	0.346	-0.122	0.394	785	0.144568997059942
Cadm2	0.38	-0.051	0.441	435	0.15051588311423
Eci2	0.42	0.057	0.5	391	0.158409707627185
Pin1	0.595	0.405	0.684	165	0.161961157877175
Med24	0.574	0.453	0.704	987	0.17001843576494
Cib1	0.569	0.423	0.686	191	0.157377384971315
Prkra	0.409	0.04	0.487	313	0.160585719666073
Klk7	0.504	0.265	0.613	249	0.172517800278571
Cldn17	0.41	0.105	0.512	224	0.163521796008539
Krtap24-1	0.431	0.016	0.482	248	0.160891442213983
Krtap27-1	0.396	-0.123	0.417	202	0.162908933586305
Dazap2	0.397	-0.214	0.373	168	0.146544696843575
Psmc4	0.563	0.348	0.648	418	0.169302293205662
Psmd13	0.461	0.185	0.56	376	0.165337328702937
Arid1b	0.545	0.308	0.639	2244	0.160385910852701
Twf2	0.582	0.445	0.702	349	0.168087264793375
Ptpn21	0.507	0.268	0.608	1176	0.156297655993097
Tiam2	0.483	0.223	0.586	1715	0.158412745404769
Pnldc1	0.497	0.256	0.6	531	0.160562103407572
Dact2	0.515	0.271	0.609	757	0.156666492343909
Lnpep	0.346	-0.175	0.37	1025	0.144238704080566
Zfp760	0.351	-0.256	0.34	666	0.168446152963944
Zfp994	0.321	-0.362	0.28	661	0.16467140002606
Rai2	0.517	0.263	0.611	529	0.160981324250812
Zfp945	0.329	-0.313	0.305	794	0.161014851647529
Mmp25	0.499	0.232	0.589	615	0.149062994660731
Neurl1b	0.675	0.624	0.798	546	0.166349852174278
Syngap1	0.553	0.381	0.667	1340	0.158335840710971
Cpne5	0.586	0.418	0.692	593	0.167465078331549
Zfp811	0.37	-0.124	0.408	552	0.167794087916566
Zfp799	0.375	-0.154	0.397	648	0.15773213809751
Zfp952	0.37	-0.168	0.381	504	0.162927545157933
Zfp563	0.345	-0.225	0.348	448	0.158432904201396
Morc2b	0.426	0.049	0.493	1022	0.158501687891332
Cchcr1	0.541	0.381	0.664	770	0.167365083255019
Mdc1	0.398	-0.082	0.428	1708	0.149108906223159
H2-M5	0.484	0.236	0.589	348	0.159768135650096
Ik	0.425	-0.017	0.458	557	0.164403656109882
St6gal2	0.469	0.163	0.549	524	0.152349453299708
Rgs7	0.38	-0.058	0.435	477	0.146663294024794
Zfp119b	0.304	-0.439	0.246	543	0.156809803786932
Fsd1	0.604	0.455	0.71	496	0.168951275688667
Grk1	0.55	0.347	0.65	564	0.171489865985053
Lrrc30	0.552	0.506	0.728	300	0.164438558919575
Rnasel	0.393	-0.02	0.45	735	0.159415892045536
Abce1	0.313	-0.27	0.318	599	0.151911038357918
Rasgrp3	0.423	0.068	0.502	691	0.157223372209945
Rnf13	0.375	-0.052	0.436	381	0.154989440902266
Thada	0.381	-0.021	0.445	1938	0.154269209018148
Rngtt	0.336	-0.223	0.344	597	0.148553843038836
Jcad	0.411	-0.034	0.454	1320	0.151627271294923
Zfp438	0.395	-0.058	0.437	798	0.156112496211811
Slc4a9	0.49	0.247	0.59	929	0.155223939291795
E230025N22Rik	0.444	0.121	0.524	482	0.161728706515816
Gpr151	0.451	0.129	0.533	422	0.162667941517333
Ythdc2	0.315	-0.267	0.319	1445	0.146861441538857
Ccdc112	0.389	0.002	0.468	525	0.16009155496904
Fem1c	0.346	-0.121	0.395	617	0.158298681782556
Dmxl1	0.288	-0.371	0.268	3013	0.141484176591505
Mrps12	0.604	0.558	0.761	139	0.167608804074776
Adamts19	0.43	0.052	0.495	1210	0.164815624589488
Gm4951	0.372	-0.059	0.43	406	0.153572296913278
F830016B08Rik	0.334	-0.234	0.337	416	0.148046163373925
Slc6a7	0.571	0.449	0.701	637	0.161660599924687
Pcyox1l	0.619	0.557	0.764	495	0.163028825024043
Malt1	0.363	-0.104	0.412	821	0.151345264240192
Mex3c	0.449	0.121	0.535	652	0.15643514311765
Loxhd1	0.54	0.35	0.652	2068	0.169095896658076
Setbp1	0.495	0.208	0.582	1582	0.159941116530008
Scamp2	0.487	0.196	0.573	329	0.153622119040472
Adnp2	0.447	0.093	0.519	1165	0.159593695681507
Kcng2	0.743	0.786	0.882	480	0.167602764195861
Scamp3	0.554	0.325	0.643	350	0.162270934608114
Scn11a	0.464	0.22	0.579	1765	0.158856046675249
Ccl19	0.544	0.279	0.61	108	0.168120445530711
Zfp407	0.393	-0.066	0.44	2246	0.160951563610203
Dipk1c	0.517	0.305	0.628	264	0.165144950570021
Septin3	0.562	0.395	0.677	337	0.16890666745285
Cdc42bpg	0.55	0.353	0.651	1551	0.163201244406083
Sgcb	0.502	0.318	0.636	320	0.162885570114333
Ccdc85b	0.619	0.572	0.765	202	0.170864523020549
Peli3	0.526	0.275	0.613	445	0.162982881770602
Sgcd	0.382	0.003	0.462	289	0.152135389035887
Sgcg	0.42	0.093	0.512	291	0.154903855602478
Gm4952	0.411	0.007	0.469	296	0.156358324387331
Sh3bp2	0.531	0.24	0.599	615	0.156326037876183
Sh3bp5	0.526	0.292	0.623	458	0.169797585841247
Sh3yl1	0.331	-0.219	0.346	340	0.149763854861496
Sigirr	0.49	0.245	0.59	409	0.158465211436508
Slco2a1	0.541	0.4	0.675	643	0.157473563111139
Dmrt3	0.637	0.584	0.779	476	0.161718173737676
Kcnv2	0.626	0.515	0.738	562	0.170138790836512
Slc35a1	0.33	-0.104	0.406	336	0.148165540496399
Smc1a	0.464	0.137	0.538	1233	0.172712327305469
Ranbp6	0.318	-0.227	0.338	1105	0.154004482536209
Spry1	0.541	0.311	0.633	313	0.176897344776252
Lipk	0.379	-0.084	0.423	403	0.153422237049331
Slc16a12	0.405	0.07	0.499	486	0.155142113267259
Spry2	0.479	0.182	0.566	315	0.170849082257325
Kif20b	0.314	-0.247	0.334	1774	0.150937848192266
Spry4	0.614	0.473	0.722	300	0.181400777317907
Slc35g1	0.414	0.162	0.547	368	0.152169989640775
Ccnj	0.485	0.256	0.599	379	0.161450290945373
Sec31b	0.483	0.19	0.568	1158	0.16014473298977
Srp54a	0.313	-0.3	0.309	504	0.150081500073488
Dusp5	0.62	0.592	0.782	384	0.164696545732796
Vwa2	0.516	0.322	0.634	791	0.162099114493287
Sra1	0.412	-0.036	0.452	232	0.15646194228162
Sufu	0.5	0.262	0.604	485	0.15166605154245
St18	0.398	-0.089	0.425	1045	0.16106623747193
Mcmdc2	0.3	-0.281	0.309	681	0.14587364878279
Mpdu1	0.487	0.337	0.643	247	0.160116912611493
Synj2bp	0.415	0.141	0.539	145	0.149911983194334
Sulf1	0.472	0.174	0.558	870	0.163844696806628
Slco5a1	0.423	0.068	0.502	850	0.156436856301146
Taf7	0.39	-0.05	0.438	341	0.160556645983781
Taf10	0.576	0.415	0.695	218	0.164863243167174
Pik3c2b	0.553	0.356	0.654	1632	0.164729562946165
Plekha6	0.568	0.35	0.655	1173	0.157778039740362
Lax1	0.428	0.037	0.491	407	0.150913205829275
Mgat4f	0.415	0.083	0.506	479	0.14846035957121
Klhl12	0.403	-0.007	0.461	568	0.157740417708087
Kcnt2	0.335	-0.152	0.376	1135	0.145860368530066
Rgsl1	0.418	0.07	0.499	1073	0.153455828206996
Teddm2	0.448	0.197	0.561	260	0.155578085083263
Teddm1a	0.45	0.224	0.577	305	0.156053731480892
Natd1	0.672	0.571	0.769	110	0.177461589775163
Tor1aip2	0.475	0.161	0.558	502	0.161180190293271
Tekt2	0.539	0.373	0.657	430	0.164947935113008
Brinp2	0.514	0.313	0.628	783	0.162000432475934
Tlk2	0.344	-0.133	0.393	750	0.151161554431422
Zbtb37	0.383	-0.062	0.434	504	0.146872570547392
Tll2	0.536	0.291	0.626	1012	0.168848361632161
Tnfsf18	0.356	-0.112	0.399	173	0.149549969017718
Mettl11b	0.405	0.08	0.504	283	0.158074447622859
Tlr2	0.424	0.141	0.532	784	0.153158087109363
Scyl3	0.405	-0.005	0.465	735	0.150953688726908
Gpr161	0.534	0.382	0.667	545	0.161471360456
Dusp27	0.525	0.292	0.623	1138	0.163820630090648
Fmo9	0.447	0.121	0.528	539	0.155178153506366
Lrrc52	0.488	0.317	0.627	314	0.158661786177459
Adamts4	0.513	0.278	0.615	845	0.162353303477491
Vsig8	0.562	0.44	0.703	417	0.173461890223343
Tnfsf13b	0.459	0.1	0.515	309	0.15946811189944
Tpra1	0.564	0.41	0.68	369	0.160408055965143
Trex2	0.52	0.239	0.59	236	0.163702206193554
Pkhd1	0.375	-0.079	0.423	4059	0.150567336879636
Rbck1	0.603	0.434	0.697	508	0.180916940698611
Pgap1	0.342	-0.135	0.39	922	0.147537852546123
Carf	0.334	-0.262	0.332	689	0.143159577495497
Cmklr2	0.454	0.269	0.599	353	0.151419738710606
Dytn	0.394	0.013	0.464	653	0.153057242142104
Plekhm3	0.467	0.19	0.567	761	0.164043121802975
Ubd	0.465	0.219	0.58	162	0.161735873868876
Ubl3	0.431	0.128	0.532	117	0.1528261359171
Usp18	0.476	0.247	0.594	368	0.166410803900399
Uts2	0.449	0.143	0.534	123	0.167786618323974
Catip	0.542	0.364	0.663	501	0.169337695609009
Prkag3	0.49	0.247	0.594	489	0.157371956150277
Cfap65	0.535	0.331	0.643	1847	0.163259130787662
Asic4	0.575	0.392	0.673	539	0.168258873620069
Vmn1r49	0.355	-0.021	0.44	310	0.139223780896042
Fam124b	0.432	0.097	0.511	456	0.150147090501052
Vax2	0.561	0.409	0.681	292	0.159197870074425
Nyap2	0.426	0.007	0.475	737	0.149980164222114
Best1	0.491	0.251	0.597	551	0.15609502664744
Ankmy1	0.528	0.338	0.646	1002	0.166815061343015
Neu4	0.466	0.152	0.545	501	0.156636091548586
Nelfa	0.523	0.246	0.599	530	0.15975776289967
Wif1	0.454	0.086	0.516	379	0.174797613213581
Cntnap5b	0.396	-0.032	0.45	1292	0.151194413567788
Serpinb13	0.441	0.094	0.516	389	0.156075925295856
Serpinb10	0.371	-0.11	0.41	320	0.148071175809942
Cdh7	0.363	-0.158	0.382	785	0.14712809496804
Itga8	0.402	0.011	0.472	1062	0.155422675438446
St8sia6	0.447	0.129	0.533	398	0.15577941112353
Gpr158	0.437	0.118	0.528	1200	0.15537971989851
Xrn1	0.329	-0.264	0.33	1723	0.146831788726601
Pnpla7	0.475	0.205	0.572	1352	0.157493766660888
Noxa1	0.484	0.203	0.577	444	0.164830150698016
Xrn2	0.328	-0.275	0.319	951	0.148220463483217
Ppp1r26	0.491	0.186	0.568	1163	0.160060156449604
Lrrc8a	0.704	0.699	0.835	810	0.171394910044802
Fam78a	0.662	0.603	0.788	283	0.164083400061357
Gm16534	0.662	0.603	0.788	283	0.164083400061357
Ralgps1	0.46	0.164	0.551	585	0.151144118213746
Ldb3	0.575	0.28	0.625	723	0.167916819011351
Zbtb34	0.512	0.279	0.618	518	0.160892517081849
Zfp53	0.334	-0.286	0.321	652	0.165075386247639
Zbtb6	0.323	-0.265	0.325	423	0.149609360419292
Crb2	0.566	0.373	0.667	1282	0.178432346265314
Olfml2a	0.579	0.378	0.669	681	0.167925111129242
Zfp68	0.377	-0.155	0.395	606	0.159282829808108
Zeb2	0.431	0.038	0.493	1215	0.159433295089892
Galnt5	0.383	-0.047	0.44	930	0.154467704269752
Xirp2	0.329	-0.251	0.338	3784	0.148245870013312
Cers6	0.423	0.116	0.525	392	0.150063287285231
Dhrs9	0.391	-0.017	0.453	319	0.158413646644213
Pde11a	0.458	0.166	0.552	933	0.161121041076789
Rbm45	0.441	0.112	0.529	476	0.152718126134633
Zfp385b	0.502	0.211	0.585	482	0.165615656050238
Zfp804a	0.347	-0.241	0.344	1200	0.15105829590576
Fam171b	0.39	0.013	0.472	821	0.147821381349536
Ypel4	0.536	0.301	0.631	127	0.171180786148196
Lrrc55	0.513	0.311	0.626	311	0.162705467236248
Harbi1	0.412	0.051	0.487	349	0.158317523506555
Tspan18	0.567	0.415	0.682	248	0.168506229079166
Lrrc4c	0.402	0.012	0.465	640	0.150174552765919
Ldlrad3	0.616	0.441	0.705	345	0.177388090260665
D430041D05Rik	0.516	0.277	0.616	1414	0.155578066933622
Pin1rt1	0.605	0.433	0.697	159	0.160420355478231
Slc5a12	0.361	-0.093	0.416	623	0.148367954407821
Exd1	0.408	0.038	0.485	570	0.158799638913587
Wdr76	0.37	-0.093	0.417	524	0.146594370616644
Atp8b4	0.377	0.001	0.463	1194	0.150049036983266
Spdye4c	0.462	0.158	0.55	339	0.162587056638865
Tgm6	0.549	0.363	0.659	706	0.164632788695004
Lzts3	0.562	0.401	0.68	700	0.165578652208648
Fermt1	0.424	0.091	0.513	677	0.160001780256696
Pak5	0.425	0.045	0.492	719	0.150684304682291
Dzank1	0.431	0.027	0.483	778	0.165228093454097
Ralgapa2	0.388	-0.03	0.447	1910	0.150924232010793
Snph	0.618	0.466	0.716	528	0.170634603330656
Tspyl3	0.505	0.275	0.608	334	0.161429503581028
L3mbtl1	0.53	0.266	0.613	826	0.164357246932193
Kcnk15	0.687	0.711	0.842	343	0.161476074358478
Rims4	0.613	0.494	0.729	269	0.165690051227001
Kcng1	0.662	0.616	0.79	514	0.164636285733376
Lsm14b	0.474	0.141	0.545	385	0.155324793847335
Abhd16b	0.453	0.143	0.537	474	0.156272641626373
Slc10a5	0.371	0.029	0.47	434	0.147545616600492
Phc3	0.408	-0.041	0.449	981	0.149982149232902
Slc7a14	0.549	0.391	0.674	771	0.16325467587727
Ccdc144b	0.312	-0.181	0.361	520	0.154950356134988
Zfp267	0.391	-0.105	0.421	796	0.162887120984625
Bbs12	0.296	-0.306	0.299	708	0.140603380180351
Pabpc4l	0.454	0.161	0.552	370	0.164536596097012
Frem2	0.471	0.2	0.573	3160	0.1539194806822
Ankub1	0.389	-0.019	0.455	192	0.157491194045285
Igsf10	0.364	-0.111	0.405	2594	0.146116214717706
Ppm1l	0.503	0.278	0.61	360	0.162206524697916
Rxfp4	0.466	0.22	0.578	414	0.152168122659276
Pglyrp3	0.431	0.073	0.506	347	0.159157958984864
Zfp697	0.656	0.59	0.782	569	0.176762453407995
Vtcn1	0.48	0.209	0.577	283	0.15930106128463
Mab21l3	0.534	0.356	0.655	429	0.165575077923974
Slc22a15	0.462	0.215	0.574	544	0.153111787006373
Kcna10	0.511	0.268	0.607	511	0.157114575992808
Pde5a	0.416	0.067	0.5	865	0.16279511722585
Lrit3	0.445	0.139	0.539	681	0.153714044357243
Bank1	0.361	-0.165	0.376	783	0.149376123274475
Dnai3	0.458	0.181	0.565	923	0.159054012283844
Slc44a5	0.407	0.07	0.495	710	0.15346349452733
Lrrc7	0.394	-0.02	0.455	1495	0.150244416285291
Sdr16c5	0.342	-0.125	0.393	309	0.153965938544706
Sdr16c6	0.312	-0.237	0.339	316	0.150109014814699
Bpnt2	0.458	0.17	0.557	356	0.164587523413085
Fam110b	0.575	0.392	0.677	366	0.164311293802767
Gdf6	0.574	0.46	0.709	454	0.159364039673875
Atp6v0d2	0.405	0.038	0.482	350	0.160641006089721
Manea	0.342	-0.249	0.334	462	0.142191261617726
Pm20d2	0.504	0.281	0.619	431	0.168962540928
Lingo2	0.448	0.189	0.558	606	0.156077186629372
Rgp1	0.454	0.15	0.547	391	0.149090784515909
Fam221b	0.446	0.033	0.493	487	0.159673968758667
Tmem8b	0.535	0.352	0.648	472	0.160623471487392
Dcaf10	0.405	0.037	0.484	566	0.147700185545796
Gabbr2	0.606	0.526	0.744	940	0.160151264106314
Grin3a	0.441	0.13	0.532	1135	0.151140415014172
Zfp462	0.487	0.18	0.568	2495	0.16590685310688
Tmem245	0.471	0.237	0.584	880	0.1566995507539
D630039A03Rik	0.427	0.035	0.489	236	0.159432564781801
Gm428	0.418	0	0.463	360	0.152638145687183
Rasef	0.372	-0.086	0.417	627	0.156749348684473
Frmd3	0.393	-0.055	0.434	595	0.154771698658796
Bnc2	0.458	0.154	0.55	1032	0.156304789976392
Ifna15	0.518	0.313	0.628	190	0.167026312146633
Ifna12	0.527	0.327	0.633	189	0.168020730794895
Klhl9	0.352	-0.15	0.388	617	0.150773589181446
Dmrta1	0.443	0.126	0.532	490	0.154598525170198
Cyp2j12	0.402	-0.013	0.455	502	0.150436551031399
Kank4	0.486	0.225	0.587	1016	0.161027683489656
Atg4c	0.34	-0.232	0.347	458	0.15157282620704
Raver2	0.455	0.189	0.568	673	0.157634796773543
Dnai4	0.357	-0.15	0.39	807	0.149006980137897
Slc35d1	0.425	0.099	0.517	306	0.148736532985109
Fyb2	0.413	-0.047	0.447	793	0.155055176805513
Lexm	0.508	0.236	0.595	414	0.156082783181986
Cdcp2	0.606	0.467	0.719	427	0.167364045340834
Slc1a7	0.578	0.455	0.705	569	0.165290130959251
Podn	0.593	0.442	0.695	611	0.165602772615383
Dmrta2	0.674	0.666	0.824	531	0.169448334823021
Hpdl	0.504	0.282	0.615	371	0.156770655731844
Dynlt4	0.477	0.19	0.563	219	0.154503916588132
Cldn19	0.547	0.357	0.657	224	0.167109991619378
Rims3	0.55	0.35	0.654	307	0.159734451268414
Dlgap3	0.6	0.458	0.712	977	0.160640426635729
Azin2	0.575	0.406	0.685	459	0.179113686141654
Rab42	0.548	0.44	0.702	215	0.17187517505537
Wasf2	0.455	-0.007	0.472	497	0.152209105709261
Gpatch3	0.545	0.374	0.665	525	0.160881566818762
Ifnlr1	0.502	0.26	0.605	535	0.161090091677568
Myom3	0.551	0.373	0.666	1439	0.1644090301249
E2f2	0.591	0.461	0.71	443	0.164220962715626
Lactbl1	0.588	0.446	0.698	581	0.157101264421339
Cela3a	0.524	0.312	0.634	283	0.165842261366874
Klhdc7a	0.525	0.273	0.613	773	0.164104349358887
Padi6	0.549	0.342	0.649	682	0.165991051178397
Lrrc38	0.65	0.56	0.762	298	0.17190525602821
Pramel12	0.448	0.198	0.561	480	0.158584807232911
Oog4	0.356	-0.062	0.417	502	0.153694899334796
Zfp933	0.297	-0.429	0.248	468	0.149780480074934
Disp3	0.601	0.501	0.732	1347	0.161500092298991
Slc45a1	0.561	0.426	0.691	751	0.155521877916502
Klhl21	0.697	0.653	0.814	597	0.17208320761475
Ttc34	0.502	0.314	0.626	554	0.167882336271054
Rundc3b	0.386	-0.02	0.451	457	0.151277874642419
Lrrd1	0.276	-0.321	0.279	853	0.137397746437808
Gnat3	0.371	-0.1	0.412	354	0.158073903081059
Rsbn1l	0.395	-0.02	0.46	821	0.153687759565882
Napepld	0.447	0.143	0.543	396	0.156927687386153
Cct8l1	0.398	0.004	0.467	562	0.153849874137783
Actr3b	0.416	0.055	0.494	418	0.154195620211829
Garem2	0.604	0.473	0.718	880	0.159794930779405
Cpz	0.581	0.397	0.677	654	0.165445405538551
Fbxl5	0.358	-0.157	0.384	690	0.15987280019862
Kctd8	0.549	0.37	0.665	476	0.162189749495545
Tecrl	0.333	-0.226	0.341	361	0.140354061996055
Tmprss11f	0.333	-0.198	0.352	439	0.142231627809608
Tmprss11e	0.374	-0.118	0.404	423	0.154514599026797
Ugt2b35	0.342	-0.168	0.375	529	0.147264708429335
Hsd17b13	0.434	0.135	0.534	304	0.155648236485907
Mfsd7a	0.468	0.176	0.556	516	0.158133180079364
2900026A02Rik	0.608	0.455	0.712	385	0.154207344272125
Oas1f	0.529	0.322	0.636	364	0.171668280839861
Hcar1	0.546	0.427	0.688	351	0.15807893600147
Sbno1	0.334	-0.213	0.353	1391	0.151114583539738
Tmem132d	0.512	0.289	0.621	1097	0.162391342378315
Adgrd1	0.515	0.34	0.648	903	0.157118648707019
Nyap1	0.495	0.206	0.579	833	0.153899755895688
Elfn1	0.643	0.527	0.748	828	0.16872636548546
Slc29a4	0.609	0.49	0.725	528	0.160087244034204
Tmem130	0.533	0.346	0.65	419	0.163897553808909
Stard13	0.499	0.26	0.604	1132	0.160870257146924
Sspo	0.514	0.195	0.577	5144	0.181306705432012
Lrrc61	0.53	0.363	0.652	259	0.167354490976379
Zfp775	0.569	0.366	0.661	538	0.168338950081533
Gimap8	0.434	0.088	0.514	688	0.163355111273178
Aoc1l1	0.496	0.224	0.587	723	0.152590995157991
Aoc1l3	0.503	0.235	0.594	820	0.153494343282057
Ppm1k	0.402	-0.034	0.449	372	0.155627222025652
Gprin3	0.418	-0.024	0.463	763	0.159747421980159
Qrfprl	0.47	0.237	0.585	416	0.160467029230088
Lrrtm4	0.432	0.155	0.543	591	0.153386363239131
Ccdc142	0.504	0.312	0.624	738	0.158152067521117
H1f10	0.752	0.777	0.882	188	0.185387409728168
BC048671	0.487	0.191	0.567	137	0.156072913572413
Uroc1	0.514	0.277	0.614	710	0.164633799167049
Cfap100	0.537	0.362	0.656	613	0.169336960134655
Grip2	0.542	0.34	0.644	1042	0.159583380764023
Prickle2	0.525	0.282	0.617	901	0.165238765817357
Kbtbd8	0.343	-0.197	0.362	599	0.152456953068023
Ssu2	0.549	0.38	0.669	340	0.169773227272428
Slc6a11	0.598	0.494	0.728	627	0.17214844608196
Iqsec3	0.6	0.475	0.721	1195	0.168688960768627
Vmn2r24	0.329	-0.206	0.351	854	0.147421226990069
Ano2	0.484	0.189	0.564	1002	0.156992035341434
Clec1a	0.458	0.118	0.527	269	0.160154226364174
Klre1	0.368	-0.141	0.395	226	0.158321802407132
Styk1	0.427	0.093	0.504	429	0.157151650193639
Ppp1r9a	0.431	0.052	0.5	1095	0.15947271773838
Plxna4	0.54	0.339	0.646	1893	0.166914146202819
Slc23a4	0.537	0.347	0.648	322	0.159644093197647
Slc13a4	0.585	0.457	0.709	625	0.167920697239969
Chrm2	0.458	0.163	0.554	466	0.162291692235892
Parp12	0.499	0.23	0.591	711	0.16615787074084
Dennd11	0.528	0.295	0.624	391	0.168230508877926
Leng9	0.471	0.207	0.574	485	0.155180526909589
Gp6	0.4	-0.029	0.449	313	0.145991382018987
Ppp6r1	0.533	0.282	0.618	856	0.161767450406642
Garin5b	0.452	0.118	0.53	754	0.153793892822791
Zfp128	0.391	-0.061	0.436	572	0.157854599934549
Zfp324	0.49	0.205	0.576	583	0.159706178401188
Bicra	0.543	0.281	0.622	1578	0.153570636042472
Ccdc9	0.525	0.241	0.599	589	0.163882825282973
Fkrp	0.626	0.558	0.761	494	0.159679600966208
Psg22	0.386	0.032	0.48	475	0.144447780771633
Mill2	0.436	0.124	0.529	355	0.156625825123896
Fbxo46	0.52	0.227	0.591	603	0.160784099147052
Nlrp9b	0.348	-0.11	0.4	1003	0.153120651101724
Nlrp4a	0.385	-0.012	0.454	982	0.163188140178488
Cyp2b23	0.456	0.166	0.548	491	0.151245618509254
Ggn	0.485	0.162	0.558	709	0.143119895291043
Zfp568	0.466	0.111	0.531	671	0.171285698628136
Zfp14	0.473	0.166	0.558	501	0.173605404131268
Nfkbid	0.501	0.279	0.609	327	0.159067182067857
Kirrel2	0.478	0.204	0.575	700	0.156133471230389
Hspb6	0.525	0.238	0.594	162	0.159674015800796
Lgi4	0.544	0.401	0.675	537	0.159940414310652
Rgs9bp	0.596	0.565	0.765	237	0.170672899639631
Tshz3	0.57	0.387	0.679	1081	0.164493857777907
Zfp536	0.555	0.362	0.663	1302	0.169999668510751
4930433I11Rik	0.419	-0.029	0.454	632	0.156643809510227
Siglecg	0.495	0.245	0.596	688	0.155558332144095
Shank1	0.53	0.304	0.632	2167	0.150670513545139
Zfp473	0.47	0.124	0.539	892	0.172880534596296
Ntn5	0.551	0.328	0.64	452	0.166863524502376
Mrgprx2	0.35	-0.073	0.411	352	0.148006741822817
Mrgprb2	0.358	-0.042	0.425	338	0.146211267334067
Zdhhc13	0.359	-0.078	0.417	622	0.147175485908145
4933405O20Rik	0.406	0.014	0.476	396	0.15873411071486
Mctp2	0.412	0.092	0.509	878	0.153469538886974
Rgma	0.611	0.484	0.726	454	0.169818778107513
Chd2	0.419	0.015	0.475	1827	0.159358912362749
Agbl1	0.433	0.068	0.5	1122	0.157554678231858
Fsd2	0.466	0.128	0.54	716	0.165806211344949
Vmn2r72	0.312	-0.281	0.311	856	0.144713750327386
Nars2	0.386	0.011	0.47	477	0.150505616886301
Usp35	0.596	0.465	0.712	1009	0.17149399899458
Tsku	0.563	0.403	0.672	354	0.156326986673042
Ubqln3	0.385	-0.065	0.43	658	0.143505632274017
Ubqlnl	0.392	-0.049	0.44	610	0.154731840386529
Olfm5	0.424	0.063	0.497	496	0.154006923898626
Trim30b	0.312	-0.292	0.308	159	0.138453089814289
Or56a4	0.487	0.319	0.62	312	0.156394469234651
Olfml1	0.408	0.021	0.475	233	0.15726070517463
Ovch2	0.383	-0.057	0.432	609	0.155242650943935
Nlrp10	0.445	0.148	0.544	673	0.16183879419386
Cyp2r1	0.304	-0.255	0.32	501	0.141665229888844
Zfp771	0.708	0.704	0.843	317	0.179569773770526
Ctf2	0.505	0.261	0.599	204	0.154262487550757
Zfp668	0.527	0.246	0.602	619	0.165020483253376
Scart1	0.478	0.177	0.561	989	0.176000974719193
Scart2	0.438	0.068	0.506	1112	0.173569322241326
Tnfrsf26	0.438	0.058	0.493	204	0.191459278327235
Mrgpre	0.647	0.583	0.77	310	0.168006449557832
Myo16	0.465	0.156	0.549	1919	0.157789398967618
Dlgap2	0.53	0.312	0.635	1060	0.160324566094737
Mcph1	0.407	-0.027	0.456	822	0.156794823458906
Defb14	0.325	-0.151	0.364	67	0.159601059165989
Defb8	0.388	-0.077	0.407	60	0.172174727924661
Kat6a	0.439	0.056	0.502	2003	0.159934070560087
Erlin2	0.501	0.22	0.586	340	0.174832590085736
Ppp1r3b	0.554	0.32	0.64	284	0.165483714915135
Prag1	0.542	0.307	0.634	1373	0.165867486255172
Lonrf1	0.488	0.319	0.63	837	0.157851240688715
Sgcz	0.364	-0.05	0.433	311	0.151943836890782
Triml1	0.461	0.182	0.561	470	0.163482272517189
Wdr17	0.332	-0.225	0.345	1297	0.154422361870935
Adam29	0.309	-0.292	0.31	763	0.152978548641165
Sgo2b	0.32	-0.304	0.311	1167	0.150833607931105
Elmod2	0.424	0.129	0.531	293	0.1559712069306
Podnl1	0.546	0.407	0.672	559	0.155929062191772
Nanos3	0.461	0.083	0.517	178	0.164865401186567
Zfp791	0.427	0.024	0.487	528	0.169198745179576
Abcc12	0.453	0.197	0.566	1366	0.155152266864724
Tox3	0.508	0.222	0.591	575	0.154339248315748
Rpgrip1l	0.35	-0.125	0.396	1264	0.150756854527782
Ces1a	0.443	0.102	0.524	563	0.157592089471466
Ccdc113	0.452	0.207	0.568	377	0.166407456117559
Pskh1	0.502	0.242	0.59	424	0.157730419837004
Pkd1l3	0.454	0.119	0.53	2201	0.149239766876622
Phlpp2	0.441	0.127	0.529	1355	0.159251425461033
Hydin	0.492	0.249	0.598	5154	0.158588943708695
Mtss2	0.618	0.481	0.725	715	0.161571170231187
Sprtn	0.471	0.176	0.562	497	0.162753136829086
Disc1	0.48	0.196	0.569	852	0.162597836488004
Sipa1l2	0.516	0.289	0.622	1722	0.161005469795686
Cwf19l2	0.332	-0.253	0.334	887	0.154301230311593
Cntn5	0.386	-0.076	0.428	1098	0.148515020243289
Kdm4d	0.475	0.157	0.552	510	0.160764597092631
Hephl1	0.433	0.06	0.501	1159	0.155883772458356
Mtnr1b	0.508	0.311	0.626	364	0.161920241195345
Zfp317	0.402	-0.087	0.424	607	0.16302983925064
Zfp846	0.36	-0.155	0.388	541	0.152876867467941
Olfm2	0.593	0.469	0.717	448	0.160689144555974
Dpy19l1	0.388	0.068	0.494	746	0.147506334948501
Glb1l2	0.456	0.162	0.546	652	0.15363167133855
AW551984	0.397	-0.028	0.449	804	0.152672453733389
Bsx	0.557	0.381	0.67	232	0.153549300056228
Nxpe4	0.43	0.108	0.52	543	0.154318291237129
Ankk1	0.516	0.284	0.615	745	0.167861029813891
Layn	0.421	0.009	0.472	381	0.156780657802497
Arhgap20	0.412	0.033	0.484	1182	0.154237586700948
Zc3h12c	0.4	-0.032	0.453	903	0.150808116818799
Npat	0.323	-0.317	0.307	1420	0.145938730435365
Tnfaip8l3	0.474	0.212	0.578	204	0.165965079976187
Sh2d7	0.481	0.148	0.551	284	0.152575397286651
Tmem266	0.523	0.319	0.635	538	0.15926996034301
Scaper	0.34	-0.195	0.362	1398	0.154308148747738
Peak1	0.441	0.053	0.499	1735	0.157774709231361
C2cd4a	0.665	0.653	0.809	334	0.157693029073302
Klhl31	0.519	0.351	0.654	634	0.166377575113511
Prss35	0.476	0.244	0.595	409	0.157600959057488
Mrap2	0.471	0.162	0.555	207	0.154543313890695
Snx14	0.367	-0.045	0.434	964	0.15051662505464
Atr	0.302	-0.271	0.314	2641	0.146703615510961
Zbtb38	0.457	0.13	0.541	1197	0.160782373504314
Slc35g2	0.339	-0.102	0.407	412	0.144556192070393
Col6a6	0.468	0.184	0.565	2265	0.161126398182403
Dclk3	0.515	0.289	0.619	790	0.166544679433561
Myrip	0.547	0.333	0.645	856	0.170418543558575
Gask1a	0.454	0.154	0.543	546	0.160305929237754
Zscan4c	0.373	-0.155	0.392	506	0.158327447771243
Tarm1	0.44	0.095	0.521	288	0.146144063771742
AU018091	0.43	0.134	0.53	684	0.152531532563201
Zfp937	0.316	-0.409	0.265	503	0.155523287503918
Retnlg	0.439	0.04	0.491	117	0.185469710751705
9930111J21Rik2	0.388	-0.061	0.435	467	0.149480492990219
Gm4981	0.409	-0.006	0.465	291	0.14464396428323
Nim1k	0.431	0.135	0.533	436	0.15456607566049
Apol10a	0.358	-0.074	0.413	318	0.151025864614543
Zdhhc19	0.506	0.254	0.599	347	0.156334463967998
Zfp300	0.306	-0.342	0.289	645	0.147693597460527
Sowahd	0.58	0.452	0.703	327	0.162078327619606
Tmem255a	0.449	0.101	0.52	351	0.157914453303964
Dcaf12l2	0.489	0.229	0.583	469	0.156337543627717
Dcaf12l1	0.529	0.305	0.629	501	0.162693120237339
Tm9sf5	0.331	-0.22	0.344	671	0.144782561818305
Gpr101	0.483	0.181	0.564	511	0.162462971474951
Slitrk4	0.345	-0.142	0.382	837	0.152121465262616
Slitrk2	0.392	-0.003	0.458	846	0.151028920985824
Pnma3	0.399	0.017	0.466	466	0.155597490495502
Pdzd4	0.542	0.318	0.632	772	0.166032534062815
Dkc1	0.357	-0.14	0.389	509	0.158834173095105
4930595M18Rik	0.288	-0.416	0.248	829	0.14052713934388
4932429P05Rik	0.281	-0.363	0.262	785	0.145825823894821
4930415L06Rik	0.286	-0.379	0.257	813	0.144155244995471
Zc4h2	0.433	0.009	0.465	224	0.171734747803071
Hsf3	0.291	-0.343	0.278	492	0.143748327144087
Pgr15l	0.371	-0.064	0.425	456	0.144862014691071
Eda2r	0.441	0.035	0.49	297	0.16548807140931
Awat2	0.472	0.185	0.565	333	0.152323563317231
Awat1	0.484	0.248	0.596	328	0.154674471375807
Gm614	0.373	-0.078	0.416	191	0.148865757069663
Nlgn3	0.507	0.244	0.599	825	0.154596647867055
Nexmif	0.364	-0.174	0.384	1515	0.153317033889643
Cypt2	0.36	-0.127	0.39	180	0.169205653135052
Tbx22	0.393	-0.075	0.431	531	0.15107683018403
Pcdh11x	0.35	-0.211	0.357	1320	0.147491938273924
Tgif2lx1	0.443	0.054	0.502	231	0.163706373401453
Zfp711	0.312	-0.352	0.287	805	0.154706533858856
Hdx	0.311	-0.334	0.291	692	0.144605449394755
Gprasp2	0.368	-0.179	0.374	826	0.154811588213742
Nxf3	0.402	-0.027	0.453	553	0.152229149304642
Kir3dl2	0.388	-0.081	0.428	388	0.14752813400749
Kir3dl1	0.386	-0.077	0.431	409	0.14672998111343
Fam199x	0.46	0.152	0.551	388	0.159268375628951
Pwwp3b	0.353	-0.174	0.374	681	0.152736954233188
Tbc1d8b	0.317	-0.249	0.328	1114	0.144575778518032
Frmpd3	0.503	0.237	0.592	1774	0.158821497752567
Gucy2f	0.379	-0.055	0.431	1108	0.147083524247194
Iqsec2	0.534	0.274	0.613	1479	0.155745999034377
Rragb	0.371	-0.126	0.392	374	0.156161263374054
Klf8	0.431	0.028	0.484	355	0.152766728275361
Klhl34	0.489	0.233	0.585	644	0.157366998936532
Cnksr2	0.361	-0.158	0.381	1032	0.149773108755133
Rbbp7	0.361	-0.215	0.359	425	0.15653929870895
Tceanc	0.345	-0.205	0.359	359	0.159630388162886
Fat2	0.465	0.155	0.551	4351	0.154096171866356
Trappc1	0.461	0.189	0.565	145	0.152721880251448
Gzmn	0.436	0.113	0.527	248	0.167263701560649
Polr2h	0.454	0.141	0.538	150	0.16098284808565
Amdhd2	0.535	0.346	0.649	409	0.163651091635899
Ssh3	0.5	0.261	0.603	649	0.15550593708491
Atg9a	0.554	0.384	0.667	839	0.158994094422664
Spag4	0.525	0.324	0.64	443	0.155467728703837
Ift52	0.441	0.082	0.511	426	0.160719564277518
Pcmtd2	0.422	0.044	0.484	359	0.158179511285316
Map7d1	0.558	0.345	0.652	846	0.161486781958089
Wasf3	0.491	0.171	0.563	501	0.154237754956419
Garin1a	0.473	0.181	0.558	297	0.150860936833272
Ankrd27	0.481	0.236	0.59	1048	0.166090271777817
Ccdc15	0.333	-0.203	0.359	823	0.152826321745681
Vps54	0.308	-0.248	0.328	977	0.148331349237166
Rbm47	0.575	0.369	0.667	590	0.171473241871679
Chodl	0.385	-0.062	0.433	273	0.15636381686997
Slc36a2	0.576	0.472	0.712	478	0.160890722104004
Defb9	0.412	-0.019	0.453	67	0.182901666060835
Defb7	0.421	-0.022	0.443	71	0.176128013491926
Defb11	0.367	-0.075	0.419	77	0.172100444599723
Defb15	0.431	0.042	0.5	79	0.179589262669505
Defb13	0.353	-0.02	0.443	64	0.180453671096077
Defb35	0.43	0.061	0.492	63	0.17890519737456
Defb10	0.365	-0.086	0.408	73	0.169181554942965
Onecut3	0.687	0.656	0.817	490	0.173088918037038
Rttn	0.337	-0.136	0.382	2226	0.151554833350339
Atxn7	0.433	0.077	0.513	867	0.152303578793135
Rhbdl3	0.609	0.496	0.728	404	0.167691873691021
Kcne2	0.621	0.527	0.748	123	0.163905195327086
Vasn	0.493	0.238	0.584	673	0.159208741222212
Myo1g	0.538	0.329	0.637	1024	0.16552253143203
Fktn	0.382	-0.05	0.438	461	0.152550545581783
Otoa	0.469	0.217	0.577	1137	0.159256966836925
Zfp277	0.375	-0.066	0.426	583	0.158244789582623
Mllt6	0.565	0.381	0.674	1079	0.164845974331204
Mpst	0.651	0.553	0.762	297	0.168222789356899
Vwa1	0.53	0.328	0.639	415	0.152169545934279
Bivm	0.346	-0.223	0.35	502	0.146560158307239
Fcgr4	0.42	0.096	0.515	249	0.154479958276476
Ovca2	0.466	0.179	0.559	225	0.159730635641275
Csad	0.573	0.438	0.696	493	0.17141731920796
Cd207	0.454	0.112	0.525	331	0.16427442902989
Klhl8	0.466	0.183	0.567	629	0.168931544127662
Prokr2	0.546	0.429	0.692	381	0.164157433083852
Lgi2	0.515	0.322	0.636	550	0.158974836420998
Neto1	0.419	0.01	0.473	533	0.157020044205948
Prok1	0.549	0.373	0.657	105	0.176092304927503
Hps5	0.379	-0.037	0.439	1126	0.152925284596815
Slc25a28	0.522	0.339	0.65	364	0.160117090170923
Defb19	0.444	0.173	0.551	83	0.175283778312441
Naxe	0.503	0.277	0.613	282	0.159169558493056
Emilin2	0.509	0.266	0.611	1074	0.163208790658074
Rgs13	0.337	-0.22	0.338	158	0.155936304836118
Rhobtb2	0.549	0.384	0.67	728	0.160349343925035
Oas3	0.549	0.373	0.664	1138	0.16561355447717
Oas2	0.458	0.17	0.556	751	0.156533884632322
Oas1h	0.467	0.192	0.565	369	0.165772488554221
Oas1a	0.514	0.283	0.617	367	0.163291343514437
AY074887	0.359	-0.026	0.442	132	0.144178012971871
Dnajc28	0.399	0.027	0.476	409	0.15366881867391
Cd300lf	0.479	0.141	0.545	337	0.15878939968571
Adig	0.473	0.2	0.568	80	0.161847164241661
Il27	0.511	0.341	0.638	234	0.154249007114134
Atpaf2	0.504	0.281	0.61	298	0.156749013846724
Slc5a2	0.51	0.312	0.628	670	0.160907075769385
Trpv3	0.547	0.403	0.677	791	0.162164254462261
Obox3	0.353	-0.175	0.379	335	0.15222703722579
Obox2	0.283	-0.321	0.29	151	0.127125678096687
Obox5	0.348	-0.234	0.35	291	0.150783396699416
Obox6	0.334	-0.24	0.347	347	0.139667347154906
Ackr4	0.498	0.28	0.613	350	0.162409154283667
Tox	0.499	0.173	0.569	526	0.158897371839226
Dusp15	0.572	0.456	0.704	235	0.159371268759304
Adam34	0.317	-0.268	0.327	714	0.15493712171335
Odf4	0.495	0.291	0.617	290	0.149260634775672
Usp7	0.382	-0.06	0.436	1103	0.153091294340225
Mios	0.313	-0.286	0.313	875	0.149048669848021
Gin1	0.341	-0.165	0.379	518	0.147605633507512
Ap1s3	0.383	-0.004	0.453	154	0.152290039067083
Vmn1r69	0.334	-0.089	0.401	319	0.139445502045343
Vmn1r72	0.344	-0.115	0.393	306	0.140056199713757
Vmn1r189	0.341	-0.066	0.414	312	0.144486409312128
Vmn1r192	0.357	-0.062	0.417	300	0.142152630808092
Vmn1r85	0.377	-0.017	0.446	308	0.140770192825566
Vmn1r71	0.33	-0.111	0.39	307	0.141615976312507
Vmn1r188	0.352	-0.059	0.418	308	0.141768099092868
Cables2	0.513	0.292	0.62	476	0.157709393408744
Ropn1l	0.5	0.335	0.641	218	0.165900014480334
Tpcn1	0.614	0.559	0.761	817	0.157923697394847
Grhl2	0.534	0.33	0.646	625	0.16484166577231
Tspear	0.549	0.362	0.659	670	0.158541194603682
Il17f	0.481	0.247	0.594	161	0.169820730896485
Nod2	0.521	0.341	0.64	1013	0.165783344732386
Acsf3	0.508	0.285	0.616	583	0.157591803022946
Sdsl	0.55	0.406	0.682	329	0.171330329702161
Or4k42	0.344	-0.149	0.376	312	0.14933794228466
Or6c204	0.384	0.001	0.455	311	0.150984340630961
Or4x18	0.412	0.127	0.526	309	0.151170793508341
Or4x15	0.412	0.127	0.526	309	0.151170793508341
Or6c203	0.387	0.011	0.46	311	0.150806770680075
Or6c2b	0.395	0.038	0.477	312	0.147951716564243
Or7a39	0.366	-0.015	0.451	310	0.142284672526103
Or7g20	0.296	-0.287	0.298	311	0.144794427118441
Or10ag54	0.318	-0.168	0.361	307	0.149423765467885
Or8k28	0.322	-0.171	0.36	313	0.140155481983811
Or5ac23	0.34	-0.106	0.399	305	0.146961314022607
Or2bd2	0.524	0.339	0.635	321	0.154358338566261
Or1i2	0.461	0.221	0.577	313	0.153857227477305
Or11g2	0.439	0.159	0.54	323	0.153288308788997
Or8b38	0.39	0.006	0.461	309	0.15119541921222
Or4a67	0.371	0.028	0.465	336	0.149829270378824
Or2y1c	0.43	0.13	0.527	309	0.14932752546477
Or2h15	0.34	-0.122	0.392	313	0.152101308989373
Or9s13	0.541	0.374	0.663	333	0.161531201303632
Or10ab4	0.392	0.018	0.471	327	0.149006974940284
Or2ab1	0.482	0.299	0.618	333	0.159238927048593
Or7d11	0.334	-0.1	0.397	331	0.142008215072457
Or5g23	0.363	-0.08	0.411	314	0.150249553022962
Or5m12	0.395	0.01	0.46	327	0.151428646495141
Or2ag20	0.379	-0.001	0.449	315	0.145302791014986
Or14a256	0.342	-0.153	0.372	335	0.145382083400401
Or14a257	0.351	-0.134	0.387	332	0.146138329202809
Or14c40	0.36	-0.039	0.434	336	0.149536298088423
Or14j4	0.357	-0.058	0.425	312	0.142724784912996
Or4q3	0.403	0.072	0.497	354	0.151793805079498
Or52e8	0.394	0.079	0.492	313	0.148055023188282
Or8g30	0.372	-0.048	0.429	321	0.149878365053082
Or9g20	0.402	0.007	0.459	309	0.150654139993557
Or5m8	0.409	-0.009	0.455	336	0.154361421755098
Or2t44	0.464	0.263	0.599	330	0.153721548736787
Or5p5	0.437	0.146	0.537	306	0.149686294080572
Or4c15b	0.334	-0.149	0.374	311	0.144277117991735
Or55b4	0.558	0.463	0.705	334	0.154861726494563
Or14c43	0.37	-0.045	0.433	330	0.151838290867722
Or2w3b	0.582	0.506	0.729	327	0.160100807567098
Or2av9	0.515	0.342	0.64	344	0.161428766611661
Or8k39	0.347	-0.073	0.405	311	0.149352586244481
Or4k41	0.356	-0.033	0.432	305	0.148636365254245
Or5m11	0.403	0.033	0.472	324	0.150288740281596
Or10q3	0.432	0.145	0.534	343	0.150017311825515
Or12j2	0.54	0.369	0.656	305	0.158092503369186
Or5al1	0.388	-0.018	0.449	313	0.151162660766692
Or8s16	0.484	0.254	0.597	319	0.157117529341644
Or55b3	0.437	0.191	0.555	336	0.14951643958022
Or5al5	0.385	-0.027	0.443	319	0.151493546707635
Or5ak4	0.374	-0.04	0.435	309	0.149321326210639
Or4f14b	0.359	-0.062	0.426	312	0.144362273780556
Or14c44	0.359	-0.052	0.424	311	0.150176500164882
Or8g18	0.407	0.029	0.473	314	0.151433268078916
Or2b11	0.601	0.499	0.726	318	0.168440031937649
Or7e166	0.322	-0.127	0.383	309	0.138753227110653
Or2y12	0.435	0.161	0.541	311	0.153420985828976
Or5h25	0.322	-0.161	0.362	309	0.138568177605301
Or8k21	0.357	-0.111	0.393	313	0.144851395808784
Or52ab7	0.363	-0.047	0.423	319	0.148079929115801
Or11n2	0.348	-0.123	0.385	310	0.144498993841937
Or4k37	0.337	-0.115	0.387	305	0.14318041479348
Or4f52	0.344	-0.119	0.387	312	0.142642171123756
Or4a76	0.348	-0.072	0.411	318	0.148156066803747
Or6c6	0.372	-0.052	0.426	314	0.144941507148573
Or8b37	0.379	-0.006	0.452	309	0.15048646887754
Or10g3b	0.498	0.264	0.598	313	0.152161331416566
Or2f1	0.439	0.192	0.559	317	0.152911471544313
Or6d12	0.412	0.128	0.524	327	0.149298571039563
Or6d13	0.419	0.13	0.526	327	0.15083055287797
Or4f62	0.391	0.048	0.477	320	0.14609093882265
Or4f14	0.361	-0.069	0.422	312	0.144680334923333
Or4c15	0.353	-0.088	0.412	311	0.151638134079828
Or2y1	0.415	0.1	0.51	309	0.151834114686987
Or8b42	0.421	0.068	0.497	311	0.157705564325889
Or5h23	0.323	-0.145	0.369	309	0.141672867655772
Or5ac16	0.362	-0.014	0.449	306	0.144106794530581
Or4k1	0.323	-0.181	0.355	311	0.141617925435189
Or5p61	0.378	-0.011	0.456	317	0.142051821016811
Or5p63	0.395	0.025	0.474	314	0.144178159785468
Or8g32	0.408	0.037	0.482	314	0.146569363091198
Or2h1b	0.442	0.211	0.569	312	0.145105447427046
Or6b13	0.535	0.455	0.703	318	0.154664910480663
Or12j4	0.457	0.177	0.552	320	0.153706964974217
Or4p20	0.358	-0.036	0.44	311	0.148968625289826
Or2ak4	0.504	0.315	0.629	306	0.153169588799854
Or5af1	0.462	0.158	0.547	308	0.149862084950704
Or2b2	0.477	0.27	0.599	313	0.149718768653409
Or6c6c	0.367	-0.061	0.421	314	0.144883075579016
Or6c5c	0.374	-0.001	0.452	312	0.148342910748826
Or7g12	0.338	-0.118	0.389	312	0.142807420114
Or7g19	0.334	-0.144	0.373	312	0.138724028397996
Or5be3	0.332	-0.093	0.401	312	0.144685929447526
Or8g4	0.406	0.057	0.493	310	0.145170667897677
Or10d4	0.389	-0.003	0.455	311	0.148546768403623
Or14a258	0.382	-0.04	0.435	333	0.150735445298443
Or14j8	0.38	-0.01	0.455	323	0.146066192373391
Or10al3	0.37	-0.048	0.431	321	0.148235872518537
Or14j9	0.385	0.028	0.472	320	0.143321478009307
Or9q1	0.425	0.094	0.505	311	0.150990825635284
Or10w1	0.404	0.04	0.477	316	0.152215825155241
Or5w14	0.368	-0.049	0.43	310	0.146012268507521
Or5w19	0.371	-0.038	0.436	310	0.151849115663982
Or5d14	0.418	0.095	0.507	314	0.15163661186277
Or10ag59	0.358	-0.109	0.393	314	0.149637780673703
Or11h23	0.402	0.011	0.464	307	0.148504576119724
Or5an1b	0.384	-0.005	0.454	312	0.150646632972471
Or5b109	0.34	-0.151	0.373	310	0.143832595367443
Or5b111	0.397	-0.025	0.451	307	0.149657016121469
Or5b118	0.35	-0.084	0.409	314	0.149659101042466
Or52ab2	0.347	-0.095	0.397	315	0.146730041058671
Or10a49	0.428	0.101	0.512	314	0.151484783423691
Or52s1b	0.363	0.003	0.453	314	0.147715905593979
Or52e8b	0.387	0.036	0.468	313	0.147361382576145
Or6c7	0.379	0.015	0.46	312	0.144811004290449
Or6c66b	0.369	-0.057	0.42	311	0.143222446539297
Or9i1b	0.391	0.025	0.474	316	0.150944278765535
Or1d2	0.521	0.354	0.647	312	0.157902418193576
Or5m11b	0.397	0.023	0.466	324	0.148841185080588
Or4d10	0.426	0.171	0.544	311	0.150527400019594
Or52s6	0.428	0.112	0.517	314	0.153392731681055
Or2aj4	0.385	0.007	0.458	313	0.139227059091886
Or10ak9	0.465	0.185	0.559	317	0.156568946570981
Or52l1	0.404	0.078	0.495	316	0.150939167865027
Or56b1b	0.396	0.059	0.48	318	0.152226042843409
Or8g52	0.419	0.135	0.532	312	0.153364327414689
Or5ak20	0.369	-0.039	0.437	309	0.146795317607847
Or4p21	0.363	-0.038	0.438	305	0.148785136234853
Or51f1	0.362	-0.055	0.421	316	0.144283198130603
Or2d3b	0.471	0.238	0.587	307	0.151966277598654
Or4c117	0.359	-0.054	0.426	311	0.144370506551798
Or5k16	0.379	-0.04	0.435	317	0.153899634304775
Or2ag17	0.376	-0.001	0.45	316	0.146970827241554
Or1p1c	0.461	0.263	0.595	323	0.149952224277688
Or8b52	0.344	-0.158	0.372	309	0.144386852047841
Or51v8	0.412	0.123	0.512	308	0.150578256040325
Or13g1	0.36	-0.08	0.412	308	0.146148066264492
Or2t43	0.446	0.177	0.553	314	0.150936093515638
Or13a24	0.457	0.17	0.551	310	0.15207794419976
Or4p7	0.358	-0.055	0.424	323	0.148372523712224
Or4c3	0.411	0.068	0.493	308	0.152753516914681
Or2f2	0.428	0.129	0.523	317	0.148614348258827
Or10ak8	0.47	0.228	0.581	313	0.157375457499579
Or5p78	0.396	0.051	0.485	314	0.146162489475294
Or5m9	0.368	-0.047	0.432	310	0.146465599919796
Or12d2	0.424	0.11	0.512	308	0.147802493988491
Or2i1	0.553	0.43	0.69	386	0.161115008233777
Or12e13	0.36	-0.083	0.411	314	0.147086601482586
Or14c46	0.363	-0.026	0.442	332	0.14850018587998
Or8b49	0.338	-0.164	0.364	312	0.141712022578198
Or10v9	0.509	0.325	0.629	318	0.153119504508428
Or6b2b	0.559	0.424	0.684	311	0.15539167319305
Or5b116	0.363	-0.062	0.421	314	0.15470052753187
Or6c5	0.376	0.005	0.453	312	0.144798825104476
Or11g25	0.412	0.118	0.517	311	0.146511977367619
Or8k37	0.315	-0.193	0.35	313	0.137887221286997
Or1e31	0.406	0.095	0.503	312	0.148270109919868
Or10x1	0.407	0.071	0.491	309	0.151204593589122
Or4c107	0.331	-0.161	0.371	311	0.146795390331305
Or8g35	0.335	-0.151	0.377	314	0.146910390389055
Or5m9b	0.371	-0.024	0.444	310	0.148836900763752
Or52e3	0.383	0.019	0.46	311	0.143317922499602
Or51a24	0.426	0.149	0.528	315	0.148789647053838
Or51a7	0.399	0.074	0.488	312	0.152655864589196
Or7g27	0.339	-0.131	0.382	312	0.146490217790176
Or6c76b	0.394	0.034	0.47	310	0.148655044795393
Or4f60	0.352	-0.076	0.414	311	0.1427705070766
Or4f57	0.334	-0.125	0.391	320	0.140852164321056
Or10ak14	0.464	0.176	0.551	313	0.157483050187446
Or2t46	0.48	0.256	0.598	326	0.154653487441869
Or2g25	0.389	0.018	0.463	317	0.153540081927929
Or11h4b	0.348	-0.115	0.387	313	0.144126771242226
Or10ak11	0.475	0.2	0.567	317	0.156969430486049
Or10k2	0.451	0.245	0.588	314	0.150450547213202
Or10g1b	0.456	0.208	0.566	318	0.15777571009195
Or8d23	0.426	0.142	0.536	308	0.151025991332208
Or2a5	0.446	0.227	0.577	310	0.158077638662855
Or4f58	0.371	-0.004	0.453	312	0.148577992419899
Or13l2	0.482	0.231	0.585	320	0.155190774824353
Or2o1	0.493	0.276	0.61	312	0.158676376373562
Or9s27	0.486	0.257	0.6	321	0.160002797607816
Or4k5	0.319	-0.19	0.355	323	0.139581492037467
Or10d4b	0.413	0.075	0.497	316	0.149819123837781
Or8s8	0.532	0.465	0.708	311	0.158396769860518
Or8s5	0.504	0.391	0.67	305	0.157977709228213
Or7g28	0.329	-0.181	0.351	312	0.143211645180981
Or1f12	0.367	-0.039	0.437	328	0.14834743927185
Or6c68	0.345	-0.115	0.393	312	0.141991254047939
Or6c211	0.381	0.053	0.477	318	0.146667122647844
Or10g6	0.469	0.263	0.595	310	0.153301238383461
Or14j3	0.355	-0.044	0.431	312	0.139257405464034
Or10al6	0.384	0.032	0.472	321	0.147243454173705
Or14j2	0.366	-0.016	0.449	312	0.143103363611159
Or14j1	0.36	-0.079	0.411	320	0.143980121688181
Or5b122	0.334	-0.11	0.395	315	0.14467265202753
Or1aa2	0.369	-0.048	0.429	332	0.142018136536727
Or5w18	0.344	-0.141	0.381	314	0.146619859345774
Or5d39	0.327	-0.127	0.383	316	0.138771495468028
Or2a12	0.412	0.132	0.522	308	0.149619311577261
Or2a52	0.441	0.198	0.561	310	0.153791309251017
Or10ag53	0.339	-0.103	0.396	326	0.142342177176986
Or11h7	0.394	0.007	0.459	314	0.148711518466605
Or11h6	0.381	-0.052	0.43	328	0.149228815278896
Or9k7	0.326	-0.121	0.39	322	0.143864758248971
Or5b119	0.348	-0.109	0.396	314	0.152745883694593
Or5b107	0.364	-0.05	0.431	312	0.145826743994767
Or5b24	0.374	-0.059	0.431	314	0.150961100078331
Or13p8	0.422	0.135	0.527	315	0.153185552699855
Or6k2	0.453	0.175	0.549	321	0.156557044311908
Or10a3	0.402	0.041	0.479	333	0.147836888009124
Or5p73	0.386	-0.034	0.442	330	0.151725257425767
Or7c70	0.403	0.121	0.52	320	0.145933101788541
Or10ak13	0.478	0.228	0.582	315	0.159968712051865
Or5p68	0.426	0.131	0.53	314	0.150643729145413
Or5p81	0.391	0.024	0.469	314	0.153265112958673
Or56b1	0.399	0.071	0.487	319	0.15318782433888
Or8b8	0.431	0.143	0.536	310	0.145908873296929
Or52s19	0.444	0.148	0.537	314	0.157943355334471
Or4k15c	0.357	-0.088	0.407	321	0.142003434210302
Or4k15b	0.365	-0.069	0.417	321	0.143603130707788
Or6c8	0.391	0.031	0.475	309	0.145678533181473
Or4k15	0.348	-0.121	0.389	324	0.140514663908953
Or12e10	0.355	-0.115	0.391	325	0.153129733617465
Or5h18	0.3	-0.148	0.367	309	0.132885246771778
Or5h19	0.324	-0.121	0.385	308	0.144099720806339
Or4c124	0.333	-0.103	0.401	311	0.149092517286107
Or6c76	0.385	0.009	0.457	328	0.148498029874082
Or52m1	0.433	0.148	0.53	317	0.157676751290442
Or8g26	0.41	0.03	0.473	314	0.153325532436758
Or10al7	0.406	0.071	0.495	321	0.152358366807666
Or5v1	0.404	0.064	0.487	317	0.152517198339268
Or51a10	0.452	0.178	0.549	314	0.1493833249385
Or10d3	0.403	0.073	0.495	312	0.149617046216723
Or8g34	0.406	0.037	0.48	314	0.146691375919846
Or2n1c	0.338	-0.112	0.391	312	0.148602983054536
Or10ak16	0.47	0.212	0.574	315	0.155323103919363
Or8c15	0.324	-0.196	0.355	312	0.145918043987943
Or2v2	0.465	0.235	0.583	315	0.152400069397856
Or1ab2	0.537	0.328	0.638	313	0.149972624759356
Or7d10	0.334	-0.105	0.399	312	0.142567379218489
Or4c12	0.388	-0.001	0.454	309	0.148462436676952
Or4x6	0.399	0.064	0.491	309	0.147744916639646
Or4x11	0.392	0.054	0.485	309	0.147748627687106
Or10q12	0.425	0.098	0.508	319	0.1493201773497
Or10q1b	0.473	0.215	0.571	319	0.156907177554692
Or1e1f	0.442	0.159	0.54	315	0.151521775994164
Or1e30	0.448	0.187	0.55	311	0.151779814851642
Or12e9	0.373	-0.051	0.427	314	0.146855408883164
Or5w10	0.396	0.037	0.476	311	0.153801478450081
Or10ag2	0.329	-0.161	0.364	323	0.148110723848714
Or5w1b	0.396	0.009	0.463	313	0.157263753220007
Or2ag2	0.383	0.04	0.471	316	0.145020818110302
Or51k2	0.433	0.155	0.534	312	0.148290175027135
Or52w1	0.394	0.022	0.465	329	0.145274524748029
Or2at1	0.585	0.517	0.737	321	0.155933479478212
Or2l13b	0.398	0.031	0.471	312	0.14571193954133
Or52e4	0.377	0.013	0.455	312	0.147711478850713
Or51f23	0.45	0.195	0.561	316	0.15338074770873
Or51t4	0.419	0.103	0.508	346	0.147769210984949
Or51d1	0.416	0.107	0.51	322	0.146104111115817
Or4f59	0.361	-0.112	0.401	317	0.144780213936678
Or4k6	0.347	-0.087	0.407	326	0.143382581828814
Or5p70	0.393	0.01	0.464	330	0.152788248908306
Or5t9	0.315	-0.227	0.332	330	0.140386078791434
Or5t5	0.342	-0.157	0.372	322	0.142983047226225
Or10d5j	0.437	0.125	0.526	326	0.150179353363156
Or12k8	0.358	-0.038	0.434	322	0.146478029878445
Or2a20	0.463	0.242	0.587	321	0.156051876789359
Or5b98	0.341	-0.134	0.39	325	0.148014806369108
Or10ab5	0.433	0.105	0.515	321	0.149497804456289
Or4a80	0.342	-0.08	0.407	318	0.148065431993125
Or5c1	0.471	0.232	0.58	327	0.154322188415755
Or8b3b	0.407	0.067	0.495	325	0.147246446845395
Or11l3	0.538	0.414	0.682	323	0.158439501849399
Or14j6	0.376	-0.007	0.456	323	0.145026313988596
Or6c88	0.352	-0.116	0.39	320	0.143563525839494
Or52u1	0.409	0.104	0.511	341	0.148062552120401
Or52s1	0.385	0.059	0.486	327	0.150429470381612
Or4g17	0.384	0.009	0.464	311	0.147649819719142
Or9a7	0.385	0.075	0.495	313	0.1466491366387
Or9a4	0.407	0.111	0.518	314	0.150327337745458
Or6z6	0.493	0.327	0.632	319	0.155239432744055
Or5bw2	0.452	0.151	0.543	308	0.15558741982209
Or5bh3	0.343	-0.099	0.404	309	0.140665255461029
Or8k24	0.326	-0.153	0.363	316	0.141406459994958
Or2t6	0.426	0.108	0.518	316	0.149972847963356
Or4g16	0.371	-0.033	0.44	313	0.148939777189907
Or4f54	0.346	-0.073	0.415	313	0.146447377298996
Or4f53	0.352	-0.059	0.424	312	0.143924223267222
Or4k35	0.353	-0.026	0.438	303	0.153504458506704
Or5h22	0.31	-0.171	0.357	307	0.1447216512426
Or13ae2	0.316	-0.189	0.349	315	0.144135665425167
Or10ak7	0.484	0.249	0.593	313	0.158697999606181
Or4g7	0.296	-0.26	0.314	312	0.1367811894481
Or4f56	0.324	-0.176	0.357	312	0.142636980047698
Or4f7	0.37	0.021	0.465	312	0.146132627145792
Or4k45	0.349	-0.105	0.4	312	0.147197619001044
Or4f4b	0.351	-0.103	0.4	298	0.142168214973618
Or8k41	0.326	-0.167	0.358	313	0.142503423981457
Or8k30	0.347	-0.099	0.396	313	0.142014228383347
Or8k32	0.349	-0.083	0.403	315	0.141887801270299
Or8k27	0.326	-0.135	0.376	313	0.142394256698561
Or8k33	0.318	-0.166	0.365	313	0.137339944152343
Or10v1	0.415	0.091	0.503	309	0.146671572134809
Or4d2b	0.549	0.485	0.72	311	0.151907312679904
Or4d1	0.521	0.412	0.679	313	0.151950870683246
Or4d2	0.538	0.469	0.711	311	0.153396388655221
Or5an9	0.378	0.013	0.463	312	0.14725964931517
Or5ae2	0.372	0.03	0.469	317	0.145880341678688
Or5ae1	0.374	0.034	0.47	315	0.148155440123039
Or8b9	0.407	0.046	0.485	311	0.146339280443397
Or8b35	0.385	-0.027	0.444	314	0.151770091394902
Or8b36	0.39	-0.02	0.449	309	0.150767007322249
Or8b39	0.396	0.003	0.461	309	0.153577157897953
Or8b101	0.41	0.054	0.488	314	0.156251755433991
Or5p51	0.424	0.145	0.536	314	0.149943412143193
Or5p50	0.42	0.142	0.534	314	0.149601434018155
Or5au1	0.494	0.299	0.62	311	0.157566132611704
Or2aa1	0.489	0.245	0.591	319	0.160810337614373
Or11g26	0.429	0.139	0.531	311	0.149723093295907
Or10g1	0.447	0.185	0.553	318	0.156178122107009
Or10g3	0.501	0.269	0.599	313	0.153588928762958
Or5ak24	0.367	-0.051	0.435	314	0.148336974423017
Or5ak25	0.373	-0.018	0.452	315	0.143899346336627
Or5ak23	0.387	0.003	0.462	314	0.15052292709553
Or5g29	0.366	-0.092	0.409	314	0.150385169119431
Or5g27	0.368	-0.069	0.417	314	0.150008039456908
Or8g24	0.326	-0.151	0.374	315	0.140322463662416
Or8g23	0.363	-0.028	0.441	311	0.150156478674256
Or8g51	0.424	0.108	0.517	315	0.154877198769282
Or8d1b	0.434	0.148	0.537	308	0.154927241898461
Or10d1c	0.431	0.125	0.524	310	0.149781585498745
Or1e23	0.415	0.19	0.553	312	0.151848529041636
Or2r11	0.48	0.225	0.582	313	0.15735657435613
Or2q1	0.394	0.038	0.476	310	0.155123143909698
Or6d15	0.425	0.178	0.55	310	0.150161107148225
Or4f15	0.354	-0.051	0.426	320	0.143524855938113
Or4f47	0.4	0.067	0.488	316	0.147877747960946
Or4f6	0.345	-0.134	0.383	312	0.144463176335489
Or4f61	0.347	-0.069	0.422	312	0.146109598268381
Or2m12	0.328	-0.138	0.377	315	0.145374663880594
Or2ag1b	0.404	0.089	0.5	315	0.145736093928708
Or2ag12	0.414	0.109	0.508	316	0.151457950997413
Or4c1	0.393	0.072	0.49	313	0.146550997842579
Or4a69	0.292	-0.21	0.336	314	0.1407337268264
Or2h2c	0.479	0.259	0.597	312	0.15533618080741
Or8s10	0.516	0.403	0.674	308	0.156501139903172
Or4c104	0.397	0.044	0.475	310	0.151871704824463
Or4c110	0.313	-0.148	0.371	312	0.14293566800577
Or4c29	0.38	-0.006	0.446	310	0.149965332348056
Or4c105	0.322	-0.16	0.367	309	0.144779862269321
Or4c106	0.328	-0.152	0.37	309	0.146826706405284
Or4a66	0.362	0.031	0.463	314	0.148488558349937
Or1o11	0.344	-0.111	0.395	320	0.148506490986613
Or2m13	0.345	-0.117	0.39	313	0.144961769294098
Or2y16	0.445	0.142	0.534	311	0.151531424890209
Or2y1e	0.422	0.094	0.507	311	0.149512860938295
Or2y11	0.445	0.168	0.544	311	0.15522812222568
Or2y1f	0.472	0.21	0.571	311	0.159412156234157
Or2y1g	0.464	0.178	0.554	311	0.157293604896047
Or2y14	0.407	0.086	0.502	318	0.155851854016819
Or2y15	0.41	0.073	0.495	311	0.152809834592208
Or4c126	0.419	0.118	0.517	306	0.152352439779955
Or4a81	0.321	-0.158	0.369	314	0.148199041498794
Or2h2	0.497	0.314	0.626	310	0.156607931690612
Or2h1	0.501	0.321	0.63	312	0.157337968562485
Or8c13	0.357	-0.117	0.396	316	0.142415022727768
Or8b41	0.397	0.036	0.477	314	0.152691029019432
Or8b40	0.398	0.04	0.48	309	0.153671604676331
Or5h17	0.302	-0.171	0.358	309	0.139719273155455
Or5ac21	0.365	-0.034	0.438	306	0.147820156444167
Or2g7	0.397	0.052	0.48	317	0.153503243198435
Or2j3	0.359	-0.102	0.403	312	0.14596456060037
Or11i1	0.408	0.083	0.497	316	0.15523700336207
Or9s15	0.56	0.427	0.691	323	0.165003360633606
Or9s14	0.541	0.358	0.654	322	0.161803421340535
Or4l15	0.352	-0.091	0.404	309	0.145779097684875
Or4k2	0.322	-0.223	0.338	318	0.139711558513071
Or4n5	0.358	-0.045	0.43	308	0.148967906698757
Or5p54	0.36	-0.026	0.443	310	0.147996741337124
Or5p62	0.389	0.012	0.465	314	0.144204985473037
Or5p67	0.419	0.089	0.508	314	0.151087693748063
Or5p66	0.372	-0.014	0.45	314	0.14666264920796
Or5p60	0.386	0.016	0.466	321	0.145233556618216
Or2ak6	0.454	0.232	0.585	306	0.154031936894291
Or2ak5	0.493	0.289	0.615	306	0.153862682267311
Or2t47	0.467	0.227	0.582	310	0.154001751934073
Or10d4c	0.405	0.026	0.47	314	0.146750934563795
Or10n1	0.347	-0.048	0.427	310	0.144460630326566
Or8g28	0.408	0.055	0.489	319	0.150904364033777
Or8g27	0.391	0.022	0.47	311	0.15002218852374
Or10d1	0.436	0.163	0.542	311	0.152780912966923
Or11m3	0.578	0.526	0.743	310	0.157637124255132
Or1o3	0.379	-0.033	0.439	309	0.151446561828093
Or1o1	0.372	-0.06	0.427	309	0.151781623357517
Or1o2	0.365	-0.055	0.426	310	0.150110170179719
Or10c1	0.597	0.512	0.732	312	0.160391036546981
Or11a4	0.433	0.148	0.54	313	0.149532434784579
Or1o4	0.348	-0.086	0.408	305	0.145625258670444
Or1x6	0.535	0.382	0.663	313	0.160184460014398
Or6f2	0.528	0.341	0.64	317	0.158583942923649
Or12j3	0.474	0.245	0.589	307	0.153083390708014
Or12j5	0.465	0.209	0.568	307	0.156353153218755
Or7g34	0.354	-0.069	0.412	315	0.146825257788453
Or7g31	0.326	-0.146	0.369	315	0.142940119430859
Or7g35	0.351	-0.074	0.415	312	0.147298765139726
Or7g29	0.339	-0.16	0.367	312	0.141142267837408
Or7e168	0.349	-0.092	0.406	309	0.143999168736243
Or7g30	0.354	-0.11	0.392	312	0.142869153969597
Or7e169	0.331	-0.099	0.401	317	0.140839308353663
Or4c31	0.324	-0.168	0.361	303	0.146200161414702
Or4c100	0.311	-0.212	0.339	303	0.142790521483843
Or5d40	0.346	-0.088	0.407	312	0.142293077790894
Or5d41	0.344	-0.093	0.404	316	0.140758697151193
Or2b28	0.392	0.04	0.477	316	0.152564667872038
Or2ad1	0.373	-0.023	0.445	314	0.148277613322679
Or2p2	0.395	0.034	0.475	316	0.153774066304723
Or5af2	0.458	0.166	0.55	308	0.151032998787979
Or9e1	0.474	0.195	0.566	308	0.154080931772065
Or2t45	0.576	0.51	0.733	309	0.160544131240463
Or2z9	0.504	0.355	0.651	314	0.148869654390511
Or2w2	0.453	0.223	0.575	314	0.158615881569537
Or2w6	0.458	0.238	0.583	317	0.154609262188857
Or2b2b	0.472	0.258	0.592	313	0.150203725879399
Or6c207	0.4	0.038	0.473	311	0.14708580701214
Or6c205	0.355	-0.043	0.429	312	0.146776784689806
Or6c202	0.364	-0.059	0.422	317	0.148954827142415
Or6c210	0.409	0.047	0.478	311	0.149926197512775
Or6c1b	0.389	0.027	0.47	312	0.143024615640536
Or6c69b	0.374	-0.056	0.427	312	0.147075842899821
Or6c3	0.347	-0.104	0.398	311	0.144139801124315
Or6c215	0.364	-0.025	0.438	319	0.142321839110112
Or6c213	0.378	0.011	0.456	313	0.144396304069395
Or6c3b	0.332	-0.089	0.403	308	0.14174196631223
Or6c212	0.373	0.033	0.466	319	0.143552647357622
Or6c66	0.357	-0.098	0.397	311	0.140791282920389
Or7e175	0.336	-0.129	0.386	323	0.142743185250863
Or7e173	0.344	-0.063	0.417	312	0.143330525612006
Or7e174	0.335	-0.092	0.401	309	0.143938670173887
Or7e176	0.337	-0.139	0.382	323	0.143204152338418
Or7e177	0.342	-0.106	0.394	319	0.147619799885993
Or7e170	0.35	-0.025	0.436	306	0.139630069902045
Or7g21	0.332	-0.163	0.365	317	0.14816989461954
Or7g22	0.325	-0.163	0.365	312	0.144959756394795
Or7g18	0.327	-0.191	0.352	315	0.145344574983322
Or7g25	0.312	-0.223	0.332	313	0.139270531214712
Or9g3	0.4	0.018	0.465	311	0.144297427694383
Or9g8	0.406	0.054	0.485	305	0.149581717787443
Or9g4	0.376	-0.042	0.43	312	0.143032538588919
Or9g4b	0.379	-0.012	0.445	312	0.145917196390646
Or5g9	0.411	0.086	0.5	314	0.148886141712079
Or5g25	0.368	-0.023	0.442	318	0.147714539809459
Or5b104	0.382	-0.052	0.432	317	0.149105251626121
Or9a2	0.416	0.108	0.513	314	0.151860997502173
Or5al7	0.374	-0.005	0.452	314	0.147985078347595
Or5m3b	0.39	0.032	0.472	310	0.149545489998695
Or5m3	0.389	0.044	0.479	310	0.150023321556869
Or5ap2	0.396	-0.001	0.46	317	0.15116221810019
Or8k1	0.356	-0.023	0.437	316	0.141448147580176
Or5m13b	0.389	0.003	0.458	307	0.147283839742214
Or2ah1	0.375	-0.013	0.451	311	0.145737301427828
Or5m10	0.382	-0.034	0.439	311	0.149356660668508
Or5m5	0.403	0.004	0.456	318	0.151397192410189
Or5m10b	0.4	-0.013	0.45	315	0.15346729211499
Or8k38	0.312	-0.211	0.337	313	0.141690189198152
Or5t16	0.337	-0.136	0.38	310	0.141664702613632
Or5t7	0.353	-0.134	0.385	310	0.145367084628069
Or5as1	0.343	-0.138	0.381	312	0.146383187641472
Or8h10	0.34	-0.153	0.373	321	0.145982506713531
Or2ag19	0.377	0.001	0.45	319	0.146657193493357
Or13n4	0.36	-0.014	0.449	318	0.148205699465745
Or2ag13	0.396	0.039	0.473	315	0.145937587197303
Or2ag15	0.391	0.029	0.467	317	0.14733428116056
Or2ag18	0.406	0.062	0.485	316	0.150462089452979
Or2d4	0.339	-0.059	0.424	310	0.137459264531784
Or2ag16	0.397	0.085	0.498	311	0.147915567787466
Or2d36	0.385	0.039	0.477	314	0.146666599440054
Or7g16	0.308	-0.217	0.331	312	0.137096358576142
Or13d1	0.372	0.004	0.449	312	0.147774714816902
Or4d5	0.419	0.1	0.51	314	0.149042528793997
Or8g50	0.446	0.152	0.541	312	0.153363634876106
Or8g55	0.355	-0.099	0.407	314	0.145077506733987
Or8g37	0.358	-0.028	0.443	311	0.144811180086609
Or8g53	0.361	-0.076	0.418	314	0.145400145296495
Or8g2	0.385	0.046	0.479	307	0.146675741838513
Or8g2b	0.392	0.066	0.488	307	0.148158801954627
Or6x1	0.436	0.192	0.554	312	0.150532741619677
Or14a259	0.306	-0.211	0.342	319	0.139633973512429
Or14a260	0.35	-0.118	0.393	313	0.145991543342107
Or14c45	0.368	-0.038	0.436	310	0.152353907091353
Or6aa1	0.396	0.021	0.471	319	0.147002533744629
Or14c39	0.359	-0.064	0.421	308	0.149083719607768
Or6f1	0.379	-0.009	0.447	308	0.146321513727613
Or12k7	0.359	-0.022	0.44	317	0.146445739251756
Or1q1	0.421	0.099	0.509	308	0.147202466608859
Or1ak2	0.403	0.068	0.488	315	0.148935633035392
Or1l8	0.377	-0.003	0.452	310	0.145411809595439
Or1j4	0.427	0.13	0.522	312	0.149618420318318
Or1j15	0.412	0.096	0.503	309	0.145023257095531
Or10al5	0.388	0.018	0.466	321	0.149280070334793
Or2g1	0.391	0.054	0.481	309	0.146975647471842
Or10al4	0.38	0.004	0.459	330	0.150044338453261
Or14j10	0.351	-0.064	0.422	321	0.140758561327276
Or9i2	0.392	-0.026	0.445	315	0.153592032003323
Or9i16	0.389	-0.047	0.434	315	0.153876048079465
Or5b124	0.331	-0.121	0.391	313	0.141366913989391
Or5b123	0.335	-0.113	0.397	315	0.145998252170834
Or5w17	0.34	-0.122	0.387	311	0.148467026189433
Or5w8	0.341	-0.161	0.369	308	0.152080474687774
Or5w15	0.318	-0.225	0.336	311	0.146831288732073
Or5w20	0.347	-0.1	0.401	318	0.144078115684161
Or5d37	0.355	-0.064	0.422	326	0.149681211028112
Or5w16	0.33	-0.154	0.37	311	0.148002890251123
Or5d16	0.386	0.035	0.475	314	0.141931296599722
Or5d36	0.401	0.071	0.494	316	0.148774588346436
Or9m2	0.362	-0.122	0.391	313	0.151889743826349
Or5i1	0.386	0.023	0.464	316	0.146132475928368
Or9m1	0.342	-0.205	0.347	310	0.149981316887988
Or9m1b	0.342	-0.165	0.366	319	0.148116992057327
Or5d38	0.352	-0.069	0.419	316	0.139472140593511
Or10j2	0.411	0.062	0.488	310	0.151549276964773
Or2a51	0.439	0.178	0.551	313	0.153174176429656
Or2a14	0.449	0.207	0.564	310	0.155279552745402
Or2a54	0.423	0.155	0.536	310	0.155079708562412
Or2a56	0.445	0.205	0.563	310	0.1573017488604
Or5w11	0.373	-0.073	0.415	309	0.150335562190499
Or5w13	0.323	-0.149	0.373	310	0.142692258158912
Or5w12	0.376	-0.033	0.439	310	0.148159030205618
Or12e1	0.306	-0.2	0.342	318	0.143725675093335
Or1l4	0.463	0.218	0.574	312	0.149858269156742
Or4n4b	0.336	-0.106	0.391	308	0.142880134506752
Or4m1	0.39	0.029	0.468	313	0.147694565891918
Or4n4	0.351	-0.07	0.409	308	0.146048768475669
Or11j4	0.395	0.034	0.476	312	0.143956291399133
Or11g7	0.429	0.163	0.543	311	0.148925370023644
Or11g1	0.429	0.141	0.532	311	0.151564114514825
Or11g24	0.421	0.114	0.517	309	0.153419232484786
Or6c217	0.307	-0.201	0.341	316	0.143828713928407
Or6c69c	0.379	-0.049	0.427	312	0.147583356361699
Or6c69	0.376	-0.041	0.437	312	0.148563591289622
Or9r3	0.391	-0.013	0.449	315	0.14837017068636
Or9r7	0.388	-0.017	0.446	315	0.149146385422991
Or6c33	0.342	-0.085	0.405	312	0.144315316043178
Or9k2b	0.384	-0.002	0.453	313	0.153064438543343
Or9k2	0.403	0.025	0.469	320	0.154379267092703
Or4d6	0.433	0.172	0.547	314	0.147321409787778
Or4z4	0.414	0.175	0.547	311	0.145359322902789
Or4d11	0.442	0.21	0.566	310	0.150335946733943
Or4d10b	0.405	0.118	0.517	313	0.149785338278545
Or5a1	0.474	0.234	0.583	317	0.146479129001345
Or5a3	0.421	0.103	0.515	318	0.153978542744211
Or5an6	0.399	0.023	0.47	315	0.149401726506318
Or5an1	0.381	0.015	0.466	312	0.144800467962322
Or5an11	0.381	0	0.456	312	0.148433658243717
Or5an10	0.367	-0.063	0.425	315	0.148406509834674
Or5an1c	0.364	-0.011	0.446	312	0.143805635248066
Or5b106	0.378	0.016	0.466	307	0.147020971840624
Or5b117	0.348	-0.117	0.391	314	0.154005413222217
Or5b113	0.387	-0.048	0.438	308	0.148013734163285
Or5b102	0.377	-0.032	0.439	307	0.145996977644655
Or5b108	0.375	-0.02	0.446	307	0.14424645937556
Or5b112	0.331	-0.174	0.362	310	0.145709807833638
Or5b3	0.385	-0.047	0.437	309	0.147205798720903
Or5b120	0.344	-0.09	0.408	315	0.144267916172469
Or5b94	0.378	-0.058	0.431	312	0.151656881156839
Or5b95	0.407	0.018	0.475	312	0.156820465212589
Or5b12b	0.421	0.061	0.495	314	0.146760619534108
Or5b101	0.38	-0.027	0.443	307	0.149017533311966
Or5b12	0.402	0.033	0.48	314	0.147473097306898
Or5b21	0.414	0.045	0.487	319	0.148786711557783
Or5b97	0.392	-0.002	0.459	309	0.147093974254098
Or5b96	0.386	-0.001	0.459	308	0.148337318955845
Or5b99	0.35	-0.095	0.414	310	0.146213256730148
Or3a1b	0.443	0.12	0.522	315	0.152644087449359
Or3a1	0.447	0.144	0.533	315	0.154143471823798
Or3a1c	0.453	0.137	0.53	315	0.15452150212359
Or3a1d	0.485	0.267	0.603	315	0.153391625084254
Or1r1	0.463	0.19	0.561	314	0.146916052951846
Or1a1b	0.486	0.232	0.583	313	0.154949961811995
Or13p4	0.526	0.386	0.663	315	0.157442301803756
Or10x4	0.403	0.055	0.483	309	0.150841155476778
Or10z1	0.403	0.07	0.492	313	0.144833166118569
Or10aa3	0.412	0.04	0.478	312	0.15140644863037
Or10aa1	0.432	0.129	0.526	314	0.151206453049427
Or6n2	0.419	0.079	0.497	317	0.154773464348286
Or6k4	0.392	-0.021	0.438	315	0.149314723164945
Or6n1	0.441	0.18	0.548	312	0.154784866354812
Or5e1	0.458	0.193	0.563	309	0.151838689560892
Or10a3m	0.384	-0.024	0.443	326	0.142314242663064
Or10a3b	0.403	0.031	0.473	314	0.146411645019185
Or10a48	0.411	0.03	0.478	310	0.150011068011335
Or51aa5	0.405	0.076	0.49	323	0.148070380066795
Or6c35	0.354	-0.114	0.386	311	0.147901794823099
Or6c208	0.392	0.073	0.49	319	0.145647022276517
Or5t15	0.332	-0.178	0.357	308	0.141690403281323
Or52ab4	0.368	0.006	0.455	315	0.147120942535645
Or5p64	0.392	0.047	0.48	314	0.149600370073517
Or5p58	0.416	0.08	0.505	323	0.152730152984507
Or5p6	0.414	0.114	0.521	314	0.149658874503145
Or5p59	0.413	0.118	0.523	315	0.149348052819557
Or5p1	0.373	-0.02	0.447	310	0.14676071413159
Or5p69	0.42	0.091	0.51	314	0.152716251619418
Or5p72	0.414	0.099	0.513	314	0.152002217357877
Or5p76	0.4	0.07	0.498	314	0.148566171182105
Or9q2	0.415	0.071	0.495	314	0.150656720085287
Or4f14d	0.344	-0.089	0.409	314	0.140405422338056
Or5p79	0.401	0.06	0.49	316	0.147952022325015
Or2w4	0.451	0.172	0.547	308	0.159808852730737
Or8g36	0.398	0.066	0.497	311	0.146735047140654
Or8g21	0.368	-0.024	0.439	308	0.15226661119359
Or8g17	0.379	-0.023	0.439	306	0.151480968188124
Or56b2	0.395	0.05	0.479	319	0.160096775437092
Or8b12b	0.417	0.089	0.505	310	0.150750934494056
Or56b35	0.379	0.004	0.451	320	0.150940011473906
Or52h1	0.44	0.158	0.538	316	0.146896055017911
Or5j1	0.309	-0.206	0.34	312	0.137279668130484
Or4c103	0.391	0.023	0.464	308	0.148895395078375
Or52i2	0.396	0.001	0.458	324	0.151032404304269
Or52p2	0.464	0.22	0.575	315	0.153609454464554
Or52ae7	0.394	0.008	0.457	316	0.150751135213312
Or51f1d	0.361	-0.053	0.423	319	0.143629533534135
Or52e5	0.376	0.008	0.45	313	0.145321494958779
Or6d14	0.453	0.23	0.579	320	0.152415477077226
Or52e15	0.324	-0.145	0.365	312	0.14404395665147
Or6p1	0.454	0.221	0.574	317	0.150497022397431
Or9g19	0.428	0.075	0.498	305	0.152188568261932
Or10j7	0.403	0.069	0.492	310	0.148678894217998
Or10j27	0.412	0.102	0.51	310	0.146736932262843
Or5aq6	0.376	-0.053	0.425	312	0.151887941471122
Or8i2	0.365	-0.016	0.448	310	0.142363479327675
Or8h9	0.337	-0.138	0.38	312	0.145911993358898
Or5aq1	0.373	-0.082	0.408	312	0.149103841485432
Or5aq7	0.359	-0.084	0.407	312	0.14968302634281
Or5d46	0.345	-0.04	0.429	315	0.153688638539522
Or4c102	0.333	-0.143	0.375	306	0.145977528471781
Or5p80	0.393	0.029	0.475	310	0.146572647296289
Or5p52	0.37	-0.012	0.448	310	0.141118162053635
Or5p53	0.381	0.027	0.47	310	0.143596290077318
Or6c74	0.33	-0.133	0.381	310	0.139118943588314
Or6c219	0.374	0.028	0.466	318	0.145003037359391
Or4p8	0.378	-0.001	0.452	308	0.149528495957631
Or5h26	0.306	-0.195	0.342	309	0.136589366993951
Or2d2	0.383	0.002	0.455	315	0.14936607687413
Or8b55	0.39	-0.013	0.455	311	0.15038808069058
Or8b54	0.318	-0.201	0.342	313	0.140426509670565
Or8b51	0.34	-0.189	0.356	310	0.146471251491555
Or8b50	0.347	-0.127	0.387	316	0.140433560438307
Or8b53	0.339	-0.103	0.395	310	0.145167270570113
Or4a72	0.332	-0.153	0.365	307	0.148316993091537
Or4c123	0.356	-0.084	0.405	305	0.145423996674995
Or4a39	0.364	-0.031	0.438	315	0.149350416463992
Or4a75	0.35	-0.077	0.414	307	0.150916180215626
Or4a73	0.332	-0.129	0.382	314	0.148134202163627
Or4b12	0.427	0.115	0.517	305	0.156665842047762
Or4c52	0.409	0.089	0.502	306	0.15223781046403
Or6c216	0.375	0.034	0.468	310	0.143758707425413
Or9i14	0.404	0.042	0.483	314	0.148878015633294
Or9i1	0.395	0.01	0.464	316	0.153458890305102
Or8b4	0.366	-0.086	0.417	314	0.145328797771253
Or8b1b	0.373	-0.051	0.432	310	0.149900128903424
Or8b43	0.328	-0.182	0.36	309	0.140472935319212
Or8b1	0.354	-0.068	0.419	311	0.14085979297302
Or8b1c	0.413	0.032	0.476	310	0.151579245331325
Or8b44	0.354	-0.106	0.397	310	0.147029417922406
Or8c8	0.339	-0.155	0.375	313	0.149553865371306
Or2n1d	0.327	-0.157	0.366	312	0.14982565002638
Or4a68	0.347	-0.04	0.432	314	0.150998266630703
Or4d10c	0.425	0.146	0.532	311	0.150613504191737
Or8b48	0.337	-0.136	0.384	310	0.143193296497739
Or8b46	0.339	-0.115	0.395	310	0.14267567132154
Or51v14	0.395	0.104	0.502	313	0.148215952941356
Or52h9	0.428	0.136	0.526	313	0.14994389999961
Or52n3	0.358	-0.079	0.408	316	0.150795576022764
Or8d2b	0.386	-0.03	0.438	308	0.146199664286668
Or8b56	0.387	-0.007	0.457	317	0.1484764398282
Or5l13	0.383	-0.022	0.444	323	0.150159174769675
Or4c113	0.33	-0.079	0.408	311	0.144204358400942
Or9s18	0.352	-0.087	0.41	308	0.142512843751351
Or52ac1	0.393	0.084	0.492	308	0.145784861327396
Or52ae9	0.38	-0.034	0.434	314	0.151163259495983
Or51i1	0.393	0.007	0.46	314	0.143406616692562
Or4p22	0.372	-0.043	0.432	311	0.154148683915637
Or13c3	0.383	-0.017	0.449	317	0.147001954367921
Or7d9	0.36	-0.039	0.439	319	0.144641015489524
Or8g54	0.375	-0.04	0.437	311	0.146586542803363
Or8b57	0.451	0.138	0.535	315	0.155722731836567
Or10d5	0.441	0.153	0.537	310	0.150960249491406
Or8g19	0.391	0.026	0.468	311	0.151535280672322
Or2n1b	0.347	-0.115	0.391	312	0.149577105591818
Or2n1	0.364	-0.058	0.423	312	0.150952537197888
Or12d13	0.383	0.02	0.462	313	0.146057297489514
Or12d12	0.419	0.083	0.497	308	0.146775215341869
Or12d17	0.421	0.147	0.533	314	0.15451409961932
Or8w1	0.401	0.051	0.485	308	0.154606152270803
Or12e7	0.362	-0.109	0.393	314	0.149899611754433
Or10ag60	0.362	-0.083	0.407	314	0.15188104619844
Or13c25	0.412	0.08	0.5	319	0.155360781442104
Or55b10	0.548	0.432	0.686	316	0.152366003265323
Or52z12	0.376	-0.045	0.426	318	0.148539507806409
Or8h7	0.338	-0.105	0.401	315	0.141030174370084
Or5aq1b	0.369	-0.046	0.427	312	0.15136506461013
Or8h8	0.338	-0.097	0.405	315	0.139789218760947
Or8k3b	0.347	-0.067	0.413	313	0.140474955088326
Or8k40	0.348	-0.128	0.386	313	0.140484550763754
Or5d35	0.355	-0.026	0.436	321	0.139101224655595
Or5l14	0.421	0.098	0.512	312	0.152898223177771
Or14c41	0.351	-0.085	0.408	309	0.148043285241886
Or13p5	0.472	0.249	0.593	315	0.156280669658146
Or13p3	0.464	0.205	0.567	312	0.1564616710825
Or10s1	0.503	0.296	0.618	321	0.164349974486693
Or8d4	0.393	0.065	0.49	311	0.152844312362874
Or13f5	0.387	0.001	0.453	319	0.14809672373412
Or7c19	0.42	0.09	0.505	312	0.15192551881637
Or1f19	0.451	0.205	0.566	313	0.154308999049625
Or10p21	0.453	0.185	0.559	309	0.155502866142904
Or6c201	0.382	-0.008	0.45	311	0.151116861920988
Or6c38	0.392	0.024	0.467	312	0.153445368801124
Or5ak22	0.374	-0.043	0.432	309	0.146389394644793
Or8k16	0.362	-0.044	0.428	313	0.146223162584638
Or2y3	0.374	0.01	0.46	314	0.151370978436466
Or8c16	0.356	-0.091	0.41	313	0.148748936857956
Or8b3	0.386	0.003	0.459	317	0.148618640395512
Or8c20	0.379	-0.003	0.459	316	0.146602277305251
Or8b47	0.346	-0.108	0.395	311	0.14610766729084
Or8c17	0.376	-0.033	0.441	316	0.150173147111195
Or2t26	0.54	0.448	0.696	317	0.158200139928978
Or2t48	0.503	0.303	0.624	315	0.15441033002642
Or10j3	0.421	0.108	0.512	313	0.151606721688048
Or10j3b	0.422	0.1	0.508	313	0.147659412288658
Or8b12	0.416	0.097	0.507	310	0.150857793639989
Or8b12c	0.409	0.061	0.491	310	0.149675460560261
Or4k49	0.35	-0.063	0.417	312	0.145716074747976
Or4k44	0.362	-0.09	0.407	312	0.150660172920759
Or4k48	0.346	-0.085	0.409	312	0.145619000728446
Or4k51	0.347	-0.101	0.401	312	0.148207880619918
Or4k47	0.349	-0.086	0.405	312	0.144852302709094
Or4k52	0.383	-0.003	0.455	315	0.149084958386559
Or14j5	0.381	-0.015	0.449	319	0.141078059122792
Or4c120	0.383	0	0.456	311	0.153628520450013
Or4c118	0.339	-0.104	0.399	311	0.145658370621868
Or4c111	0.325	-0.122	0.387	311	0.146656368337874
Or4c11	0.329	-0.079	0.409	307	0.143309551265657
Or4c11b	0.325	-0.109	0.394	307	0.13994370050934
Or4c11c	0.33	-0.084	0.409	307	0.142067501410217
Or4c109	0.331	-0.131	0.383	311	0.148145787809399
Or4c108	0.335	-0.133	0.379	311	0.150533678635466
Or4c114	0.355	-0.017	0.44	311	0.150588847328499
Or4c115	0.333	-0.098	0.401	311	0.146279527433931
Or4c112	0.357	-0.027	0.438	304	0.149469010321951
Or4c116	0.324	-0.142	0.376	311	0.146446156893428
Or7h8	0.349	-0.066	0.416	311	0.140598401978467
Or7g32	0.334	-0.122	0.383	312	0.139589349552799
Or7g33	0.359	-0.077	0.41	305	0.14260657232113
Or4k38	0.349	-0.053	0.419	305	0.142798741943055
Or4k36	0.367	-0.029	0.436	305	0.150952584336294
Or1ad6	0.493	0.277	0.608	315	0.15221889500783
Or1ad1	0.489	0.301	0.621	307	0.153207673198154
Or13a1	0.493	0.231	0.584	309	0.157941142876518
Or6z1	0.486	0.297	0.614	312	0.153288644186523
Or6z3	0.499	0.323	0.63	314	0.15792767179401
Or6z5	0.46	0.215	0.57	313	0.156404958961308
Or4p18	0.388	-0.006	0.452	307	0.15290394331078
Or4p19	0.321	-0.18	0.356	309	0.15022529195971
Or4c101	0.342	-0.066	0.414	312	0.143548746491229
Or2k2	0.392	0.053	0.476	313	0.152540544521843
Or1e16	0.449	0.205	0.565	314	0.149858932622871
Or1e1c	0.501	0.286	0.61	320	0.156247364017835
Or1e1	0.513	0.333	0.635	314	0.156310871267782
Or5p55	0.387	0.016	0.465	310	0.142386370561486
Or5p4	0.419	0.057	0.492	312	0.150350336331924
Or5p56	0.391	0.037	0.475	310	0.144337134349063
Or6c209	0.348	-0.146	0.371	311	0.146752650227457
Or6c65	0.356	-0.104	0.398	312	0.143478216953425
Or6c214	0.386	0	0.452	311	0.15105288892195
Or6c2	0.345	-0.103	0.395	312	0.13915786461062
Or10p1	0.495	0.293	0.611	310	0.145204188862719
Or6c1	0.403	0.082	0.5	312	0.143404006095327
Or6c75	0.36	-0.042	0.427	322	0.144102733111764
Or2l5	0.353	-0.104	0.395	312	0.145798509710457
Or10v5	0.532	0.362	0.65	315	0.15590136862664
Or10h28	0.427	0.144	0.53	316	0.147366582305921
Or1j17	0.409	0.117	0.514	309	0.149026783308614
Or1n2	0.379	-0.031	0.439	317	0.153792122133157
Or1j20	0.435	0.134	0.525	315	0.147374890913008
Or1n1b	0.369	-0.029	0.447	311	0.146071858861326
Or1n1	0.363	-0.045	0.437	310	0.148649273959883
Or1j18	0.422	0.124	0.52	312	0.150471726403558
Or1j19	0.384	0.018	0.463	313	0.142865422191171
Or1j16	0.411	0.089	0.5	311	0.148215682109318
Or1j10	0.423	0.103	0.508	306	0.153182793136271
Or1j14	0.394	0.057	0.483	312	0.146576106357021
Or1j11	0.42	0.12	0.515	309	0.145740123305298
Or1j13	0.416	0.119	0.517	313	0.146597133135387
Or1j12	0.407	0.101	0.507	312	0.146212898339142
Or6ae1	0.519	0.366	0.652	312	0.155782908055004
Or2j6	0.528	0.347	0.645	304	0.157926636606828
Or13a22	0.466	0.17	0.551	312	0.150707695968403
Or13a19	0.484	0.279	0.606	309	0.155780207886662
Or2aj5	0.375	-0.002	0.453	313	0.139790284438742
Or2aj6	0.385	0.042	0.475	314	0.138913194639425
Or51m1	0.435	0.135	0.526	319	0.146625981067636
Or13a20	0.482	0.227	0.581	312	0.152118021895523
Or13a25	0.472	0.204	0.567	319	0.153661012338378
Or13a26	0.494	0.266	0.601	312	0.154734833546704
Or4a77	0.349	-0.085	0.409	314	0.150013866188784
Or4a74	0.332	-0.121	0.394	314	0.146740016152077
Or4c121	0.366	-0.021	0.441	310	0.151932165004053
Or4a70	0.342	-0.106	0.399	306	0.147944104341066
Or4a71	0.34	-0.111	0.396	305	0.149388981682503
Or4a2	0.313	-0.115	0.394	305	0.141561569415456
Or4c122	0.357	-0.068	0.416	323	0.149084002686258
Or4c125	0.339	-0.075	0.411	305	0.147785017832076
Or4a15	0.34	-0.126	0.384	314	0.149277553407049
Or4c127	0.4	0.087	0.5	304	0.149091454088932
Or4c12b	0.39	0.027	0.468	310	0.150616507659682
Or4c10	0.358	-0.028	0.44	311	0.14768889800079
Or4b1b	0.451	0.176	0.551	308	0.163120369026843
Or4c35	0.385	0.057	0.485	310	0.148027016292938
Or4c10b	0.34	-0.102	0.397	309	0.143594596142956
Or4a47	0.34	-0.136	0.381	306	0.142869555497263
Or4b1	0.439	0.153	0.539	304	0.161930127941851
Or2f1b	0.429	0.152	0.537	317	0.152426484137137
Or2r3	0.487	0.257	0.598	313	0.159531104190092
Or2a25	0.412	0.123	0.52	310	0.152218216196808
Or1s2	0.366	-0.058	0.424	317	0.146217624807044
Or10q1	0.47	0.218	0.574	315	0.1524195361093
Or5ac24	0.332	-0.111	0.393	306	0.146638798717961
Or5ac22	0.337	-0.11	0.397	305	0.145036509291315
Or5ac19	0.352	-0.031	0.434	308	0.145624860375065
Or5ac20	0.365	0.02	0.463	307	0.144900465476863
Or5k14	0.363	-0.007	0.447	309	0.149043660317907
Or5k15	0.367	-0.061	0.419	319	0.151943521130857
Or5k3	0.368	-0.045	0.431	308	0.152906624753517
Or5k17	0.363	-0.075	0.415	317	0.150700425365345
Or5k1	0.343	-0.133	0.386	321	0.150503329564419
Or5k1b	0.343	-0.127	0.388	309	0.148292827045812
Or5k8	0.376	0.018	0.461	308	0.152024915308496
Or3a10	0.457	0.188	0.561	315	0.155838527114081
Or3a4	0.432	0.136	0.532	311	0.153512938883413
Or1e35	0.392	0.07	0.485	312	0.146099985242907
Or1e32	0.39	0.08	0.49	312	0.144477805297062
Or1e34	0.406	0.081	0.493	310	0.149134694008023
Or1e33	0.405	0.088	0.498	312	0.149846778417499
Or1e29	0.394	0.024	0.462	312	0.146770961922984
Or5j3	0.345	-0.1	0.401	312	0.146967542185063
Or8u9	0.411	0.077	0.497	314	0.15139956069552
Or8k3	0.334	-0.11	0.39	319	0.140383395197801
Or8k17	0.338	-0.118	0.388	320	0.143503510626082
Or5ar1	0.437	0.123	0.523	310	0.154302908619626
Or8k18	0.345	-0.124	0.386	308	0.144582176673456
Or8j3	0.404	0.054	0.49	315	0.149994862504301
Or8k23	0.349	-0.112	0.394	313	0.139927919976948
Or8k22	0.321	-0.173	0.35	312	0.13701934756807
Or8k25	0.322	-0.155	0.367	313	0.140310889178291
Or8k53	0.336	-0.094	0.397	346	0.142111724595798
Or1e22	0.44	0.229	0.573	311	0.150159251304135
Or1e26	0.417	0.159	0.539	312	0.15051474771139
Or1e19	0.412	0.123	0.519	314	0.148790228337034
Or1e21	0.441	0.222	0.568	311	0.152486880408616
Or13a21	0.475	0.264	0.595	309	0.155859336209224
Or10ag58	0.308	-0.225	0.336	318	0.138921137303968
Or12e8	0.336	-0.129	0.383	314	0.144714154571255
Or5w1	0.379	-0.017	0.451	312	0.154347791064628
Or10ag57	0.325	-0.172	0.36	326	0.147296930098636
Or2ag1	0.419	0.086	0.5	316	0.150935778392423
Or10a2	0.452	0.176	0.551	317	0.151569445647124
Or10a5	0.442	0.162	0.545	324	0.148573209270345
Or6b6	0.402	0.087	0.503	314	0.148623714063778
Or8s2	0.549	0.461	0.706	309	0.158553540459779
Or9s23	0.529	0.329	0.64	323	0.15728333993208
Or6b2	0.587	0.461	0.705	312	0.156560541943004
Or6b3	0.575	0.462	0.704	312	0.159560556762731
Or7a35	0.395	0.065	0.49	319	0.150984206640326
Or7a37	0.337	-0.105	0.401	309	0.144123846093006
Or52n5	0.386	0.016	0.462	317	0.149225710826943
Or56a3	0.399	0.114	0.508	315	0.149905475960954
Or56a5	0.477	0.284	0.601	319	0.156169535212676
Or52ad1	0.332	-0.076	0.405	314	0.14033380523832
Or52z13	0.355	-0.061	0.415	318	0.14379335337284
Or52h7	0.432	0.108	0.51	318	0.149628150893139
Or52n4	0.429	0.123	0.523	323	0.155025044568561
Or52n20	0.432	0.116	0.518	322	0.157213136815712
Or1b1	0.375	-0.027	0.436	317	0.143247982356642
Or52e2	0.338	-0.061	0.413	317	0.143569513142255
Or52r1b	0.402	0.062	0.49	319	0.147594804265446
Or52r1c	0.393	0.04	0.477	319	0.146528566471006
Or52h2	0.437	0.155	0.537	312	0.148956937021175
Or52d1	0.406	0.123	0.515	312	0.15064320513114
Or52n2c	0.423	0.054	0.488	318	0.158040293451094
Or52n2b	0.44	0.085	0.505	326	0.160595730708321
Or52b2	0.454	0.236	0.58	322	0.1494240379399
Or2b4	0.407	0.033	0.472	315	0.150191502094628
Or2at4	0.562	0.448	0.7	316	0.157371203735232
Or6b1	0.456	0.18	0.553	311	0.157173443803694
Or2y17	0.42	0.148	0.537	311	0.152864577260158
Or2y1d	0.398	0.088	0.5	311	0.151871671986882
Or7g17	0.316	-0.169	0.361	321	0.139730341051375
Or2l13	0.406	0.028	0.471	312	0.147811666630436
Or52x1	0.404	-0.005	0.457	317	0.155827363644954
Or52e19b	0.353	-0.058	0.42	312	0.14578310809476
Or7a36	0.354	-0.055	0.427	309	0.14187463064947
Or51i2	0.442	0.152	0.536	312	0.151988491668113
Or52p1	0.419	0.089	0.503	329	0.156127163751604
Or52z14	0.335	-0.091	0.397	320	0.140434955622025
Or51a42	0.41	0.081	0.493	314	0.149549629155952
Or8j3c	0.394	0.059	0.49	315	0.148924428966613
Or52b4	0.442	0.212	0.563	311	0.149248698880158
Or51ah3	0.362	-0.045	0.423	313	0.142738114736466
Or51ag1	0.369	-0.009	0.444	315	0.146395638349471
Or51af1	0.461	0.216	0.57	319	0.154952345094944
Or52a33	0.38	-0.058	0.423	317	0.156665218437601
Or51k1	0.388	0.019	0.462	316	0.149273356548802
Or51s1	0.428	0.145	0.53	322	0.151746444016002
Or51f1e	0.352	-0.063	0.414	318	0.145253950168613
Or52r1	0.428	0.1	0.508	314	0.150007985347169
Or51h5	0.385	0.03	0.469	318	0.149258668594043
Or51f2	0.409	0.123	0.517	313	0.151081003195948
Or51f5	0.41	0.056	0.483	314	0.148205446126714
Or51e1	0.412	0.071	0.488	317	0.150316282402647
Or51l14	0.369	-0.01	0.442	319	0.149820179748327
Or52e7	0.413	0.102	0.503	317	0.151492962312366
Or52n2	0.432	0.082	0.503	318	0.157671553292953
Or51l4	0.36	-0.048	0.419	319	0.148220916001196
Or51ac3	0.336	-0.088	0.401	317	0.14224814676395
Or51ab3	0.385	0.01	0.46	317	0.143316710713257
Or52b3	0.448	0.184	0.549	316	0.152046184267313
Or52k2	0.422	0.14	0.525	317	0.152972363723572
Or51h1	0.384	0.072	0.49	315	0.145413719014412
Or51r1	0.528	0.376	0.656	316	0.158101569768985
Or10g7	0.483	0.211	0.574	311	0.152509378931204
Or10g9b	0.47	0.184	0.559	310	0.152921998972873
Or8d6	0.384	0.016	0.47	310	0.146934047649557
Or10g9	0.479	0.203	0.57	311	0.153533952883602
Or51g2	0.409	0.087	0.498	312	0.147668058887689
Or51a8	0.386	0.044	0.473	312	0.150103819038184
Or51a5	0.396	0.068	0.487	317	0.153190132206272
Or51a25	0.457	0.23	0.579	318	0.147479927574516
Or51f23b	0.43	0.163	0.542	314	0.148613152214886
Or51a6	0.443	0.169	0.544	318	0.152508736423151
Or51g1	0.405	0.174	0.54	313	0.144181992047252
Or51q1	0.449	0.237	0.578	321	0.147021035358599
Or51ai2	0.469	0.224	0.573	317	0.151916518690591
Or51q1c	0.449	0.237	0.578	321	0.14716342462881
Or51a43	0.418	0.08	0.495	314	0.149058083806888
Or51b6b	0.377	0.004	0.45	317	0.145725488937785
Or52n4b	0.421	0.1	0.512	323	0.156498363595796
Or2r2	0.484	0.243	0.59	312	0.161637345003138
Or4a78	0.335	-0.118	0.386	318	0.146311989198954
Or4l1	0.362	-0.071	0.416	309	0.147098479672712
Or2t29	0.486	0.271	0.606	318	0.155131021346565
Or8u10	0.351	-0.068	0.416	321	0.144842332610684
Or52a24	0.352	-0.055	0.419	316	0.144786265363516
Or56b34	0.409	0.07	0.489	321	0.154495722417786
Or6k14	0.446	0.179	0.551	315	0.154325636331524
Or7a38	0.362	-0.029	0.443	310	0.143418843234564
Or6c70	0.305	-0.196	0.342	310	0.144376784839938
Mfrp	0.521	0.287	0.62	584	0.165317775212478
Klk8	0.541	0.345	0.652	260	0.176970566057403
Tubgcp3	0.445	0.158	0.543	905	0.15739729550407
Ehd2	0.584	0.455	0.706	543	0.166147421490253
Leap2	0.386	0.086	0.493	76	0.145548426191884
Srgap3	0.528	0.324	0.638	1099	0.161455681731908
Trim61	0.35	-0.128	0.395	461	0.151630190547291
Prrt1	0.591	0.429	0.7	306	0.152598530842769
Fev	0.677	0.624	0.802	237	0.173477633755184
Cadm4	0.573	0.459	0.711	388	0.166748162695209
Otos	0.589	0.304	0.637	89	0.163744910617552
Gga3	0.498	0.214	0.582	718	0.15900215415017
Nphp4	0.577	0.435	0.698	1425	0.16219067108276
Nav3	0.42	0.025	0.484	2366	0.151943781775652
Prss45	0.506	0.321	0.634	317	0.165970317863506
Cdc42ep3	0.486	0.251	0.604	254	0.155698831568479
H3c7	0.807	0.794	0.887	136	0.177973729734291
Plekhg3	0.525	0.288	0.621	1341	0.16213405072973
Ing1	0.656	0.536	0.754	279	0.186209429331537
Abcg2	0.355	-0.109	0.403	657	0.148041006686468
Aldh1a7	0.4	-0.027	0.455	501	0.163486792781634
Anxa10	0.394	-0.054	0.436	324	0.160025955532089
Angptl2	0.578	0.396	0.677	493	0.169622353731123
Avpr1b	0.562	0.376	0.661	421	0.162455171165749
Axl	0.499	0.25	0.599	888	0.157616987510446
Btd	0.523	0.325	0.641	529	0.162743185714281
Adgre5	0.529	0.319	0.637	818	0.169382691103928
Ceacam1	0.419	0.082	0.51	521	0.148691321444648
Ceacam10	0.352	-0.052	0.438	265	0.139831468381541
Ceacam2	0.403	0.025	0.48	520	0.144386487490852
Ceacam9	0.453	0.2	0.577	234	0.150936969205888
Cetn1	0.471	0.135	0.543	172	0.170586513490576
Cetn2	0.41	-0.105	0.414	172	0.1631891878009
Ciao1	0.483	0.169	0.564	339	0.171234583935411
Clcn6	0.518	0.339	0.645	870	0.161209663032161
Clcn7	0.509	0.295	0.619	803	0.157894397455519
Cop1	0.395	-0.018	0.462	733	0.154920435330653
Creg2	0.587	0.435	0.7	288	0.162739239242189
Dapp1	0.384	-0.056	0.435	280	0.144768408186815
Decr2	0.45	0.122	0.53	292	0.164004677277614
Esrra	0.562	0.354	0.652	422	0.174134239170569
Esrrb	0.627	0.536	0.748	454	0.17843624438313
Pkn3	0.508	0.302	0.622	878	0.162333582993625
Esrrg	0.476	0.22	0.582	458	0.167694860314274
Fgd2	0.604	0.463	0.712	655	0.170662816602794
Fto	0.505	0.264	0.607	502	0.167406901446796
Gnpda1	0.565	0.346	0.653	289	0.175002737386737
Grk6	0.545	0.337	0.644	589	0.169717442428015
Hsf4	0.515	0.281	0.613	492	0.15423901624304
Spata2	0.616	0.491	0.729	515	0.170150837765359
Ifi202b	0.34	-0.269	0.332	445	0.147843415118791
Mapkbp1	0.475	0.161	0.553	1503	0.157837633814431
Lypla2	0.513	0.279	0.615	231	0.167141198958004
Map2k1	0.517	0.326	0.639	393	0.167412504442989
Map2k2	0.642	0.562	0.763	401	0.169282092017403
Map2k3	0.592	0.416	0.688	347	0.171398164563765
Map2k4	0.368	-0.097	0.415	397	0.149319759215216
Map2k6	0.443	0.137	0.541	334	0.16224239533951
Map2k7	0.551	0.338	0.644	468	0.162613124646949
Map3k1	0.456	0.186	0.565	1493	0.158519777403981
Map3k11	0.521	0.289	0.617	850	0.153773863977346
Map3k12	0.434	0.046	0.49	888	0.15196745029407
Map3k2	0.352	-0.174	0.372	619	0.143297972248319
Map3k3	0.459	0.134	0.534	626	0.151458492229778
Cdk8	0.373	-0.067	0.431	464	0.151463427754886
Map3k4	0.49	0.24	0.592	1597	0.162771583535148
Map3k5	0.46	0.187	0.564	1380	0.161494188226229
Map3k7	0.398	-0.048	0.444	606	0.15399682248531
Map3k8	0.407	0.044	0.484	467	0.153819757571084
Map4k1	0.508	0.27	0.607	827	0.163199721409109
Map4k2	0.553	0.37	0.659	821	0.162903075116178
Mapk1	0.422	0.091	0.506	358	0.161814266436547
Ttc26	0.398	0.012	0.468	554	0.160450711356753
Mapk10	0.489	0.249	0.6	464	0.166703876224177
Mapk13	0.616	0.496	0.73	366	0.170361397361579
Mapk14	0.5	0.241	0.591	360	0.163745614388315
Mapk3	0.608	0.503	0.731	380	0.172371879053995
Mapk8	0.339	-0.166	0.375	427	0.151294993173954
Mapk9	0.366	-0.089	0.418	423	0.150601015150526
Nbea	0.373	-0.071	0.427	2936	0.150223938699528
Nr5a1	0.625	0.499	0.732	462	0.175823674697511
Nr5a2	0.451	0.153	0.545	560	0.159033730952759
Nubp1	0.525	0.294	0.626	320	0.174004446856097
Nubp2	0.509	0.307	0.63	275	0.16987878276028
Creb3l1	0.581	0.38	0.671	520	0.163005001914713
Orc4	0.271	-0.364	0.263	433	0.137240238435573
Orc5	0.337	-0.158	0.374	435	0.148655027451894
Parg	0.363	-0.158	0.386	961	0.152613132349827
Git2	0.464	0.2	0.573	759	0.155141590337423
Plod2	0.369	-0.116	0.404	758	0.149897651643271
Plod3	0.551	0.365	0.659	741	0.160180362756992
Prnd	0.637	0.567	0.768	179	0.184180896107542
Psg16	0.389	0.033	0.479	395	0.142732826294001
Psg17	0.382	0.037	0.482	475	0.144335239239844
Psg18	0.377	0.015	0.469	476	0.14611111803614
Psg19	0.398	0.058	0.495	475	0.145525497841357
Psma1	0.336	-0.26	0.323	263	0.154992236877883
Psma4	0.364	-0.107	0.407	261	0.162332197488153
Psma5	0.415	-0.018	0.459	241	0.161381742039327
Psma6	0.363	-0.175	0.378	246	0.161850349494183
Psma7	0.451	0.157	0.549	248	0.16241395172161
Psmb2	0.462	0.158	0.544	201	0.162457126567355
Psmb3	0.568	0.417	0.688	205	0.172549896302586
Poli	0.384	-0.015	0.461	737	0.152756048971984
Mok	0.466	0.19	0.565	420	0.159395601942201
Rbbp9	0.492	0.155	0.554	186	0.165243411066647
Rpl27a	0.489	0.219	0.583	148	0.169368982040485
Sema4g	0.504	0.234	0.587	837	0.155978713113306
Slc27a1	0.587	0.463	0.71	646	0.169020782046533
Slc27a2	0.486	0.247	0.594	620	0.15941715738942
Slc27a5	0.449	0.16	0.545	689	0.158660058542786
Txnrd2	0.487	0.193	0.572	526	0.166587661602438
Vnn3	0.425	0.028	0.483	500	0.154079086860654
Zfp146	0.507	0.263	0.615	292	0.178190622337901
Zfp260	0.397	-0.074	0.437	407	0.166668519177694
Acsf2	0.551	0.378	0.666	615	0.168630703472421
Itgb1bp2	0.41	-0.05	0.446	350	0.163982118690166
Cul3	0.296	-0.279	0.312	768	0.141863285962844
Homer1	0.401	-0.05	0.441	370	0.153873639495493
Homer2	0.567	0.429	0.696	354	0.170944716161354
Homer3	0.555	0.354	0.655	359	0.165139587191485
Hunk	0.541	0.346	0.648	714	0.160480048821318
Krtap15	0.5	0.107	0.544	150	0.154806689316695
Mmp23	0.485	0.261	0.601	391	0.154442747925306
Ncdn	0.549	0.362	0.654	729	0.16944918394144
Ror1	0.465	0.133	0.539	937	0.155748937797815
Ror2	0.626	0.528	0.749	944	0.164593517664832
Pla2g10	0.503	0.22	0.579	151	0.196068687995395
Slc27a3	0.54	0.377	0.663	667	0.162572565402281
Slc27a4	0.566	0.395	0.673	643	0.164128138914318
Slc7a11	0.395	0.085	0.502	502	0.143846191491643
Cops3	0.38	-0.02	0.454	423	0.157138581782072
Rcn2	0.434	0.075	0.506	320	0.163390089316652
Ly6g5b	0.471	0.224	0.581	194	0.162972038547412
Defb36	0.616	0.518	0.742	67	0.20057924028147
Irak4	0.444	0.14	0.541	459	0.160963433070573
Acmsd	0.423	0.053	0.494	336	0.158469210712169
Cyb5r4	0.33	-0.17	0.373	528	0.146271328935744
Cpne1	0.489	0.215	0.585	536	0.160483444739342
Lgsn	0.448	0.088	0.516	563	0.159656818934555
Snx17	0.479	0.228	0.585	470	0.156282153490065
Mill1	0.463	0.16	0.546	395	0.157020461273787
Rps15a	0.4	0.054	0.484	130	0.158149921172239
Cops5	0.379	-0.114	0.41	334	0.156216096601235
Dpysl4	0.528	0.298	0.627	572	0.169582574086401
Shprh	0.373	-0.089	0.416	1674	0.156611134759702
Samd3	0.401	0.027	0.478	514	0.15564862447685
Rnf217	0.505	0.332	0.644	515	0.163846801741688
Zbtb24	0.492	0.196	0.575	710	0.167888763856818
Scml4	0.536	0.301	0.625	408	0.160459499227367
Sowahc	0.513	0.324	0.641	512	0.157645038301189
Kcnc2	0.473	0.204	0.573	639	0.155002087275897
Tafa2	0.393	-0.022	0.461	135	0.176124698713331
Ppia	0.5	0.157	0.557	164	0.165706459625555
Abca13	0.363	-0.071	0.421	5034	0.14777019381698
Ahsa2	0.405	0.003	0.468	331	0.1631497013944
Mpg	0.449	0.174	0.554	333	0.152724784222181
Sh3pxd2b	0.534	0.304	0.63	908	0.162334839005853
Zkscan17	0.561	0.363	0.66	585	0.168109312260696
Alkbh5	0.655	0.587	0.779	395	0.168923597887739
Ankrd13b	0.576	0.411	0.684	696	0.163639337599913
Phf12	0.483	0.219	0.585	1003	0.161176113312807
Rpl23a	0.512	0.285	0.617	156	0.17278605742073
Rab11fip4	0.626	0.509	0.736	635	0.179524682453517
Eme1	0.445	0.116	0.527	570	0.161038023050893
Zfp652	0.521	0.221	0.593	608	0.171795408350094
Ube2z	0.502	0.258	0.608	356	0.161225028610422
Rapgefl1	0.537	0.394	0.673	662	0.162393240731187
Krt222	0.43	0.132	0.528	294	0.156764243684427
Krt12	0.469	0.203	0.574	487	0.166753933105938
Lsm12	0.41	0.059	0.503	195	0.158990816118292
Meioc	0.315	-0.342	0.294	965	0.142970560466126
Mgat5b	0.609	0.487	0.725	792	0.168368792258863
Slc26a11	0.558	0.387	0.667	593	0.161712073073507
Bahcc1	0.56	0.37	0.666	2643	0.16322948784238
Greb1	0.544	0.359	0.658	1954	0.161946439902121
Sntg2	0.448	0.134	0.537	539	0.156903104072593
Zbtb1	0.397	-0.05	0.444	713	0.164181366255466
Gphn	0.345	-0.188	0.362	772	0.145337103543747
Tmem229b	0.64	0.52	0.74	167	0.164275827536514
Serpina5	0.517	0.307	0.629	405	0.157898046828419
D430019H16Rik	0.535	0.331	0.649	83	0.153807750580831
Sptlc1	0.432	0.125	0.529	473	0.166214023140231
Cdhr2	0.539	0.321	0.64	1308	0.164304444346831
Zfp759	0.334	-0.256	0.338	721	0.155737687931055
S100z	0.533	0.338	0.648	99	0.181349698640122
Ccnb1	0.404	-0.022	0.455	430	0.165097084659908
Slc38a9	0.391	0	0.459	560	0.149452333893524
Fam107a	0.579	0.438	0.688	144	0.170599624523661
Zswim8	0.481	0.159	0.554	1832	0.157448605461915
Arhgef40	0.469	0.183	0.56	1517	0.154823432695715
Abcd2	0.377	-0.026	0.444	741	0.153865880103752
Tox4	0.421	-0.062	0.445	619	0.15529264851446
Carmil3	0.536	0.328	0.639	1375	0.161814804430729
Rnf31	0.503	0.243	0.594	1066	0.166292115127479
Pclo	0.362	-0.19	0.374	5068	0.146921235113103
Wdfy2	0.481	0.211	0.581	400	0.159426528512145
Gulo	0.633	0.505	0.737	440	0.175241139595993
9930012K11Rik	0.447	0.129	0.528	366	0.159794444597448
Adh4	0.409	0.01	0.474	377	0.16911623245636
B3galt1	0.456	0.166	0.55	326	0.155895195410805
B3galt2	0.334	-0.203	0.354	422	0.143112131217703
Egflam	0.487	0.21	0.58	1017	0.162586957893285
Agxt2	0.391	-0.049	0.441	541	0.158396297549897
Mtmr12	0.444	0.132	0.534	747	0.159046403969887
B3galnt1	0.452	0.199	0.565	331	0.15158448660619
Klhl38	0.523	0.351	0.651	581	0.165572051089997
Mroh5	0.523	0.361	0.653	424	0.158585666428969
Adck5	0.562	0.417	0.682	582	0.166770303840193
Casp8ap2	0.307	-0.347	0.288	1962	0.150735301124658
Nlrc3	0.491	0.277	0.607	1102	0.1638981688488
Rbfox1	0.457	0.061	0.511	417	0.152099393937763
Cenph	0.381	0.048	0.482	241	0.164664927618258
Abat	0.526	0.327	0.638	500	0.16571657577167
Chst4	0.524	0.383	0.667	388	0.157565364615525
Atp13a5	0.423	0.077	0.505	1216	0.155830252476147
Clec4a2	0.356	-0.152	0.382	262	0.152571887257627
Xxylt1	0.695	0.676	0.827	392	0.17619662683776
Fbxo45	0.519	0.333	0.645	286	0.172181107407507
Stfa2l1	0.348	-0.111	0.406	103	0.152381216533088
Cln8	0.566	0.466	0.713	288	0.159632288580248
Lsamp	0.456	0.192	0.569	341	0.154948141339111
Robo2	0.38	-0.108	0.413	1508	0.146047041040478
Nrip1	0.439	0.106	0.528	1161	0.156941676979711
Krtap13-1	0.515	0.204	0.587	168	0.1646618510863
Cops4	0.386	0.014	0.467	406	0.157201953118198
Cops6	0.502	0.283	0.618	324	0.164393621686051
Pkmyt1	0.524	0.284	0.613	490	0.154251124425412
Caskin1	0.528	0.238	0.597	1431	0.160750519136243
Wdr24	0.529	0.288	0.622	790	0.166217770049024
Grm4	0.661	0.616	0.793	912	0.168251000672174
Scube3	0.591	0.418	0.693	993	0.190344023715322
Brpf3	0.547	0.349	0.651	1204	0.167729360675473
Cops7a	0.527	0.325	0.639	277	0.17338210031367
Mucl3	0.405	-0.029	0.458	500	0.1397419237877
Cops7b	0.467	0.189	0.562	264	0.169588733396301
Capn11	0.517	0.309	0.629	714	0.165412579555938
Med14	0.344	-0.157	0.377	1459	0.147585451639027
Acot1	0.577	0.454	0.707	419	0.164756807488642
Arhgap28	0.438	0.091	0.514	729	0.157595257198922
Nlrc4	0.426	0.133	0.53	1024	0.157626935602022
Ltbp1	0.479	0.152	0.557	1712	0.176450101627277
Ctsj	0.372	-0.204	0.369	333	0.161856150703447
Strn	0.432	0.069	0.507	780	0.158283023721798
Ss18	0.468	0.023	0.501	418	0.150694071469324
Ddx3y	0.301	-0.359	0.273	658	0.142368576697464
Sap130	0.445	0.032	0.489	1056	0.150244130794206
Ss18l2	0.504	0.311	0.627	77	0.16787703617367
Sh3rf2	0.474	0.205	0.576	735	0.150867071775001
Stk32a	0.469	0.162	0.552	398	0.164772338487126
Zfp608	0.462	0.113	0.537	1511	0.161354465833956
Dysf	0.542	0.324	0.637	2100	0.165516103871525
4930503L19Rik	0.339	-0.215	0.358	526	0.150942862785843
Ctif	0.589	0.443	0.702	623	0.166298340566272
Sh2d1b1	0.388	0.041	0.481	132	0.158574970489523
Eif2s3x	0.328	-0.19	0.359	472	0.154751289463467
Gpr152	0.513	0.243	0.594	511	0.159508564920626
Dagla	0.587	0.455	0.706	1044	0.162649198391636
Cpsf7	0.412	-0.034	0.448	471	0.14439465085555
Ms4a5	0.349	-0.111	0.392	197	0.141750189895613
Eif2s3y	0.271	-0.394	0.247	472	0.148614585239749
Exo1	0.429	0.06	0.501	837	0.16450387671601
Figla	0.482	0.188	0.565	194	0.157191542961648
Dpp10	0.356	-0.122	0.4	800	0.145657285543388
Nup54	0.376	-0.072	0.43	510	0.149407477733906
Nfasc	0.546	0.34	0.649	1240	0.159129822176827
Gcat	0.554	0.342	0.644	416	0.165658407831217
Optc	0.542	0.329	0.634	381	0.161629324713641
Gprin1	0.474	0.163	0.564	932	0.155416149626013
Colgalt2	0.537	0.325	0.637	625	0.163553538398053
Macroh2a1	0.514	0.296	0.625	372	0.172579108059874
Kif26b	0.562	0.374	0.669	2112	0.163032913455575
Ern2	0.491	0.241	0.592	911	0.15178788754193
Inpp4a	0.513	0.281	0.613	977	0.163393154264338
Mgat4a	0.39	0.035	0.479	535	0.151126501159622
Zfp346	0.531	0.3	0.634	294	0.177280385464995
Nbeal1	0.309	-0.26	0.319	2688	0.145733758392084
Cntrl	0.398	0.05	0.487	2333	0.159844997943197
Stk36	0.478	0.254	0.595	1316	0.15782412795728
Map4k4	0.45	0.136	0.538	1288	0.156412490864931
Mecr	0.481	0.251	0.596	373	0.159046310252537
Pask	0.445	0.095	0.517	1383	0.162530578325103
Fam171a1	0.45	0.134	0.538	892	0.15484250647505
Gtf3c4	0.464	0.182	0.563	817	0.163617560007701
Setx	0.329	-0.252	0.332	2646	0.151904140399671
Aifm1	0.367	-0.11	0.406	612	0.152345686667795
Rpl12	0.526	0.277	0.611	165	0.179420897573116
Foxl2	0.706	0.692	0.839	375	0.168936604923754
Acvr1c	0.434	0.104	0.518	493	0.16646783061407
Rtn4rl2	0.687	0.731	0.852	420	0.158621975686376
Ppp2r5c	0.443	0.167	0.553	524	0.15793968876756
Ppp2r5e	0.345	-0.13	0.388	467	0.144004483588522
Muc15	0.317	-0.313	0.302	331	0.129814890856873
Ccdc32	0.41	-0.002	0.474	179	0.161604037144277
Vps39	0.487	0.249	0.594	886	0.167362346980235
Racgap1	0.463	0.151	0.544	628	0.160943413264658
Ell3	0.441	0.094	0.513	395	0.158110395313419
Slc28a2	0.424	0.068	0.497	660	0.159205588435997
Slc4a11	0.558	0.401	0.675	862	0.159638613107701
Mprip	0.499	0.225	0.583	1037	0.162592146235772
Ahcy	0.59	0.405	0.681	432	0.183044299043808
St6galnac5	0.582	0.404	0.68	335	0.161082095939614
Tox2	0.587	0.408	0.687	522	0.161701493502055
Polr3e	0.503	0.26	0.607	710	0.16514771080921
Ss18l1	0.635	0.511	0.748	402	0.160433258386327
Ecsit	0.519	0.267	0.607	435	0.155229566422663
Rtel1	0.464	0.137	0.54	1209	0.162428712549135
Zfp512b	0.507	0.218	0.587	869	0.166037635519343
Nherf1	0.611	0.483	0.726	355	0.175201586672528
Spag1	0.429	0.045	0.491	901	0.163074274465058
Abhd18	0.33	-0.195	0.356	464	0.146100417693433
Jade1	0.489	0.195	0.572	834	0.167666249324451
Serinc3	0.435	0.123	0.528	472	0.154680931869769
Plch1	0.415	0.014	0.475	1682	0.159131462112125
Tinag	0.362	-0.22	0.355	475	0.157153482663767
Tpsg1	0.531	0.315	0.639	311	0.165864752590635
Trpc7	0.551	0.411	0.682	862	0.165640574052083
Wdr3	0.401	0.008	0.467	942	0.160234719430091
Lrig2	0.37	-0.062	0.425	1054	0.148979768129307
Vat1	0.578	0.443	0.706	406	0.165344779892312
Vsnl1	0.592	0.394	0.678	191	0.181919937018032
Zw10	0.423	0.116	0.523	779	0.162624514389211
Nkain3	0.414	0.095	0.509	181	0.151678302371946
Fbxl4	0.377	-0.025	0.446	621	0.156868805271643
Vcp	0.393	-0.063	0.427	806	0.158095509658693
Fbxo10	0.549	0.37	0.662	950	0.169829574206221
Tex10	0.321	-0.153	0.369	928	0.145638717977344
Clspn	0.412	-0.016	0.462	1315	0.159710486718942
Zscan20	0.525	0.3	0.629	1030	0.170395762254304
Epb41	0.412	0.018	0.479	858	0.156472182007792
Sytl1	0.543	0.356	0.655	568	0.159356917003824
Luzp1	0.393	-0.038	0.446	1068	0.155930640520478
Gpr157	0.555	0.495	0.724	330	0.155287586385978
Plekhg5	0.576	0.426	0.692	1073	0.162287403128281
Rpl8	0.536	0.337	0.644	257	0.176660963518121
Chd5	0.617	0.481	0.724	1952	0.178298697597116
Pank4	0.53	0.352	0.651	820	0.163657608498012
Plch2	0.573	0.428	0.694	1501	0.164096225745156
Rbm48	0.35	-0.18	0.373	413	0.15266895330822
Lhfpl3	0.613	0.54	0.753	228	0.175912312241674
Wdr86	0.541	0.342	0.648	380	0.16403247510571
Cnpy1	0.43	-0.038	0.451	94	0.16809254098026
Zfp512	0.474	0.168	0.56	562	0.170652039322404
Nat8l	0.698	0.659	0.816	299	0.172349294944888
Ppp2r2c	0.638	0.56	0.765	447	0.170586738096205
Cul1	0.358	-0.108	0.406	776	0.153209051828905
Islr	0.546	0.344	0.648	428	0.167380361613293
Golga3	0.435	0.099	0.517	1487	0.162855622641465
Ccdc60	0.603	0.502	0.731	545	0.171768921746639
Rnft2	0.599	0.508	0.734	446	0.170810342527169
Pla2g2e	0.6	0.396	0.679	142	0.204858686674799
Hectd4	0.494	0.251	0.598	4418	0.162790428773759
Mphosph9	0.41	-0.008	0.466	1144	0.154133282657164
Zfp664	0.477	0.176	0.569	261	0.179338578172413
Pla2g2f	0.626	0.487	0.73	210	0.185509403091027
Clip2	0.593	0.463	0.712	1047	0.175410794055889
Orai2	0.705	0.681	0.828	250	0.170641239202231
Spo11	0.438	0.142	0.534	396	0.158673519113297
Aak1	0.44	0.033	0.49	959	0.158112075760173
Cntn4	0.36	-0.141	0.395	1026	0.14635329510706
Lhfpl4	0.657	0.612	0.791	247	0.17494339439891
Clec4a1	0.374	-0.131	0.399	245	0.153381768645595
Zfp384	0.532	0.265	0.617	584	0.165773585049449
Pon3	0.394	0.005	0.465	354	0.153358640927637
Tspan12	0.362	-0.048	0.432	305	0.153017870275759
Nat14	0.517	0.282	0.608	206	0.167240066304447
Ssc5d	0.476	0.105	0.529	1371	0.15480056259354
Or10am5	0.563	0.458	0.703	317	0.155417430533274
Eif4e2	0.477	0.189	0.567	245	0.161021690610703
Zfp446	0.468	0.186	0.563	523	0.157560322735635
Megf8	0.548	0.314	0.636	2789	0.174283682538396
Map3k10	0.583	0.438	0.698	940	0.157758191065525
Vmn2r57	0.335	-0.184	0.364	863	0.146355193200737
Brd7	0.408	0.007	0.472	651	0.15647162827676
Chsy1	0.546	0.4	0.678	800	0.161001033965226
Idh2	0.61	0.462	0.714	452	0.176895882988483
Gdpgp1	0.457	0.154	0.542	386	0.151431219736905
Ttll13	0.47	0.212	0.573	804	0.16003766237732
Rccd1	0.465	0.132	0.539	377	0.163198168731896
Adamtsl3	0.443	0.07	0.506	1706	0.168358004702622
Nup98	0.366	-0.156	0.388	1816	0.143950655056388
Gsg1l	0.598	0.537	0.753	322	0.166389708393701
Zfp747	0.5	0.206	0.581	422	0.166398220595711
Orai3	0.516	0.292	0.623	290	0.158922307281359
Foxi2	0.569	0.38	0.671	329	0.161125062654439
Nalf1	0.555	0.429	0.695	467	0.166270747043005
Letm2	0.404	0.038	0.481	480	0.150157116869455
Galntl6	0.434	0.076	0.503	601	0.158178804252474
Map1s	0.558	0.347	0.65	973	0.160838006536693
Slc35e1	0.614	0.6	0.784	409	0.156855418416834
Klrk1	0.352	-0.121	0.402	232	0.158811191483753
Gcdh	0.478	0.213	0.573	447	0.161305317527862
Micall1	0.55	0.297	0.63	870	0.161892690695089
Lpcat2	0.414	0.074	0.503	544	0.151887240921058
Ogfod1	0.439	0.058	0.498	545	0.161648722428072
Lrrc36	0.418	0.081	0.504	757	0.150545243557806
Mon1b	0.527	0.289	0.617	553	0.15878965792104
Vat1l	0.525	0.323	0.642	417	0.16943750823013
Rpl13	0.575	0.381	0.663	211	0.167017318170715
Pcnx2	0.516	0.317	0.634	2122	0.159154234297438
Irf2bp2	0.611	0.486	0.729	570	0.169369315422292
Maml2	0.408	-0.019	0.462	414	0.145660420918217
Fat3	0.428	0.054	0.497	4551	0.152292005746943
Polk	0.346	-0.166	0.377	852	0.151319243347175
Ccdc153	0.447	0.159	0.54	202	0.168586249127217
Nlrx1	0.529	0.355	0.649	975	0.158624848418413
Jaml	0.445	0.115	0.526	379	0.152824126818961
Nkapd1	0.394	-0.101	0.422	292	0.156259473180947
Rab39	0.43	0.105	0.519	217	0.154705301070422
Elmod1	0.441	0.085	0.505	326	0.162171589206859
Myo9a	0.322	-0.251	0.328	2631	0.14578462146417
Clpx	0.343	-0.175	0.372	634	0.155406034847454
Ephb1	0.519	0.262	0.607	984	0.162965843661281
Rab6b	0.55	0.4	0.678	208	0.167369919667597
Pfkfb4	0.545	0.371	0.662	469	0.166747883453534
Klhl18	0.551	0.368	0.662	574	0.16724189023248
Zfp651	0.618	0.446	0.709	729	0.179593237803869
Tspan32	0.539	0.358	0.653	256	0.1645365810645
Ermap	0.446	0.173	0.555	592	0.15863401734264
Sgsh	0.592	0.453	0.707	502	0.158372961937034
Gsdmc3	0.383	-0.019	0.449	480	0.15222230259372
G3bp1	0.462	0.097	0.524	465	0.157142909441553
Nit1	0.413	0.005	0.465	323	0.156155295270415
Omd	0.3	-0.316	0.293	423	0.145496839583211
Etv3	0.542	0.312	0.637	513	0.154894831934972
Rps3	0.452	0.126	0.53	243	0.163697662278495
Aoah	0.409	0.022	0.477	574	0.157273856684208
Asns	0.431	0.076	0.505	561	0.158962675466936
Sec23b	0.417	0.014	0.471	767	0.157635183030813
Fkbp9	0.483	0.239	0.593	570	0.159984093396256
Irf5	0.541	0.325	0.639	497	0.159134968025879
Ncoa4	0.414	-0.009	0.464	625	0.164816826447586
Srp9	0.416	0.156	0.55	86	0.15630865208469
Sh3d19	0.389	-0.07	0.433	789	0.147935166921939
Gm648	0.372	-0.134	0.4	213	0.158497314998292
Tcirg1	0.586	0.443	0.7	834	0.162024038506246
Bcap31	0.455	0.155	0.544	245	0.167596692802666
Cadps	0.443	0.128	0.535	1361	0.15750008093832
Spin4	0.496	0.202	0.575	249	0.169018691328043
Taf1	0.371	-0.163	0.382	1893	0.154020725426631
Mbtps2	0.323	-0.201	0.352	515	0.143242263378477
Map3k15	0.406	0.047	0.486	1331	0.154384941409207
Mthfd1l	0.438	0.129	0.532	977	0.159686276777614
Calhm4	0.376	-0.08	0.416	315	0.157370705043217
Bpifc	0.431	0.113	0.522	507	0.150178225772446
B9d1	0.498	0.197	0.579	204	0.150223676742858
Kics2	0.606	0.516	0.742	445	0.164076912957271
Zfp275	0.526	0.281	0.618	499	0.170707027577738
Xlr4b	0.324	-0.243	0.337	215	0.15587436169416
Xlr5c	0.396	-0.057	0.446	179	0.16155046974872
Tmem132e	0.576	0.445	0.702	1074	0.155738223232626
Prr11	0.34	-0.206	0.354	368	0.14753779203307
Trappc3	0.511	0.278	0.61	180	0.169461226008496
Klhdc1	0.333	-0.155	0.381	406	0.146028843187613
Eif2ak4	0.461	0.17	0.555	1648	0.160155580940373
Catsperb	0.303	-0.312	0.298	1109	0.140310343236445
Serpina3b	0.452	0.125	0.533	420	0.162869080458108
Adamts16	0.48	0.179	0.565	1222	0.170008017543789
Ankdd1b	0.462	0.158	0.546	465	0.164239776875083
Rp1l1	0.449	0.084	0.516	1859	0.160697892616999
Rubcnl	0.438	0.093	0.518	675	0.168817108777576
BC024139	0.458	0.192	0.563	772	0.158009805965098
Phf21b	0.581	0.425	0.694	487	0.161021770118217
Cd200r2	0.406	0.027	0.479	249	0.157508280803977
Zbtb11	0.38	-0.085	0.428	1050	0.158393955359828
Tlx3	0.669	0.687	0.833	291	0.154805738895083
Ip6k3	0.575	0.436	0.698	396	0.168195539251227
Rab5a	0.302	-0.357	0.284	215	0.146735634413455
Brd8dc	0.427	0.051	0.496	273	0.162706693802099
Vps13a	0.307	-0.279	0.314	3166	0.144512470605134
Adcy10	0.435	0.145	0.538	1614	0.159861320965301
Cdk15	0.433	0.082	0.508	433	0.155292476800882
Tmem169	0.55	0.336	0.645	297	0.16708191506384
Rpl7a	0.526	0.311	0.63	266	0.179292731186915
Galnt13	0.361	-0.105	0.404	556	0.155840581850725
Agbl2	0.438	0.102	0.519	862	0.155727785824097
Rpusd2	0.515	0.302	0.628	553	0.16137260296852
Pla2g4f	0.518	0.283	0.617	855	0.16225133546695
Shc4	0.44	0.09	0.514	626	0.155370804090344
Rbbp8nl	0.512	0.244	0.597	614	0.160961250003066
C2cd4d	0.675	0.697	0.834	341	0.155477482779814
Arsj	0.423	0.046	0.49	598	0.154325339402271
Tbck	0.383	-0.047	0.434	893	0.153487994809813
Srsf12	0.433	0.142	0.535	266	0.136069053848363
Tstd2	0.434	0.057	0.502	495	0.166754033076659
Plppr1	0.48	0.222	0.582	325	0.158926187352073
Syn3	0.516	0.231	0.594	579	0.155293427506301
Podxl	0.494	0.162	0.559	503	0.152620934382267
Nrk	0.359	-0.176	0.372	1455	0.151252552186043
Rps11	0.539	0.348	0.649	158	0.171686877405842
Dbf4	0.338	-0.218	0.355	663	0.150470602737881
Azi2	0.361	-0.133	0.394	405	0.155778369581429
Poln	0.35	-0.125	0.395	866	0.150440792400111
Or5g26	0.375	-0.002	0.453	318	0.146848119335815
Mixl1	0.545	0.374	0.667	231	0.152033945302047
Slamf1	0.457	0.154	0.551	343	0.157189240263715
Sgk2	0.531	0.327	0.641	367	0.16655941202956
Cartpt	0.547	0.397	0.667	129	0.178516454939001
Chaf1a	0.512	0.249	0.601	911	0.17021102029149
Atp1a4	0.481	0.215	0.577	1032	0.162007886037284
Trp53bp1	0.396	-0.095	0.426	1969	0.154340718775495
Eloa	0.434	0.054	0.501	773	0.159995053267218
Ddx24	0.451	0.102	0.518	903	0.165168785232577
Pla2g7	0.365	-0.104	0.411	440	0.150494568082101
Arntl2	0.398	-0.003	0.466	579	0.152506486135419
Zfp398	0.439	0.037	0.488	643	0.160217664383431
Irf2bp1	0.554	0.354	0.657	584	0.167083261183242
Lrrc4b	0.682	0.66	0.818	709	0.170964367259681
Spib	0.574	0.378	0.669	267	0.16341957141623
Tarsl2	0.443	0.114	0.524	790	0.159829719851637
B3gnt6	0.673	0.632	0.802	391	0.162590365732075
Acsm5	0.445	0.072	0.505	578	0.157630596552496
Tmem255b	0.549	0.343	0.649	328	0.167680934299887
Tango6	0.453	0.17	0.551	1079	0.161989301693877
Gins2	0.642	0.568	0.766	185	0.167547444814699
Tbcel	0.434	0.109	0.521	424	0.150899922092203
Plek2	0.492	0.262	0.603	353	0.16265881311486
Dok3	0.561	0.353	0.654	444	0.161450555318497
Smok2a	0.37	-0.056	0.432	504	0.154164897002338
Esyt3	0.568	0.439	0.697	891	0.163277337775353
Prss43	0.443	0.162	0.55	382	0.15347979594671
Cars	0.482	0.215	0.58	831	0.163950138436331
Pdk4	0.456	0.151	0.545	412	0.153365446420426
Zfp354b	0.369	-0.115	0.406	601	0.158010967562607
Nufip1	0.388	-0.106	0.418	484	0.152909545848316
Plekhb1	0.51	0.249	0.599	243	0.159174635334562
Golga5	0.399	0.015	0.474	729	0.151809011065693
Clnk	0.425	-0.011	0.464	435	0.15406189805644
Tnfrsf12a	0.507	0.288	0.615	129	0.17571863230611
Magee2	0.422	0.08	0.503	523	0.152035376040091
Phlda3	0.727	0.788	0.885	125	0.176597452634139
Plaat1	0.422	0.009	0.47	167	0.150874624749747
Nbn	0.33	-0.236	0.343	751	0.149559516797906
Pald1	0.592	0.455	0.707	859	0.167732800600143
Insl6	0.43	0.083	0.514	191	0.157743186402762
Gyg	0.389	-0.059	0.44	333	0.145891356943273
Defb3	0.384	-0.104	0.393	63	0.174616683280211
Sytl4	0.431	0.071	0.502	673	0.16138401337217
Add3	0.464	0.172	0.559	706	0.158013868552516
Msrb1	0.541	0.295	0.637	115	0.173544443605338
Dnajb9	0.352	-0.246	0.349	222	0.143392567049659
Srr	0.385	-0.053	0.44	339	0.158748738624381
Naa12	0.529	0.335	0.646	142	0.173855852997765
Txnl4a	0.529	0.335	0.646	142	0.173855852997765
Rpl3	0.52	0.246	0.598	403	0.175992709186293
Tbl2	0.561	0.389	0.675	442	0.168603902620931
Dguok	0.474	0.219	0.576	277	0.160298484566942
Rps26	0.5	0.225	0.584	115	0.173020566110048
Sh2d2a	0.474	0.209	0.579	374	0.151751142531642
Prl3c1	0.337	-0.189	0.355	212	0.151321724119864
Csnk1e	0.583	0.469	0.713	416	0.162517030344225
Prmt5	0.48	0.17	0.556	637	0.159402404973017
Tjp3	0.566	0.4	0.679	904	0.156865121159313
Slc25a10	0.579	0.45	0.704	287	0.166972874962391
Yme1l1	0.284	-0.389	0.254	715	0.141752079915212
Tcl1b3	0.379	-0.05	0.438	122	0.142030377248019
Tcl1b1	0.362	0.022	0.468	116	0.143235392835817
Tcl1b4	0.392	-0.085	0.423	120	0.146855735807439
Tcl1b2	0.378	-0.086	0.419	117	0.145480702944299
Tcl1b5	0.399	0.035	0.482	121	0.145282111066461
Akr1c13	0.398	-0.022	0.454	323	0.167179859329539
Magel2	0.479	0.104	0.528	1284	0.151807476951619
Npas3	0.553	0.374	0.668	925	0.159524917437577
Sh2d3c	0.571	0.393	0.676	854	0.162983653662647
Ptdss2	0.568	0.407	0.68	473	0.164046042339478
Dusp13	0.463	0.224	0.574	263	0.157260595836476
Mmel1	0.559	0.418	0.687	766	0.16637799824441
Pign	0.331	-0.19	0.358	931	0.142863754651651
Mrpl39	0.405	0.065	0.498	336	0.15467940162207
Mrpl15	0.37	-0.077	0.412	295	0.149035498825271
Mrpl17	0.534	0.385	0.661	176	0.156348938717024
Mrpl2	0.487	0.216	0.577	306	0.161580280823061
Ip6k1	0.561	0.376	0.667	433	0.163372619715705
Hsd17b6	0.431	0.124	0.528	317	0.158669196424812
Skp2	0.462	0.256	0.594	424	0.157966756483662
Pdhx	0.381	-0.081	0.422	501	0.157366568277202
Abca7	0.52	0.325	0.634	2167	0.158165422456455
Abca8b	0.374	-0.019	0.447	1620	0.149520342138758
Abcg3	0.343	-0.14	0.382	650	0.143045522958443
Abcf3	0.461	0.176	0.554	709	0.1584340407615
Abcf2	0.493	0.227	0.583	628	0.169250912598422
Abcg5	0.463	0.246	0.589	652	0.155887817484404
Abca3	0.543	0.383	0.667	1704	0.161534089749561
Slc14a2	0.528	0.368	0.659	930	0.157800935438297
Peg12	0.591	0.564	0.764	283	0.159992242312295
Abcb11	0.381	-0.032	0.445	1321	0.152748275501254
Sergef	0.432	0.051	0.499	464	0.166959096163851
Abcc5	0.458	0.206	0.57	1436	0.15808702095988
Mkln1	0.366	-0.148	0.389	735	0.155860775722209
Naglu	0.569	0.42	0.689	739	0.16178442576236
Abcc6	0.558	0.414	0.682	1498	0.162956069780391
Atp5l	0.431	0.006	0.474	103	0.163753800023388
Nagpa	0.59	0.445	0.705	517	0.170990715979199
Shroom3	0.544	0.34	0.65	1980	0.158855422712549
Amot	0.444	0.015	0.48	1126	0.164983745294756
Nrep	0.442	0.079	0.516	68	0.156848224819221
Nelfe	0.48	0.173	0.557	367	0.158860602169052
Ubl4a	0.479	0.25	0.591	157	0.155806605086483
1700088E04Rik	0.519	0.276	0.608	216	0.165483730761463
Taar7e	0.453	0.108	0.519	358	0.160268280605618
Eif5a	0.463	0.137	0.541	154	0.173445982786242
Snf8	0.513	0.271	0.609	258	0.173607121427812
Smtnl2	0.575	0.369	0.665	456	0.156741020355079
Pigs	0.547	0.413	0.683	555	0.16325315722348
D11Wsu47e	0.399	-0.009	0.467	558	0.150866334947205
Or2y6	0.441	0.154	0.537	311	0.156688285750698
Timd4	0.422	0.054	0.494	343	0.140431882268205
Armc7	0.602	0.57	0.769	198	0.167334292141385
Gemin4	0.499	0.27	0.607	1058	0.164490497155802
Ccdc42	0.587	0.48	0.717	316	0.174195982828589
Slfn8	0.39	-0.059	0.433	910	0.158819311619169
Rasl10b	0.713	0.681	0.827	203	0.175329506702477
Marveld1	0.768	0.881	0.935	173	0.172504492352204
Nynrin	0.507	0.269	0.609	1840	0.158298614334928
Tm4sf19	0.487	0.265	0.6	206	0.162668957083113
Kdm3b	0.44	0.105	0.527	1762	0.156088328795513
Trpa1	0.366	-0.054	0.43	1125	0.154005369550172
Wfdc8	0.461	0.179	0.561	426	0.163356885432932
Wfdc16	0.463	0.274	0.61	111	0.165162356434016
Tcfl5	0.518	0.334	0.646	489	0.166478054157343
Prex1	0.634	0.535	0.751	1650	0.177468313131959
Klhl23	0.39	-0.025	0.451	558	0.158712937733091
Trp53i11	0.545	0.459	0.706	189	0.160285913393641
Vstm2l	0.667	0.65	0.814	202	0.168205380896324
Gpr107	0.508	0.321	0.634	551	0.161822010820412
Slc39a12	0.368	-0.036	0.438	689	0.148731992363771
Lkaaear1	0.471	0.181	0.552	198	0.150361019665973
Lsm2	0.477	0.237	0.594	131	0.161722136073832
Or4k40	0.361	-0.05	0.423	305	0.147470838592558
Vwa7	0.524	0.298	0.622	891	0.15416115353042
Pramel24	0.393	0.021	0.467	474	0.154517543009538
Pramel22	0.332	-0.131	0.381	460	0.150326115648898
Fam131c	0.587	0.425	0.696	273	0.1657468471088
Srarp	0.464	0.152	0.554	163	0.160192640764782
Cyp4a12a	0.438	0.099	0.51	508	0.154683621216997
Fam205c	0.417	0.023	0.48	370	0.155383599961207
Commd8	0.4	0.088	0.511	183	0.166825324859815
Depdc5	0.464	0.136	0.541	1591	0.155695538695661
Or10a3n	0.411	0.043	0.478	314	0.149276202313957
C2cd3	0.414	0.021	0.479	2323	0.151824033212192
Slc9a5	0.563	0.412	0.684	898	0.163263776805049
Exoc3l	0.484	0.273	0.604	739	0.157645132152822
Zdhhc8	0.548	0.339	0.648	762	0.151421346341685
Armcx6	0.419	0.019	0.477	301	0.163123377103253
Mageb6b1	0.425	0.057	0.496	344	0.159877620613695
Ssxb3	0.385	-0.112	0.412	170	0.156318385870595
Vsig4	0.416	0.025	0.473	280	0.148320002682201
Spaca5	0.462	0.093	0.517	160	0.176648554848249
Spin2c	0.412	-0.031	0.451	257	0.163960762102009
Tmtc2	0.434	0.125	0.527	836	0.159068484092517
Zfp385c	0.511	0.225	0.59	429	0.159049190122117
Wfikkn2	0.57	0.366	0.665	571	0.177307307596592
Duxbl1	0.374	-0.092	0.417	350	0.148804093021421
AY358078	0.397	-0.039	0.446	465	0.153382895228754
Apol7b	0.429	0.031	0.482	369	0.162233363140065
Tada1	0.467	0.142	0.545	335	0.166328323237003
Lrrc10b	0.632	0.612	0.782	292	0.153359609515581
Tango2	0.501	0.251	0.599	276	0.161694595339281
Ess2	0.506	0.213	0.583	480	0.158264509834884
Adamts13	0.503	0.219	0.585	1426	0.169691637996601
Stkld1	0.516	0.337	0.639	662	0.166088223219106
Pramel21	0.395	0.013	0.463	501	0.152993323120654
Kctd19	0.492	0.211	0.577	950	0.161294653873936
Wnk3	0.331	-0.292	0.321	1757	0.14671870264804
Tlr13	0.384	0.033	0.473	991	0.148780281981482
Spg21	0.417	0.037	0.483	308	0.153285607720204
Pcdh19	0.517	0.27	0.611	1145	0.164961750159056
Rrp9	0.559	0.399	0.677	475	0.173644854711602
Cherp	0.57	0.321	0.641	938	0.157105459858451
Nup62cl	0.391	-0.105	0.411	272	0.157966537063308
Vkorc1	0.516	0.408	0.675	161	0.163248257138022
Rhbdd3	0.499	0.24	0.586	385	0.161765067529244
Eif3b	0.529	0.33	0.646	803	0.166103913264782
Rsrp1	0.508	0.326	0.634	298	0.13247855930564
Efhd2	0.694	0.668	0.823	240	0.183313530995138
Imp4	0.515	0.323	0.633	291	0.153644350156058
Exosc5	0.541	0.355	0.654	235	0.16909494222365
Fam3c	0.382	-0.062	0.438	227	0.155625999845534
Prpf19	0.495	0.207	0.578	523	0.162594257104598
Washc2	0.407	-0.065	0.442	1334	0.155568068293038
Miip	0.487	0.177	0.561	387	0.157209747470801
Polr2m	0.42	0.024	0.478	366	0.151382045958575
Ubfd1	0.509	0.301	0.63	368	0.170953429381137
Ing4	0.492	0.196	0.574	248	0.170608876797086
Mrpl50	0.304	-0.22	0.338	159	0.145197926883172
Gm28040	0.576	0.466	0.711	126	0.158625213725224
Kiss1	0.576	0.466	0.711	126	0.158625213725224
Gfm1	0.395	-0.004	0.463	751	0.15419521119434
Usp39	0.523	0.325	0.638	564	0.166373968536957
Larp7	0.396	-0.045	0.447	570	0.167580348106679
D6Wsu163e	0.42	0.083	0.506	552	0.158653957409056
Rilp	0.523	0.35	0.648	369	0.161089262034595
Lix1l	0.526	0.306	0.63	337	0.164775100079355
Selenoi	0.392	0.026	0.476	397	0.14711126047006
Selenov	0.49	0.225	0.586	327	0.14954847350173
Emilin3	0.513	0.345	0.645	758	0.160050892690531
Yipf3	0.554	0.407	0.679	347	0.162517766726855
B3gat2	0.544	0.401	0.675	324	0.150565574380933
Afm	0.403	-0.023	0.459	608	0.166299077607432
Adam1b	0.48	0.193	0.574	806	0.173521057110528
Adam1a	0.465	0.162	0.557	791	0.167156884973475
Polr1f	0.415	0.01	0.479	330	0.163442822378851
Desi1	0.513	0.308	0.63	168	0.151504011123253
Med10	0.504	0.31	0.629	135	0.169443756733544
Prl5a1	0.378	-0.063	0.425	230	0.152378939140182
Atp5o	0.494	0.286	0.615	213	0.161993291460535
Fam104a	0.555	0.355	0.657	185	0.147405913011455
Vps25	0.509	0.351	0.651	184	0.161787625286169
Rtcb	0.417	0.025	0.482	505	0.164917966756455
Trim36	0.416	0.045	0.492	729	0.161959734558499
Mydgf	0.556	0.339	0.656	166	0.1599874073719
Nopchap1	0.441	0.119	0.534	185	0.160343875757864
Tinf2	0.436	0.069	0.505	414	0.155244114084856
Nsun2	0.431	0.055	0.496	757	0.159049414116431
Nop16	0.54	0.38	0.669	178	0.168481712836443
Cep63	0.42	0.08	0.505	758	0.163153895591896
Serp1	0.443	0.242	0.59	66	0.162328557757885
Agpat3	0.595	0.541	0.751	376	0.168384815066999
Tomm70a	0.377	-0.096	0.418	611	0.169351349094349
Reep3	0.431	0.086	0.512	254	0.152201853831195
Apon	0.433	0.16	0.546	251	0.153249561286215
Dcaf11	0.474	0.186	0.563	549	0.157017998291273
Dhrs4	0.448	0.147	0.543	279	0.162149970992972
Trpm2	0.58	0.43	0.692	1506	0.16701304290695
Slco1a1	0.337	-0.161	0.376	670	0.149145221558059
Slco1a4	0.343	-0.131	0.39	670	0.151719932966189
Slco1b2	0.308	-0.246	0.327	689	0.14227775821785
Slco1a6	0.328	-0.183	0.362	670	0.152203299353727
Sbsn	0.421	0.023	0.499	682	0.169228411829765
Serpinb1b	0.427	0.018	0.478	382	0.161883781032193
Gatd3a	0.529	0.32	0.64	266	0.177670533610689
Flnb	0.492	0.191	0.577	2602	0.164858838441827
Kif19a	0.603	0.484	0.72	997	0.163584204037503
Znhit2	0.519	0.326	0.635	399	0.166140970996423
Limd1	0.491	0.167	0.564	668	0.169658966799332
Tpk1	0.398	0.042	0.485	243	0.156196789484621
Mga	0.328	-0.283	0.32	3042	0.147526787195453
Rabgap1l	0.356	-0.15	0.389	815	0.153146870069354
Bag3	0.507	0.17	0.566	577	0.157028180382465
Ndrg2	0.482	0.199	0.573	371	0.160184611716541
Ndrg3	0.426	0.086	0.511	388	0.154755417475459
Zfp385a	0.518	0.235	0.592	386	0.161209647380168
Bcar3	0.541	0.324	0.636	820	0.163962252341863
Hip1r	0.607	0.484	0.722	1068	0.173944460326514
Igfbp7	0.563	0.429	0.696	313	0.178601255874169
Hspb7	0.555	0.386	0.675	169	0.151603657917956
Stau2	0.35	-0.212	0.362	570	0.149744729495639
Tnfrsf19	0.494	0.18	0.566	416	0.175408435985711
Or13c7	0.595	0.502	0.729	319	0.165392240447733
Or13c7b	0.561	0.468	0.711	318	0.164429609985733
Or13c7d	0.617	0.549	0.756	319	0.164040239696315
Smtn	0.514	0.268	0.609	923	0.155239396586458
Mapk12	0.537	0.326	0.639	367	0.167038383492167
Pmm1	0.595	0.486	0.724	262	0.16783830781895
Sult4a1	0.641	0.555	0.762	284	0.16881812675055
Dpf1	0.598	0.445	0.703	388	0.183072151209419
Ninj2	0.496	0.347	0.642	143	0.152727401164048
Pde7b	0.446	0.153	0.54	498	0.154606389905148
Rnf11	0.41	0.034	0.483	154	0.158079188989947
Cabp5	0.438	0.072	0.5	173	0.162377716557469
Cabp2	0.52	0.366	0.656	221	0.159610147459561
Cabp1	0.587	0.546	0.754	350	0.157580781120674
Ulk2	0.386	-0.092	0.42	1037	0.152981196482154
Gtse1	0.452	0.103	0.523	741	0.1515077543445
Scmh1	0.457	0.127	0.534	706	0.154743064611357
Cspg5	0.501	0.206	0.581	566	0.16191379253219
Iqgap1	0.494	0.244	0.594	1657	0.170241236112569
Clic4	0.512	0.288	0.619	253	0.16349883902244
Hdgfl3	0.406	-0.104	0.429	202	0.16023596179699
Opn4	0.531	0.334	0.642	521	0.153210150732665
Dnajc12	0.492	0.209	0.58	198	0.167865214007126
Zfp292	0.336	-0.253	0.338	2698	0.152688357868128
Scd3	0.587	0.449	0.704	359	0.164450663876189
Fbxw2	0.417	0.09	0.509	454	0.162607165777352
Spdef	0.578	0.41	0.687	325	0.16827194010601
Pcsk1n	0.57	0.466	0.707	258	0.155850959031389
Reg3d	0.424	-0.01	0.463	175	0.158781232492364
Rnf17	0.311	-0.3	0.307	1640	0.151343943296847
Timm13	0.687	0.675	0.828	95	0.190212140496211
Timm9	0.391	-0.04	0.448	89	0.161821858853235
Timm8b	0.48	0.224	0.587	83	0.171535333163539
Timm8a1	0.567	0.408	0.688	97	0.174530150690503
Timm10	0.588	0.405	0.683	90	0.188888520260375
Meltf	0.56	0.376	0.669	738	0.176059935588369
Cttnbp2	0.413	0.009	0.474	1648	0.158434175336701
Slc39a1	0.492	0.282	0.606	324	0.159875860219081
Pdlim4	0.536	0.325	0.64	330	0.165315548441326
Fkbp3	0.375	-0.125	0.408	224	0.162935852233161
Mmp20	0.428	0.004	0.474	482	0.153718030459945
Slc22a4	0.522	0.345	0.644	553	0.154801374855767
Adamts8	0.557	0.374	0.668	905	0.168393472159212
Fbxw4	0.557	0.44	0.696	410	0.159529057242743
Fbxw5	0.565	0.382	0.668	573	0.161715841891972
Fbxl6	0.518	0.364	0.652	535	0.164013479061353
Kdm2b	0.545	0.366	0.66	1309	0.165784412381649
Fbxl12	0.583	0.504	0.725	326	0.162241832029723
Mlf2	0.532	0.308	0.628	247	0.152582407540939
Gnl3	0.332	-0.211	0.353	538	0.158482343606368
Apln	0.442	0.11	0.507	77	0.143260587391259
Foxe3	0.665	0.696	0.837	288	0.151375011348932
Angptl3	0.344	-0.123	0.399	455	0.145568054499061
Slamf6	0.369	-0.04	0.444	351	0.147288274300729
Glrx3	0.384	-0.061	0.437	337	0.155522569897969
Snai3	0.578	0.359	0.657	287	0.173164791524013
Zbtb18	0.517	0.266	0.612	531	0.169621209141455
Vps26a	0.369	-0.046	0.438	359	0.145379561401135
Tor1a	0.605	0.512	0.738	333	0.171498855769585
Zfp330	0.385	-0.157	0.397	316	0.175343384040009
Tor2a	0.61	0.498	0.731	321	0.166883265985308
Tor1b	0.583	0.451	0.706	336	0.171394907191544
Tor3a	0.547	0.401	0.675	385	0.165822350213318
Slc46a2	0.487	0.314	0.629	479	0.159102332202686
Lmcd1	0.593	0.392	0.677	365	0.182719134777801
Fgd3	0.536	0.306	0.63	733	0.166770500717544
Pttg1	0.416	-0.013	0.462	199	0.154381950807928
Usp25	0.364	-0.063	0.428	1055	0.150025286133303
Usp21	0.459	0.164	0.548	566	0.15174117074399
Hnf4g	0.389	-0.015	0.453	418	0.158738205007543
Prss30	0.48	0.231	0.586	310	0.161629024649655
Zfp354c	0.437	0.051	0.5	560	0.166725811349514
Rnf19a	0.359	-0.149	0.389	840	0.156666727136308
Abt1	0.503	0.281	0.618	269	0.162715265183286
Adat1	0.442	0.09	0.515	499	0.160139398634758
Bin1	0.568	0.361	0.666	588	0.170337706824644
Lcmt1	0.428	0.15	0.538	332	0.159816395647625
Cbx8	0.5	0.241	0.593	362	0.154589683021677
Cngb3	0.353	-0.112	0.399	694	0.1476174115852
Schip1	0.511	0.295	0.626	484	0.164097685426064
Siva1	0.501	0.246	0.6	175	0.177821377913486
Pik3cg	0.476	0.218	0.578	1102	0.16116864029315
Aass	0.375	-0.033	0.444	926	0.152498913194843
Mapk8ip3	0.528	0.288	0.623	1337	0.161986998920079
Ddx25	0.416	0.105	0.514	484	0.15597113790523
Vapa	0.361	-0.151	0.388	249	0.145014909734833
Slc7a9	0.486	0.25	0.592	487	0.152693930914377
Hacd1	0.409	0.16	0.545	248	0.144436867596128
Klk15	0.499	0.259	0.601	254	0.163491508170587
Klk14	0.476	0.205	0.574	250	0.166846957634081
C1s2	0.424	0.015	0.485	694	0.159392792461012
Sec22a	0.38	-0.081	0.414	307	0.157323310167036
Slc24a5	0.344	-0.082	0.41	501	0.143698043234867
Zar1	0.589	0.484	0.729	361	0.167812628759946
Gimap5	0.507	0.27	0.606	308	0.172681842235614
Gimap9	0.378	-0.046	0.438	291	0.166613929110891
Ifnz	0.532	0.327	0.634	182	0.159939376893434
H3c3	0.797	0.78	0.88	136	0.17544871653261
H3c4	0.799	0.794	0.887	136	0.177542429558355
H3c2	0.798	0.794	0.887	136	0.177842485037097
H3c6	0.817	0.807	0.895	136	0.17760310449655
H3c10	0.829	0.821	0.902	136	0.179416835803073
H3c11	0.805	0.794	0.887	136	0.180199047699588
H3c13	0.858	0.931	0.962	136	0.174174743661578
H4c3	0.662	0.637	0.802	103	0.169852620691617
H4c4	0.688	0.674	0.822	103	0.1679321162803
H4c6	0.68	0.637	0.802	103	0.167355263169166
H4c9	0.721	0.71	0.842	103	0.170704938455727
H4c11	0.75	0.801	0.891	103	0.169877193806913
H4c12	0.737	0.764	0.871	103	0.166801029800739
H4c18	0.74	0.728	0.851	103	0.168867722550097
H2ac25	0.606	0.474	0.713	130	0.178818667645616
H2ac1	0.572	0.411	0.68	129	0.171799290200956
H2ac6	0.85	0.9	0.946	130	0.185734137569029
H2ac7	0.867	0.915	0.953	130	0.185718351307134
H2ac8	0.837	0.872	0.93	130	0.184404796647897
H2ac11	0.871	0.929	0.961	130	0.18556430960264
H2ac12	0.892	0.942	0.969	128	0.186912711813864
H2ac15	0.827	0.872	0.93	130	0.183216684965548
H2ac22	0.855	0.9	0.946	130	0.18414342174767
H2ac24	0.866	0.915	0.953	130	0.185528909057054
H2ac4	0.852	0.9	0.946	130	0.1840935627435
H2ac10	0.85	0.886	0.938	130	0.18332715132077
H2ac20	0.768	0.812	0.898	129	0.183916986617191
H2bc1	0.72	0.727	0.855	127	0.177537944895411
H2bc3	0.779	0.754	0.87	126	0.184090828444526
H2bc6	0.841	0.877	0.935	126	0.187177683053022
H2bc7	0.841	0.861	0.927	126	0.18733359551586
H2bc8	0.851	0.892	0.943	126	0.188533561951598
H2bc9	0.852	0.892	0.943	126	0.186823770435318
H2bc11	0.84	0.907	0.951	126	0.184165709315727
H2bc12	0.837	0.877	0.935	126	0.186848563702356
H2bc13	0.852	0.907	0.951	126	0.185427294628792
H2bc14	0.817	0.861	0.927	126	0.183135518926833
H2bc15	0.835	0.877	0.935	126	0.183872929888196
H2bc22	0.757	0.774	0.881	138	0.177073691145682
H2bc18	0.621	0.445	0.707	126	0.178737715000346
H2bc21	0.66	0.586	0.78	126	0.172487163868617
H2ac13	0.889	0.943	0.969	130	0.188949453097815
H2ac19	0.75	0.813	0.898	130	0.183414282229813
Rpl17	0.428	0.088	0.511	184	0.16773726520388
Ankef1	0.402	-0.004	0.463	775	0.161076075767347
Gpr4	0.669	0.593	0.78	365	0.17079403305793
Gpr82	0.303	-0.187	0.352	328	0.137254840799963
Pgbd1	0.376	-0.108	0.411	415	0.153376183352204
Nol4	0.436	0.061	0.502	637	0.156453067819831
Vmn2r7	0.357	-0.16	0.378	824	0.151784105834766
Sctr	0.554	0.42	0.684	464	0.161452899663431
Trim12c	0.399	-0.035	0.449	497	0.163330855728839
Npsr1	0.499	0.341	0.642	371	0.159860650069743
Bricd5	0.551	0.352	0.655	174	0.162842094807555
Fchsd1	0.482	0.201	0.571	688	0.158638640620742
Pcmtd1	0.339	-0.181	0.365	357	0.154836835315796
A130010J15Rik	0.419	0.058	0.49	263	0.153231950870422
Washc4	0.345	-0.13	0.389	1173	0.152619235058917
Shfl	0.592	0.434	0.699	290	0.174884906454884
Snhg11	0.464	0.247	0.593	87	0.143745698554957
Sf3b2	0.49	0.168	0.561	878	0.164662035174278
Pianp	0.473	0.168	0.554	278	0.145408954710295
Ubald2	0.668	0.541	0.763	164	0.1632108809159
Adgrl3	0.437	0.105	0.521	1543	0.154528226272911
Hs3st5	0.431	0.129	0.527	346	0.153266685638606
C5ar2	0.517	0.331	0.638	358	0.160292014270476
Serpine3	0.461	0.201	0.57	401	0.149055011252112
Dpep2	0.442	0.145	0.54	578	0.155708438408796
Fndc3a	0.356	-0.191	0.373	1198	0.148507485664013
Pld5	0.46	0.237	0.592	536	0.162097979699571
Ppm1h	0.514	0.341	0.645	513	0.16384019832654
Zfp672	0.503	0.197	0.571	468	0.162030676108641
Lrtm1	0.393	0.029	0.475	356	0.154693286864219
Insyn1	0.57	0.363	0.663	292	0.160651372574081
Cxxc4	0.573	0.477	0.726	366	0.172280626981662
Itga11	0.575	0.428	0.695	1188	0.166081588217407
Wdr59	0.496	0.22	0.585	993	0.161925890487998
9530053A07Rik	0.507	0.214	0.587	2581	0.178338580911986
Nrcam	0.392	-0.043	0.447	1256	0.153159717009833
Syt15	0.584	0.427	0.694	418	0.167128664796146
Pced1a	0.501	0.256	0.601	449	0.154418774855313
Pdpr	0.433	0.072	0.502	878	0.157998036048209
Dusp4	0.672	0.612	0.791	398	0.172380695492558
Zfp750	0.463	0.083	0.519	703	0.153997891418504
Zfp182	0.358	-0.201	0.37	627	0.157474985392261
Spx	0.439	0.115	0.518	118	0.156086201399547
Idi1	0.33	-0.156	0.372	283	0.154372124928377
Nwd1	0.503	0.285	0.614	1521	0.16388821993964
Syne2	0.429	0.128	0.53	6874	0.161855654512521
Defb20	0.4	0.094	0.516	96	0.171243028728393
Xkr5	0.492	0.259	0.602	676	0.158842431191058
Trmt9b	0.427	0.061	0.5	447	0.158107614414427
Lig4	0.367	-0.068	0.427	911	0.15654772203554
Celf5	0.568	0.403	0.683	395	0.159437236305257
Hif1an	0.463	0.153	0.55	349	0.159684542631445
Zfp653	0.612	0.466	0.719	623	0.176009736586833
Fam168a	0.545	0.199	0.589	235	0.153397850597083
Sybu	0.461	0.129	0.536	793	0.154045893770996
Zfp944	0.32	-0.36	0.283	492	0.164925331027633
Dcp1b	0.511	0.279	0.617	578	0.161081404966698
Itpripl2	0.553	0.432	0.689	535	0.158597035347542
Galm	0.462	0.131	0.542	342	0.155976577006729
Efcab5	0.386	0.008	0.468	1406	0.147343139646945
Fsd1l	0.34	-0.232	0.349	497	0.14934983424062
Nt5dc1	0.414	-0.004	0.468	467	0.162331217849732
Rab9b	0.385	-0.024	0.459	201	0.15427544915389
Usp37	0.355	-0.168	0.375	979	0.152498641739699
Slc25a40	0.305	-0.3	0.307	337	0.147049239056697
Podxl2	0.571	0.391	0.677	603	0.160284623560133
Agmo	0.345	-0.141	0.384	447	0.14148524226339
Eml5	0.343	-0.179	0.37	1977	0.153465568312606
Cep295	0.32	-0.255	0.329	2380	0.14269178105691
Ankar	0.334	-0.185	0.361	1465	0.150349916134587
Fbxo48	0.314	-0.222	0.34	161	0.152349107829392
Frmd6	0.537	0.377	0.665	622	0.16511142246835
Ablim3	0.543	0.325	0.642	682	0.164435839610258
Simc1	0.356	-0.151	0.386	1354	0.13575999376534
Cacna2d4	0.535	0.332	0.642	1144	0.164387585173476
Zfyve27	0.561	0.399	0.676	415	0.17388443610013
Mpzl3	0.504	0.28	0.615	237	0.159257335398821
Zfp865	0.604	0.448	0.71	1058	0.168488776241469
Smo	0.573	0.427	0.693	793	0.165735822278614
Rfx7	0.361	-0.205	0.368	1459	0.146303973017817
Igf2bp2	0.493	0.235	0.59	592	0.159951509770271
Atp10b	0.464	0.166	0.551	1474	0.15847705769678
C130050O18Rik	0.5	0.337	0.636	356	0.161841272811527
Tmem72	0.561	0.366	0.662	275	0.16372588648993
Slc22a30	0.332	-0.138	0.376	552	0.142600368136577
Tigar	0.438	0.169	0.556	269	0.157567883372427
Glt1d1	0.437	0.101	0.517	346	0.156661406000747
Nwd2	0.431	0.135	0.533	1742	0.1567479105183
Rc3h2	0.326	-0.284	0.317	1187	0.145324958025443
Smyd4	0.43	0.092	0.513	799	0.16431184916356
Tmem229a	0.588	0.519	0.739	371	0.154399512442875
Bbs9	0.399	0.015	0.47	880	0.153456994475883
Slc17a4	0.39	0.022	0.469	492	0.145884513791576
Tmprss11b	0.345	-0.148	0.382	416	0.153205150390542
Cobll1	0.393	-0.109	0.417	1240	0.149264390614383
Tmcc3	0.558	0.404	0.68	477	0.168754131534815
Zcchc7	0.382	-0.114	0.409	541	0.159615756182025
E030030I06Rik	0.477	0.282	0.612	246	0.159444373923719
Oacyl	0.459	0.17	0.553	685	0.155216741698858
Dock6	0.578	0.42	0.687	2111	0.162886620267715
Dsel	0.283	-0.403	0.251	1207	0.139328152557837
Ism1	0.507	0.228	0.59	461	0.164535926580765
Vwc2	0.606	0.478	0.726	324	0.190557006365811
Apba1	0.622	0.521	0.746	842	0.17006439536074
A630076J17Rik	0.358	-0.055	0.431	107	0.145813700100279
Ceacam19	0.494	0.181	0.564	271	0.155651639512519
Sbf2	0.377	-0.051	0.438	1872	0.148274250944747
Tns3	0.497	0.193	0.574	1440	0.158400965224602
A530016L24Rik	0.48	0.203	0.565	165	0.159418211853691
Taf2	0.385	-0.018	0.457	1198	0.154665147693767
Flad1	0.507	0.284	0.615	492	0.158750219592643
Ttll1	0.585	0.479	0.72	423	0.166518767304333
Ercc6	0.434	0.058	0.499	1481	0.160835656943675
Cc2d1b	0.479	0.152	0.546	848	0.16793060886191
Jph4	0.563	0.395	0.679	628	0.160085867468309
Kif6	0.469	0.198	0.567	802	0.161804145429335
Golm2	0.4	0.01	0.473	435	0.156222815043321
A630001G21Rik	0.429	0.074	0.509	229	0.157556965132457
Tmem198	0.544	0.391	0.665	360	0.152194839177482
Sidt1	0.524	0.315	0.632	832	0.159220458815165
Uggt1	0.424	0.069	0.501	1551	0.1553376177192
Terb1	0.292	-0.334	0.286	768	0.152697452827202
Nceh1	0.516	0.296	0.621	408	0.160983697588484
Fstl4	0.508	0.301	0.625	841	0.159710098026591
Rnf222	0.615	0.513	0.737	211	0.162578642248689
Exph5	0.37	-0.148	0.394	1960	0.146768081677666
Olfml2b	0.511	0.25	0.602	746	0.163157997340691
Zbtb39	0.56	0.403	0.683	712	0.168196853999984
Fbxw21	0.381	-0.064	0.423	468	0.151977558361497
Fbxw16	0.366	-0.084	0.415	464	0.148369740593167
Ano4	0.391	-0.023	0.447	955	0.153958307752085
6430550D23Rik	0.49	0.171	0.566	194	0.165303884325378
Relt	0.489	0.145	0.545	436	0.166026502074109
Slc38a11	0.359	-0.058	0.43	453	0.144254281442885
Prr18	0.621	0.568	0.767	307	0.149454797102746
Fndc9	0.539	0.326	0.637	226	0.170965518324695
Fbxl13	0.368	-0.004	0.449	790	0.157979926782139
Dgki	0.456	0.146	0.544	1071	0.165078438440885
Grk3	0.524	0.343	0.646	688	0.16934098250959
BC049715	0.44	0.136	0.538	247	0.157440984809288
Ptpn7	0.562	0.401	0.679	359	0.161817320244987
Sp8	0.662	0.611	0.797	486	0.171859716350772
B430306N03Rik	0.501	0.267	0.606	289	0.157716842308267
Zdhhc17	0.376	-0.04	0.444	632	0.154720285629438
Zmat4	0.439	0.076	0.507	229	0.16352250460345
Togaram2	0.51	0.304	0.625	1002	0.162787064887497
Cep95	0.359	-0.127	0.398	827	0.150020436662526
Tacc1	0.46	0.129	0.541	776	0.165792562283909
Fndc7	0.471	0.11	0.531	737	0.166037717947991
Msrb3	0.468	0.091	0.525	186	0.160908245680844
Lrrc58	0.495	0.373	0.655	366	0.159571119741274
Hook3	0.325	-0.15	0.378	718	0.153910198069251
Lefty2	0.599	0.49	0.724	368	0.164910080985779
Etfbkmt	0.362	-0.128	0.393	255	0.150503092739885
Pik3r5	0.553	0.392	0.672	871	0.160812336930386
Tmem91	0.497	0.267	0.607	172	0.166589841838121
Ddx11	0.481	0.208	0.574	880	0.166026892241838
Senp5	0.395	-0.045	0.445	749	0.161639079467087
Cfap91	0.463	0.171	0.552	783	0.159178052105568
Catsperg1	0.475	0.228	0.587	1098	0.154869400769821
Ccdc171	0.406	0.062	0.494	1324	0.161231900565825
Ccdc66	0.346	-0.179	0.372	935	0.153630666117962
Ttll5	0.415	0.027	0.48	1328	0.150673798410458
Marchf3	0.492	0.279	0.612	218	0.153623070042235
Dlec1	0.547	0.371	0.663	1741	0.160753844218621
Tafa1	0.428	0.046	0.492	133	0.172034679765282
Fubp3	0.454	0.099	0.522	575	0.158441913250141
Scai	0.369	-0.091	0.411	606	0.147102587737957
Spef2	0.334	-0.186	0.361	875	0.150964518595126
Rasgef1b	0.464	0.218	0.579	473	0.159583705648385
Iqcb1	0.29	-0.251	0.316	598	0.146388079538899
Glt28d2	0.362	-0.074	0.429	165	0.157315662366287
Rnf152	0.548	0.355	0.653	203	0.171757547560631
H4c16	0.61	0.565	0.762	103	0.169562160773311
D830030K20Rik	0.431	0.135	0.533	146	0.164428558312316
Lypd6	0.478	0.144	0.545	171	0.170495444011063
Tmem251	0.351	-0.121	0.386	163	0.147258850357519
Lipi	0.307	-0.29	0.309	476	0.146779905472927
Ric3	0.407	-0.034	0.452	367	0.15768487211707
Fry	0.482	0.261	0.602	3020	0.15792905595434
Bcorl1	0.467	0.104	0.527	1781	0.156764594635762
Cenpt	0.401	-0.004	0.462	515	0.144801498531002
Lrig3	0.491	0.248	0.597	1117	0.159643426534107
Itpkb	0.528	0.309	0.633	942	0.159299087848948
Cadps2	0.411	0.07	0.502	1304	0.157072507995652
Klri2	0.337	-0.19	0.362	248	0.151517983151838
Gchfr	0.607	0.498	0.731	84	0.167597832329524
Trank1	0.467	0.199	0.568	2999	0.163368363906235
Rinl	0.478	0.212	0.574	563	0.155609648535329
Alg6	0.314	-0.159	0.368	507	0.143120936519371
P4ha3	0.523	0.332	0.64	542	0.1607687963233
Tmprss11g	0.359	-0.094	0.413	417	0.151393760417552
Vwc2l	0.399	-0.158	0.399	222	0.184906666772934
Ppm1e	0.448	0.126	0.537	749	0.161166991671525
Heatr5b	0.386	-0.003	0.459	2070	0.156171274621319
Rasal3	0.481	0.221	0.58	1043	0.155063653857332
Heatr5a	0.384	0.008	0.462	2038	0.157950197917284
A830018L16Rik	0.337	-0.222	0.347	462	0.148546472906923
Ipcef1	0.413	-0.055	0.444	410	0.159993656653591
Tmem215	0.531	0.339	0.648	235	0.166252900633574
Lmod3	0.434	0.118	0.529	571	0.15710172481516
Lmbrd2	0.34	-0.178	0.363	694	0.143343146710907
Cachd1	0.503	0.266	0.608	1288	0.161743991991745
Bhlha9	0.524	0.385	0.665	231	0.153014693108976
Vps13c	0.384	-0.021	0.452	3748	0.155601720910446
Tmem104	0.617	0.542	0.754	496	0.159321641592853
Ubn2	0.39	-0.064	0.438	1314	0.147831391657036
Slc35e2	0.456	0.204	0.571	405	0.153052426194124
Pramel48	0.393	0.031	0.473	481	0.156655526628891
Tcp11l1	0.444	0.156	0.546	509	0.162798374720328
Fam169a	0.357	-0.207	0.366	665	0.152211447523922
Sycp2	0.288	-0.404	0.253	1500	0.142016962276598
Dennd5b	0.393	-0.012	0.454	1274	0.15295360999464
Islr2	0.52	0.316	0.635	789	0.162610643490096
Atp8b5	0.482	0.241	0.59	1183	0.159383806685708
Idi2	0.473	0.186	0.558	227	0.169498400109794
Tmem88b	0.488	0.307	0.618	173	0.146108719709894
Svopl	0.481	0.288	0.611	494	0.152941227445329
Phf8	0.434	0.04	0.489	1023	0.1608007858733
Ccdc169	0.412	0.067	0.5	214	0.157775863650508
Strip2	0.464	0.186	0.56	844	0.159066809654189
Dop1a	0.352	-0.116	0.399	2462	0.147458048916454
Abca15	0.371	-0.035	0.441	1668	0.150105096497952
Snrnp200	0.494	0.226	0.582	2136	0.164458485052108
Zbtb26	0.353	-0.156	0.388	440	0.155697399599829
Ocrl	0.381	-0.024	0.448	900	0.152601253112711
Cyb5r2	0.471	0.193	0.564	292	0.156210376025343
Skint4	0.301	-0.265	0.315	482	0.138589090399011
Pgap3	0.61	0.519	0.738	320	0.1668156773009
Casc1	0.463	0.196	0.567	730	0.159841216328335
Cass4	0.488	0.235	0.592	804	0.156175402283523
Iffo1	0.606	0.529	0.747	562	0.165863826542483
Samd12	0.435	0.085	0.51	161	0.166798680497998
Zfp629	0.589	0.402	0.686	867	0.169703484422524
Dctd	0.482	0.168	0.56	184	0.171296921958032
Ccdc158	0.413	0.071	0.5	1109	0.157111887968611
Tafa4	0.52	0.28	0.619	135	0.18936639239111
Bend6	0.406	0.034	0.487	281	0.157248594231132
Soga1	0.625	0.531	0.748	1654	0.174105721572162
Atp2b3	0.5	0.243	0.594	1220	0.166091570768758
Tmem117	0.412	0.084	0.506	514	0.149199421626094
Abi3bp	0.364	-0.188	0.372	1179	0.141423887080462
Mysm1	0.321	-0.288	0.316	819	0.150292306236595
Trappc11	0.42	0.081	0.508	1133	0.161017937311455
Pptc7	0.512	0.326	0.641	310	0.163976440168392
Slc26a9	0.54	0.354	0.656	790	0.161732179417865
Fastkd1	0.333	-0.115	0.39	829	0.146418677625687
Akain1	0.604	0.488	0.727	69	0.186279885099729
Ipo8	0.416	0.076	0.499	1010	0.159980940283077
Vstm4	0.531	0.376	0.665	319	0.162895638034193
Lingo4	0.45	0.2	0.561	618	0.152009703006865
Dpy19l2	0.358	-0.036	0.434	773	0.14237095726276
Prdx6b	0.446	0.097	0.516	224	0.156690276271095
Mdga2	0.341	-0.19	0.362	956	0.144231974541107
Tmem154	0.401	0.015	0.48	181	0.153010542815839
Chd7	0.463	0.132	0.54	2986	0.159430073087137
Pkn1	0.539	0.339	0.643	951	0.161867715426367
Zhx3	0.452	0.058	0.505	951	0.157574708156024
Ifitm10	0.58	0.389	0.677	201	0.174333595524972
Gfm2	0.391	0.001	0.461	779	0.155500072787129
Dcaf5	0.5	0.212	0.582	946	0.158607532696504
Ankrd16	0.441	0.143	0.536	361	0.165767424068415
Atad2b	0.331	-0.216	0.346	1460	0.146565074323321
Samd5	0.614	0.511	0.737	173	0.169074437047776
Cracd	0.518	0.265	0.611	1288	0.165936669483365
Sirpb1a	0.362	-0.069	0.425	391	0.14534938206555
Negr1	0.448	0.097	0.519	348	0.15985726832379
Amigo3	0.52	0.339	0.641	508	0.166422857383202
Krt26	0.465	0.194	0.569	462	0.165337018390281
Cdh18	0.397	-0.049	0.441	790	0.153217926691714
Spata33	0.519	0.294	0.628	132	0.157388125822333
Cdh10	0.377	-0.11	0.404	788	0.150360354885325
Mical2	0.524	0.294	0.623	1102	0.166944729958773
Itgb8	0.363	-0.114	0.409	767	0.164533930130331
Wscd2	0.631	0.512	0.739	571	0.175057774198097
Map7d3	0.321	-0.282	0.322	876	0.147160307271837
Ccbe1	0.523	0.233	0.595	408	0.172364418612179
Tnpo3	0.355	-0.082	0.415	929	0.150967825850569
Atp11c	0.297	-0.311	0.294	1129	0.140710086740867
Pisd	0.54	0.345	0.647	406	0.155917666756221
Lrrn4	0.518	0.313	0.629	733	0.157103033787863
Enpp6	0.478	0.22	0.58	440	0.155841650945684
Arl4c	0.749	0.77	0.876	192	0.186709179061261
Rfx6	0.39	-0.063	0.436	927	0.154376517537102
Cyp4f39	0.547	0.37	0.657	532	0.160782039270605
Lrif1	0.29	-0.424	0.249	755	0.141342199776184
Xpnpep3	0.417	0.06	0.495	506	0.15627714619868
Dcaf1	0.374	-0.116	0.399	1419	0.154380761496877
Serac1	0.393	0.008	0.462	654	0.155686093069172
Gpr183	0.511	0.309	0.625	357	0.168388997872244
Fpr-rs6	0.338	-0.119	0.391	339	0.144409945674064
Cdv3	0.446	0.108	0.536	281	0.157694935577788
Tpm4	0.501	0.207	0.572	248	0.182911229229168
H4c1	0.752	0.782	0.881	103	0.168672591450142
H4c2	0.746	0.746	0.861	103	0.167853135808802
Upf2	0.359	-0.133	0.394	1269	0.157827606840724
Tnfsf15	0.442	0.152	0.542	270	0.152541279073056
Ppip5k1	0.462	0.151	0.548	1436	0.160404931290892
Ccn6	0.455	0.091	0.518	354	0.173912547780547
Mettl24	0.497	0.295	0.618	363	0.158235488686291
Dna2	0.444	0.185	0.557	1062	0.158130792730961
Tmem26	0.462	0.285	0.608	366	0.149817870087184
Usp44	0.425	0.109	0.525	505	0.158549273006189
Ppfia2	0.335	-0.145	0.379	1257	0.146306242193723
Frs2	0.38	-0.088	0.423	508	0.143416739268566
Ubtd2	0.499	0.182	0.564	234	0.164829177360977
Pigl	0.494	0.308	0.625	252	0.158719521018542
Cyb5d1	0.422	0.103	0.514	228	0.142123003944583
Dnah2	0.544	0.374	0.661	4462	0.164843326294871
Vmo1	0.481	0.174	0.563	201	0.167168389972263
Scimp	0.391	-0.071	0.429	150	0.150846428168966
Pitpnm3	0.591	0.436	0.699	974	0.163690600693623
Xaf1	0.425	0.044	0.49	273	0.171623670595257
Zfp616	0.303	-0.376	0.275	987	0.149359521186592
Slfn5	0.392	0.026	0.474	884	0.157502470768632
Med13	0.321	-0.318	0.304	2171	0.145913962779467
Hsf5	0.485	0.208	0.584	624	0.150247959210325
Spata32	0.493	0.209	0.585	334	0.156790996662509
Fads6	0.579	0.468	0.711	342	0.163251639100313
Slc7a15	0.489	0.278	0.61	488	0.157599293850188
Dtd2	0.511	0.373	0.665	168	0.168322850762034
Prps1l3	0.379	-0.06	0.43	318	0.162841016850757
Togaram1	0.33	-0.208	0.352	1776	0.14534459807403
Prpf39	0.293	-0.397	0.256	665	0.143763514784477
Slc39a9	0.386	0.011	0.47	308	0.150315520714986
Trmt61a	0.58	0.42	0.692	290	0.163741430464857
Gfod1	0.689	0.638	0.805	390	0.177313440039622
Rnf182	0.509	0.363	0.658	247	0.16894323462235
Nutm2	0.419	0.028	0.482	733	0.154062364328207
Slc25a48	0.534	0.334	0.644	306	0.161331221053018
Zfp459	0.363	-0.161	0.385	267	0.165263911948487
Mast4	0.469	0.149	0.549	2618	0.154403888759519
Zmiz1	0.573	0.358	0.664	1072	0.156709705094985
Rft1	0.407	0.137	0.527	541	0.149724592744786
Sh2d4b	0.488	0.218	0.574	431	0.16258889865907
Rnase9	0.362	-0.149	0.383	184	0.151913035601554
Parp4	0.392	-0.062	0.433	1969	0.152184708335615
Kcnrg	0.342	-0.112	0.401	264	0.142549768720235
Npm2	0.468	0.144	0.55	207	0.164717042199644
Skint7	0.332	-0.194	0.358	395	0.143986462451259
9330182O14Rik	0.332	-0.093	0.395	140	0.144711265488505
Apol10b	0.377	-0.044	0.435	334	0.151159640727067
Apol11b	0.39	-0.007	0.457	337	0.151590865124302
Ep300	0.402	-0.088	0.428	2412	0.155263243899789
4930407I10Rik	0.416	0.018	0.48	1512	0.160136576355562
7530416G11Rik	0.39	-0.062	0.43	159	0.155946760641837
Tubgcp6	0.481	0.205	0.575	1769	0.159288848544084
Vwa5b2	0.486	0.171	0.557	1248	0.158103265384819
Bex6	0.365	-0.032	0.454	114	0.147433773703418
Ftdc1	0.35	-0.159	0.367	176	0.15971434068198
Gabrr3	0.443	0.155	0.547	464	0.145558839661039
Vmn2r95	0.334	-0.215	0.347	845	0.14936109606793
Rab26	0.531	0.326	0.64	260	0.166184065943679
Hs3st6	0.572	0.416	0.685	342	0.158062390245551
Prss34	0.495	0.27	0.61	318	0.167928136184693
Mslnl	0.516	0.326	0.634	685	0.160069408030731
Clpsl2	0.493	0.236	0.592	102	0.179828690103631
Lhfpl5	0.601	0.502	0.732	219	0.170462926203841
Ubash3a	0.524	0.311	0.631	624	0.165473333358514
Zfp414	0.505	0.173	0.565	299	0.155541992437837
9830107B12Rik	0.434	0.132	0.53	160	0.151053994592547
A530064D06Rik	0.437	0.137	0.538	229	0.14711845300343
Treml2	0.484	0.196	0.574	329	0.153461210530245
Acsbg2	0.536	0.362	0.657	667	0.167743050570902
Mcc	0.534	0.343	0.646	1003	0.167668365747592
Arhgef37	0.516	0.328	0.636	676	0.160787070397675
Spink10	0.364	-0.178	0.376	162	0.164147111165011
Zfp532	0.536	0.339	0.653	1036	0.171248501953193
Zfp236	0.513	0.242	0.601	1799	0.168125553415178
Zfp516	0.558	0.342	0.653	1157	0.170039576706095
Atg2a	0.55	0.354	0.652	1914	0.158588655945566
Gm815	0.414	0.05	0.495	115	0.155559307364508
Pkd2l1	0.529	0.332	0.64	760	0.160753153917422
Scd4	0.532	0.346	0.649	353	0.156647291280035
Cpa6	0.391	-0.045	0.439	438	0.151892342469544
Hecw2	0.439	0.091	0.515	1578	0.152096339089482
Ankrd44	0.396	-0.008	0.46	993	0.165180706274108
Abi2	0.4	-0.106	0.417	487	0.147126443220569
Unc80	0.461	0.161	0.549	3326	0.156696632581816
Rbm44	0.35	-0.202	0.365	1013	0.155586557919403
Il19	0.459	0.214	0.568	176	0.172145107098576
Ppp1r12b	0.44	0.085	0.511	992	0.157701339951488
Lgr6	0.573	0.442	0.697	967	0.166627303017971
Dennd1b	0.423	0.029	0.484	766	0.157233623749917
Fam163a	0.535	0.287	0.624	168	0.173715188551733
Tnn	0.542	0.293	0.629	1560	0.169960621588359
Syt14	0.378	-0.079	0.427	574	0.152720025857398
Ccdc187	0.483	0.183	0.566	958	0.157979434216328
Cfap77	0.532	0.357	0.652	271	0.161798478198074
Ptrh1	0.542	0.409	0.675	204	0.162367779493964
Nostrin	0.404	0.03	0.484	506	0.167211371814651
Myo3b	0.423	0.074	0.504	1333	0.158354320241914
Or4s2b	0.37	-0.06	0.428	318	0.152123527944564
Accs	0.508	0.304	0.627	502	0.15891044678465
Pla2g4e	0.531	0.294	0.623	875	0.165257749535894
Lcmt2	0.444	0.186	0.561	686	0.148386691037547
Ctdspl2	0.322	-0.251	0.328	465	0.13910057071174
1810024B03Rik	0.358	-0.097	0.407	200	0.146509397235855
Nol4l	0.623	0.476	0.724	679	0.165537375299027
Bpi	0.531	0.346	0.646	486	0.159571983110338
Gm826	0.381	-0.056	0.43	109	0.147829011799769
Svs3b	0.397	-0.011	0.463	265	0.151395252518362
Zfp335	0.549	0.301	0.631	1337	0.164005461762202
Gm14325	0.299	-0.462	0.234	498	0.146131010344319
Birc7	0.468	0.153	0.549	285	0.161315425909731
Fat4	0.45	0.121	0.535	4981	0.154583836138176
Sertm1	0.519	0.37	0.66	107	0.143053658779495
Med12l	0.428	0.089	0.513	2185	0.155451235260318
E130311K13Rik	0.36	0.024	0.468	294	0.145867234593472
Fnip2	0.437	0.098	0.519	1108	0.157598485895292
Fcrl5	0.413	0.001	0.472	596	0.154025795869726
BC107364	0.428	0.099	0.515	140	0.163015620947793
Dennd2c	0.409	0.029	0.481	920	0.152887092851183
Tafa3	0.633	0.54	0.756	132	0.190290315028128
Aknad1	0.378	-0.139	0.403	675	0.153895151772061
Eeig2	0.45	0.111	0.531	370	0.157947094167574
Pigk	0.439	0.118	0.527	442	0.153026973054651
Tmem67	0.36	-0.093	0.414	995	0.150826127961036
Myorg	0.565	0.403	0.679	716	0.155223755042018
Fam166b	0.444	0.133	0.536	379	0.152929982566747
Frem1	0.438	0.085	0.511	2191	0.154083641996302
Dennd4c	0.358	-0.164	0.38	1906	0.147255334080719
Usp24	0.381	-0.023	0.45	2617	0.15223939153681
Acot11	0.599	0.45	0.707	614	0.168795874191648
Skint9	0.293	-0.3	0.29	319	0.144565482347314
Skint2	0.345	-0.146	0.381	400	0.143616091396594
Foxo6	0.702	0.713	0.848	559	0.169568530577897
Col8a2	0.44	0.023	0.491	699	0.153889818368537
Csmd2	0.549	0.35	0.657	3611	0.162014672030296
Catsper4	0.526	0.365	0.656	442	0.163367857867789
Spata21	0.51	0.239	0.596	681	0.157724389880749
Fhad1	0.524	0.362	0.657	1420	0.17020363311272
Pramel16	0.401	0.047	0.48	494	0.159065191953094
Gm13043	0.401	0.047	0.48	494	0.159065191953094
Gm13040	0.401	0.047	0.48	494	0.159065191953094
Gm13057	0.401	0.047	0.48	494	0.159065191953094
Pramel20	0.405	0.048	0.482	481	0.161714362713504
Aadacl4fm5	0.381	-0.026	0.443	393	0.152382470289607
Ttll10	0.544	0.33	0.639	675	0.160910169014142
Fam185a	0.428	0.082	0.514	378	0.163348201850174
Slc5a6	0.48	0.25	0.595	634	0.154656451611013
Shisa3	0.58	0.446	0.705	238	0.163745960815546
Gm5108	0.348	-0.117	0.385	101	0.153881042239237
Adamts3	0.433	0.051	0.498	1204	0.163412378211302
Cxcl3	0.532	0.387	0.667	100	0.167383954892032
Hfm1	0.309	-0.312	0.298	1434	0.14780679416682
Kctd10	0.619	0.515	0.739	316	0.172059435945303
1500011B03Rik	0.432	0.223	0.571	139	0.153659580515485
Taok3	0.526	0.354	0.652	898	0.169657441540685
Ccdc63	0.579	0.478	0.718	582	0.172350418087653
Tmem120b	0.553	0.439	0.695	339	0.164619723915731
Vps37b	0.531	0.328	0.641	285	0.163085236836317
Mblac1	0.555	0.389	0.675	260	0.165166806058423
Gal3st4	0.419	0.045	0.486	480	0.149000006394951
Sdk1	0.522	0.31	0.633	2193	0.156724288602109
Spdye4b	0.548	0.312	0.633	236	0.158362836500461
Pon2	0.395	0.04	0.483	354	0.151506600780481
Thsd7a	0.447	0.074	0.511	1646	0.174130274767053
Garin1b	0.474	0.217	0.58	344	0.153261445354892
D630045J12Rik	0.473	0.17	0.56	1940	0.145448010064404
Zfp786	0.462	0.15	0.546	777	0.167085885107814
Gm5111	0.356	-0.054	0.428	190	0.145479253506529
Wipf3	0.509	0.132	0.544	483	0.146341606401521
Mindy4	0.45	0.152	0.543	744	0.156734581003138
Dnah6	0.417	0.081	0.504	4144	0.155633271390753
Gcfc2	0.358	-0.095	0.411	769	0.148931632653901
Fbxo41	0.574	0.449	0.703	873	0.165301418740544
Mdfic2	0.409	0.02	0.481	189	0.162396439429594
Tmcc1	0.451	0.115	0.528	649	0.159610756947432
B4galnt3	0.541	0.341	0.643	986	0.157892804190554
Cecr2	0.39	-0.1	0.418	1425	0.146957087140469
Tmem52b	0.475	0.158	0.551	186	0.161048724211575
Sult6b2	0.417	0.042	0.489	290	0.156262901782098
Far2	0.459	0.205	0.568	515	0.153494473918974
Tmem150b	0.467	0.262	0.595	238	0.157754849867782
Zfp78	0.399	-0.066	0.44	512	0.16567059522757
Bsph1	0.349	-0.23	0.352	133	0.155797462347718
Zc3h4	0.527	0.222	0.592	1255	0.159926162483192
Ceacam16	0.559	0.404	0.682	426	0.161899504598083
Tmem145	0.576	0.449	0.705	563	0.155830087479587
Nlrp9c	0.329	-0.19	0.357	1004	0.152730712364338
Ifnl2	0.633	0.514	0.734	193	0.175768908711688
Zfp82	0.418	0.089	0.514	530	0.168705135966627
Gm5113	0.355	-0.043	0.433	141	0.137377171425285
Gm5114	0.432	0.025	0.484	858	0.154091952350969
Fan1	0.423	0.07	0.502	1020	0.160078566781146
Saxo2	0.359	-0.244	0.346	394	0.149568763401007
Vmn2r69	0.314	-0.278	0.313	850	0.14718969935211
Trim66	0.522	0.243	0.599	1344	0.166955579941965
Prss53	0.481	0.18	0.565	552	0.164429316270028
Btbd16	0.502	0.288	0.615	522	0.164346257999682
Dock1	0.466	0.184	0.561	1865	0.158701013099877
B4galnt4	0.538	0.319	0.635	1034	0.153565903680459
Ctxn1	0.601	0.664	0.818	82	0.145426824102356
Nek5	0.393	-0.037	0.447	627	0.160291783904899
Htra4	0.498	0.296	0.62	483	0.162896346142642
Zfp866	0.345	-0.213	0.36	520	0.157805966328712
Hapln4	0.57	0.422	0.693	400	0.168829731231586
Rnf150	0.558	0.382	0.67	437	0.170150708671068
Adgrl1	0.571	0.402	0.681	1466	0.161309848444057
Dhps	0.544	0.342	0.648	369	0.1669031406471
4933402J07Rik	0.513	0.282	0.613	270	0.170312532455724
Drc7	0.599	0.475	0.718	876	0.173056747246815
Slc7a6	0.468	0.222	0.58	515	0.155326411296779
Trim67	0.63	0.523	0.748	768	0.17788065913756
Piwil4	0.437	0.133	0.532	878	0.156446127798336
Opcml	0.465	0.192	0.571	337	0.152499054702523
Arhgap32	0.426	0.018	0.482	2089	0.152308772073518
Pate2	0.377	-0.089	0.413	111	0.167558764815678
Dixdc1	0.451	0.141	0.54	711	0.158135685638277
AI593442	0.506	0.237	0.592	199	0.160729073572811
Hcn4	0.574	0.415	0.686	1201	0.155080200280139
Snapc5	0.405	0.041	0.48	102	0.154324568506801
Slc51b	0.433	0.062	0.496	128	0.154375908491039
Ankrd34c	0.378	-0.087	0.415	534	0.152974621551558
Slc9a9	0.454	0.17	0.555	644	0.150310425602512
Gmppb	0.493	0.232	0.586	360	0.163723984982584
Tgm4	0.501	0.209	0.579	670	0.164284253578667
Gsdmc2	0.389	-0.014	0.452	480	0.154461437325678
Zfp781	0.355	-0.048	0.435	243	0.139436665647426
Pramel39	0.423	0.116	0.519	407	0.161329609675543
Dgkk	0.366	-0.087	0.415	1118	0.153487769716216
Thoc2	0.31	-0.292	0.312	1594	0.151169633979108
Gm773	0.317	-0.315	0.305	206	0.148876113658814
Il1rapl1	0.345	-0.14	0.385	696	0.150328989540826
Rtl5	0.465	0.168	0.557	599	0.158232312634357
Uprt	0.382	-0.033	0.445	310	0.151853277029708
Fnd3c2	0.348	-0.267	0.332	941	0.150730785487875
Gm5127	0.328	-0.102	0.388	212	0.141878211779869
Xkrx	0.42	0.139	0.528	449	0.149969151219661
Gm5128	0.336	-0.153	0.369	463	0.15201308345303
AV320801	0.338	-0.143	0.374	467	0.15357829440023
Tceal5	0.446	0.03	0.495	200	0.17182549433606
Serpina7	0.352	-0.158	0.383	426	0.148292652176784
Dnaaf6b	0.342	-0.272	0.322	218	0.150648704000549
Bend3	0.633	0.539	0.752	825	0.170941641526979
Mapk15	0.523	0.365	0.654	549	0.156541694146244
Krt78	0.454	0.086	0.519	1068	0.162218620740469
Zdhhc23	0.468	0.284	0.611	425	0.159658982697594
Zscan10	0.51	0.249	0.598	782	0.160910772833308
Grxcr2	0.523	0.311	0.633	254	0.170924204032645
Tigd3	0.485	0.196	0.569	470	0.164653794036547
Kcnk18	0.575	0.441	0.696	394	0.172975421894419
Nanos1	0.682	0.662	0.82	267	0.166604393728134
Lyg2	0.432	0.094	0.515	213	0.164129273973293
Lcn10	0.552	0.407	0.678	182	0.165682186514196
Card9	0.616	0.537	0.748	536	0.174412877670339
Fndc11	0.594	0.449	0.701	326	0.164419460156681
Pramel19	0.401	0.044	0.483	483	0.156026289738652
Zmynd12	0.461	0.188	0.561	363	0.160798398259171
Tfap2e	0.584	0.451	0.706	442	0.166260608995491
Ldc1	0.55	0.384	0.67	425	0.16490964429548
Tmem211	0.472	0.222	0.58	195	0.154073187799883
Kcp	0.57	0.326	0.646	1550	0.193539594229542
Cox6b2	0.519	0.281	0.619	88	0.158129898745333
Proser3	0.473	0.116	0.533	634	0.148992204256984
Trim75	0.45	0.159	0.548	467	0.164850490720242
Frem3	0.432	0.072	0.505	2127	0.150993345348228
Cngb1	0.56	0.334	0.649	1325	0.174005108097046
A4gnt	0.497	0.227	0.586	341	0.1565129432301
Gpd1l	0.641	0.569	0.768	351	0.185296618814401
H2al1o	0.392	0.031	0.472	110	0.142680958857571
B020031M17Rik	0.429	0	0.476	173	0.168796104848756
Zfp36l3	0.499	0.162	0.561	725	0.168717913823773
Fndc3c1	0.348	-0.255	0.338	1356	0.150995226399625
Frmpd4	0.423	0.031	0.486	1312	0.156120216235537
Mamld1	0.445	0.046	0.501	803	0.151068248967558
Ppp1r13l	0.565	0.351	0.655	824	0.154532917581907
Gm5134	0.477	0.273	0.606	671	0.162127533917861
H2-M10.2	0.472	0.181	0.559	329	0.157635386871413
N4bp2	0.367	-0.143	0.398	1678	0.151038432560056
Cd59b	0.358	-0.049	0.432	129	0.173099043054463
Cyp3a44	0.368	-0.101	0.409	504	0.148820209838985
Mia2	0.326	-0.269	0.322	794	0.146470648756282
Cog3	0.391	0.016	0.47	828	0.153630281880188
Gpr21	0.43	0.071	0.497	349	0.153128519491638
Ttc16	0.538	0.35	0.652	824	0.164812154872599
Cntln	0.371	-0.038	0.445	1396	0.156713700256868
Acad12	0.483	0.184	0.562	555	0.162849697674599
Akap17b	0.364	-0.118	0.405	959	0.156263441637009
Nell1	0.445	0.067	0.506	810	0.182854882347
Zfp780b	0.387	-0.125	0.409	806	0.166995912292208
Fkbp15	0.443	0.063	0.503	1216	0.161237500933159
Supv3l1	0.439	0.144	0.537	779	0.159310364972765
Ust	0.549	0.395	0.672	407	0.159304305846807
Tmem241	0.402	0.072	0.496	297	0.152013400013234
Trim65	0.588	0.46	0.71	522	0.168612828986864
Slc41a2	0.403	0.081	0.505	573	0.155808869108626
Myo1d	0.467	0.19	0.565	1006	0.163726606410033
Pheta2	0.479	0.155	0.546	259	0.158169377120457
Tmem220	0.464	0.195	0.566	191	0.165219227999734
Nalcn	0.387	0.012	0.464	1739	0.148610308833237
Endov	0.543	0.371	0.664	338	0.166302304573891
Map3k9	0.535	0.328	0.64	1077	0.159954712283833
Ifnl3	0.608	0.485	0.718	193	0.175255702164606
Atp6v1g3	0.505	0.273	0.613	118	0.181049665346306
Cndp1	0.455	0.135	0.537	492	0.155868931906569
Scgb1c1	0.514	0.354	0.652	95	0.169150112261355
Morc3	0.377	-0.06	0.436	942	0.158214491414336
Fa2h	0.609	0.492	0.729	372	0.157187112401524
Kdm7a	0.36	-0.167	0.381	940	0.151644461908243
Dppa1	0.357	-0.055	0.429	116	0.146581447383042
Pramel4	0.391	0.022	0.465	500	0.149140619704955
Pramel6	0.409	0.045	0.482	485	0.164725016548179
Pramel7	0.389	0.013	0.462	479	0.155142487929222
Agap1	0.575	0.453	0.708	857	0.164745353780071
Caps2	0.347	-0.15	0.385	592	0.150765973063885
Plekhm1	0.52	0.265	0.607	1074	0.167532202854573
Prss33	0.516	0.286	0.614	277	0.162338658993211
Tas2r139	0.333	-0.062	0.419	319	0.143950003666174
Gjd3	0.739	0.781	0.882	278	0.168906028836508
Egfl7	0.482	0.152	0.55	278	0.165867236185828
Tas2r136	0.303	-0.205	0.335	327	0.141674686139029
Tas2r117	0.284	-0.177	0.348	330	0.138679616633758
Tas2r123	0.309	-0.098	0.392	333	0.135000716899422
Slc2a12	0.408	0.103	0.513	622	0.150026020195957
Txlng	0.345	-0.168	0.375	524	0.158912003430346
Gars	0.434	0.093	0.516	729	0.160313105303612
Nr1d2	0.393	-0.087	0.424	576	0.158559794927237
Adam32	0.374	-0.116	0.408	754	0.158540884473614
Edc3	0.458	0.135	0.539	508	0.162718798687119
Aldoart1	0.494	0.159	0.554	419	0.170476065857422
Zfp931	0.312	-0.413	0.259	298	0.147992951496407
Prune2	0.398	-0.067	0.439	3084	0.151507478214656
Pcdha2	0.48	0.2	0.575	948	0.158623490350017
Pcdha8	0.477	0.19	0.568	946	0.161814275200645
Pcdhac1	0.424	0.033	0.488	964	0.153943766474532
Pcdhac2	0.483	0.203	0.574	1006	0.156811744168237
Mrpl21	0.424	0.114	0.524	216	0.155757394113251
Ltv1	0.406	-0.027	0.455	470	0.15952604480562
Sfmbt2	0.43	0.064	0.498	975	0.160097208304018
Eras	0.494	0.169	0.561	227	0.178164329556613
Zfp703	0.611	0.517	0.747	594	0.161065705658075
Defb37	0.448	0.13	0.533	62	0.183823696995234
Tas2r115	0.301	-0.138	0.365	310	0.134321922593652
Rtl1	0.473	0.2	0.574	1744	0.154681147306312
Opn5	0.453	0.125	0.529	377	0.162264121306165
Gpr141	0.369	0.05	0.481	305	0.147261888442413
Oxct2b	0.622	0.55	0.758	520	0.170111893759878
Tmc4	0.501	0.288	0.611	694	0.155581710914092
Hcfc1r1	0.535	0.311	0.624	120	0.146927777375
Myo18a	0.564	0.394	0.674	2083	0.171619161065359
H3c1	0.788	0.78	0.88	136	0.175797925848319
Defb34	0.386	-0.046	0.447	81	0.166396402355192
Defb38	0.41	-0.077	0.426	63	0.176040197922717
Trim46	0.556	0.384	0.669	759	0.16692728384921
Defb39	0.431	0.089	0.507	74	0.17299988441965
Zranb1	0.321	-0.289	0.308	708	0.149495746479925
Defb40	0.359	-0.076	0.42	73	0.169074609224014
Speer4d	0.467	0.189	0.564	212	0.164015555295715
Prss48	0.45	0.121	0.529	312	0.158141831465917
Khdc1a	0.419	0.042	0.48	166	0.149349179334131
Col27a1	0.467	0.108	0.531	1845	0.153886234854498
Nlrp12	0.461	0.199	0.563	1054	0.163062674214694
Nanos2	0.521	0.289	0.621	136	0.167135930427826
Txlnb	0.453	0.081	0.515	685	0.164058173774056
Mafa	0.735	0.745	0.866	359	0.180774332358986
Pram1	0.493	0.155	0.554	675	0.157496736944342
Morn2	0.425	-0.056	0.453	79	0.154281862674922
Bpifb3	0.501	0.311	0.624	473	0.156415050940252
Serf2	0.453	0.167	0.55	133	0.145331147639523
Lrrc24	0.508	0.312	0.623	521	0.158165842275282
Raet1e	0.398	-0.008	0.464	251	0.153578000800308
Fastkd5	0.333	-0.151	0.378	807	0.144840328860737
Tagap1	0.45	0.122	0.535	505	0.153569237613652
Intu	0.429	0.099	0.518	942	0.155845508710025
Heca	0.539	0.331	0.648	544	0.179465761926988
Acss3	0.371	-0.104	0.413	682	0.156347022201024
Lemd3	0.452	0.248	0.599	918	0.157378141995296
Lin28b	0.399	-0.044	0.45	271	0.159451437352255
Sec14l3	0.537	0.329	0.64	401	0.166332653889223
Nefh	0.578	0.31	0.643	1090	0.185957480986448
Cnrip1	0.554	0.394	0.677	164	0.160233592673445
Ccnjl	0.551	0.409	0.683	387	0.160744806763628
Obscn	0.563	0.372	0.667	8032	0.170703770975279
Slc47a2	0.478	0.311	0.625	573	0.161177373046916
Shisa6	0.591	0.469	0.716	525	0.160649142304612
Tmem102	0.454	0.209	0.574	509	0.151600661528625
Spata22	0.295	-0.449	0.234	358	0.147477774427756
Rap1gap2	0.563	0.354	0.658	712	0.161759664472903
Tlcd2	0.45	0.209	0.567	310	0.152869368983077
Scarf1	0.539	0.245	0.606	820	0.183627385325188
Rph3al	0.549	0.365	0.66	302	0.162639837215054
Mks1	0.536	0.345	0.649	561	0.157372606590461
Kcnh4	0.535	0.358	0.652	1018	0.15572564176736
Gm884	0.336	-0.222	0.349	1467	0.145464043890623
Milr1	0.39	-0.023	0.45	246	0.148657382386356
Eipr1	0.529	0.318	0.638	386	0.166982292589633
Atxn7l1	0.461	0.133	0.544	739	0.151150390781196
Lsmem1	0.405	0.111	0.516	128	0.152146840976462
Ccdc177	0.672	0.673	0.821	706	0.162154843223735
Slirp	0.307	-0.297	0.306	112	0.144374684480926
Serpina11	0.523	0.319	0.632	427	0.16096354457561
Begain	0.696	0.655	0.817	619	0.174291337004333
Lbhd2	0.472	0.009	0.486	114	0.165985570992006
Mrs2	0.452	0.237	0.579	434	0.151808335468474
Serpinb1c	0.432	0.052	0.496	375	0.163017010793448
Lyrm4	0.358	-0.007	0.448	91	0.147495374189616
Stmnd1	0.419	-0.002	0.469	279	0.157549698023788
Gm904	0.409	-0.089	0.424	102	0.158884416010392
Gm5141	0.295	-0.432	0.246	581	0.147470735956534
Rsl1	0.354	-0.206	0.363	485	0.164764979874937
Tmem171	0.452	0.112	0.527	322	0.154970107335445
AF067063	0.42	-0.02	0.462	163	0.173029247436187
Gm906	0.392	-0.075	0.429	1017	0.151463847740669
Gm5142	0.427	0.029	0.48	133	0.143720812633085
Zfp395	0.563	0.335	0.65	508	0.169911293461054
Lrch1	0.446	0.197	0.566	709	0.158266216809844
Siah3	0.536	0.384	0.668	268	0.167425220899083
Gm1587	0.44	0.106	0.513	123	0.161478044897839
Dgkh	0.429	0.089	0.516	1156	0.161124602297661
Olfm4	0.411	0.024	0.476	538	0.153335415376096
Lmo7	0.411	0.005	0.47	1699	0.151921762445316
Alg10b	0.397	0.096	0.509	474	0.148183348008019
Tmem106c	0.527	0.306	0.63	260	0.160360833887421
Nckap5l	0.533	0.279	0.618	1323	0.156544663089709
Higd1c	0.438	0.181	0.56	96	0.150388026168152
Zfat	0.51	0.235	0.596	1237	0.17335158358601
Gm20736	0.32	-0.26	0.337	188	0.16087529190831
Cyp2d12	0.491	0.223	0.579	504	0.154934457442896
Kmt2d	0.496	0.186	0.57	5588	0.15803054107209
Parl	0.391	-0.008	0.458	377	0.147267910886553
Smbd1	0.494	0.24	0.59	141	0.172062953752474
Ccdc58	0.34	-0.084	0.42	144	0.152576530569092
Unc93a	0.523	0.311	0.63	458	0.166838907805661
Gm1604b	0.521	0.25	0.607	118	0.161434246625315
Ermard	0.37	-0.018	0.442	622	0.152558365513407
Zfp948	0.332	-0.311	0.312	667	0.161055871094579
Zfp229	0.351	-0.258	0.339	705	0.166615292836453
Abca17	0.432	0.132	0.533	1733	0.154709890807843
Npw	0.522	0.405	0.673	176	0.140608699819223
Ccdc78	0.462	0.14	0.535	437	0.163209159427284
Tbc1d22b	0.544	0.387	0.669	505	0.156914130005835
H2-Eb2	0.475	0.208	0.574	287	0.159694973293664
Dnph1	0.492	0.28	0.613	173	0.164740719805537
Prickle4	0.506	0.24	0.597	369	0.170233525382013
Tmem232	0.39	-0.024	0.45	675	0.157644198414086
Rmdn2	0.38	-0.05	0.438	410	0.155128324619069
Arhgef33	0.53	0.333	0.647	850	0.163483200389122
Cdkl4	0.396	0.026	0.473	342	0.156770858119308
Capn13	0.464	0.178	0.56	665	0.153831689620593
Garem1	0.496	0.232	0.592	876	0.156001705801084
Arl14epl	0.57	0.339	0.653	152	0.188894021335418
Prob1	0.506	0.273	0.614	1010	0.146548680751009
Greb1l	0.447	0.151	0.544	1913	0.154600492551646
Ccdc68	0.37	-0.064	0.427	333	0.15531774636754
Gm960	0.449	0.148	0.543	753	0.157446392708448
Tmem151a	0.582	0.462	0.711	468	0.160011123797786
Ap5b1	0.49	0.279	0.605	876	0.157624885299819
Slc22a20	0.51	0.303	0.623	556	0.157866243162559
Naaladl1	0.514	0.276	0.614	745	0.15505171173805
Entrep1	0.491	0.24	0.589	596	0.158842491796345
Spata6l	0.361	-0.091	0.413	347	0.142751915897551
Cfap58	0.543	0.389	0.669	873	0.18071566248347
Lipo3	0.307	-0.332	0.289	399	0.149361312824251
Xkr9	0.294	-0.227	0.33	373	0.141539856552921
Tmem237	0.381	-0.095	0.413	413	0.150980313736295
Gm973	0.411	0.019	0.473	1059	0.15691877276051
Mreg	0.484	0.265	0.598	214	0.162810524349645
Marchf4	0.505	0.245	0.595	409	0.162960939878606
A630095N17Rik	0.433	-0.006	0.459	116	0.142142994936936
Hjurp	0.413	0.031	0.484	667	0.156909083471429
Crocc2	0.531	0.35	0.645	1638	0.166610068513904
Serpinb3c	0.366	-0.108	0.411	386	0.152355546269809
A530032D15Rik	0.453	0.117	0.535	211	0.160655278759299
Atp2b4	0.481	0.21	0.575	1205	0.163457456798282
Kif14	0.379	-0.053	0.439	1674	0.154489555726199
Rc3h1	0.368	-0.164	0.379	1130	0.147672767751088
BC055324	0.356	-0.078	0.417	903	0.155202768907234
Ifi211	0.366	-0.171	0.386	425	0.155235102623665
Stum	0.599	0.56	0.765	141	0.168380765932357
Iars2	0.422	0.065	0.502	1012	0.157650911496787
Nsl1	0.469	0.19	0.567	281	0.162636634429444
Batf3	0.624	0.532	0.748	118	0.180987725428346
Gal3st2	0.582	0.424	0.689	396	0.160600619117354
Fam178b	0.534	0.359	0.651	523	0.160031350432537
Lonrf2	0.43	0.074	0.504	518	0.164853022224323
Tmem182	0.453	0.191	0.565	229	0.152241410091288
Spag6	0.457	0.155	0.545	509	0.171126525223551
Mamdc4	0.517	0.246	0.601	1232	0.16348135876643
Ajm1	0.562	0.379	0.666	974	0.14923095546942
Cacfd1	0.618	0.486	0.725	171	0.182465027287416
Prdm12	0.688	0.648	0.812	365	0.173178236481567
Sp9	0.728	0.793	0.892	484	0.174888343359005
Pjvk	0.413	0.06	0.494	352	0.15704390889937
Med19	0.516	0.174	0.567	244	0.16260303543775
4921509C19Rik	0.386	-0.028	0.448	640	0.150860274829871
Bpifb4	0.481	0.254	0.594	617	0.156081581835786
Pabpc1l	0.548	0.346	0.652	607	0.162667501057994
Zfp663	0.416	0.011	0.479	656	0.163515687095289
Trp53rka	0.601	0.604	0.785	244	0.160274084938148
Cdh26	0.428	0.084	0.51	763	0.153182874512569
Zfp408	0.526	0.278	0.617	710	0.163302700302273
Accsl	0.492	0.247	0.599	580	0.16790751547201
Gpr176	0.521	0.322	0.638	515	0.157523562390939
Slc28a2b	0.413	0.048	0.484	660	0.15794806726878
Ctxn2	0.411	0.024	0.481	82	0.159017723880983
Gm5148	0.422	0.116	0.524	154	0.150710941914754
Crnn	0.421	-0.04	0.458	520	0.153656230335613
Nr1h5	0.362	-0.128	0.402	505	0.151864256364577
Stpg2	0.339	-0.304	0.312	561	0.14579933429085
Gm5150	0.378	-0.061	0.425	299	0.153650203804967
Trim55	0.445	0.055	0.501	545	0.163914027313061
Rxfp1	0.379	-0.017	0.447	758	0.152778313783843
S100a7a	0.599	0.424	0.689	108	0.175080558655145
Dpy19l4	0.326	-0.165	0.37	722	0.145223091371261
Pdp1	0.358	-0.152	0.384	578	0.151240237482202
Ccdc180	0.502	0.279	0.612	1664	0.16797999969043
Mup20	0.337	-0.177	0.362	181	0.154246912747951
Mup21	0.342	-0.173	0.362	181	0.152425516570314
Ube2u	0.339	-0.237	0.345	352	0.14744704630643
Gm12789	0.44	0.136	0.535	164	0.154122783670138
Mroh7	0.539	0.34	0.643	1279	0.165644793952148
Armh1	0.502	0.322	0.631	441	0.163293034375058
Ccdc24	0.462	0.188	0.561	268	0.152389198582379
Zfp69	0.44	0.051	0.5	587	0.163304452661059
Xkr8	0.554	0.427	0.684	401	0.156837816747455
Pramel26	0.339	-0.099	0.401	494	0.148495584972093
Oog2	0.335	-0.12	0.39	476	0.14758201080296
Aadacl4fm1	0.406	0.018	0.469	407	0.15460466627782
Ccdc27	0.547	0.355	0.656	639	0.168823319281795
Tmem240	0.717	0.709	0.842	173	0.179029239062003
Pramel32	0.377	-0.004	0.45	493	0.159152334449745
L1td1	0.383	-0.021	0.454	782	0.156265103808749
Tbc1d2	0.614	0.518	0.74	922	0.171566830253103
5031410I06Rik	0.441	0.094	0.512	267	0.164727124137252
Rbm33	0.422	-0.025	0.458	1231	0.15064065406004
Adgrf3	0.496	0.266	0.606	991	0.158575115823611
Atraid	0.416	0.024	0.474	223	0.171525711202416
Gm1673	0.564	0.485	0.715	137	0.158423348191265
Cep135	0.406	0.071	0.496	1140	0.160237387042981
Odaph	0.455	0.092	0.512	126	0.134363221042488
Pramel34	0.382	-0.01	0.453	475	0.15399922718705
Lrcol1	0.559	0.354	0.654	161	0.182533849574773
Fbrsl1	0.597	0.442	0.704	1031	0.155940757207094
A330070K13Rik	0.392	-0.072	0.426	115	0.149136770986256
Vgf	0.553	0.394	0.677	617	0.156872657380591
Zcwpw1	0.434	0.006	0.479	630	0.172656051704565
Nxpe5	0.457	0.147	0.541	542	0.150593875261476
Kpna7	0.461	0.185	0.556	520	0.160721224713332
Wdr95	0.47	0.175	0.561	642	0.16160392052858
B3glct	0.426	0.133	0.535	489	0.152546498094976
N4bp2l2	0.335	-0.297	0.316	575	0.148647936062627
Gm9758	0.439	0.123	0.527	255	0.162599893165861
Pttg1ip2	0.369	-0.092	0.413	150	0.170729356506277
Pramel37	0.415	0.087	0.504	481	0.161691269397081
Drc1	0.543	0.382	0.666	753	0.169195190914248
Lrrc43	0.54	0.366	0.659	667	0.163503571674642
Wee2	0.39	-0.052	0.438	555	0.154145365416531
Ssbp1	0.312	-0.197	0.359	152	0.136989512330535
4930590J08Rik	0.479	0.207	0.576	933	0.160283509937273
Tatdn2	0.461	0.124	0.535	783	0.157709453796914
Tsen2	0.492	0.213	0.579	460	0.163116555259838
Clec4b2	0.381	-0.043	0.445	208	0.160732512538505
Lpar5	0.576	0.461	0.705	384	0.156619047343415
Cracr2a	0.514	0.238	0.595	310	0.167539086145387
Prmt8	0.528	0.316	0.638	394	0.167334013931568
Clec2m	0.357	-0.133	0.393	189	0.155404187972108
A630073D07Rik	0.356	-0.144	0.384	100	0.141512211202688
Smim10l1	0.609	0.498	0.729	89	0.15905362566275
Apold1	0.633	0.623	0.793	246	0.166763059469297
Prpmp5	0.408	-0.199	0.38	296	0.14128205998614
Prb1	0.429	-0.164	0.404	504	0.142815565748077
Sbk3	0.439	0.092	0.511	342	0.150653396859881
Sbk2	0.536	0.326	0.638	362	0.162120542497766
Vmn2r43	0.34	-0.161	0.379	845	0.148090436311559
Rnf225	0.542	0.292	0.619	332	0.154908285887348
Gipr	0.562	0.416	0.68	460	0.160061860997821
Ovol3	0.537	0.279	0.614	189	0.166884218737179
Alg8	0.385	0.035	0.473	526	0.146398828820938
Taok2	0.474	0.205	0.569	1240	0.159670223704509
Itgad	0.493	0.235	0.59	1202	0.159794528989563
Plpp4	0.468	0.192	0.563	271	0.153547055498129
Spef1l	0.472	0.193	0.563	307	0.159470024333094
Usp17lb	0.444	0.066	0.511	468	0.166729779324032
Scgb2b2	0.359	-0.083	0.414	114	0.157473434182112
Mrgprg	0.535	0.444	0.697	289	0.162667820612876
Brsk1	0.53	0.318	0.634	778	0.15453440929711
Lmtk3	0.595	0.477	0.723	1424	0.158414827332709
Zbtb2	0.559	0.4	0.681	514	0.166417048280908
E030018B13Rik	0.447	0.012	0.495	113	0.161726669493521
Defa39	0.462	0.076	0.518	116	0.18674410689547
Adam26b	0.313	-0.273	0.324	699	0.155122644964983
Cep44	0.381	-0.046	0.441	386	0.157119778334806
Ano8	0.591	0.482	0.72	1060	0.165163079948436
Unc13a	0.631	0.516	0.744	1712	0.176284162972673
Zfp882	0.349	-0.227	0.355	555	0.163833952286003
Cnep1r1	0.277	-0.325	0.28	125	0.142611255578211
Gse1	0.588	0.455	0.708	1223	0.157218026356896
Pabpn1l	0.495	0.221	0.586	273	0.160827284610291
Urb2	0.399	0.081	0.498	1524	0.154850674723292
Ces1b	0.4	-0.009	0.462	567	0.152291538372786
Adgrg5	0.55	0.416	0.683	524	0.158731803344522
Pdp2	0.483	0.249	0.595	532	0.159217487556855
Ces3a	0.438	0.114	0.526	571	0.1521411684122
Crtc1	0.586	0.409	0.688	630	0.155087642009271
Defa22	0.411	0.043	0.478	93	0.158261699894528
AB124611	0.532	0.288	0.624	226	0.155387871493564
Prdm10	0.493	0.183	0.567	1135	0.161902750861877
Ccdc84	0.474	0.151	0.552	332	0.160696764937061
Foxr1	0.451	0.111	0.523	223	0.154362097540507
Odf3l1	0.524	0.227	0.591	275	0.159451189166955
Ccdc33	0.517	0.261	0.604	985	0.161589619770385
Snx22	0.552	0.37	0.663	192	0.151975042651828
Omt2b	0.351	-0.071	0.409	119	0.144177300107515
Ripply2	0.417	0.041	0.496	128	0.152822263058579
Cep162	0.356	-0.129	0.398	1403	0.154782417133215
Gm1123	0.395	-0.047	0.444	390	0.155994053219968
Fbxw15	0.379	-0.045	0.433	466	0.15725388057597
Fbxw24	0.373	-0.051	0.432	466	0.152771918214164
Fbxw26	0.388	-0.031	0.445	466	0.153005143767364
Susd5	0.498	0.223	0.592	619	0.160456990676214
Slc22a14	0.485	0.281	0.609	629	0.155120569494857
Tcaim	0.394	0.025	0.472	509	0.146525534902042
Zkscan7	0.403	-0.029	0.456	718	0.164038248340938
Gm20738	0.406	0.079	0.507	227	0.158217220496261
Fdxacb1	0.387	-0.038	0.442	622	0.154845500940238
Fbxw22	0.369	-0.067	0.425	466	0.150091793765647
Ssx9	0.371	-0.123	0.4	170	0.155342125685328
Jade3	0.389	-0.082	0.427	824	0.15761189593107
Rhox3a	0.366	-0.12	0.4	215	0.152609251715687
Gm1140	0.347	-0.2	0.367	229	0.156049931104879
Brwd3	0.311	-0.308	0.302	1799	0.142819585770348
Cpxcr1	0.32	-0.294	0.308	322	0.14756479629301
Gm10439	0.293	-0.304	0.293	433	0.129861773192227
Gm15091	0.298	-0.287	0.305	449	0.131157441854597
Tmem29	0.525	0.277	0.614	204	0.158685707737059
Bclaf3	0.317	-0.353	0.281	752	0.138756706887943
Cdkl5	0.386	-0.059	0.435	938	0.147832842242165
Gm5168	0.302	-0.362	0.284	211	0.147547904658931
Gm5169	0.295	-0.406	0.263	212	0.14842261951582
Rhox12	0.429	0.017	0.481	186	0.168034233891717
Sly	0.305	-0.334	0.3	222	0.155020473985481
Taar8b	0.409	0.031	0.482	344	0.15541825866266
Odf3l2	0.505	0.213	0.583	277	0.147541500398118
Poc1b	0.401	0.006	0.468	476	0.153926423180462
Atxn7l3b	0.629	0.549	0.76	97	0.183585465638477
Best3	0.472	0.222	0.582	669	0.146652969911654
Ankfn1	0.491	0.228	0.589	403	0.155404402626351
Cd300ld3	0.471	0.13	0.537	245	0.159312115238461
Pfn4	0.407	0.023	0.48	129	0.160624215248184
Kcnf1	0.618	0.53	0.746	505	0.17059875382283
Tmed8	0.496	0.215	0.589	326	0.160629170784126
Zbtb42	0.586	0.462	0.713	420	0.165997820404157
Mtx3	0.41	0.052	0.487	312	0.152159130775936
Colq	0.456	0.091	0.52	457	0.159681532245595
Zfp488	0.481	0.126	0.536	337	0.158288671154657
Neil2	0.452	0.132	0.54	329	0.156726027076382
Rrm2b	0.36	-0.125	0.397	351	0.149479898065816
Enthd1	0.476	0.184	0.568	618	0.153133002413177
Tvp23a	0.529	0.324	0.636	222	0.167849879443566
Or14j7	0.393	0.04	0.478	308	0.143548597922811
Vmn2r118	0.332	-0.182	0.363	853	0.147325869929035
Ypel5	0.388	-0.077	0.419	121	0.151579784159804
Kctd16	0.448	0.142	0.54	427	0.158108872734679
Prdm14	0.474	0.181	0.565	561	0.161961545864666
Serpinb3b	0.361	-0.14	0.396	387	0.152714371910716
Gpr25	0.716	0.777	0.878	358	0.163850342302006
Aim2	0.373	-0.134	0.4	354	0.161099842532776
Obp2b	0.493	0.208	0.578	176	0.168356710019819
Tldc2	0.54	0.313	0.635	212	0.157660206618949
Ankrd63	0.563	0.446	0.7	390	0.162020006996996
Glipr2	0.542	0.328	0.651	154	0.171719080788847
Tlr12	0.469	0.256	0.59	906	0.157833850333316
Fndc5	0.614	0.536	0.753	209	0.170461117433785
Slc25a34	0.538	0.333	0.645	318	0.168585913627043
Pramel5	0.388	0.031	0.471	500	0.153164386043588
Arl9	0.379	0.022	0.472	133	0.148796098576041
Fam47e	0.438	0.133	0.53	260	0.160715794015889
Ephx4	0.413	0.067	0.493	359	0.150946333116649
Vmn2r11	0.343	-0.169	0.372	861	0.146136654653415
Vmn2r16	0.334	-0.209	0.352	850	0.145943761342214
Vmn2r17	0.34	-0.201	0.356	849	0.146867454098184
Foxl3	0.623	0.488	0.727	216	0.160884077569793
Gatc	0.5	0.284	0.618	155	0.159688856720376
Trim56	0.502	0.276	0.613	734	0.167978440080668
Noto	0.548	0.393	0.674	240	0.158564960997295
Vmn1r55	0.373	-0.019	0.445	310	0.151681722841236
Vmn2r52	0.341	-0.186	0.365	852	0.148934376227828
Ceacam3	0.373	0.008	0.466	706	0.144372776068628
Nova2	0.692	0.703	0.844	492	0.174750053238323
Vmn1r177	0.343	-0.133	0.388	309	0.146375061928701
Scgb1b3	0.352	-0.159	0.38	93	0.16685518993654
Scgb1b29	0.346	-0.135	0.391	93	0.162778545907172
Kash5	0.513	0.26	0.6	648	0.160933432849432
Vmn1r123	0.36	-0.087	0.412	307	0.146675855858867
Vmn1r119	0.34	-0.121	0.396	307	0.143519722485672
Usp17ld	0.447	0.097	0.523	545	0.164894587592697
Or52e18	0.376	0.017	0.458	312	0.145061936001832
Cyp2t4	0.482	0.25	0.592	503	0.153860716573002
Or2d2b	0.387	0.009	0.46	315	0.149100167699098
Zfp667	0.363	-0.102	0.413	609	0.161874034387029
Irs2	0.566	0.369	0.668	1321	0.157190554828943
Adam20	0.338	-0.194	0.364	760	0.158709076823335
Adam34l	0.317	-0.277	0.322	736	0.154231871840517
Pglyrp4	0.44	0.123	0.533	375	0.164909373661362
BC061237	0.428	0.092	0.508	184	0.169153590747523
Gm1527	0.329	-0.195	0.358	650	0.148050945135734
Ssxb10	0.398	-0.082	0.429	170	0.155782234586576
H2al3	0.44	0.078	0.512	128	0.168755684145529
H2al1n	0.396	0.057	0.486	109	0.142955386317766
Rhox1	0.418	0.009	0.472	224	0.160098833059772
Frmd7	0.358	-0.142	0.39	703	0.146160152592565
Pnma5	0.392	-0.014	0.46	618	0.156628331517894
Tex28	0.428	0.104	0.517	409	0.154296521358492
Kng2	0.387	-0.151	0.394	644	0.158654823163383
Nxpe3	0.478	0.241	0.594	559	0.15270983181896
Lca5l	0.486	0.222	0.586	735	0.168778713149814
Zfp174	0.436	0.133	0.534	407	0.162768869046596
Rnf39	0.596	0.481	0.719	352	0.16858614567063
Cdsn	0.508	0.229	0.601	561	0.151764323080532
Rnf133	0.384	-0.057	0.437	339	0.156058301023735
Thoc6	0.498	0.266	0.607	341	0.162220397349006
Nsfl1c	0.45	0.117	0.53	372	0.15786778583979
Eid2	0.599	0.546	0.753	236	0.159923636051414
Slitrk3	0.391	-0.008	0.457	980	0.151151658546315
Dbpht2	0.37	-0.172	0.38	128	0.132857441503806
Ssxb9	0.384	-0.116	0.411	185	0.155806318974184
Ssxb2	0.388	-0.073	0.432	165	0.157186990472543
Hcrtr2	0.416	0.104	0.516	460	0.152386040544127
Tmtc1	0.507	0.307	0.625	942	0.163584767764523
Defb50	0.384	-0.086	0.424	73	0.162706443625657
Tas2r102	0.314	-0.135	0.37	347	0.140973581138692
Tas2r104	0.3	-0.122	0.376	302	0.141045990294161
Tas2r106	0.306	-0.146	0.365	308	0.145083314189452
Tas2r107	0.302	-0.145	0.372	308	0.140351283269137
Tas2r109	0.29	-0.177	0.344	316	0.136423675176372
Tas2r110	0.291	-0.152	0.361	333	0.130893303568011
Tas2r113	0.293	-0.214	0.33	309	0.134609164886108
Tas2r114	0.288	-0.15	0.357	309	0.140208301483262
Tas2r118	0.38	0.059	0.487	299	0.143547678589846
Tas2r120	0.325	-0.113	0.389	295	0.144041561343139
Tas2r121	0.294	-0.157	0.36	305	0.131579464336912
Tas2r124	0.289	-0.184	0.337	309	0.136102570595194
Tas2r125	0.346	-0.062	0.407	311	0.145156660152366
Tas2r126	0.43	0.192	0.552	308	0.141332414548181
Tas2r129	0.314	-0.108	0.386	320	0.142751849445257
Tas2r130	0.333	-0.048	0.424	312	0.143839550988147
Tas2r131	0.291	-0.144	0.36	310	0.134953974283318
Ifnk	0.388	0.021	0.466	199	0.151688325583946
Tas2r134	0.434	0.138	0.528	298	0.146609568411635
Tas2r135	0.352	-0.01	0.446	321	0.143540320761901
Tas2r138	0.419	0.158	0.538	331	0.154447275931843
Tas2r143	0.48	0.236	0.58	293	0.148782595415701
Tas2r144	0.398	0.069	0.486	319	0.146879069606789
Znrf2	0.543	0.43	0.701	238	0.165066518621852
Sval3	0.314	-0.211	0.343	144	0.148777895244776
Ssxb5	0.386	-0.117	0.411	159	0.157391488722102
Zhx2	0.502	0.234	0.596	836	0.161056747863118
Tas2r140	0.299	-0.165	0.361	312	0.131079332957332
Mettl7a2	0.64	0.585	0.778	244	0.176632819527556
Serpinb3d	0.365	-0.143	0.396	387	0.150698969526651
Ugt1a10	0.415	0.051	0.493	530	0.157281303093842
Ugt1a7c	0.421	0.066	0.501	531	0.159258899735419
Ugt1a5	0.433	0.122	0.528	529	0.155408527179767
Ugt1a9	0.411	0.042	0.487	528	0.156452930942328
Ugt1a6b	0.441	0.136	0.534	531	0.15523925900122
Ugt1a1	0.433	0.104	0.519	535	0.158034087634295
Flrt1	0.616	0.491	0.724	674	0.167545080024397
Scn4b	0.555	0.422	0.688	228	0.173495786368324
H2-M10.6	0.44	0.072	0.502	330	0.15957464213809
Flrt2	0.427	0.131	0.531	660	0.151819584681656
Btbd6	0.544	0.365	0.662	539	0.169426918046214
Cdin1	0.453	0.169	0.552	287	0.161683949594912
Tmsb15l	0.311	-0.388	0.282	80	0.146812320367352
Ccdc87	0.436	0.161	0.546	855	0.146982563487829
Lratd2	0.632	0.531	0.751	310	0.16238863800866
Tdpoz2	0.424	0.087	0.512	360	0.162149165610571
Tdpoz3	0.449	0.106	0.523	365	0.167090383790776
Tdpoz4	0.421	0.037	0.486	370	0.158840258347504
Tdpoz5	0.436	0.078	0.508	340	0.162126769423051
Tcaf3	0.405	0.031	0.48	914	0.15266683182954
Banf2	0.538	0.338	0.643	90	0.182808597889132
Defb21	0.361	-0.077	0.417	100	0.158215378571596
Msantd1	0.605	0.498	0.728	278	0.170126510689358
Tigd4	0.354	-0.151	0.386	513	0.157128049960946
Plcxd1	0.58	0.438	0.698	357	0.163668925769399
Ccdc121rt1	0.491	0.271	0.605	323	0.168520080205763
Mettl21e	0.357	-0.125	0.395	244	0.156006317385399
Cfap97d2	0.501	0.27	0.602	98	0.161849950359276
Opa3	0.654	0.542	0.753	179	0.187910154336796
Lypd9	0.488	0.296	0.623	145	0.165876088441514
Agr3	0.363	-0.069	0.419	165	0.149635605945754
Clec3a	0.463	0.205	0.574	196	0.170134024920683
Gfral	0.351	-0.187	0.373	393	0.166460136444136
Cyp2c54	0.375	-0.087	0.412	490	0.148788157146078
Or6k6	0.413	0.079	0.497	307	0.150698712274848
Mrgprb3	0.363	-0.021	0.434	312	0.151929281356315
Mrgprb5	0.347	-0.084	0.407	322	0.150096359675515
Mrgprb8	0.357	-0.054	0.424	330	0.152332877215158
Mrgprx1	0.403	0.085	0.492	322	0.147699362530486
Vmn1r59	0.361	-0.019	0.445	310	0.146189115654596
Vmn1r64	0.369	-0.044	0.433	320	0.152025973939738
Vmn1r179	0.352	-0.114	0.395	323	0.144749046284055
V1rd19	0.35	-0.129	0.392	305	0.143989898243106
Vmn1r181	0.351	-0.114	0.398	304	0.143339335623671
Vmn1r93	0.345	-0.113	0.395	321	0.14357694297274
Vmn1r174	0.336	-0.131	0.38	313	0.148816614769378
Or10al2	0.376	-0.006	0.453	321	0.14935721129568
Or5h22	0.306	-0.36	0.277	298	0.143429199291624
Or5h24	0.306	-0.36	0.277	298	0.143429199291624
Or5ac17	0.349	-0.037	0.431	308	0.148685590644267
Or5ac25	0.34	-0.089	0.401	305	0.14080323321113
Or8c10	0.331	-0.175	0.367	331	0.145825329639209
Or8c11	0.371	-0.042	0.436	316	0.146509323222859
Or2z8	0.483	0.3	0.621	314	0.147948288965963
Or1a1	0.475	0.214	0.573	313	0.153709513996807
Or52j3	0.368	-0.039	0.43	312	0.148541432761441
Or56a3b	0.399	0.108	0.505	315	0.149592060745149
Or6s1	0.467	0.232	0.584	331	0.153398090633637
Or6c206	0.359	-0.033	0.432	312	0.148629602253876
Or8d2	0.396	0	0.455	308	0.146884238792104
Or5al6	0.374	-0.047	0.432	313	0.149681387511015
Or8k20	0.347	-0.118	0.39	308	0.144880029650326
Or8j3b	0.394	0.056	0.487	315	0.15011721251573
Or10ag52	0.351	-0.07	0.414	326	0.142372751965873
Or10ag56	0.318	-0.196	0.347	307	0.148529853395758
Or5d43	0.344	-0.088	0.409	312	0.142389724869864
Or4p23	0.374	-0.029	0.437	308	0.149318818260949
Or4a79	0.338	-0.113	0.395	314	0.150219605870591
Or2b7	0.387	0.018	0.465	326	0.147788245728921
Or2y10	0.446	0.159	0.54	311	0.155038974152966
Or2y13	0.42	0.094	0.508	311	0.151560292559907
Or5b121	0.333	-0.107	0.399	315	0.144545893093178
Or2w3	0.587	0.55	0.753	327	0.159092910497068
Or8k35	0.318	-0.169	0.361	313	0.136380587808439
Ano7	0.54	0.36	0.656	859	0.16286963608948
Ifna14	0.533	0.327	0.633	189	0.171715472154257
Macroh2a2	0.543	0.393	0.677	372	0.168061489927908
Iqgap3	0.525	0.341	0.643	1632	0.167083413433522
Or8a1	0.444	0.19	0.559	302	0.149034304255472
Or4b13	0.438	0.146	0.536	305	0.159636947186354
Bex4	0.365	-0.089	0.422	118	0.150581516157991
Panx2	0.657	0.578	0.772	677	0.167898008937086
Krt87	0.642	0.511	0.739	495	0.184029826890741
Krt77	0.525	0.285	0.619	572	0.161061954546512
Krt40	0.562	0.336	0.646	439	0.19145772987671
Gm5414	0.502	0.222	0.584	552	0.169624422357733
Peds1	0.627	0.575	0.77	271	0.165582221135278
Ndufs6	0.487	0.234	0.591	116	0.163766409254585
Taf9b	0.407	-0.049	0.445	293	0.156640264771203
Tsbp1	0.357	-0.198	0.364	393	0.159804091147581
Ndufa4l2	0.53	0.375	0.659	87	0.161562733938342
Ecm2	0.33	-0.171	0.364	670	0.150431290040523
Zfp941	0.379	-0.111	0.416	671	0.166229986348461
BC053393	0.349	-0.103	0.403	192	0.14757610139936
BC031181	0.42	0.051	0.5	72	0.167567848074545
Znrf3	0.534	0.296	0.626	913	0.161073370405846
Baz2b	0.385	-0.082	0.427	2123	0.154749305128502
Tmem204	0.527	0.356	0.651	226	0.170927536078582
Primpol	0.354	-0.16	0.384	537	0.159195268488289
BC048507	0.587	0.44	0.706	89	0.184732785150342
Smim35	0.55	0.438	0.696	85	0.157377000082396
Zfp873	0.322	-0.364	0.288	667	0.15545920755011
Zfp456	0.352	-0.248	0.342	458	0.163276555277709
Zfp874b	0.351	-0.248	0.343	447	0.159768724931317
Zfp738	0.348	-0.216	0.36	793	0.16698551506545
Wfdc13	0.468	0.217	0.582	81	0.164759839253653
Semp2l1	0.386	-0.064	0.43	478	0.155555511965868
Otud6a	0.549	0.367	0.659	290	0.165174132614916
Csta3	0.34	-0.22	0.358	97	0.15491601211591
Spink7	0.43	0.06	0.5	85	0.181568459148101
BC024978	0.484	0.146	0.545	361	0.161102601512773
Wdr83os	0.551	0.363	0.663	106	0.167125071058497
Tnip3	0.408	0.015	0.473	208	0.171425480006478
Gja6	0.439	0.123	0.529	283	0.161048585624196
Zfp950	0.285	-0.541	0.196	609	0.148570788856232
Itprip	0.585	0.489	0.723	555	0.16682963427416
Zyg11b	0.395	0.04	0.479	744	0.157644869463482
Neurl2	0.524	0.319	0.631	285	0.153212082397958
Zfp457	0.331	-0.285	0.327	647	0.162879517942956
Akap7	0.41	0.022	0.477	314	0.160696802175173
Nkain2	0.351	-0.141	0.387	208	0.147183966920436
Hnrnph3	0.326	-0.322	0.303	346	0.14433799262123
Tmprss9	0.579	0.4	0.68	1099	0.167847618491041
Tektip1	0.616	0.538	0.751	206	0.153181456568149
Gm1553	0.267	-0.431	0.221	94	0.132238565297619
Gnptab	0.43	0.081	0.509	1235	0.156166505678612
Cpsf6	0.333	-0.373	0.273	552	0.141391133677825
Myo1a	0.553	0.4	0.677	1043	0.168079244597708
Adcy1	0.552	0.431	0.691	1118	0.167005955332201
Pom121l12	0.46	0.092	0.519	278	0.154119822745511
Garin3	0.396	-0.069	0.438	665	0.154996886439981
Gm5431	0.393	-0.028	0.447	566	0.153266193877511
Specc1	0.462	0.135	0.538	1058	0.160448758929757
Ccdc92b	0.665	0.637	0.803	299	0.16313750604121
Gm11541	0.379	0.006	0.467	108	0.149533655002514
Gm11568	0.751	0.588	0.789	211	0.28322625653262
Krtap31-2	0.661	0.404	0.695	177	0.237347172396254
Dnai2	0.582	0.429	0.696	623	0.174912176464758
Trim80	0.594	0.499	0.73	624	0.169876174024355
Mfsd2b	0.523	0.308	0.63	494	0.160420993823359
Vrtn	0.536	0.326	0.638	740	0.161030884200596
Akr1c19	0.377	-0.108	0.406	323	0.164647806523693
Zscan26	0.416	0.027	0.477	466	0.165420693479969
Vmn1r209	0.341	-0.075	0.41	312	0.144418154722649
Prr7	0.662	0.651	0.812	269	0.153318330242259
Zfp708	0.349	-0.298	0.321	529	0.165560120766602
Rslcan18	0.4	-0.048	0.444	460	0.167932134578365
Lrrc14b	0.464	0.192	0.562	510	0.162405661196507
Gm5458	0.397	-0.003	0.458	204	0.161928701388855
Gm21103	0.397	-0.003	0.458	204	0.161928701388855
Gm5460	0.457	-0.055	0.441	254	0.150807121204598
Gprin2	0.498	0.166	0.561	455	0.16738936216933
B020004C17Rik	0.405	-0.075	0.426	232	0.148228308094236
Defb48	0.38	0.174	0.537	87	0.160102294077862
Gm5464	0.494	0.257	0.595	175	0.163420313039009
Kbtbd6	0.508	0.279	0.614	486	0.165560730710993
Otulin	0.494	0.268	0.608	352	0.167214158879983
Smim22	0.524	0.336	0.64	91	0.173110487223489
Cstdc4	0.358	-0.131	0.404	97	0.162465445606803
Plcxd2	0.523	0.337	0.642	340	0.164806324203413
Or5ac15	0.352	-0.073	0.418	306	0.145404061298358
Vmn2r96	0.345	-0.165	0.373	664	0.151817880949496
Pnpla1	0.496	0.226	0.591	599	0.15553671698627
Ly6g6f	0.455	0.206	0.573	300	0.15301199273633
Sfta2	0.489	0.358	0.649	77	0.15659987665
Esp6	0.355	-0.162	0.38	136	0.155221784104837
Spink14	0.361	-0.147	0.385	96	0.159563734537082
Spink6	0.393	0.003	0.466	105	0.165794557551689
Spink11	0.296	-0.401	0.257	114	0.150552227719523
Eno1b	0.575	0.38	0.671	434	0.183116697861593
Tmem262	0.48	0.337	0.636	116	0.15669402514418
Cyp2c68	0.386	-0.086	0.418	491	0.152290299841163
Acsl5	0.407	0.007	0.468	683	0.155067011476691
Khdc1c	0.422	0.053	0.487	166	0.149024044063674
Nms	0.433	0.041	0.48	153	0.149572881380274
Mettl21c	0.357	-0.102	0.413	248	0.150295656704279
Sgpp2	0.489	0.308	0.622	354	0.151191895131864
Teddm1b	0.477	0.256	0.596	306	0.16046145478171
Creg1	0.485	0.217	0.582	220	0.151903414712765
Ccdc185	0.566	0.428	0.693	621	0.170443011706057
Gm13547	0.409	-0.022	0.458	163	0.158437800356157
Or4a27	0.359	0.04	0.469	314	0.148084178912276
Jmjd7	0.544	0.321	0.638	316	0.16490313326004
AA467197	0.382	0	0.462	83	0.15177835206841
Syndig1	0.514	0.278	0.614	258	0.163612730381289
Gm14151	0.384	-0.032	0.446	640	0.150991259785811
Defb45	0.48	0.2	0.574	66	0.191023458731634
Bpifb9b	0.4	0.027	0.482	591	0.157110271911596
Wfdc6b	0.411	0.057	0.486	148	0.172631367566904
Maml3	0.522	0.277	0.621	1135	0.1601753135037
Aadacl2fm2	0.303	-0.251	0.319	401	0.146745943660105
Kprp	0.448	-0.056	0.452	657	0.164729401837143
I830077J02Rik	0.49	0.188	0.569	132	0.147058764791821
Gimd1	0.376	-0.028	0.445	217	0.153837681179122
Ankrd13c	0.409	0.057	0.495	541	0.156119708482447
Akirin2	0.378	-0.073	0.429	201	0.145748250083261
Fam205a1	0.41	0.014	0.476	1314	0.152566219600662
Spag8	0.444	0.006	0.478	470	0.156339873618718
Ncbp1	0.411	0.036	0.481	790	0.157873628331323
Gm11487	0.414	-0.032	0.444	354	0.153831113332773
Frg2f1	0.44	0.064	0.505	227	0.153455519949269
Hdac1	0.51	0.215	0.586	482	0.172585024733567
Trim63	0.628	0.491	0.728	355	0.188969996532801
Micos10	0.4	0.139	0.543	76	0.156357205022098
Pramel31	0.413	0.063	0.49	481	0.160416571070232
Zfp992	0.34	-0.31	0.308	573	0.166565776715845
Zfp268	0.344	-0.306	0.314	799	0.165993612242556
Zfp985	0.341	-0.294	0.318	519	0.164498668310668
Rnf207	0.598	0.47	0.715	635	0.171946950519326
Pusl1	0.528	0.315	0.634	291	0.156809259253834
Nom1	0.442	0.149	0.54	854	0.162037659369823
3110082J24Rik	0.633	0.699	0.837	108	0.141034406670778
Grxcr1	0.385	-0.049	0.44	296	0.163917968048551
Ociad2	0.374	-0.047	0.437	154	0.156637711229752
Lrrc8b	0.589	0.52	0.738	803	0.166054584010834
Pigg	0.38	-0.002	0.458	983	0.15033568689148
Mn1	0.582	0.383	0.679	1297	0.160165442253109
Fam222a	0.633	0.461	0.716	453	0.166184569321969
Dnaaf5	0.588	0.504	0.73	853	0.1666609799107
Tmem178b	0.483	0.259	0.598	139	0.160110656168904
Vmn1r7	0.371	0.004	0.459	311	0.140244709790734
Vmn1r20	0.373	-0.002	0.451	303	0.142599223176659
Vmn2r38	0.343	-0.166	0.377	861	0.148869662762941
Vmn2r44	0.341	-0.168	0.375	861	0.149230127056441
Vmn2r50	0.338	-0.168	0.375	861	0.147461031475687
Sult2a4	0.356	-0.096	0.411	284	0.144785350071404
Pnma8b	0.467	0.176	0.56	661	0.168753893204759
Ccdc8	0.42	-0.074	0.429	685	0.164016220840267
Eid2b	0.733	0.781	0.882	151	0.161972767683498
Gm5591	0.43	0.016	0.478	855	0.154871492707218
Gm5592	0.433	0.019	0.483	857	0.155362790981928
Zfp141	0.344	-0.275	0.33	685	0.157558926736047
Zfp975	0.283	-0.45	0.232	525	0.145601855515449
Fam169b	0.418	0.079	0.508	337	0.16253182952572
Slc28a1	0.533	0.387	0.668	648	0.165991153103847
Whamm	0.478	0.23	0.585	793	0.161535370119798
Lrrc32	0.545	0.465	0.706	663	0.159702619266075
Trim34b	0.405	0.043	0.486	485	0.161533786087617
Iqck	0.518	0.278	0.617	287	0.160129215540743
Rexo5	0.364	-0.095	0.412	479	0.152567565775014
Trim72	0.572	0.388	0.671	477	0.173031769533518
Sult2a5	0.357	-0.103	0.41	285	0.143535724791692
Tmem221	0.525	0.426	0.686	230	0.162801987039591
Nlrc5	0.484	0.24	0.586	1915	0.163315460352581
Zfp560	0.35	-0.23	0.355	754	0.159472924203288
Pate9	0.391	-0.094	0.423	101	0.174459351609805
Gm5617	0.465	0.279	0.607	117	0.14163523660581
Dppa5a	0.535	0.301	0.624	118	0.168787036507562
Amt	0.427	0.073	0.503	403	0.150965981200519
Iho1	0.413	-0.005	0.471	574	0.15737843883729
BC048562	0.466	0.199	0.573	204	0.154029378334309
Fbxw20	0.392	-0.006	0.457	468	0.152272127764216
Gm5622	0.383	-0.084	0.414	167	0.154236626911023
Sp140	0.408	-0.005	0.465	534	0.157243222744173
Slc22a28	0.331	-0.141	0.374	552	0.141822389566842
Scgb1b19	0.33	-0.2	0.359	93	0.159579389428126
Gm10220	0.444	0.101	0.516	267	0.165681592227386
Vmn2r113	0.336	-0.194	0.36	856	0.148212698541339
Btbd35f7	0.302	-0.262	0.313	498	0.145322443946072
Fthl17b	0.62	0.518	0.742	176	0.178770285237116
Fthl17c	0.611	0.494	0.73	176	0.177195543562125
Fthl17f	0.605	0.481	0.724	176	0.177148161509478
Akap14	0.386	-0.114	0.422	536	0.164199901080815
Rhox3h	0.363	-0.12	0.4	215	0.15043065497732
Rhox4c	0.41	0.064	0.503	205	0.160200492847678
Rhox2d	0.421	0.03	0.489	191	0.157177802104173
Rhox2f	0.43	0.055	0.497	191	0.158789556911512
Rhox2g	0.422	0.035	0.489	191	0.162678546897693
Rhox8	0.325	-0.329	0.304	320	0.149383249314337
Rhox10	0.407	-0.005	0.474	196	0.1609455714986
Ccdc160	0.378	-0.053	0.436	323	0.155454490640123
Ldoc1	0.525	0.28	0.614	151	0.166069990956346
Xlr4a	0.325	-0.245	0.337	215	0.154917415698007
Smim9	0.323	-0.22	0.333	137	0.147098896748121
Gm15107	0.299	-0.292	0.303	449	0.131934848005488
Luzp4	0.299	-0.282	0.307	449	0.131541977375667
Gm15127	0.297	-0.292	0.302	449	0.130592020658419
Gm15097	0.299	-0.288	0.305	449	0.131544078232415
Samt2	0.362	-0.03	0.443	247	0.152822440386322
Mageb4	0.421	-0.007	0.472	556	0.172852859428016
Gm21943	0.408	0.069	0.502	227	0.157466945081758
Gm20747	0.409	0.068	0.502	227	0.157767170070918
Shisa8	0.608	0.541	0.755	399	0.156379514944685
Taar7d	0.466	0.15	0.542	358	0.158525064442487
Taar7f	0.453	0.115	0.525	358	0.159222544886883
Krtap1-3	0.695	0.493	0.743	173	0.255747533148908
Krtap4-16	0.723	0.584	0.786	202	0.241356420708972
Krtap9-5	0.615	0.282	0.635	358	0.246254449468726
Eif1ad7	0.308	-0.333	0.281	144	0.15514125721523
Serpinb6e	0.383	-0.034	0.447	429	0.157363959989586
Atp6ap1l	0.427	0.106	0.517	336	0.150373833096803
Dusp29	0.599	0.486	0.725	215	0.170882593158605
Glyatl3	0.383	-0.024	0.447	290	0.150204232541913
Adgrf2	0.407	0.079	0.501	644	0.156576581126894
Rufy4	0.481	0.207	0.572	563	0.165156207850215
Fcrlb	0.577	0.469	0.716	427	0.159942404076509
Shf	0.58	0.367	0.664	238	0.162123968107162
Tnni3k	0.428	0.065	0.499	834	0.16035824499572
Gm13271	0.513	0.285	0.611	182	0.157419801713722
Cyp4a30b	0.437	0.128	0.528	508	0.150449611840653
Or10ak12	0.443	0.14	0.534	335	0.152749516976631
Ldlrad2	0.507	0.214	0.58	142	0.177939771069851
Aadacl4	0.385	0.019	0.468	407	0.152684540095316
Slc2a7	0.511	0.324	0.634	525	0.154344174679642
Tmprss11c	0.355	-0.175	0.374	431	0.15651262635891
Vmn2r9	0.341	-0.184	0.365	848	0.14591667276675
Vmn2r23	0.336	-0.191	0.358	849	0.147020159808214
Vmn1r249	0.361	-0.073	0.422	307	0.145827485598921
Vmn1r245	0.36	-0.054	0.432	307	0.144814109134591
Vmn1r151	0.348	-0.089	0.41	305	0.14334221627818
Vmn1r244	0.347	-0.088	0.41	305	0.145717926923731
Vmn1r122	0.356	-0.094	0.41	305	0.144502523329989
Vmn1r120	0.348	-0.094	0.406	305	0.145523588280953
Lrp3	0.546	0.31	0.633	790	0.170355566448434
Vmn2r63	0.34	-0.157	0.379	859	0.14832439092551
Or52a20	0.355	-0.041	0.426	316	0.146980716941895
Hbb-bh2	0.49	0.158	0.557	147	0.179012593651105
Dnaaf3	0.487	0.256	0.6	586	0.150583336993322
Ces2h	0.465	0.15	0.544	558	0.152890545067248
Cibar2	0.551	0.366	0.661	292	0.168251835623747
Gpr62	0.605	0.62	0.791	358	0.156642650556017
Vmn1r113	0.357	-0.072	0.423	307	0.146498143250624
Btg1b	0.465	0.129	0.532	161	0.162308494766862
Foxr2	0.449	0.07	0.507	302	0.158901021029649
Gpr31b	0.511	0.337	0.638	319	0.159218573449963
Try10	0.562	0.288	0.623	246	0.193369651181909
Gm5771	0.528	0.245	0.601	245	0.184612025868977
Arhgef15	0.508	0.26	0.601	849	0.152428713000322
Rab44	0.487	0.189	0.571	725	0.161093746402545
Ccin	0.565	0.431	0.694	588	0.167435060642495
Defb22	0.49	0.086	0.529	179	0.180843409001069
Nup85	0.457	0.179	0.552	656	0.164874849149448
Nlrp4e	0.395	0.018	0.47	978	0.163318963720661
Xrra1	0.513	0.274	0.609	786	0.159116324840523
Znhit3	0.443	0.121	0.531	151	0.175633375794276
Fbxl7	0.541	0.387	0.667	491	0.165723985500078
Zfp960	0.309	-0.429	0.249	546	0.151918961653323
Zfp213	0.545	0.364	0.661	468	0.169466267688668
Gsdma3	0.456	0.196	0.565	464	0.156773051844139
Clec4a4	0.362	-0.144	0.387	236	0.159309693038352
Zbtb9	0.406	0.008	0.471	459	0.15397355159001
Taar3	0.419	0.105	0.517	343	0.152537396814666
Calm5	0.49	0.211	0.585	140	0.172680716077415
Cbx6	0.59	0.43	0.696	414	0.16131673634912
Armcx5	0.344	-0.194	0.367	606	0.159705257222426
Apcdd1	0.561	0.392	0.674	514	0.160519352198941
Scgb2b20	0.329	-0.136	0.38	112	0.15237460505023
Taar8c	0.397	0.012	0.473	344	0.15486853852346
Rnase13	0.546	0.367	0.662	153	0.170044088932851
Xkr4	0.498	0.277	0.613	647	0.16106459683626
Rnase12	0.407	0.078	0.504	145	0.166303211625874
Rnase11	0.39	0.039	0.481	192	0.14772796465781
Defa23	0.391	0.044	0.484	93	0.163837809908421
Acd	0.493	0.241	0.595	416	0.156472694923869
Defa24	0.39	-0.014	0.456	93	0.166333523054019
Klri1	0.337	-0.227	0.346	248	0.150632336670465
Taar9	0.429	0.102	0.521	348	0.160426650691543
Zdhhc18	0.633	0.551	0.759	380	0.161890403299781
Aym1	0.314	-0.192	0.341	45	0.142808144257818
Ang5	0.433	-0.004	0.464	145	0.160776710279924
Chrna10	0.549	0.353	0.649	447	0.161065495051877
Npcd	0.63	0.519	0.74	469	0.169098269723311
Nox4	0.354	-0.09	0.409	578	0.145515652513057
Thop1	0.653	0.558	0.764	687	0.177784140134052
Txnrd1	0.436	0.1	0.521	498	0.161070359606089
E2f6	0.394	0.001	0.461	272	0.154745287862285
Hspa14	0.372	-0.044	0.444	509	0.158379055367656
Ebi3	0.563	0.4	0.679	228	0.1502411206015
Ttpa	0.403	0.04	0.477	278	0.150179518952327
Prok2	0.46	0.235	0.582	128	0.174111568074818
Ercc4	0.469	0.217	0.576	917	0.158935180087272
a	0.617	0.515	0.742	131	0.18342642254584
Lats2	0.574	0.385	0.674	1042	0.167612140625859
Sall2	0.465	0.092	0.524	1004	0.156347879323823
Spag6l	0.417	0.065	0.496	507	0.166796140970345
Ero1a	0.398	0.011	0.466	464	0.158670183471858
Tmprss2	0.452	0.132	0.542	490	0.160920574085155
Mrps7	0.557	0.38	0.665	242	0.16694722175874
Mfap5	0.433	0.045	0.481	164	0.156431399748788
Igbp1b	0.507	0.251	0.599	343	0.165669327625589
Elane	0.498	0.229	0.582	265	0.161911469906598
Cfhr1	0.312	-0.293	0.312	343	0.146036805986981
Postn	0.399	0.036	0.479	811	0.158055305496336
H1f2	0.701	0.612	0.801	212	0.21621226253658
H1f4	0.658	0.49	0.739	219	0.207598168635696
Sacs	0.375	-0.052	0.436	768	0.151658599265259
Sirt6	0.588	0.476	0.718	334	0.164014930348305
Dkkl1	0.528	0.393	0.67	230	0.153347623738622
Icosl	0.465	0.186	0.565	322	0.156621574541599
Sap30l	0.62	0.5	0.733	182	0.176753399784502
Fbxo8	0.347	-0.128	0.386	319	0.150155721189506
Fbxw7	0.375	-0.056	0.438	710	0.152674868147623
Fbh1	0.435	0.111	0.521	1042	0.162877040452709
Fbxw14	0.367	-0.068	0.424	466	0.148659739910549
Fbxl17	0.55	0.444	0.702	701	0.172696652912119
Fbxo16	0.433	0.087	0.506	334	0.152394423458892
Fbxo17	0.545	0.387	0.668	286	0.167455089330975
Fbxo6	0.524	0.336	0.642	295	0.162010605152024
Fbxo15	0.37	-0.058	0.43	478	0.151092933397958
Tfr2	0.542	0.382	0.668	798	0.157781517716958
Crim1	0.532	0.28	0.62	1037	0.191760116402564
Pnpla6	0.482	0.256	0.598	1345	0.15488436374666
Dlc1	0.478	0.215	0.581	1543	0.157891210308724
Atp8a2	0.463	0.208	0.573	1148	0.161769726805032
Atp11a	0.509	0.325	0.637	1187	0.163050014402738
Atp9b	0.415	0.08	0.504	1135	0.153020296370657
Mapk6	0.454	0.152	0.545	720	0.164435934733664
Nt5c	0.616	0.5	0.728	200	0.169251712826081
Krtap5-1	0.639	0.38	0.69	230	0.310260452609317
Krtap5-4	0.644	0.406	0.703	223	0.321857250362579
Polg2	0.411	0.14	0.537	459	0.152205062968395
Rgs1	0.339	-0.246	0.338	209	0.150691603646222
Rgs6	0.449	0.114	0.526	490	0.15865804205287
Rgs3	0.556	0.343	0.651	966	0.166744692009356
Dkk3	0.555	0.328	0.646	349	0.178158020688128
Rgs11	0.574	0.384	0.669	466	0.16567392661509
Lsm4	0.634	0.515	0.738	138	0.180140585575777
Plpp2	0.553	0.388	0.669	276	0.162110680291512
Hs6st1	0.699	0.676	0.824	411	0.166201227187607
Hs6st2	0.532	0.325	0.637	652	0.155148802082436
Hs6st3	0.628	0.521	0.744	470	0.165838121758617
Fbxl8	0.53	0.342	0.639	374	0.166114567686989
Fbxl3	0.39	0.001	0.462	428	0.155455007289946
Acsl4	0.355	-0.155	0.382	711	0.160304471489674
Magi2	0.444	0.086	0.515	1275	0.15409643848881
Orc3	0.367	-0.08	0.419	715	0.152583511955414
Klf13	0.676	0.646	0.813	289	0.165798516412554
Sh3bgr	0.388	-0.139	0.412	214	0.164819906566052
Dmrt1	0.604	0.46	0.719	374	0.165258524439184
Copb2	0.384	-0.067	0.43	905	0.157037194217875
Gne	0.488	0.272	0.608	753	0.168016967734406
Slc25a13	0.403	0.023	0.48	676	0.154317792386952
Capn15	0.527	0.263	0.609	1196	0.161734226873647
Rnf10	0.503	0.203	0.581	805	0.166816589837687
Spast	0.381	-0.002	0.462	614	0.151729222665903
Keap1	0.639	0.563	0.768	624	0.17390643632699
Prkn	0.486	0.192	0.572	464	0.175323077500375
Tmod4	0.464	0.118	0.526	345	0.161086599805439
Tmod3	0.393	0.008	0.467	352	0.159515197076077
Tmod2	0.484	0.196	0.571	351	0.163836719060873
Neu3	0.501	0.205	0.577	418	0.1636365785191
Stag3	0.431	0.095	0.511	1240	0.156964836958824
Scly	0.53	0.331	0.641	432	0.164730535282996
Chek2	0.411	0.044	0.492	546	0.157244880247843
Nckap1	0.35	-0.095	0.409	1134	0.148565102675927
Hmgn5	0.364	-0.314	0.329	406	0.171780518828594
Il17rb	0.47	0.185	0.564	499	0.161521866082448
Preb	0.446	0.158	0.548	417	0.158772604887345
C1s1	0.42	0.013	0.484	694	0.157927722144469
C1ra	0.514	0.248	0.603	707	0.165149925558155
Exosc9	0.339	-0.189	0.359	438	0.158159595638821
Exosc10	0.495	0.222	0.585	887	0.162185546317598
Olig2	0.674	0.67	0.826	323	0.164566538780822
Olig1	0.627	0.56	0.762	260	0.167811069616814
Grb14	0.433	0.103	0.522	538	0.156245569626706
Irx4	0.556	0.323	0.645	515	0.164375930763458
Galns	0.51	0.263	0.607	520	0.158769416673657
Myadm	0.513	0.333	0.638	320	0.151378964696961
Hnrnpdl	0.424	0.067	0.507	420	0.149897773373753
Nasp	0.339	-0.277	0.334	773	0.160590710616294
Klrg1	0.43	0.122	0.523	188	0.162807357798404
Il22	0.569	0.449	0.702	179	0.175109618721656
Tnfsf14	0.494	0.291	0.615	239	0.152701989009688
Il27ra	0.484	0.216	0.583	623	0.159451507798092
Mink1	0.539	0.315	0.634	1344	0.162483714316204
Uchl3	0.34	-0.149	0.389	230	0.14572897447199
Slc7a8	0.529	0.345	0.647	531	0.161677996644109
St6galnac6	0.651	0.586	0.778	333	0.155873402732622
Uba2	0.418	0.011	0.473	638	0.16643595817601
Pdcd7	0.516	0.346	0.645	484	0.15403586753137
Mpp2	0.563	0.405	0.679	552	0.161540329756081
Cpsf2	0.396	0.008	0.468	782	0.16096015882246
H2az1	0.435	0.095	0.512	128	0.165671700046889
Tnk2	0.563	0.341	0.648	1055	0.159305315217209
Rgs14	0.551	0.357	0.654	547	0.164195898683944
Ppp2r1a	0.499	0.27	0.605	589	0.166535192433161
Ddah2	0.48	0.23	0.584	285	0.157055335897046
Srpx	0.42	0.049	0.489	464	0.159718453838463
Srrm1	0.398	-0.093	0.415	923	0.142192175220824
Ctps	0.394	0.014	0.471	591	0.152618923142571
Ech1	0.538	0.35	0.653	327	0.171210786498196
Rundc3a	0.623	0.523	0.744	446	0.166398478762642
Bok	0.56	0.415	0.683	213	0.159410950756362
Ramp1	0.62	0.591	0.777	148	0.171898368488619
Hnrnpu	0.416	0	0.476	800	0.168461395824563
Clec4f	0.477	0.202	0.575	548	0.166655189747806
Mcrs1	0.587	0.43	0.692	462	0.168655367006015
Ccnc	0.303	-0.273	0.313	283	0.147307849949827
Rif1	0.298	-0.344	0.283	2426	0.144550299240583
Tmem141	0.532	0.276	0.618	108	0.166474981316796
Tubgcp4	0.433	0.128	0.527	667	0.153462785253969
Fubp1	0.326	-0.341	0.298	642	0.14926613353541
Atg13	0.426	0.028	0.485	479	0.154232249584831
Rnf24	0.392	-0.002	0.458	148	0.162727897095816
Ccdc39	0.356	-0.078	0.418	937	0.159009460737308
Knstrn	0.463	0.172	0.564	312	0.164432992255667
Kctd18	0.415	-0.017	0.458	429	0.161889670225748
Cdk2ap2	0.544	0.345	0.656	127	0.147904673124851
Jpt2	0.398	-0.118	0.417	190	0.147632040757663
R3hcc1l	0.33	-0.301	0.315	775	0.150716055221377
Nus1	0.48	0.314	0.628	297	0.154316143756057
Umodl1	0.524	0.293	0.625	1348	0.160042530598455
Pibf1	0.334	-0.147	0.378	756	0.151116862076006
Ankrd22	0.396	0.074	0.495	191	0.158953061529759
Bbs1	0.556	0.384	0.668	593	0.162901911309204
Pbk	0.328	-0.293	0.311	330	0.160941163806731
Ppp6r3	0.372	-0.081	0.423	873	0.150711277439821
Ppp1r10	0.466	0.064	0.506	888	0.158512915592547
Rab11fip5	0.519	0.268	0.614	1318	0.155729952065677
Coq5	0.466	0.232	0.587	327	0.162453976211999
Mfhas1	0.54	0.397	0.671	1048	0.163505753738234
Tmem38b	0.413	0.052	0.494	292	0.151521741832496
Pvr	0.465	0.184	0.563	408	0.157347025668321
Hgsnat	0.456	0.198	0.566	656	0.157173647029303
Agpat5	0.372	-0.019	0.449	365	0.14588373292496
Ccdc97	0.592	0.388	0.674	340	0.169014957041912
Kcnk6	0.599	0.54	0.749	313	0.15921885457894
Camk1	0.53	0.256	0.604	374	0.177999858549489
Tmem222	0.539	0.441	0.705	208	0.16363688895503
Odf2l	0.339	-0.107	0.403	642	0.160423580740976
Rragd	0.509	0.299	0.625	399	0.162744782572093
Rbm34	0.357	-0.153	0.388	442	0.155217823194363
Anapc4	0.35	-0.135	0.389	807	0.149691006307416
Ankzf1	0.396	-0.029	0.449	748	0.150946958407405
Commd2	0.434	0.214	0.569	199	0.155118126648725
Reep1	0.454	0.119	0.532	201	0.152076769543125
Cdca8	0.431	0.153	0.539	289	0.156348892941815
Klhl7	0.367	-0.15	0.389	586	0.158843421512785
Stbd1	0.426	0.078	0.514	338	0.160290955435508
Atxn1l	0.448	0.072	0.511	687	0.152307787255281
Vps37a	0.311	-0.268	0.322	397	0.139055470355317
Wwc2	0.47	0.215	0.578	1187	0.159187196338262
D6Ertd527e	0.671	0.518	0.751	464	0.143379588027223
Rcn3	0.591	0.44	0.701	328	0.166194536978736
Adgra1	0.583	0.391	0.676	578	0.170195885636788
Macir	0.435	0.095	0.512	207	0.155262763522461
Zfp644	0.341	-0.214	0.36	1292	0.151531206275681
Septin11	0.515	0.305	0.632	432	0.173610638332341
Rhpn2	0.536	0.364	0.66	686	0.168538292035773
Echdc2	0.499	0.292	0.614	296	0.163633826894055
Ppp2r2d	0.402	-0.001	0.464	453	0.156014651463044
Tax1bp1	0.344	-0.206	0.362	814	0.156454459407791
Mrpl48	0.419	0.07	0.498	211	0.150015717991523
Tet1	0.391	-0.07	0.437	2039	0.156020710436674
Slc46a1	0.542	0.398	0.673	459	0.158302542427403
Ctdsp2	0.556	0.399	0.677	270	0.165561792875271
Coa3	0.483	0.201	0.567	108	0.16072264743658
Angel2	0.382	-0.054	0.433	544	0.153269489735093
Carhsp1	0.563	0.332	0.648	148	0.155077042676655
Cenpo	0.412	0.075	0.502	298	0.154792260383894
Ddx56	0.467	0.206	0.569	546	0.162250271211164
Zfp622	0.542	0.353	0.658	476	0.176640438320164
Nhp2	0.603	0.461	0.713	153	0.186989745438438
Mettl17	0.441	0.121	0.527	461	0.15266784215699
Acaa2	0.444	0.102	0.523	397	0.16704294076319
Sgta	0.622	0.508	0.739	315	0.17663261791667
Parp8	0.415	0.022	0.48	891	0.153149008287445
Cdc23	0.445	0.13	0.532	597	0.163569680083849
Ccdc69	0.465	0.236	0.587	202	0.16490033510804
Trmt10c	0.297	-0.277	0.313	414	0.148469123044125
Dhrs1	0.457	0.161	0.553	313	0.16236995732485
Tspan14	0.562	0.419	0.687	270	0.172356908903661
Ncald	0.494	0.225	0.588	193	0.158262599546298
Brms1l	0.381	-0.041	0.444	323	0.158188872920865
Cbx7	0.575	0.434	0.7	158	0.159886430395019
Adgre4	0.365	-0.085	0.416	689	0.154808113688696
Suz12	0.332	-0.227	0.351	741	0.14764089359451
Cdkn2aipnl	0.573	0.447	0.704	116	0.169467392908277
Nit2	0.411	-0.017	0.458	276	0.158198113379534
Esyt2	0.416	0.094	0.508	845	0.154716493241845
Cisd1	0.579	0.352	0.66	108	0.192962988687867
Wipi1	0.513	0.277	0.615	446	0.162184232780912
Nudcd2	0.454	0.127	0.537	157	0.161293620590398
Ldlrad4	0.563	0.37	0.668	306	0.161260078846354
Echdc1	0.309	-0.205	0.35	322	0.15005702665127
Arhgef25	0.476	0.195	0.567	618	0.158334461639343
Ifi27	0.415	-0.001	0.472	260	0.163423413501572
Cpsf4l	0.55	0.336	0.65	280	0.17736622709684
E2f7	0.468	0.188	0.569	904	0.153889884540545
Ncaph2	0.528	0.265	0.608	608	0.164370396045738
Cd300lg	0.5	0.208	0.58	415	0.159308379521346
Mettl2	0.442	0.103	0.525	389	0.159471908737404
Setd3	0.413	0.02	0.476	594	0.155831174764017
Zwint	0.482	0.203	0.576	252	0.185425501065697
Txndc17	0.5	0.175	0.571	123	0.181458625402572
Krr1	0.42	0.047	0.492	380	0.169510217885002
Zfp410	0.4	-0.009	0.466	478	0.154584087747707
Slc52a2	0.517	0.301	0.622	450	0.161218178521859
Zkscan6	0.446	0.095	0.519	556	0.162410190121489
Ccdc59	0.424	0.045	0.494	240	0.15969271572746
Ccdc43	0.475	0.188	0.566	222	0.17283897580494
Anapc16	0.459	0.191	0.573	129	0.15065790158339
Fam3b	0.436	0.09	0.513	235	0.160785193609892
Tspyl2	0.493	0.204	0.574	677	0.15924941902402
Ldhd	0.506	0.237	0.594	484	0.164754913812393
Rufy3	0.466	0.203	0.572	669	0.164026304147788
Lurap1l	0.516	0.357	0.653	221	0.152976450169805
Pnrc2	0.347	-0.237	0.358	140	0.154514156357306
Tmx4	0.444	0.038	0.494	335	0.168428208683305
Dnlz	0.508	0.353	0.649	177	0.155607984481818
Dbndd2	0.493	0.198	0.574	158	0.153117099339328
Cnot11	0.496	0.296	0.62	505	0.154075737623149
Sgsm1	0.609	0.478	0.72	1093	0.169753286977731
Lair1	0.426	0.025	0.476	263	0.155552926902386
Mtg2	0.455	0.17	0.553	405	0.160531878839014
Gramd1a	0.565	0.421	0.688	722	0.157739672006564
Cdipt	0.52	0.357	0.649	213	0.15922155859222
Slx4	0.449	0.076	0.509	1565	0.157370657594651
Pum3	0.436	0.081	0.51	648	0.167482336763636
Rgs7bp	0.46	0.208	0.571	257	0.161137810793392
Sco1	0.394	-0.011	0.458	284	0.157094936937542
Rbfox3	0.502	0.171	0.568	374	0.150526352715674
Rnasek	0.506	0.424	0.688	98	0.1682335258885
Ahi1	0.403	-0.017	0.46	1047	0.155929346333147
Zmiz2	0.547	0.276	0.62	920	0.159526464877062
Dlg3	0.486	0.176	0.561	849	0.161171706313231
Mybph	0.546	0.305	0.633	483	0.163084766014674
Nub1	0.435	0.126	0.527	638	0.165158435111094
Atp2a3	0.549	0.341	0.646	1038	0.168138305780449
Batf	0.625	0.45	0.71	125	0.158698125575416
Sult1d1	0.349	-0.206	0.359	295	0.148879694689421
Plrg1	0.382	-0.118	0.407	513	0.153641649072044
Pdlim3	0.463	0.15	0.548	316	0.160587280369447
Nxf1	0.39	0	0.462	618	0.150900612966756
Folh1	0.341	-0.229	0.346	752	0.14763454049671
Cntnap1	0.523	0.276	0.613	1385	0.15710431569045
Nucb2	0.412	0.029	0.479	420	0.162406660722452
Ube2k	0.334	-0.229	0.344	200	0.145037019912288
Nptx2	0.642	0.594	0.78	429	0.171898496102106
Banp	0.547	0.335	0.647	548	0.166682151259078
Pgrmc1	0.587	0.415	0.688	195	0.171688688527038
Vamp4	0.327	-0.216	0.336	141	0.146892274992441
Stx7	0.401	0.029	0.476	261	0.153330279525585
Mtmr1	0.36	-0.147	0.388	669	0.150853387711724
Tomm40	0.586	0.459	0.715	361	0.163786340769922
Gosr1	0.392	0.02	0.464	250	0.14519857433084
Eif3g	0.567	0.381	0.672	320	0.172096208191731
Pla2g6	0.589	0.468	0.715	807	0.166897484297339
Chst3	0.598	0.491	0.724	478	0.162513884043406
Mtx2	0.358	-0.171	0.376	263	0.160543043411049
Usp2	0.503	0.27	0.608	619	0.151442626413571
Sdcbp	0.36	-0.144	0.387	299	0.15492899544412
Hnrnpa2b1	0.32	-0.39	0.276	341	0.143575344885362
Psmd10	0.37	-0.133	0.395	231	0.171206490413902
Prdx4	0.419	0.053	0.487	274	0.153708944722311
Txnl1	0.362	-0.169	0.386	289	0.155447963061449
Atoh7	0.7	0.742	0.86	149	0.164034202794956
Ppp1r3c	0.461	0.154	0.553	317	0.15761926818728
Exoc7	0.612	0.515	0.738	697	0.170322745950962
Bysl	0.559	0.392	0.67	436	0.164370912578625
Htatip2	0.429	0.137	0.539	275	0.160901733013261
Stk39	0.388	0.011	0.475	556	0.159698719668907
Hif3a	0.547	0.356	0.651	664	0.154215833996387
B4galt2	0.579	0.42	0.686	369	0.156514751284537
Corin	0.474	0.166	0.558	1113	0.174710321282891
Syt5	0.527	0.333	0.643	386	0.160306914933105
Sec61a1	0.516	0.352	0.648	476	0.162289365264082
Ybx2	0.519	0.273	0.618	359	0.147646967177184
Tsnax	0.455	0.137	0.539	290	0.158962983784703
Dctn3	0.543	0.373	0.659	186	0.182165111844308
Cd164	0.452	0.098	0.528	197	0.150548068549204
Timm23	0.351	-0.155	0.381	209	0.146880137563518
Pcdh12	0.454	0.162	0.55	1180	0.15349787034177
Hpcal1	0.683	0.57	0.772	193	0.178162271066364
Tslp	0.385	-0.014	0.452	140	0.153134714047827
Zpbp	0.388	0.002	0.467	408	0.153187104317948
Nap1l1	0.347	-0.238	0.347	418	0.158080327362967
Snrpa	0.623	0.444	0.705	287	0.167943505418136
Map3k6	0.537	0.356	0.652	1291	0.160895829283604
Clasrp	0.584	0.391	0.672	668	0.156235001924038
Nono	0.416	-0.038	0.445	473	0.156501031326007
Vti1a	0.442	0.21	0.565	217	0.153920257617694
Vti1b	0.415	0.127	0.52	232	0.149694473281959
Reck	0.46	0.121	0.534	971	0.177028498345467
Krt35	0.598	0.44	0.7	455	0.184385112900036
Fut8	0.334	-0.193	0.357	575	0.14797244968966
Blcap	0.558	0.455	0.704	87	0.163564820256108
Vamp5	0.506	0.4	0.673	102	0.166768074412124
Cnot4	0.377	-0.121	0.41	710	0.141565540490429
Gria3	0.384	-0.051	0.439	888	0.149391296761616
Cldn7	0.512	0.321	0.639	211	0.172223285930333
B3gnt2	0.425	0.102	0.517	397	0.15511004688606
Insm1	0.754	0.765	0.876	521	0.179075740335481
Porcn	0.564	0.467	0.71	461	0.158992591811083
Prrc2a	0.455	0.023	0.486	2158	0.147814616992319
Tlr5	0.416	0.159	0.538	873	0.150836358769867
Oaz3	0.491	0.226	0.582	243	0.161302835852308
Ddx39b	0.566	0.387	0.671	428	0.174833801086658
Prg3	0.468	0.122	0.536	222	0.174178426310787
Tuba8	0.564	0.345	0.653	449	0.169130065849694
Rwdd2b	0.412	0.067	0.498	290	0.155977675834562
Map3k14	0.548	0.339	0.648	942	0.165784493461424
Septin9	0.611	0.505	0.735	583	0.167593311020283
Zranb2	0.33	-0.262	0.331	330	0.141228936702563
Col5a3	0.456	0.061	0.508	1739	0.156854962313995
Rab25	0.577	0.437	0.7	213	0.16589828684006
Rab11a	0.342	-0.189	0.362	216	0.151997456191513
Cntn6	0.336	-0.222	0.348	1028	0.144788703750761
Pkd2l2	0.409	0.102	0.514	621	0.150232120486633
Caprin1	0.38	-0.113	0.418	707	0.146831189893287
Semg1	0.32	-0.25	0.351	375	0.136002877315085
Slc5a3	0.391	-0.008	0.455	718	0.156859506398935
Celsr2	0.556	0.373	0.665	2919	0.160544634279993
Nphp1	0.415	0.057	0.491	691	0.157255641399406
Cdkl2	0.338	-0.197	0.359	568	0.156423335045332
Sart3	0.567	0.412	0.686	962	0.177278893557484
Ppm1d	0.43	0.093	0.517	598	0.155038690519569
Nudt5	0.418	-0.036	0.455	218	0.159608626262442
Clpp	0.559	0.383	0.667	272	0.162764914577773
Slc7a10	0.564	0.468	0.713	530	0.155243609450217
Gal3st1	0.649	0.593	0.779	423	0.162856037365686
Rcan2	0.47	0.126	0.538	243	0.160014746865197
Rcan3	0.557	0.397	0.681	239	0.1640653574655
Phgr1	0.42	-0.297	0.351	112	0.164108286581505
Slc40a1	0.393	-0.009	0.455	570	0.152919209781262
Gpatch11	0.407	0.02	0.474	264	0.164640891273979
Rfx5	0.394	-0.026	0.451	658	0.154004568686593
Ngef	0.552	0.371	0.659	710	0.161654587064803
Cyp3a41a	0.364	-0.112	0.405	504	0.148086443655289
Ddx20	0.365	-0.128	0.401	825	0.153566377303557
Lpar2	0.563	0.459	0.703	348	0.160190883363961
Nell2	0.491	0.215	0.586	819	0.188903181701883
Diaph2	0.349	-0.156	0.377	1102	0.154572908312958
Deaf1	0.516	0.232	0.599	566	0.169243627445549
Gipc2	0.439	0.14	0.541	314	0.16506202054867
Uevld	0.393	-0.002	0.464	471	0.152141903990824
Irf7	0.515	0.271	0.609	457	0.155879554210136
Cks1b	0.487	0.256	0.603	79	0.157413203859502
Polm	0.492	0.283	0.615	496	0.154189143481552
Arhgef7	0.521	0.301	0.626	782	0.156249074406109
Rps28	0.465	0.213	0.567	69	0.146672372793657
Pmm2	0.419	0.036	0.483	242	0.157741377914883
Actr1a	0.506	0.269	0.606	376	0.159533486210428
Ccl26	0.508	0.271	0.614	93	0.163548080767354
Irf3	0.539	0.348	0.652	419	0.163761595835675
Pdlim1	0.48	0.196	0.577	327	0.163050876172829
Lsr	0.494	0.215	0.581	594	0.156499168634016
Acrbp	0.528	0.298	0.626	540	0.165713289323142
Atxn10	0.439	0.139	0.532	475	0.163668783307207
Irf6	0.546	0.308	0.632	467	0.165154640099859
Avpr1a	0.583	0.467	0.715	423	0.158590603635636
Spag5	0.426	0.079	0.505	1165	0.157766696035738
Tex24	0.355	-0.101	0.408	351	0.15036364173698
Rdh7	0.508	0.285	0.613	316	0.165838476351859
Cyhr1	0.567	0.366	0.667	412	0.185130278001457
Tmem276-zftraf1	0.567	0.366	0.667	412	0.185130278001457
Tmem276	0.567	0.366	0.667	412	0.185130278001457
Dnal4	0.672	0.566	0.773	105	0.189343370045956
Rasa4	0.574	0.443	0.7	802	0.166896203072489
Egfl6	0.411	-0.011	0.464	550	0.168241799084464
Rnase2b	0.37	-0.129	0.399	155	0.155138835899248
Copg2	0.384	-0.081	0.421	871	0.157373264680028
Copg1	0.541	0.318	0.636	874	0.168773028903188
Trcg1	0.455	0.137	0.536	825	0.146253469163954
Icos	0.389	0.015	0.474	200	0.150328742088247
Kat6b	0.444	0.083	0.516	1763	0.161672861176555
Rragc	0.411	0.023	0.481	398	0.15986438437545
Cpsf4	0.526	0.285	0.624	244	0.175231330246171
Rabep1	0.337	-0.133	0.393	862	0.157484446794633
Pbsn	0.36	-0.021	0.448	174	0.155189126921529
Akap8l	0.498	0.185	0.572	641	0.164873550715138
Gucy1b1	0.434	0.102	0.516	620	0.157235324359028
Pabpn1	0.503	0.284	0.62	302	0.159444862665541
Rnf5	0.495	0.199	0.577	180	0.157783170239766
Snx3	0.418	0.14	0.535	162	0.148139706149928
Ccrl2	0.463	0.247	0.591	360	0.158505178003091
Sult2b1	0.562	0.392	0.677	338	0.157864966880459
Zfp316	0.622	0.511	0.744	1017	0.171153809507447
Septin1	0.55	0.357	0.653	366	0.167952193595053
Arl6ip1	0.392	0.013	0.46	203	0.159140244455039
Golga4	0.432	0.13	0.532	2238	0.168863368688072
Cd160	0.415	0.07	0.5	185	0.15687549170126
Pcdh7	0.481	0.209	0.581	1255	0.156515269348751
Rpl36	0.696	0.706	0.84	105	0.179609224134504
B3galt4	0.507	0.308	0.624	371	0.151364340921263
Cd320	0.465	0.155	0.547	260	0.170133216452352
Arhgef5	0.403	-0.019	0.456	1581	0.147987095486268
Elovl1	0.491	0.338	0.64	279	0.149002332702258
Elovl2	0.503	0.32	0.632	292	0.158406599937316
Slc23a2	0.476	0.222	0.581	648	0.157500425256361
Gnpnat1	0.321	-0.236	0.343	184	0.148220993595293
Atf7ip	0.403	-0.102	0.425	1306	0.152300319681874
Elp5	0.416	0.048	0.486	300	0.153913763405543
Irx5	0.603	0.484	0.731	484	0.162550346093326
Skap2	0.405	-0.07	0.436	358	0.163277057300511
Rassf5	0.549	0.399	0.674	413	0.161352503273255
Epb41l4b	0.492	0.264	0.607	527	0.155469224395089
Rpp30	0.31	-0.263	0.317	268	0.152957750298822
Ctnnal1	0.395	0.032	0.479	731	0.15856543176637
Zfp326	0.382	-0.164	0.39	580	0.157934941231009
Gp9	0.572	0.358	0.652	177	0.166840394067293
Nme6	0.447	0.095	0.508	189	0.14980709919703
Chst2	0.575	0.455	0.707	530	0.160804730100587
Prss16	0.47	0.232	0.587	509	0.153948776864979
Azin1	0.335	-0.296	0.319	448	0.158077775139285
Cacng3	0.472	0.197	0.567	315	0.149974221418247
Cacng4	0.591	0.502	0.73	327	0.159410245842744
Cacng6	0.546	0.364	0.656	260	0.16982111323557
Smarcal1	0.474	0.183	0.563	910	0.158208890273398
Cpq	0.359	-0.14	0.391	470	0.15321518700173
Tcstv1	0.418	-0.053	0.448	171	0.166022195957354
Phc2	0.553	0.341	0.653	850	0.159873879577049
Mtmr7	0.463	0.158	0.55	660	0.162361906980045
Mcm3ap	0.464	0.164	0.555	1971	0.158225104946489
H1f9	0.509	0.27	0.611	170	0.176435830770285
Sit1	0.481	0.219	0.58	180	0.158640595038166
Rfk	0.414	0	0.47	155	0.160678224738954
Ncapg	0.295	-0.306	0.294	1004	0.15026991497008
Gabbr1	0.53	0.327	0.638	960	0.161955200520897
Crlf3	0.418	0.073	0.505	442	0.153748149824012
Irgm2	0.413	0.083	0.509	395	0.156131946534038
Ppt2	0.514	0.322	0.634	302	0.155577418162158
Bet1l	0.493	0.322	0.629	111	0.1620374892389
Ywhab	0.489	0.195	0.572	246	0.168042819121557
Stk19	0.508	0.355	0.647	254	0.15991604204544
Slc4a4	0.454	0.13	0.532	1094	0.159570935393595
Ndufa1	0.496	0.321	0.631	70	0.165676188919093
Ramp2	0.521	0.337	0.641	189	0.165817607338945
Atp6ap1	0.48	0.19	0.566	463	0.152013167873424
Fmn2	0.422	0.002	0.472	1578	0.152159197535983
Cldn6	0.542	0.403	0.676	219	0.175037375446247
Cldn8	0.497	0.243	0.59	225	0.165535444158079
Barhl1	0.568	0.438	0.699	327	0.155661080339345
Hgfac	0.571	0.336	0.649	653	0.173767562584186
Dnmt3l	0.521	0.288	0.618	421	0.166916124428493
Unc93b1	0.59	0.45	0.704	619	0.165681655717341
Nfat5	0.372	-0.139	0.405	1552	0.146692762688063
Asah2	0.394	-0.044	0.443	756	0.148999094992813
Il36a	0.411	0.039	0.487	160	0.156995122755497
Il36rn	0.5	0.247	0.597	156	0.164635713623606
Cpsf3	0.443	0.128	0.531	684	0.162788655816785
Cfap74	0.488	0.2	0.577	129	0.170445351595621
Tbc1d32	0.365	-0.084	0.416	1296	0.15568815839019
Uqcc6	0.441	0.16	0.548	67	0.150335852627393
Tollip	0.531	0.272	0.614	274	0.163734469385274
Or6c8b	0.393	0.029	0.473	309	0.145780407151936
Hbq1b	0.551	0.3	0.628	142	0.170131423124496
Myh13	0.561	0.384	0.67	1938	0.178920647700208
Gsg1l2	0.484	0.236	0.592	290	0.157478889604411
Tmem92	0.43	0.086	0.51	162	0.153329552562716
Arhgap27	0.604	0.484	0.725	869	0.158625880414292
Mefv	0.424	0.039	0.487	808	0.157492956558046
Mkrn1	0.475	0.149	0.555	481	0.173160979929989
Dll4	0.555	0.334	0.648	686	0.179199541836088
Hpgds	0.352	-0.115	0.392	199	0.149240884202884
Eif1ad2	0.312	-0.326	0.283	144	0.156213132819801
Zkscan4	0.486	0.184	0.567	480	0.168678125723118
Iqgap2	0.437	0.131	0.533	1575	0.161909665513393
Bdp1	0.331	-0.294	0.321	2467	0.14988283173957
Gm5795	0.401	0.029	0.474	204	0.163005126703992
Gm5796	0.376	-0.068	0.417	205	0.155710821137461
Gm5797	0.399	0.024	0.471	204	0.164649988552108
Wdfy4	0.499	0.282	0.612	3024	0.158340335315275
Gm5800	0.381	-0.039	0.439	186	0.161472888651168
Cma2	0.377	-0.087	0.417	246	0.157798960762091
Wdr70	0.401	-0.05	0.446	657	0.155434128509312
Cyp2d11	0.533	0.307	0.627	504	0.159883131330858
Fam186b	0.555	0.401	0.68	943	0.165314876210654
Or10ad1c	0.567	0.435	0.695	318	0.158449569690876
Kalrn	0.559	0.412	0.683	1654	0.168766731666193
Apbb1ip	0.387	-0.085	0.427	670	0.153855318673317
Baiap3	0.562	0.409	0.68	1150	0.16670500662202
Or5v1b	0.421	0.104	0.508	317	0.154721079726121
Syt6	0.576	0.428	0.693	511	0.166810983555505
Syt7	0.618	0.531	0.75	567	0.166976486181853
Syt10	0.413	0.054	0.493	523	0.156155941922208
Arsi	0.54	0.314	0.631	573	0.15828390320371
Gal3st3	0.63	0.541	0.749	431	0.159962839532304
Ms4a15	0.498	0.265	0.605	245	0.155522626465291
Cyp2c67	0.384	-0.096	0.413	491	0.151634142342455
Hpse2	0.458	0.213	0.571	592	0.155380807249603
Cfhr2	0.335	-0.284	0.32	332	0.152111593345792
Hmcn1	0.383	-0.077	0.427	5634	0.155492809910343
Sh2d1b2	0.409	0.062	0.496	132	0.160604691903282
Ifi214	0.304	-0.323	0.291	219	0.146111362195303
Cep170	0.343	-0.234	0.346	1578	0.146783645559988
Catspere2	0.355	-0.109	0.403	145	0.146725086895191
Ccdc141	0.384	-0.01	0.457	1531	0.156748915833469
Zfp345	0.285	-0.488	0.216	561	0.149934992968722
Scrt2	0.772	0.83	0.911	311	0.18538253576664
Defb28	0.414	0.121	0.523	89	0.161051480947757
Bpifa6	0.398	0.021	0.471	367	0.144862993924703
Arhgap40	0.501	0.281	0.61	672	0.159445923196786
Tubb1	0.529	0.315	0.634	451	0.163107567839381
Zfp973	0.316	-0.384	0.272	318	0.148430078836989
Erich6	0.397	-0.005	0.463	713	0.151347388403636
Lce1j	0.582	0.259	0.623	139	0.233257265841908
Lce3a	0.583	0.282	0.629	98	0.203537857066865
Ankrd34a	0.465	0.208	0.573	495	0.147988240828679
Nap1l3	0.366	-0.221	0.359	544	0.154323853493481
Dnaaf11	0.361	-0.134	0.391	473	0.153942568579777
Ptpn3	0.438	0.129	0.534	913	0.155035332976347
Nup210	0.512	0.284	0.618	1886	0.156060344778307
Gm11758	0.43	0.018	0.472	360	0.154603058075178
Gm13283	0.529	0.318	0.629	182	0.159071403027175
Gm13290	0.534	0.338	0.64	182	0.159999578947789
Gm13289	0.534	0.338	0.64	182	0.159999578947789
Gm13272	0.534	0.339	0.64	182	0.158614915574624
Gm13276	0.53	0.329	0.634	182	0.159772707185861
Gm13277	0.534	0.338	0.64	182	0.159999578947789
Gm13278	0.534	0.338	0.64	182	0.159999578947789
Gm13275	0.528	0.329	0.634	182	0.159360364651345
Gm13279	0.534	0.338	0.64	182	0.159999578947789
Gm13285	0.529	0.329	0.634	182	0.158906275835664
Gm13287	0.527	0.318	0.629	182	0.159208635000212
Pramel17	0.411	0.101	0.513	476	0.155271624860554
Shisal2a	0.626	0.474	0.725	189	0.169798015758839
Gm12888	0.372	-0.124	0.404	119	0.168822471381713
Gm13043	0.408	0.048	0.482	481	0.161455505391744
Mterf1a	0.33	-0.102	0.393	379	0.15109948297203
4933402N22Rik	0.445	0.138	0.533	157	0.160346317513823
Gm5862	0.443	0.084	0.508	267	0.164467107458394
Slc10a4-ps	0.488	0.327	0.63	145	0.15821621929736
Tmem233	0.553	0.367	0.662	135	0.154278914751304
Pilrb2	0.46	0.19	0.562	225	0.147459425302058
Smok3a	0.398	0.021	0.475	504	0.156850019660898
Cyp2w1	0.562	0.418	0.682	493	0.155005245680235
Zar1l	0.456	0.154	0.55	291	0.160080303343801
Gm5878	0.449	0.098	0.522	99	0.156552165002602
Vmn2r25	0.328	-0.2	0.353	855	0.146386261167547
Mansc4	0.491	0.262	0.607	337	0.161473918069644
Ptprh	0.488	0.174	0.563	971	0.160282194507894
Vmn2r39	0.339	-0.161	0.379	861	0.148160554041058
Zscan4d	0.365	-0.17	0.381	506	0.156927558326604
Psg27	0.376	-0.009	0.459	474	0.145093383250031
Gm5891	0.469	0.17	0.55	313	0.159636222063396
Vmn1r173	0.332	-0.14	0.376	313	0.147984800863879
Zfp607a	0.378	-0.129	0.406	686	0.166411222394551
Scgb2b19	0.314	-0.156	0.37	112	0.144798549212786
Scgb1b20	0.34	-0.135	0.391	93	0.162985531302785
Cers3	0.431	0.094	0.51	419	0.157862023888681
Calcrl	0.385	-0.016	0.452	463	0.152251134037839
Or51aa2	0.412	0.096	0.502	323	0.149293606272676
Foxo4	0.498	0.212	0.581	505	0.152388506824209
Crxos	0.468	0.199	0.566	246	0.159377134709912
Spag11b	0.361	-0.105	0.414	113	0.148493012133708
Pcnx	0.454	0.155	0.548	2344	0.154919409855939
Rps23rg1	0.462	0.265	0.603	141	0.155850264770974
Adam39	0.353	-0.173	0.377	756	0.162869982348199
Socs6	0.448	0.126	0.533	533	0.153167416111913
Mast3	0.582	0.414	0.685	1305	0.15656818993866
Abhd2	0.558	0.374	0.665	425	0.16940522958991
Ubqln2	0.538	0.326	0.643	638	0.150937008291045
Tbc1d8	0.545	0.365	0.658	1134	0.166516427396857
Pde3a	0.487	0.229	0.588	1141	0.160063027055112
Ubtfl1	0.384	-0.108	0.415	394	0.150891003302462
Sfrp5	0.678	0.64	0.807	314	0.185590624141338
Gm5916	0.399	0.013	0.469	102	0.161296650744841
St3gal6	0.354	-0.117	0.402	329	0.145102124184467
Gramd2	0.483	0.238	0.59	312	0.15880088588441
Prpf40b	0.52	0.261	0.606	873	0.161452100579501
Pierce2	0.451	0.038	0.496	122	0.147931479760051
Wdr72	0.393	0.01	0.469	1114	0.157171737518192
Npff	0.503	0.213	0.575	114	0.157590482904659
7420426K07Rik	0.463	0.081	0.511	186	0.148192237290537
Extl3	0.555	0.387	0.67	919	0.162160800481556
Fbxw18	0.376	-0.04	0.438	469	0.149451998478606
Paf1	0.474	0.108	0.533	535	0.164770314977499
Gm14459	0.388	-0.099	0.42	179	0.158476778782455
Gm5934	0.294	-0.394	0.268	212	0.14675439577653
Gm5935	0.302	-0.375	0.278	212	0.148860538080858
Rhox3g	0.372	-0.11	0.405	160	0.155844730190796
Prickle3	0.531	0.253	0.602	624	0.165139089810437
Nphs1	0.524	0.303	0.627	1256	0.159507607517263
Ftsj1	0.515	0.255	0.602	324	0.170425960282601
Pwwp4d	0.497	0.278	0.608	728	0.161409024913055
Pqbp1	0.487	0.179	0.564	263	0.161127166945548
Gm5938	0.315	-0.32	0.296	163	0.154616013152269
Prrg1	0.345	-0.174	0.371	218	0.140462919074066
Magix	0.408	0.037	0.476	324	0.146110076954658
Pdgfc	0.398	0.01	0.469	345	0.153982941919722
Wdr45	0.55	0.323	0.639	360	0.17321704229596
Praf2	0.515	0.334	0.63	178	0.161989157233958
Ccdc22	0.504	0.273	0.605	627	0.165154786902562
Otud5	0.497	0.194	0.578	567	0.161793827271116
Gripap1	0.474	0.222	0.581	837	0.166688036412774
Ppp1r3f	0.52	0.267	0.611	800	0.160357259815041
Ccdc120	0.485	0.183	0.56	629	0.150787309865283
Or6c5b	0.357	-0.033	0.432	312	0.143346961067311
Sfmbt1	0.397	-0.02	0.456	863	0.161069472502525
Usp27x	0.435	0.104	0.521	438	0.159123262090555
Tmem235	0.604	0.605	0.784	211	0.160559970021974
Cacna1f	0.485	0.234	0.587	1984	0.155869834574098
Klhl33	0.422	0.056	0.492	533	0.159216061136454
Ly6g	0.452	0.155	0.55	134	0.187137927696383
Klhdc7b	0.498	0.274	0.612	605	0.153888537619257
Atp8b2	0.554	0.394	0.675	1190	0.164068033133313
Atp8b1	0.456	0.161	0.548	1251	0.15604354200556
Adgrg3	0.546	0.399	0.676	542	0.160610193919327
Cyp26c1	0.584	0.496	0.725	518	0.157253071278761
Calhm1	0.542	0.339	0.644	348	0.163849118868591
Sh3glb1	0.361	-0.145	0.385	386	0.152676167493366
Or6y1	0.402	0.075	0.5	325	0.148304728136236
Zfp108	0.471	0.151	0.555	642	0.167595954402137
Prdx5	0.467	0.213	0.58	210	0.167929562576377
Ldlrad1	0.558	0.296	0.626	218	0.183408721840133
AAdacl4fm3	0.38	-0.005	0.456	408	0.149459696363237
Cfap73	0.523	0.38	0.66	306	0.16639729546436
Or10ac1	0.504	0.271	0.599	317	0.156494641184094
Vmn1r34	0.366	-0.025	0.441	309	0.14520331359261
Vmn1r39	0.348	-0.08	0.409	305	0.143437960305478
Vmn2r21	0.337	-0.176	0.367	853	0.148347696998471
Vmn2r22	0.337	-0.186	0.361	853	0.146507804730639
Vmn1r176	0.352	-0.101	0.401	304	0.148171304654873
Vmn1r170	0.359	-0.097	0.403	304	0.153241195958205
Vmn2r62	0.345	-0.152	0.383	859	0.148284891400796
Crtam	0.432	0.124	0.533	393	0.152586933555888
Vmn2r74	0.309	-0.255	0.323	853	0.146815608689986
Vmn2r75	0.319	-0.241	0.333	853	0.147895118770988
Vmn2r77	0.332	-0.195	0.357	854	0.150255702929878
Eif3i	0.563	0.354	0.66	325	0.167388889014879
Hs3st3b1	0.743	0.763	0.872	390	0.165298577984992
Trim43a	0.382	-0.002	0.459	445	0.156069965754786
Plagl2	0.508	0.214	0.584	496	0.163542201421044
Plxnc1	0.474	0.239	0.592	1574	0.161501192483154
Fezf2	0.595	0.448	0.71	455	0.177374715225833
H2al1k	0.406	0.115	0.515	105	0.140648601894041
H2al1e	0.406	0.115	0.515	105	0.140793567149166
Rhox7a	0.455	0.102	0.52	281	0.155814462657297
Zc3h12b	0.394	-0.057	0.44	835	0.154175230238335
Rcan1	0.56	0.429	0.697	251	0.162722841442201
Tyk2	0.557	0.368	0.66	1207	0.163146135601318
H2al2c	0.376	-0.029	0.444	111	0.144668803071823
Gsdme	0.469	0.206	0.576	512	0.165038091233149
Tfip11	0.657	0.584	0.778	838	0.174924258460482
Cadm1	0.49	0.215	0.584	474	0.157015888245597
Parp14	0.402	0.009	0.474	1817	0.158907935106976
Gm6034	0.384	-0.156	0.376	117	0.153408052290651
Btnl2	0.48	0.214	0.579	514	0.15688086460997
Arid3c	0.482	0.188	0.566	409	0.150771639508181
Ugt2a2	0.357	-0.131	0.392	528	0.149462279855386
Rtl8b	0.71	0.706	0.84	113	0.164616306674835
Methig1	0.576	0.489	0.727	264	0.169739345884375
2610042L04Rik	0.402	0.028	0.468	150	0.163064800754713
Syt8	0.511	0.31	0.627	395	0.159772435982879
Hes6	0.572	0.404	0.677	224	0.166679314671924
Gbp3	0.444	0.146	0.539	620	0.162928237822625
Rp9	0.509	0.31	0.633	213	0.170581922673422
Fnbp4	0.382	-0.155	0.396	1077	0.151464141312674
Ctps2	0.385	-0.049	0.436	586	0.159582408314772
Apom	0.491	0.229	0.589	190	0.160682649254594
Sertad1	0.559	0.396	0.675	236	0.160456089887146
Stx8	0.409	0.108	0.509	236	0.15872912046709
Eif3d	0.578	0.401	0.681	548	0.167824344072698
Ap3m1	0.356	-0.148	0.387	418	0.145632727058914
Dclre1a	0.402	-0.022	0.458	1047	0.154042749039405
Sfn	0.668	0.614	0.794	248	0.179713732849874
Eef1b2	0.399	-0.095	0.427	225	0.167726726942599
Bri3	0.664	0.667	0.823	125	0.167571766064885
Mpc1	0.438	0.108	0.52	109	0.159591589465272
Ebag9	0.344	-0.168	0.379	213	0.15320350667285
Slc13a1	0.362	-0.092	0.409	594	0.148002070471272
Slc1a4	0.534	0.388	0.671	532	0.16097133822316
Ift20	0.421	0.084	0.508	132	0.177630202999319
Agpat1	0.573	0.461	0.706	285	0.161015578207625
Impa1	0.385	0.001	0.467	277	0.161076312571344
Pigb	0.437	0.201	0.566	542	0.147857136004615
Paxip1	0.486	0.216	0.583	1056	0.163947785624485
Pdzrn3	0.609	0.477	0.719	1063	0.174313803106797
Camkk1	0.509	0.275	0.613	505	0.166046719954619
Cxcl13	0.322	-0.099	0.4	109	0.153086859288659
Cpxm2	0.505	0.257	0.602	764	0.162946520139757
Snx12	0.474	0.216	0.573	170	0.151936363410231
Nop58	0.316	-0.283	0.315	536	0.16190942401516
Fmo2	0.463	0.187	0.565	535	0.156217496963269
Panx1	0.548	0.392	0.669	426	0.165944388489921
Trim3	0.506	0.232	0.591	744	0.165956876413547
Msh4	0.374	-0.023	0.448	958	0.149810849040928
Smad9	0.602	0.491	0.731	430	0.166719287684873
Alyref2	0.491	0.217	0.578	218	0.16279797071168
Pgam2	0.555	0.375	0.664	253	0.171874537436765
Srcin1	0.6	0.476	0.721	1217	0.160011199516003
Or13e8	0.537	0.421	0.682	316	0.161250076704608
Or13j1	0.603	0.53	0.742	312	0.164311302498424
Hebp2	0.464	0.14	0.548	205	0.156641191578543
Slc2a8	0.59	0.522	0.74	477	0.157434168762167
Stard10	0.584	0.411	0.688	291	0.170013298786335
Tmem131	0.403	0.027	0.483	1877	0.144485224533054
Ppie	0.503	0.19	0.573	301	0.169929177649123
Nprl2	0.582	0.429	0.692	380	0.171931811157003
Ccnl2	0.457	0.178	0.558	518	0.157348342791162
Rplp1	0.508	0.205	0.586	114	0.190281783399979
Uso1	0.37	-0.026	0.447	959	0.155131011084033
Akr1e1	0.426	0.075	0.502	301	0.160113816336897
Rala	0.396	0.046	0.492	206	0.166553453565108
Samhd1	0.435	0.102	0.517	658	0.162238476312312
Uqcc1	0.458	0.167	0.553	295	0.159645009850985
Msln	0.492	0.271	0.605	625	0.16088827782126
Lgals8	0.432	0.098	0.513	325	0.152589256131664
Cyp39a1	0.34	-0.17	0.367	470	0.148508481665388
Gtpbp2	0.535	0.36	0.657	602	0.162140459608205
Btg4	0.409	-0.031	0.454	250	0.163967831858303
Ammecr1	0.491	0.246	0.6	344	0.162062116207794
Il17b	0.606	0.48	0.719	180	0.163621461506492
Tcerg1	0.381	-0.151	0.394	1100	0.153142356173468
Lgals12	0.49	0.277	0.609	314	0.153062170177393
Pdss1	0.357	-0.104	0.406	409	0.154124601705261
Dgke	0.44	0.139	0.538	564	0.168397315924456
Car5b	0.408	0.024	0.477	317	0.151031669829953
Astn2	0.501	0.245	0.596	1352	0.160199734152394
Ubqln1	0.436	0.073	0.509	582	0.150748112149649
Set	0.385	-0.139	0.403	289	0.154361447948605
Dnah10	0.573	0.457	0.706	4591	0.168083535876531
Psmg1	0.447	0.149	0.545	289	0.165054317611012
Ramp3	0.612	0.45	0.704	147	0.183134465464747
Cts7	0.359	-0.221	0.353	331	0.156705738339991
Pfpl	0.399	-0.066	0.436	702	0.155591951143405
Cts8	0.371	-0.171	0.381	333	0.161619866296695
Ftsj3	0.437	0.05	0.493	838	0.165373104407343
Plac1	0.505	0.225	0.596	173	0.159507257746693
Tamalin	0.591	0.509	0.736	392	0.160930571589172
Mad2l1	0.386	-0.05	0.435	205	0.148435267264023
Cldn14	0.656	0.608	0.789	239	0.167774005994649
Nagk	0.479	0.199	0.568	361	0.165501656829654
Bace2	0.465	0.162	0.549	514	0.158638622136709
Pigp	0.378	0.041	0.485	205	0.14057531270218
Olfm1	0.575	0.445	0.704	485	0.163353085290765
Nmu	0.359	-0.122	0.394	174	0.153048863934724
Msgn1	0.542	0.417	0.687	188	0.159357587303878
Hao2	0.378	-0.041	0.434	353	0.161368128356748
Rabggta	0.515	0.327	0.633	567	0.165215700574887
Fxyd1	0.532	0.34	0.633	92	0.159567039462329
Prodh2	0.521	0.331	0.637	456	0.163422025096821
Rbm38	0.64	0.451	0.712	237	0.164859025254703
Tro	0.416	-0.09	0.433	2087	0.151174420978573
Plek	0.431	0.066	0.5	350	0.162859168997683
Prpf40a	0.333	-0.318	0.308	953	0.150642612491887
Ptbp2	0.335	-0.241	0.34	532	0.150853218808014
Tdp2	0.352	-0.103	0.411	370	0.150589924701551
Heyl	0.48	0.191	0.565	326	0.147502230880773
Abcb10	0.496	0.303	0.621	715	0.155715449942148
Ddx21	0.419	0.018	0.481	851	0.164193267825696
Ensa	0.523	0.293	0.632	121	0.176415232858852
Uchl5	0.307	-0.232	0.342	329	0.150430548448611
Becn1	0.526	0.276	0.614	448	0.169835595890976
Gde1	0.516	0.277	0.613	331	0.156212943062294
Rev1	0.354	-0.177	0.374	1249	0.152641165626973
Rhog	0.578	0.442	0.702	191	0.172346515643294
Htra1	0.534	0.371	0.663	480	0.169578390631658
Scamp4	0.588	0.385	0.674	230	0.168702058915727
Acin1	0.435	0.069	0.505	1338	0.154585634117239
Stx1b	0.552	0.349	0.65	288	0.175687268469601
Pals1	0.329	-0.197	0.356	675	0.149216964082892
Patz1	0.529	0.304	0.63	641	0.170610547656241
Extl1	0.53	0.349	0.649	669	0.154778725345466
Zfp386	0.353	-0.223	0.356	626	0.161855530977819
Ccl24	0.51	0.314	0.632	119	0.181973465116965
Cited4	0.653	0.66	0.82	182	0.152124198694407
Fscn3	0.45	0.142	0.537	498	0.151781245816051
Tspan5	0.419	0.075	0.502	268	0.163640890508437
Espn	0.609	0.484	0.725	871	0.165981960203948
Ube2j1	0.387	-0.07	0.429	318	0.146867960326058
Thsd1	0.477	0.184	0.566	851	0.154173133355928
Hdac7	0.52	0.31	0.63	953	0.155813604476413
Ak3	0.493	0.248	0.595	227	0.154881695613058
Actr8	0.431	0.088	0.51	624	0.16052868837312
Hnrnph2	0.35	-0.188	0.375	449	0.144985635963125
Cpxm1	0.488	0.194	0.569	722	0.158093860484884
Pex14	0.54	0.327	0.642	376	0.16085862245067
Stk3	0.344	-0.169	0.378	497	0.149583555425129
Rbm14	0.489	0.138	0.55	669	0.16028304105064
Tmem45a	0.354	-0.035	0.438	273	0.143708873821456
Gkap1	0.376	-0.081	0.426	366	0.163256495899268
Dipk1b	0.578	0.45	0.7	431	0.174988342059133
Mrpl37	0.473	0.258	0.599	423	0.157389964819573
Mrpl12	0.541	0.39	0.672	201	0.170066529425886
Mrpl19	0.448	0.152	0.543	292	0.160373679671095
Rassf1	0.506	0.301	0.62	340	0.159754626409797
Styx	0.298	-0.267	0.321	223	0.146979751223733
Naa10	0.555	0.354	0.656	235	0.178880968446599
Slc35g3	0.473	0.222	0.582	362	0.15656910670124
Ptpn9	0.449	0.128	0.532	593	0.157776472464409
Higd1a	0.431	0.062	0.506	95	0.157891635174123
Dmrtb1	0.573	0.359	0.664	359	0.16115308446103
Arl6	0.367	-0.075	0.419	193	0.159967403664803
Atl2	0.383	-0.052	0.437	583	0.154878434781098
Fkbpl	0.409	0.03	0.479	347	0.159690848255677
Pitpnb	0.393	-0.052	0.442	272	0.161623345893854
Sinhcaf	0.443	0.055	0.502	221	0.165322416144839
Metap2	0.376	-0.09	0.424	478	0.163433596234727
Mycbp	0.384	-0.022	0.455	103	0.159472683978702
Gps2	0.471	0.142	0.546	327	0.152425737486762
Nupr1	0.482	0.108	0.526	80	0.156634767200051
Zfp113	0.405	-0.019	0.46	439	0.162921234376671
Rhcg	0.512	0.301	0.626	498	0.156205271088179
Ggcx	0.479	0.235	0.586	757	0.151553759738037
Anapc7	0.496	0.294	0.62	565	0.17163157207239
Acpp	0.452	0.177	0.554	417	0.153420029666679
Dbn1	0.531	0.233	0.597	706	0.167985660728813
Aatf	0.397	-0.037	0.444	526	0.156837929700028
Timm22	0.484	0.159	0.556	194	0.172525924147557
Dnajb5	0.557	0.345	0.65	348	0.164316874481472
Stam2	0.382	-0.105	0.42	523	0.156930349238047
Abcb9	0.647	0.607	0.788	762	0.164029852428077
Arl2	0.626	0.511	0.731	184	0.174130908481771
Pdcd5	0.343	-0.087	0.418	126	0.153859210186462
Amotl2	0.551	0.352	0.652	772	0.163503127442807
Tmed2	0.51	0.326	0.64	201	0.162950925961043
Mettl3	0.405	0.01	0.469	580	0.157957248768449
B4galt5	0.542	0.362	0.656	388	0.155857712837687
Txnip	0.509	0.246	0.6	397	0.167435180581324
Eif3c	0.494	0.22	0.582	911	0.167997075405264
Hsd17b12	0.428	0.083	0.507	312	0.158263382211516
Net1	0.431	0.154	0.54	595	0.155714430136941
Arl3	0.457	0.206	0.568	182	0.158861460136731
Ptges3	0.306	-0.404	0.262	160	0.151909202977783
Rybp	0.538	0.205	0.589	228	0.167192427330926
Dnajc7	0.432	0.026	0.486	494	0.172133573016989
Gltp	0.704	0.667	0.821	209	0.182928632381844
Ivd	0.489	0.257	0.6	424	0.164100418073648
Copz2	0.505	0.294	0.622	205	0.159611490535406
Acot9	0.333	-0.185	0.365	439	0.14178358641065
Pus1	0.564	0.383	0.671	441	0.169793894859702
Sult1b1	0.353	-0.163	0.38	299	0.15085309354855
Tmeff2	0.426	0.02	0.485	374	0.176504320624353
Zmym3	0.48	0.155	0.552	1370	0.165737718960259
Clcnkb	0.565	0.403	0.68	687	0.161542461048244
Scoc	0.323	-0.241	0.339	125	0.150579035713879
Cyb561d2	0.514	0.377	0.656	222	0.159870263516147
Apip	0.421	-0.031	0.456	241	0.173605509417084
Tagln3	0.499	0.269	0.611	199	0.16931947861215
Fzr1	0.591	0.45	0.705	493	0.164929686017119
1110004F10Rik	0.427	-0.013	0.474	181	0.166189025609637
Cpb2	0.405	0.018	0.474	422	0.153892753802012
Tmem59	0.395	0.023	0.476	323	0.158462117498953
B4galt4	0.499	0.304	0.625	344	0.165434240534482
Pdlim5	0.427	0.002	0.476	614	0.164513929475109
Arpc3	0.547	0.344	0.651	178	0.168840133304969
Kcnj1	0.393	-0.019	0.449	392	0.148925473004428
Arid3b	0.498	0.177	0.562	568	0.157639497202854
Spen	0.499	0.206	0.581	3643	0.157967695338028
Rab9	0.384	-0.105	0.415	201	0.15456790833274
Letm1	0.542	0.352	0.649	738	0.170047329473075
B4galt6	0.433	0.125	0.529	382	0.148118603886112
Cyp3a25	0.386	-0.056	0.43	503	0.14895337486836
Stx5a	0.479	0.212	0.574	355	0.155805083233288
Znrd2	0.535	0.326	0.639	199	0.170139322825524
Shoc2	0.369	0.021	0.465	582	0.152761236393494
Tmem115	0.52	0.412	0.68	350	0.153372839050885
Morf4l2	0.438	0.051	0.496	288	0.166476023114966
Chp1	0.469	0.223	0.579	195	0.153133361387927
Akap8	0.441	0.037	0.492	687	0.15913713465147
P3h1	0.554	0.373	0.665	748	0.165594045126092
Syncrip	0.311	-0.363	0.282	623	0.148647516326103
Trip4	0.379	-0.029	0.449	581	0.159173570432577
Dusp14	0.553	0.398	0.674	198	0.164155147480025
Ncoa6	0.377	-0.158	0.395	2069	0.143188742391346
Trpc4ap	0.49	0.284	0.61	797	0.161912707116111
Nudt3	0.584	0.442	0.704	168	0.170837172454831
Cbln3	0.515	0.292	0.623	197	0.155737956234892
Noa1	0.484	0.261	0.602	693	0.159268842721169
Adar	0.462	0.149	0.547	1178	0.158923766897859
Ykt6	0.467	0.186	0.568	198	0.15892821586955
Diaph3	0.36	-0.106	0.404	1171	0.153942804654118
Ppp4c	0.516	0.299	0.623	307	0.163364804376554
Pfkp	0.464	0.149	0.543	784	0.165713350585546
Hbs1l	0.376	-0.092	0.421	682	0.155978115496093
Stub1	0.592	0.408	0.681	304	0.182545307758226
Pdcd10	0.356	-0.143	0.386	212	0.151638311910127
Tubd1	0.39	-0.001	0.469	486	0.153450535989747
Mtch2	0.37	-0.057	0.43	312	0.148541710722436
Dpt	0.539	0.255	0.61	201	0.171375072082787
Clip1	0.453	0.14	0.544	1391	0.168751160354213
Dstn	0.378	-0.107	0.415	165	0.163782781956689
Vps29	0.453	0.14	0.538	186	0.163958517271765
Tspan3	0.497	0.275	0.61	253	0.174757429165218
Adrm1	0.523	0.275	0.618	407	0.161071930050906
Rrad	0.541	0.371	0.661	307	0.162134204298033
Rbx1	0.502	0.228	0.596	108	0.190085497969222
Snx1	0.464	0.129	0.538	521	0.161852481399843
Naa80	0.493	0.219	0.575	314	0.14797455532876
Serinc1	0.368	-0.055	0.432	453	0.149072539608609
Arpc1a	0.522	0.243	0.598	370	0.168172931055496
Actr10	0.347	-0.135	0.385	417	0.152518592723145
Dnaja2	0.359	-0.176	0.377	412	0.158869903181265
Copz1	0.499	0.277	0.608	177	0.162460351064722
Cyp2d22	0.542	0.341	0.644	500	0.157685372301596
Ybx3	0.501	0.21	0.585	361	0.152521032119205
Suclg1	0.424	0.019	0.478	346	0.16468425328987
Orc6	0.344	-0.139	0.38	262	0.16060247457775
Mbtps1	0.469	0.171	0.557	1052	0.1564290296798
Aldh18a1	0.48	0.273	0.606	795	0.158190283567945
Dynll1	0.596	0.396	0.682	89	0.19258541305504
Actl6a	0.415	0.029	0.485	429	0.160267428031762
Clptm1	0.555	0.373	0.667	664	0.157931841543253
Foxo1	0.544	0.321	0.644	652	0.155420836092961
Sae1	0.479	0.182	0.566	350	0.171199868975041
Pkp3	0.538	0.344	0.645	822	0.158432234175493
Kcnip3	0.53	0.318	0.637	284	0.167940603749134
Mtch1	0.604	0.531	0.75	389	0.165257454049302
Snd1	0.518	0.294	0.622	910	0.166014961885336
Ctsf	0.537	0.314	0.633	462	0.166364848421624
Socs5	0.419	0.094	0.515	536	0.151283281586211
Pias1	0.379	-0.045	0.441	651	0.147766014009279
Rgs19	0.522	0.282	0.619	243	0.162032336386648
Stmn4	0.49	0.216	0.58	216	0.178359201161808
Fads2	0.6	0.491	0.726	444	0.166180276123703
Tbk1	0.395	0.041	0.486	729	0.156083099351696
Foxo3	0.603	0.496	0.734	672	0.1605102959093
Slc2a5	0.515	0.415	0.681	501	0.156563037146114
Gabarap	0.463	0.154	0.548	117	0.154577439380862
Nxt1	0.473	0.167	0.564	140	0.154671434305784
Ikbke	0.547	0.37	0.662	717	0.165196494235469
Zbtb20	0.588	0.397	0.682	741	0.164558086586135
Vapb	0.447	0.133	0.538	243	0.161886365445199
Cldn18	0.546	0.328	0.642	264	0.17311181623751
Gosr2	0.502	0.343	0.64	212	0.160005429843565
Get3	0.596	0.465	0.715	348	0.174745162165814
Tspan6	0.379	-0.043	0.441	245	0.158959557752922
Elf4	0.478	0.192	0.571	655	0.15338806731793
Ankrd49	0.372	-0.159	0.383	238	0.161931811190917
Srpk3	0.496	0.204	0.574	565	0.164148088770007
Ruvbl1	0.526	0.298	0.623	456	0.17668692549156
Cib2	0.568	0.407	0.683	187	0.175044467388516
Rapgef4	0.415	0.066	0.498	1011	0.157226889123888
Pard6a	0.478	0.24	0.587	346	0.14988663598808
Rnf138	0.325	-0.29	0.318	245	0.150512622809785
Rbms2	0.476	0.131	0.543	383	0.160046274573373
Slc22a21	0.477	0.258	0.597	564	0.15105651914024
Defb4	0.385	-0.03	0.433	63	0.164530969238541
Nme4	0.53	0.346	0.648	186	0.156802801384277
Papolb	0.337	-0.177	0.364	642	0.146206736861134
Pmfbp1	0.511	0.35	0.65	1022	0.177706970250254
Pals2	0.349	-0.158	0.377	553	0.152166697769101
Zfp235	0.481	0.167	0.565	702	0.170823310207435
Septin6	0.539	0.323	0.64	434	0.176324718659407
Mast1	0.536	0.324	0.639	1570	0.152238539870228
Sec11a	0.356	0.011	0.459	179	0.14300365872161
Cnpy2	0.442	0.144	0.537	182	0.163068089397849
Ylpm1	0.366	-0.2	0.365	2139	0.143229864049999
Ripk3	0.445	0.105	0.525	486	0.156032865046014
Rgs17	0.423	0.079	0.509	230	0.164254156856591
Hspb3	0.482	0.232	0.583	154	0.156891591049639
Pex3	0.345	-0.097	0.403	372	0.146094418530366
Klk11	0.511	0.301	0.624	276	0.165402734213505
Habp4	0.505	0.255	0.604	412	0.162948417216882
Cilk1	0.437	0.104	0.518	629	0.154090737069369
Kcnd3	0.577	0.442	0.7	655	0.158964328380797
Vmn2r1	0.355	-0.152	0.382	912	0.151723142437295
Sec1	0.577	0.438	0.698	389	0.156305649823021
Ube2d2a	0.344	-0.274	0.314	147	0.147685637571143
Txn2	0.512	0.305	0.631	166	0.162752457999793
Vmn2r26	0.333	-0.186	0.361	855	0.147043807942638
Raet1d	0.383	-0.053	0.441	249	0.15139548728473
Pfdn5	0.582	0.47	0.719	154	0.183661550514548
Rps6ka4	0.611	0.505	0.733	773	0.167570901055046
Mgst1	0.414	0.063	0.491	229	0.149636199070764
Clec4e	0.413	0.006	0.475	214	0.153854786357156
Clec4n	0.399	-0.002	0.471	209	0.157190665481916
Adam21	0.344	-0.17	0.379	729	0.159516882136028
Poll	0.524	0.313	0.632	573	0.164294477449262
Dnase2b	0.397	0.04	0.485	354	0.147575775890589
Trim17	0.587	0.485	0.724	477	0.174043265739344
Sphk2	0.485	0.244	0.59	617	0.151586848710092
Prl2a1	0.384	-0.035	0.441	228	0.157613000266644
Fgf21	0.5	0.249	0.596	210	0.153313506379927
Gsk3b	0.394	-0.074	0.427	433	0.146302262580342
Klk4	0.497	0.296	0.626	255	0.163128341749671
Ankrd2	0.518	0.328	0.635	328	0.169022925355275
Slc15a1	0.469	0.202	0.575	709	0.159682210147729
Clec7a	0.363	-0.142	0.395	199	0.146813902846017
Mlycd	0.668	0.645	0.808	492	0.171472522688247
Dnajb8	0.493	0.198	0.58	227	0.15660908313304
Lamtor3	0.395	0.061	0.496	124	0.150549886913976
Crtap	0.639	0.589	0.781	400	0.171170768818292
Pnkd	0.542	0.387	0.668	385	0.162479509402634
Gpr132	0.559	0.403	0.679	382	0.167537008611907
Akap10	0.363	-0.142	0.394	662	0.150865683537979
Phax	0.421	0.041	0.491	385	0.164758275559681
Cdc42ep4	0.605	0.483	0.725	349	0.165435512349837
Glmp	0.476	0.17	0.557	404	0.153618156632005
H1f5	0.605	0.338	0.662	223	0.217092249297677
Pigo	0.46	0.211	0.572	1101	0.150937370615201
Ranbp9	0.39	-0.015	0.466	710	0.146533056196418
Ccnl1	0.388	0.015	0.468	532	0.144951256056209
Zfp111	0.476	0.173	0.564	701	0.172267998171092
Clcf1	0.539	0.352	0.648	225	0.161859870931396
Dnajb12	0.585	0.429	0.698	376	0.164316531679496
Brinp1	0.511	0.273	0.606	760	0.15689337590497
Plag1	0.419	0.02	0.484	499	0.15751407819217
Rabgef1	0.526	0.304	0.629	491	0.173676980747866
Mlst8	0.5	0.169	0.558	326	0.165753630068331
Mtor	0.525	0.334	0.639	2549	0.164854348136069
Tdo2	0.395	0.002	0.461	406	0.149810153237293
Litaf	0.553	0.29	0.632	161	0.169166137617571
Cript	0.404	-0.137	0.408	101	0.184185986111735
Sh3bgrl	0.341	-0.269	0.333	114	0.154856129959633
Miox	0.606	0.434	0.702	285	0.169319886268831
Tulp2	0.478	0.221	0.586	562	0.155199614406691
Krt71	0.617	0.461	0.711	524	0.178394648130506
Rnf14	0.432	0.021	0.48	485	0.173052119666827
Alg2	0.55	0.397	0.675	415	0.168915395420452
Mocs1	0.548	0.405	0.679	636	0.166270761828001
Rec8	0.458	0.176	0.55	591	0.151244673567699
Igdcc4	0.53	0.321	0.639	1253	0.160909526308427
Psrc1	0.434	0.065	0.498	329	0.147648339953663
Lat2	0.531	0.239	0.601	203	0.164479684826855
Pf4	0.494	0.279	0.606	105	0.167221359864233
C1qtnf1	0.627	0.462	0.715	281	0.17465793943087
Tex101	0.474	0.186	0.567	250	0.160969455006356
Sez6l	0.576	0.412	0.687	963	0.162140938279528
Nfu1	0.424	0.059	0.498	256	0.151161029562666
Dhodh	0.506	0.311	0.626	395	0.158602981529669
Aldh9a1	0.479	0.206	0.579	518	0.170782816362161
Tacstd2	0.602	0.572	0.769	317	0.168447563814958
Mbnl1	0.386	-0.097	0.423	381	0.159362436707694
Clec1b	0.384	0.006	0.465	229	0.162059468648385
Med20	0.546	0.322	0.644	212	0.174619064156858
Mllt11	0.543	0.338	0.647	90	0.157484112972556
Chst5	0.586	0.53	0.744	395	0.151646594284821
Slc6a14	0.308	-0.282	0.305	638	0.150607054551596
Ralgapa1	0.32	-0.242	0.334	2035	0.145557532386962
Tmem9b	0.453	0.21	0.57	199	0.164092063942075
Ascl3	0.605	0.488	0.724	174	0.156913628472912
Scube2	0.474	0.13	0.541	968	0.172661769948041
Supt20	0.351	-0.166	0.38	531	0.15235840118747
Ube2l6	0.539	0.333	0.639	153	0.162397374147776
Stap1	0.384	-0.068	0.427	297	0.150118572937956
Hacl1	0.41	0.002	0.468	581	0.162729560553969
Arl10	0.574	0.459	0.706	243	0.166203380326008
Zbtb33	0.324	-0.287	0.318	671	0.147636522593652
Scamp5	0.577	0.405	0.687	235	0.165827423493133
Cacna2d2	0.56	0.387	0.672	1156	0.16602970113937
Gmeb1	0.501	0.259	0.609	562	0.162222167130011
Dkk2	0.475	0.172	0.558	259	0.173908219624251
Dnajb2	0.496	0.249	0.604	324	0.153359297557637
Ctsr	0.376	-0.186	0.375	334	0.162007966504675
Ccl28	0.382	0.005	0.464	130	0.163873580522615
Lgi1	0.385	-0.032	0.448	557	0.15338564456749
Trpm5	0.538	0.331	0.638	1158	0.165586141581769
Tssc4	0.508	0.217	0.591	317	0.158153683069083
Necab3	0.519	0.299	0.625	353	0.162434737759714
Aldh1a3	0.522	0.284	0.62	512	0.170365138141978
Insm2	0.629	0.563	0.768	493	0.164347744238338
Slc37a2	0.517	0.332	0.638	506	0.1624779357741
Or11h4	0.343	-0.135	0.377	313	0.142821565840783
Or52b1	0.409	0.034	0.47	315	0.153338399903503
Or5p57	0.38	-0.026	0.446	342	0.144332716790616
Cldn9	0.536	0.423	0.684	217	0.169168430626657
Psg23	0.386	0.017	0.473	471	0.144880490675576
Zfp109	0.466	0.171	0.565	644	0.167825951656854
Pate4	0.367	-0.113	0.411	99	0.163418663957107
Lmbr1	0.342	-0.079	0.406	490	0.145640111119338
Rnf32	0.368	-0.03	0.442	368	0.157030002228159
Nsmf	0.586	0.43	0.694	532	0.164751419229229
Rbms1	0.462	0.048	0.503	417	0.155679123497678
Htr3b	0.461	0.224	0.578	437	0.15622849610505
Pdxp	0.737	0.768	0.874	292	0.169762721174585
Gtf2ird1	0.543	0.349	0.65	1104	0.164460767316346
Slc12a5	0.571	0.436	0.696	1115	0.166385887295802
Dolpp1	0.498	0.356	0.649	238	0.144330113466554
Sap30bp	0.498	0.182	0.573	308	0.167741834568488
Tbx20	0.504	0.239	0.595	445	0.149861820992846
Zfp276	0.541	0.323	0.642	614	0.172569049936646
Ly6i	0.452	0.07	0.508	134	0.180453240796335
Gabrq	0.426	0.081	0.506	638	0.150352547857822
Or52d3	0.387	0.015	0.459	317	0.148572477451007
Or8b12i	0.345	-0.085	0.407	311	0.138457332088637
Tas2r105	0.316	-0.139	0.376	300	0.142189846421454
Tas2r108	0.351	-0.051	0.415	297	0.141696592373832
Tas2r119	0.35	-0.039	0.429	334	0.145392850534146
Cldn13	0.433	0.15	0.536	211	0.154304670084878
Prss21	0.496	0.242	0.593	324	0.160404971072962
Vav3	0.371	-0.072	0.424	847	0.153455442480933
Xpo4	0.344	-0.092	0.41	1151	0.146867887204804
Tob2	0.618	0.47	0.722	345	0.16169365658003
Ltb4r2	0.564	0.486	0.72	360	0.159532971112683
Brd4	0.513	0.153	0.557	1401	0.158615910781956
Retnla	0.457	0.13	0.535	138	0.184199120839194
Retnlb	0.438	0.11	0.525	105	0.181866447222503
Retn	0.466	0.197	0.569	114	0.183233046111302
Fzd2	0.701	0.697	0.837	570	0.166335825094193
Cxcl14	0.726	0.723	0.849	99	0.193484445765792
Apba3	0.576	0.431	0.695	571	0.161671706668114
Or4e5	0.421	0.124	0.523	313	0.149820535107556
Or4e1	0.419	0.125	0.524	310	0.151420966784291
Or4e2	0.42	0.112	0.515	308	0.149640925399994
Or4c3d	0.439	0.123	0.521	302	0.154470123189054
Slc16a8	0.596	0.478	0.718	492	0.167286872500933
Lenep	0.5	0.254	0.589	61	0.170847252454791
Vsig2	0.507	0.255	0.605	328	0.165759536901472
Slurp1	0.565	0.348	0.657	110	0.181435948740233
Bcam	0.535	0.328	0.645	622	0.159859616782539
Slc25a20	0.48	0.193	0.568	301	0.15880719138661
Rps27	0.448	0.073	0.512	84	0.168344174519094
Icmt	0.566	0.446	0.701	284	0.15925885367165
Psmd8	0.538	0.396	0.673	353	0.161060605107277
Mrps31	0.41	-0.007	0.463	384	0.160644137162494
Nelfcd	0.562	0.391	0.675	591	0.171532706493221
Wdr46	0.536	0.36	0.658	622	0.164385262591254
C1d	0.354	-0.131	0.402	141	0.161722853894882
Srsf4	0.527	0.303	0.624	491	0.149783530511432
Smpdl3a	0.404	-0.004	0.468	445	0.15540911487075
Park7	0.464	0.158	0.552	189	0.170124490905313
Terf2ip	0.561	0.434	0.701	393	0.166433612811144
Otor	0.396	-0.033	0.452	128	0.168775945079745
Gigyf1	0.541	0.346	0.65	1044	0.162999232376291
Jph1	0.493	0.189	0.575	660	0.16246102824469
Jph3	0.645	0.568	0.771	744	0.168533909247261
Parva	0.511	0.342	0.646	372	0.158094694275923
As3mt	0.423	0.069	0.505	376	0.167552427108386
Ppbp	0.44	0.105	0.509	113	0.167078515048648
Cramp1	0.463	0.134	0.539	1285	0.155105080839872
BC051019	0.474	0.156	0.554	402	0.161694876345609
Srd5a3	0.531	0.43	0.691	330	0.15600135111653
B4galt3	0.472	0.18	0.558	395	0.149153820370086
Akip1	0.44	0.135	0.542	212	0.152470600654727
Smarce1	0.462	0.123	0.539	411	0.164242798933294
Mogs	0.481	0.236	0.589	834	0.148991545614804
P2ry4	0.468	0.191	0.559	361	0.148417652097759
Psors1c2	0.48	-0.015	0.468	135	0.154161674065036
Cltrn	0.357	-0.11	0.399	222	0.148946308605038
Defb46	0.307	-0.18	0.34	57	0.16984674118151
Atp5j2	0.522	0.438	0.695	88	0.159267478456371
Scgb1b2	0.341	-0.155	0.38	93	0.160216155605974
Sult5a1	0.576	0.432	0.697	291	0.158101487424809
Sult3a1	0.321	-0.25	0.329	293	0.142131323837494
Dnajc4	0.523	0.279	0.61	244	0.151460255295869
Zc3h8	0.363	-0.219	0.366	305	0.164390792268927
Xrcc2	0.391	0.107	0.515	278	0.148558909016476
Plin4	0.493	0.178	0.573	1403	0.16661875567827
Gabarapl1	0.542	0.328	0.643	117	0.164980382188605
Golga7	0.399	0.08	0.504	137	0.157520795200377
Marchf7	0.294	-0.378	0.263	693	0.135925537979743
Tmem183a	0.448	0.14	0.538	375	0.160855821598246
Ehd3	0.571	0.415	0.685	535	0.167757271431764
Gpr17	0.579	0.454	0.703	339	0.168586092068233
Insyn2b	0.448	0.112	0.53	535	0.154865251759617
Pwwp4a	0.495	0.262	0.603	695	0.162652332616966
Pwwp4b	0.496	0.262	0.603	695	0.162848924421704
Gmnn	0.38	-0.158	0.39	206	0.163126974461163
Tas2r137	0.371	-0.003	0.448	333	0.145814105153325
Serinc4	0.482	0.215	0.58	492	0.161439064792468
Kcne3	0.467	0.159	0.546	103	0.151888253878843
Zmynd15	0.486	0.192	0.567	736	0.155958709321309
Psg26	0.386	0.046	0.486	475	0.147597918495118
Fbxo3	0.406	-0.007	0.46	480	0.154503751192689
Xlr3b	0.363	-0.13	0.39	226	0.155758739244845
Xlr5a	0.399	-0.035	0.455	236	0.160415961178279
Isg20	0.519	0.333	0.636	300	0.16572596045893
Rhox4b	0.405	0.035	0.487	205	0.15766078725
Slc15a2	0.404	0.013	0.47	740	0.152716788200006
Stk32c	0.59	0.462	0.713	488	0.164687258610115
Noc2l	0.523	0.316	0.63	750	0.163467417420346
Sec61a2	0.356	-0.049	0.43	476	0.149730075434871
Zfp112	0.435	0.032	0.492	879	0.166757201808068
Piwil2	0.449	0.128	0.53	971	0.160344752295075
Jmy	0.439	0.121	0.529	983	0.155482943852259
Piwil1	0.534	0.353	0.65	862	0.160406559869994
Wdr12	0.381	-0.091	0.42	423	0.153991068882969
Rnf25	0.447	0.092	0.517	456	0.158702964523054
Tacc2	0.435	0.008	0.481	2879	0.157497125039303
Noc3l	0.379	-0.031	0.443	807	0.15916927700324
Cend1	0.498	0.118	0.544	149	0.170684863725302
Dnajb7	0.363	-0.126	0.407	312	0.148699493142272
Fhl5	0.469	0.085	0.52	284	0.192365236043929
Pglyrp2	0.498	0.236	0.589	530	0.160389843918933
Ntn4	0.506	0.263	0.612	628	0.181408978454624
Tbx21	0.574	0.393	0.682	530	0.154518742485867
Wdr4	0.528	0.326	0.639	456	0.166630324437442
Usp29	0.373	-0.081	0.423	869	0.152474212739543
Ttyh1	0.559	0.409	0.679	460	0.165783060388074
Fmnl1	0.543	0.339	0.645	1094	0.162486971897682
Fxyd7	0.58	0.281	0.623	80	0.168791534249375
Cd200r1	0.373	-0.126	0.401	326	0.154721877246836
Rbak	0.476	0.169	0.566	711	0.168137461333688
Tnip1	0.568	0.378	0.67	647	0.169746781510384
Bin3	0.551	0.355	0.654	253	0.168609002038308
Rangrf	0.477	0.19	0.566	185	0.163088137566037
Rpl35a	0.399	-0.003	0.457	110	0.165899362428426
Cdon	0.424	0.027	0.487	1250	0.155313000256289
Rgr	0.511	0.256	0.597	291	0.156832134313573
Tk2	0.454	0.237	0.586	270	0.15499679653056
Kcne4	0.569	0.401	0.682	170	0.166712177304573
Spata5	0.328	-0.209	0.348	893	0.149644011778196
Tesc	0.661	0.611	0.79	214	0.172297888757658
Eral1	0.469	0.236	0.587	437	0.15935839641916
Adck2	0.453	0.193	0.562	617	0.155344274624961
Hacd3	0.423	0.126	0.526	362	0.148795917043246
Angptl4	0.508	0.278	0.613	410	0.16223276888875
Il17re	0.488	0.227	0.579	637	0.156129837259499
Ccdc126	0.438	0.253	0.593	140	0.149851288821659
Krcc1	0.335	-0.221	0.351	256	0.146656685731448
Isy1	0.435	0.064	0.498	285	0.170838742422248
Zfp318	0.373	-0.137	0.397	2237	0.145755991763659
Gsdma	0.494	0.287	0.617	446	0.158553203486116
Cdc42se1	0.483	0.247	0.597	80	0.174143752868033
Pidd1	0.489	0.254	0.593	915	0.151254776108408
Crlf2	0.624	0.56	0.765	359	0.16813745094649
Tbc1d1	0.494	0.252	0.6	1255	0.161957544347316
Tnfrsf13b	0.536	0.32	0.641	249	0.170079666815165
Asic5	0.396	-0.004	0.464	495	0.15546916409354
Sertad2	0.51	0.209	0.581	309	0.158372164238398
Rgs20	0.427	0.063	0.5	372	0.156718345429131
Rhbg	0.527	0.377	0.666	455	0.151508874763899
Sorcs1	0.431	0.103	0.52	1192	0.153983860424603
Klrc3	0.368	-0.117	0.398	221	0.15698510293244
Hic2	0.535	0.286	0.623	619	0.164237440361463
Il20	0.363	-0.025	0.438	176	0.15774287214627
Prokr1	0.591	0.473	0.714	393	0.166236009121582
Cnot9	0.392	0.024	0.467	299	0.146698252067699
Rsad2	0.496	0.237	0.589	362	0.171545054177637
Rad18	0.367	-0.119	0.406	556	0.155768403178639
Cldn10	0.429	0.066	0.507	231	0.154552560202432
Vstm2b	0.516	0.278	0.614	285	0.156799408960117
Extl2	0.47	0.286	0.615	330	0.153483290743014
Sh3kbp1	0.412	0.008	0.471	665	0.155232371257627
Sall1	0.507	0.238	0.599	1323	0.159313957652591
Ppp1r1a	0.506	0.256	0.606	171	0.149377356977975
Zbp1	0.475	0.152	0.553	411	0.163761213426698
Pdcd1lg2	0.467	0.251	0.592	247	0.157632139599078
Zbtb32	0.463	0.13	0.535	465	0.153018724412886
Slc43a3	0.499	0.272	0.607	502	0.157136070474672
Bcl11b	0.641	0.522	0.747	884	0.172159594936432
Sectm1b	0.456	0.123	0.53	212	0.155501628233218
Srrm3	0.618	0.542	0.756	648	0.149368594719111
Cst10	0.465	0.072	0.511	148	0.171584622543559
Trem1	0.407	0.031	0.48	230	0.145088081924735
Trem3	0.483	0.295	0.619	183	0.16380112412875
Pard6b	0.618	0.531	0.748	371	0.164480010514196
Rab37	0.527	0.262	0.606	223	0.165150593129433
Mmp19	0.453	0.095	0.519	527	0.153222870982339
Cacna1h	0.59	0.446	0.702	2359	0.162441738155081
Fam184b	0.505	0.268	0.609	942	0.169113168312103
Efcc1	0.552	0.405	0.676	558	0.161123230711581
Rnf8	0.475	0.24	0.591	488	0.178805339096302
Stk4	0.428	0.073	0.505	487	0.159904479147134
Dnaja4	0.508	0.285	0.619	397	0.175982283069799
Shank3	0.561	0.394	0.675	1730	0.155680804310446
Nectin1	0.604	0.45	0.708	515	0.166714033220442
Nkain4	0.5	0.293	0.62	208	0.161563905934088
Dexi	0.572	0.497	0.728	95	0.16154177245026
Hs1bp3	0.548	0.337	0.647	395	0.161540172160894
Nudt11	0.8	0.834	0.912	164	0.183821677367118
Nap1l5	0.66	0.5	0.742	156	0.201531398579118
Stx6	0.482	0.245	0.591	255	0.15665113272438
Gpr180	0.526	0.417	0.683	441	0.160107281479648
Slc35b4	0.477	0.26	0.6	331	0.156747092926124
1700123O20Rik	0.442	-0.007	0.466	142	0.159786146986249
Fibp	0.556	0.423	0.688	364	0.163202987339215
Chst11	0.696	0.657	0.815	352	0.171516803791495
Cep295nl	0.472	0.214	0.577	533	0.160197874409861
Cts6	0.365	-0.21	0.358	334	0.158274976504046
Erg28	0.456	0.271	0.598	140	0.141520095712154
Eid1	0.638	0.51	0.74	159	0.179962901323136
Trim54	0.643	0.561	0.765	366	0.188469151416465
Elp2	0.4	-0.013	0.462	831	0.161474545380355
Crbn	0.353	-0.166	0.375	445	0.151857587705462
Trpm7	0.294	-0.331	0.286	1863	0.1435761223213
Pmaip1	0.419	0.146	0.535	103	0.158721846756781
Kcnmb4	0.645	0.612	0.793	210	0.17712564141063
Pga5	0.493	0.247	0.595	387	0.159963819560003
Cdc42ep5	0.576	0.365	0.664	150	0.158946017330446
Mlxipl	0.531	0.334	0.644	864	0.147539730439026
Slco1c1	0.363	-0.068	0.428	715	0.150100951445499
Rnase4	0.501	0.313	0.629	148	0.170637423792949
Akr1a1	0.45	0.082	0.508	325	0.160472460835738
Efemp2	0.539	0.256	0.608	462	0.178263269198465
Adamdec1	0.378	-0.074	0.425	467	0.155028346268224
Cysltr1	0.335	-0.171	0.369	352	0.143217380462885
Tssk3	0.49	0.242	0.592	268	0.161435517083176
Tdh	0.48	0.245	0.593	373	0.154987856780393
Treh	0.501	0.261	0.605	576	0.160718864847155
Syngr4	0.541	0.378	0.665	233	0.151029537249842
Pex5l	0.445	0.13	0.534	650	0.16244771381297
Hibadh	0.383	-0.063	0.438	335	0.1551723836807
Repin1	0.576	0.389	0.672	601	0.169548495625712
Fam13a	0.417	0.015	0.474	693	0.15433033668643
Sumf1	0.488	0.186	0.573	372	0.167593225807517
Myot	0.4	-0.031	0.456	496	0.150919489634614
Rps6kb2	0.517	0.273	0.61	485	0.154608887305089
Ghrl	0.532	0.282	0.615	117	0.173935324629987
F12	0.556	0.331	0.647	597	0.177615145843791
Smpd3	0.56	0.35	0.655	655	0.172480115712335
Arhgap23	0.581	0.43	0.694	1277	0.158118374009004
Nectin3	0.331	-0.215	0.354	549	0.143644252182481
Pole3	0.537	0.345	0.652	145	0.176201988270137
Wrap73	0.538	0.367	0.66	462	0.166179281583732
Maea	0.558	0.361	0.657	396	0.173775920920428
Pias4	0.616	0.473	0.718	507	0.173297786108738
Trappc2l	0.637	0.507	0.738	139	0.169066218602567
Myoz2	0.397	-0.076	0.427	264	0.146181568600286
Ngly1	0.345	-0.117	0.397	651	0.151561447646582
Anapc5	0.463	0.211	0.574	740	0.163667405445695
Sh3rf1	0.477	0.165	0.561	891	0.160201155917706
Sqor	0.446	0.076	0.506	450	0.164073998041714
Myoz1	0.469	0.111	0.532	296	0.156248909241536
Moxd1	0.464	0.183	0.561	613	0.158640067865523
Hnrnph1	0.348	-0.237	0.35	472	0.146696435789084
Rrs1	0.643	0.56	0.763	365	0.173327840304023
Nup160	0.339	-0.14	0.383	1402	0.150057293312794
Thap11	0.563	0.432	0.698	305	0.169488725747229
Pdzk1	0.499	0.209	0.582	519	0.174242222170963
Rab2a	0.364	-0.094	0.415	212	0.154851452045681
Edf1	0.595	0.484	0.724	148	0.18306185608672
Med12	0.456	0.117	0.529	2190	0.157191162643525
Usp14	0.312	-0.349	0.285	493	0.15089379227824
Huwe1	0.375	-0.092	0.414	4378	0.149129017474353
Nampt	0.357	-0.106	0.415	491	0.154571323132012
Rcl1	0.444	0.201	0.566	373	0.153554564586041
Psmd14	0.319	-0.261	0.329	310	0.151254529990014
Mkks	0.317	-0.185	0.361	570	0.150788120751947
Chst12	0.653	0.601	0.785	419	0.162684126394586
Ppp2r3c	0.353	-0.088	0.413	453	0.147800502010796
Slc4a8	0.54	0.386	0.669	1089	0.165922028872944
Carm1	0.554	0.377	0.671	608	0.159956928452744
Dact1	0.535	0.34	0.649	815	0.164090365768982
Pxmp4	0.603	0.547	0.754	212	0.161083306943229
Rhot1	0.358	-0.12	0.398	672	0.152473778484488
Stk25	0.572	0.351	0.651	426	0.169395986912499
Cope	0.602	0.449	0.705	308	0.174787589001511
Wsb2	0.495	0.267	0.606	404	0.16080040237092
Rnf130	0.414	0.085	0.505	419	0.154514859403003
Stard3	0.541	0.399	0.675	446	0.158667860270527
Arpp19	0.401	-0.027	0.457	145	0.16062308069272
Pnkp	0.511	0.285	0.618	522	0.160234289769165
C1galt1c1	0.34	-0.218	0.356	316	0.153098296029409
Slc22a17	0.508	0.323	0.625	401	0.160686728999806
Nsa2	0.383	-0.058	0.436	260	0.161849248675967
Mettl9	0.392	0.064	0.493	318	0.149730511966447
Hgh1	0.526	0.375	0.661	393	0.167829662247889
Mrps30	0.47	0.213	0.577	442	0.156897840694222
Evc	0.519	0.33	0.636	1005	0.164678449391061
Zfp24	0.382	-0.048	0.44	368	0.156567020449753
Bhlhe22	0.668	0.666	0.823	355	0.174106270739154
Tpm3	0.459	0.113	0.522	285	0.189889738634838
Erbin	0.309	-0.32	0.296	1450	0.143131673531138
Fetub	0.488	0.188	0.571	388	0.167483124245834
Midn	0.548	0.38	0.669	508	0.152116407822238
Jph2	0.647	0.559	0.767	696	0.162007752249285
Pcbp4	0.553	0.367	0.662	403	0.159688489143938
Pcbp3	0.525	0.29	0.62	371	0.158470891070861
Fxyd6	0.54	0.378	0.667	94	0.178407707386987
Nek7	0.346	-0.116	0.401	302	0.153493677364452
Nek6	0.564	0.355	0.654	313	0.172875930841772
Ncstn	0.47	0.169	0.557	708	0.157241965154892
Dctn5	0.419	0.11	0.525	182	0.162125000483777
Ackr2	0.539	0.42	0.683	378	0.160453261851296
Gpa33	0.504	0.291	0.622	319	0.1670815902862
Emcn	0.356	-0.221	0.354	261	0.139800167267911
Myl10	0.556	0.353	0.66	147	0.179509190061564
Tceal3	0.462	0.064	0.51	200	0.173185605366897
Ndufs5	0.508	0.273	0.61	106	0.172044406618036
Myg1	0.472	0.209	0.575	380	0.155058248185986
Wbp11	0.434	-0.039	0.45	641	0.153408528704119
Chst7	0.601	0.547	0.752	484	0.159318263771461
Fign	0.402	-0.027	0.456	759	0.144969305601589
Nrip2	0.493	0.275	0.607	270	0.165847142437443
Ms4a4b	0.31	-0.227	0.346	226	0.141710260474207
Cldn15	0.586	0.495	0.729	227	0.169052631534371
Donson	0.409	0.055	0.492	560	0.148004137016277
Rbm8a	0.392	-0.041	0.443	174	0.155444830291613
Il1rapl2	0.351	-0.108	0.402	686	0.150879791317445
Sap30	0.433	0.123	0.537	220	0.17252313123072
Trappc4	0.515	0.273	0.608	219	0.16402224446943
Cenpk	0.27	-0.373	0.256	306	0.146657819096193
Doc2g	0.534	0.318	0.63	387	0.15931918947161
Iigp1	0.381	-0.067	0.426	413	0.1532472690868
Mrpl38	0.579	0.413	0.684	380	0.152979359882372
Pgap6	0.539	0.339	0.646	769	0.158270698139489
Il21r	0.492	0.197	0.572	529	0.157198853657553
Il21	0.357	-0.103	0.4	162	0.151564410582164
Qtrt1	0.555	0.372	0.663	403	0.162300364868258
Syt9	0.493	0.266	0.604	491	0.164429894559717
Acss2	0.499	0.198	0.574	701	0.164061515636723
Fads3	0.583	0.442	0.699	449	0.162446146346342
Fignl1	0.338	-0.276	0.324	683	0.154709713138855
Npvf	0.38	-0.076	0.425	188	0.141744822987547
Wtap	0.365	-0.129	0.403	396	0.149279600729916
Cd274	0.446	0.162	0.55	290	0.159593335073701
Fancg	0.429	0.12	0.52	623	0.15893777203368
Capn12	0.557	0.384	0.668	720	0.164448525087749
Actn4	0.634	0.5	0.731	912	0.177165267159316
Gucy1a1	0.477	0.205	0.573	691	0.164582768886911
Mapk8ip2	0.539	0.296	0.628	830	0.163498028833852
Trp53inp1	0.385	-0.134	0.405	239	0.157062884749206
Foxj2	0.56	0.32	0.645	565	0.16163390785188
Kcnq4	0.592	0.498	0.729	696	0.158399371770168
Gsk3a	0.529	0.309	0.633	490	0.161107923587343
Rtl4	0.349	-0.267	0.331	304	0.148923627370637
Garin4	0.423	0.063	0.499	585	0.15268151751104
Rfx8	0.474	0.237	0.589	596	0.163852240547737
Cldn34b4	0.314	-0.213	0.34	211	0.146009774104209
Tmem253	0.481	0.267	0.601	204	0.155539588826857
4930567H17Rik	0.439	-0.016	0.471	233	0.166030001368529
Zfp872	0.427	-0.037	0.458	465	0.169882224285443
4930432M17Rik	0.38	-0.128	0.412	174	0.156444996593598
9130409I23Rik	0.361	-0.04	0.431	320	0.146107433064367
Zfp551	0.407	-0.045	0.447	696	0.164677916970785
Taf7l2	0.402	-0.059	0.439	378	0.159779894062151
Tnfsfm13	0.463	0.186	0.559	410	0.153098118873066
Esp1	0.317	-0.207	0.34	102	0.149279723319459
Defb42	0.364	-0.009	0.451	75	0.162386532979102
Gal3st2c	0.573	0.411	0.682	396	0.161366888982505
Zcchc17	0.463	0.108	0.532	241	0.182084430471847
Klf14	0.586	0.401	0.686	325	0.168335973030216
Vmn2r116	0.334	-0.2	0.357	856	0.147454922333274
Vmn2r117	0.348	-0.172	0.375	857	0.14953021274559
Gm6121	0.294	-0.406	0.263	212	0.146177433039026
C130026I21Rik	0.411	0.026	0.482	291	0.153779051072403
Siglec15	0.664	0.657	0.815	342	0.165545188306574
Dcpp3	0.384	-0.06	0.439	170	0.147897405313
Cntnap5c	0.405	-0.016	0.458	1305	0.152872944530029
Alkal1	0.415	0.09	0.504	127	0.142710256425256
Vmn1r240	0.345	-0.102	0.406	307	0.143656296841009
Zfp963	0.344	-0.249	0.343	383	0.156526741420924
Vmn1r94	0.344	-0.1	0.404	305	0.145431315474661
Vmn1r241	0.361	-0.071	0.423	307	0.14575444411428
Nalf2	0.58	0.449	0.707	471	0.167720740850038
Ttc30a2	0.472	0.186	0.562	664	0.166892271591676
Vmn2r67	0.317	-0.268	0.318	851	0.145047031976679
Gm13889	0.816	0.874	0.933	123	0.18113373728503
Vmn2r68	0.307	-0.292	0.303	851	0.145700327700042
Lcn6	0.486	0.225	0.585	181	0.165694009085929
Vmn1r160	0.351	-0.106	0.401	307	0.144984881733274
Gm12695	0.369	-0.068	0.424	545	0.146511914019331
Mup6	0.34	-0.194	0.355	179	0.152629918111261
Gm12185	0.385	-0.066	0.427	835	0.153447503116557
Vmn2r73	0.308	-0.29	0.306	851	0.1463893550997
AI429214	0.387	-0.014	0.456	293	0.151400406671508
Nhlrc4	0.44	0.056	0.5	136	0.162741799931067
Vmn2r79	0.34	-0.194	0.358	851	0.150621841724938
Vmn1r129	0.362	-0.071	0.422	307	0.145958349671689
Vmn1r127	0.346	-0.093	0.408	305	0.144374389482856
Gm21953	0.513	0.341	0.634	87	0.152443774943997
Aldh3b2	0.592	0.406	0.68	479	0.16714888554093
Cldn20	0.425	0.103	0.519	219	0.163624430794704
Psme2b	0.476	0.206	0.573	239	0.167973156168079
Rhox3f	0.363	-0.116	0.402	215	0.152688067143353
H2ac21	0.591	0.596	0.781	130	0.169684894343791
Tmem170b	0.564	0.453	0.7	132	0.160708877956897
Vmn1r167	0.34	-0.127	0.387	315	0.149980540211903
Triml2	0.404	0.071	0.501	424	0.160423765143469
Cyp3a57	0.382	-0.074	0.421	503	0.148974001641365
Vmn1r175	0.35	-0.103	0.399	304	0.150841032643011
Rhox2h	0.424	0.059	0.5	191	0.155259594492883
Albfm1	0.423	0.077	0.507	620	0.173089245243043
Kctd21	0.622	0.533	0.748	260	0.169434858898357
Akr1c12	0.39	-0.03	0.449	323	0.164302022552201
Ccdc107	0.478	0.205	0.576	242	0.157741022406059
Mcidas	0.596	0.465	0.714	379	0.164132011388336
Arhgef26	0.472	0.214	0.579	869	0.154999254775804
Ripply1	0.448	-0.028	0.467	201	0.173456131183933
Smok3b	0.398	0.021	0.475	504	0.156850019660898
Smok3c	0.396	0.007	0.468	504	0.156115796451252
Majin	0.423	0.028	0.486	256	0.15198091719211
Tmem200c	0.564	0.411	0.687	637	0.1592847480398
Ccdc17	0.413	0.043	0.482	565	0.145468146325855
Zfp827	0.498	0.233	0.596	1078	0.161785756690258
Gm6370	0.423	0.008	0.472	311	0.156406560912576
Krtap20-2	0.511	0.1	0.534	60	0.203047199846817
Gm6377	0.283	-0.34	0.28	303	0.145271085397753
Fscb	0.301	-0.471	0.232	1062	0.150020089907316
Ifi213	0.297	-0.297	0.302	135	0.155144895177416
Prr19	0.434	0.044	0.487	366	0.148201534336932
Prr23a1	0.554	0.303	0.628	258	0.153330630108816
Prr23a2	0.554	0.302	0.629	253	0.154411685290736
Gm6408	0.425	-0.023	0.458	320	0.156749825861895
Tmem200b	0.619	0.604	0.782	284	0.151598718213861
Gm11757	0.431	0.018	0.472	360	0.154548911290983
Dok6	0.407	0.01	0.468	331	0.150179360666803
Faiml	0.357	-0.099	0.415	178	0.158828282157926
Rad54b	0.347	-0.152	0.381	886	0.150846457670716
Prlh	0.508	0.294	0.61	86	0.152135283307881
Lipt1	0.424	0.115	0.524	373	0.155677527966497
Vmn2r85	0.329	-0.241	0.336	850	0.149584582870489
Gm14137	0.529	0.355	0.65	181	0.148310044765712
Gm6460	0.433	0.111	0.52	157	0.159280626014211
H2ab2	0.497	0.303	0.616	115	0.144662451455614
Angptl8	0.474	0.256	0.594	198	0.15971813286157
Clrn2	0.442	0.182	0.556	232	0.155066841175874
Speer4e	0.438	0.108	0.519	255	0.162136486340445
Scgb2b15	0.309	-0.177	0.363	82	0.136193197187085
Vmn2r33	0.343	-0.165	0.377	861	0.148989577393474
Btnl6	0.427	0.058	0.496	539	0.156189958576201
Vmn2r80	0.335	-0.182	0.359	863	0.146156320974415
Vmn2r82	0.328	-0.192	0.353	865	0.146393681715156
Cks1brt	0.472	0.226	0.586	96	0.165842272682782
Gm12253	0.408	0.024	0.484	229	0.167603608177505
Lekr1	0.333	-0.245	0.345	116	0.155300725170047
Rgs21	0.342	-0.272	0.322	152	0.155773060517994
H2ab3	0.508	0.289	0.602	115	0.146021496775732
Vmn2r83	0.339	-0.172	0.369	864	0.147624276275932
Vmn2r84	0.331	-0.232	0.341	849	0.148723551488286
Slc38a6	0.399	0.06	0.492	457	0.148700618061816
Vmn2r86	0.324	-0.247	0.331	848	0.148594752033217
Vmn2r87	0.327	-0.235	0.339	848	0.147426289270988
Gpx4	0.552	0.352	0.65	252	0.163693560370936
Tmem236	0.38	0.047	0.482	344	0.145724623276084
Vmn2r35	0.343	-0.165	0.377	861	0.148915153369733
BC147527	0.432	-0.03	0.465	167	0.169518945699112
Ccdc121rt3	0.487	0.238	0.586	469	0.17139905808356
Ccdc121rt2	0.532	0.3	0.622	461	0.170181887044697
Gm6592	0.388	-0.118	0.411	168	0.155970165373101
Usp17le	0.437	0.061	0.507	540	0.164416484231725
Vmn2r48	0.34	-0.171	0.371	855	0.146933506691564
Gml	0.391	0.047	0.479	176	0.157565950116489
Vmn2r49	0.333	-0.192	0.36	852	0.147477135836022
Fam43b	0.705	0.72	0.847	330	0.165383838326029
Samt1c	0.368	-0.027	0.445	237	0.148361491508291
Samt1d	0.369	-0.017	0.45	237	0.148911195599473
Gm6614	0.332	-0.19	0.36	650	0.149170227864879
Vmn1r1	0.422	0.165	0.545	306	0.151224794294932
Vmn1r194	0.337	-0.118	0.389	296	0.142889734139667
Scgb1b7	0.346	-0.135	0.391	93	0.162778545907172
Zfp987	0.335	-0.309	0.309	633	0.166303958583334
Wdr93	0.445	0.104	0.525	695	0.160650228896641
Zfp951	0.334	-0.375	0.283	451	0.160988959333747
Vmn1r12	0.356	-0.066	0.415	307	0.143448182203946
Potefam3e	0.347	-0.158	0.378	350	0.145290531320061
Gbp10	0.453	0.126	0.533	611	0.168277588405972
Rgs22	0.373	-0.065	0.429	1258	0.152687402838992
Apol11a	0.404	0.006	0.463	334	0.156141274818489
Defa28	0.372	-0.007	0.457	94	0.17028720572743
Defa26	0.383	-0.02	0.451	93	0.164536016546527
Gm14322	0.311	-0.427	0.254	358	0.146951944976714
Vmn1r31	0.361	-0.088	0.408	303	0.141702498422652
Gm6710	0.311	-0.435	0.25	554	0.148453014886419
Klk13	0.507	0.255	0.6	276	0.16719496892431
Zfp971	0.312	-0.441	0.247	470	0.148180997864503
Gm11992	0.46	0.049	0.502	291	0.156374317457127
Vmn2r90	0.335	-0.182	0.365	863	0.14902385587274
Pramel14	0.395	0.035	0.474	475	0.155425751853374
Scgb2b21	0.337	-0.124	0.393	112	0.156718654629363
Pramel30	0.394	0.035	0.473	475	0.156053303550961
Pramel15	0.386	0.04	0.475	477	0.153051513022256
Zfp800	0.315	-0.324	0.298	662	0.153300531402774
Xlr5b	0.395	-0.051	0.446	236	0.159538552783478
Aadacl4fm2	0.379	-0.04	0.445	406	0.148777993682703
Vmn2r92	0.329	-0.211	0.348	860	0.148800209926709
Vmn2r93	0.331	-0.214	0.347	857	0.148415894745851
Syndig1l	0.558	0.389	0.675	237	0.164392755011553
Insyn2a	0.505	0.212	0.582	470	0.168456926323774
Btbd35f28	0.3	-0.262	0.313	498	0.144934147474005
Vmn1r90	0.332	-0.166	0.366	309	0.14549496998518
Vmn2r97	0.331	-0.212	0.347	861	0.146364609034875
Gm6760	0.448	0.07	0.512	87	0.17342890507294
Vmn2r8	0.335	-0.202	0.354	848	0.145494244074661
Gm6763	0.442	0.046	0.49	264	0.162646222354642
Vmn2r100	0.326	-0.227	0.339	850	0.149232054691748
Vmn2r12	0.344	-0.173	0.369	831	0.148188427819459
Vmn2r101	0.325	-0.232	0.338	857	0.147059514814243
Lrrc74a	0.507	0.296	0.621	487	0.167982611005352
Ptchd4	0.468	0.234	0.585	901	0.153481864521753
Vmn2r103	0.327	-0.235	0.337	856	0.147410182979061
Vmn2r105	0.333	-0.207	0.351	860	0.14985833493577
Vmn2r108	0.327	-0.234	0.338	855	0.150496207197193
Vmn2r109	0.335	-0.19	0.359	858	0.150887303745956
Epp13	0.451	0.15	0.538	164	0.161297235242187
Dnah7a	0.379	-0.043	0.438	4024	0.154867769657306
Gm6812	0.399	-0.003	0.477	112	0.159371946993672
Fbxo39	0.544	0.389	0.666	443	0.161456170333672
Vmn2r112	0.338	-0.216	0.353	857	0.147239658272645
Zfp970	0.305	-0.455	0.239	522	0.146903485137757
S100a2	0.49	0.297	0.622	104	0.166757610633644
Vmn2r58	0.337	-0.182	0.365	862	0.145302745612644
Vmn2r59	0.334	-0.18	0.365	865	0.146358696764598
Ctag2l1	0.407	-0.047	0.448	208	0.155915047130106
Ctag2l2	0.405	-0.036	0.45	208	0.155480830804404
Vmn1r68	0.342	-0.101	0.397	319	0.14087681111389
Gm6902	0.446	0.12	0.524	301	0.157086004960787
Phf11c	0.308	-0.293	0.311	339	0.15209634293695
Hs3st4	0.591	0.468	0.716	449	0.158793441484657
Gm11437	0.375	-0.021	0.452	290	0.150072922604208
Otogl	0.388	-0.084	0.426	2325	0.16924672379449
Serpina3i	0.484	0.189	0.566	408	0.160237749046327
Gm14744	0.407	0.03	0.491	173	0.169788454407623
Vmn1r77	0.317	-0.138	0.375	306	0.144325380583796
Obp1b	0.317	-0.293	0.313	171	0.153585270098149
Zfp953	0.325	-0.254	0.338	304	0.153959605881245
Fam124a	0.55	0.313	0.635	536	0.158137844881708
Vmn2r56	0.455	0.17	0.555	779	0.156861877995536
Defb23	0.436	0.096	0.519	166	0.164504281643033
Ctxn3	0.379	-0.04	0.434	80	0.138785728039748
Sult2a3	0.352	-0.129	0.394	285	0.145913609631656
Sult2a6	0.363	-0.12	0.403	285	0.146477503014054
Heatr9	0.428	0.098	0.514	569	0.157410517200118
Dact3	0.591	0.51	0.738	610	0.152992491809344
Mroh8	0.427	0.176	0.548	1049	0.151481540516375
Mageb5b	0.329	-0.297	0.315	366	0.154808464852641
Spint3	0.529	0.328	0.643	88	0.185197166122202
Wfdc9	0.458	0.136	0.538	83	0.175713230438876
Wfdc10	0.44	0.098	0.517	124	0.169115329000683
Wfdc11	0.452	0.143	0.545	82	0.182574287012126
Krtap1-4	0.701	0.513	0.753	188	0.238999051518639
Btbd35f18	0.3	-0.264	0.313	498	0.145831660363568
Cd101	0.456	0.168	0.557	1033	0.155748905932898
Gm7030	0.557	0.331	0.647	285	0.166366768017276
Dcpp2	0.368	-0.078	0.424	171	0.14912665623332
Zfp808	0.297	-0.47	0.231	753	0.151699766556565
2010315B03Rik	0.293	-0.516	0.209	433	0.151207036282602
Tas2r122	0.304	-0.17	0.355	309	0.14076665003463
Ang6	0.453	0.031	0.486	147	0.166272865362779
Lce3d	0.611	0.342	0.66	98	0.209313943154
Ssxb8	0.389	-0.101	0.422	170	0.157069134914187
Lce1k	0.526	0.181	0.581	125	0.21178490255105
Cyp4f40	0.544	0.341	0.64	524	0.160801517005692
Gm7073	0.314	-0.32	0.305	335	0.147042935839527
Btnl4	0.442	0.081	0.509	586	0.158949161023629
Vmn1r191	0.349	-0.028	0.433	298	0.146115484818101
Vmn2r18	0.364	-0.127	0.394	788	0.150861238231472
Marchf10	0.389	-0.05	0.441	788	0.148287426775631
Dmrtc1b	0.426	-0.07	0.436	267	0.158822301092707
Erich4	0.526	0.341	0.644	140	0.166153295423511
Vmn1r204	0.326	-0.06	0.414	302	0.140995267902854
Rergl	0.379	-0.019	0.452	204	0.162559609085603
Gm7102	0.465	0.124	0.544	178	0.140717938794596
Rbm46	0.338	-0.282	0.321	533	0.147615434753959
Tmem267	0.369	0.086	0.498	238	0.141113670639176
Or10ad1	0.563	0.431	0.693	322	0.158040121275041
Susd1	0.436	0.086	0.514	752	0.156671015142055
Defa38	0.464	0.042	0.5	116	0.190134266956045
CK137956	0.547	0.302	0.63	596	0.159611319578839
Usp51	0.374	-0.074	0.426	661	0.150021390281925
Cldn34a	0.391	-0.016	0.452	211	0.154739496066956
Naaladl2	0.351	-0.166	0.377	795	0.150771227000229
Gm7168	0.371	-0.019	0.453	508	0.149372104643721
Cfap47	0.297	-0.371	0.264	943	0.14338656545534
Rhox4f	0.407	0.04	0.49	205	0.157672799626286
Vmn1r60	0.37	0.01	0.461	300	0.149098281923002
Vmn1r61	0.368	0.009	0.459	300	0.148091259974382
Zfp964	0.337	-0.267	0.333	472	0.156691843700304
Cntnap5a	0.397	-0.033	0.448	1304	0.151216562696412
Trim71	0.635	0.593	0.783	855	0.172145019519042
Vmn2r3	0.338	-0.198	0.355	887	0.148352579457734
Vmn2r124	0.329	-0.205	0.351	855	0.149893598811528
Vmn2r4	0.353	-0.159	0.378	824	0.151211146892768
Tex13c1	0.373	-0.116	0.407	604	0.153343453744916
Nlrp1b	0.417	0.059	0.492	1177	0.154759321446684
Gm20765	0.442	0.046	0.49	264	0.162646222354642
Vmn2r61	0.35	-0.151	0.381	865	0.146673488291199
Vmn2r78	0.336	-0.19	0.36	853	0.150151739882649
Vmn2r60	0.35	-0.149	0.383	853	0.147244487123501
Vmn2r53	0.443	0.131	0.533	806	0.154952082520475
Vmn2r115	0.342	-0.202	0.36	857	0.148195249527765
Sult2a7	0.345	-0.154	0.381	298	0.149179171338404
Fn3k	0.534	0.328	0.641	309	0.161636765386531
Sbpl	0.457	0.089	0.522	232	0.165231776008381
Taf8	0.532	0.295	0.626	308	0.156165379515239
Bco1	0.502	0.235	0.596	566	0.160951442166781
Impg1	0.386	-0.054	0.435	798	0.144860309183891
Zfp296	0.539	0.288	0.624	445	0.170403637366852
Trpv4	0.631	0.544	0.755	871	0.166567438560143
Pate12	0.391	-0.068	0.427	99	0.183449242241486
Niban1	0.48	0.184	0.569	926	0.16456931561436
Dusp10	0.509	0.29	0.621	483	0.16522563350943
Rbp7	0.513	0.32	0.638	134	0.179343290294248
Cables1	0.549	0.402	0.679	594	0.159843083495275
Ube4b	0.462	0.184	0.56	1173	0.15690982247183
Slc29a1	0.519	0.305	0.625	460	0.161812222664438
Aadacl2	0.318	-0.23	0.337	401	0.145365307128828
Skint8	0.333	-0.166	0.374	398	0.143579704149651
Skint1	0.319	-0.193	0.358	364	0.144997478276506
Gmfb	0.372	-0.05	0.438	142	0.156140654654086
Gmfg	0.508	0.272	0.61	142	0.163410188656627
Gm20767	0.439	-0.024	0.466	169	0.167473810378776
Slc5a7	0.377	-0.026	0.447	580	0.147804098467994
Aqp9	0.396	-0.004	0.462	321	0.151610821296585
Syne1	0.435	0.116	0.525	1431	0.161672530811166
Sav1	0.391	-0.055	0.435	386	0.14610338373914
Nrgn	0.603	0.445	0.711	78	0.197620764103202
Yeats4	0.397	0.027	0.482	227	0.157393809006662
Sv2a	0.531	0.326	0.64	742	0.162164146199568
Perp	0.613	0.512	0.732	193	0.176464974494304
Oxct2a	0.634	0.564	0.766	520	0.171217388698792
Smoc2	0.508	0.197	0.578	447	0.174045853015019
Smoc1	0.519	0.264	0.611	463	0.166878294670986
Popdc2	0.532	0.343	0.646	371	0.159095187391003
Clstn2	0.51	0.272	0.613	966	0.163864848106487
Gpr35	0.591	0.477	0.718	307	0.161681617973685
Parvg	0.538	0.353	0.651	384	0.163669967724787
Tnmd	0.384	-0.075	0.426	317	0.162465805346361
Moap1	0.338	-0.079	0.411	352	0.15241397116603
Nrbf2	0.431	0.078	0.504	287	0.163216396216645
Sdf2l1	0.557	0.442	0.704	221	0.160084147870106
Pinlyp	0.563	0.316	0.641	212	0.181977155098834
Spint5	0.405	0.135	0.535	105	0.158119393407917
Tomm40l	0.484	0.244	0.597	308	0.154895288973963
Ctsz	0.57	0.395	0.678	306	0.174530036162726
Ctsm	0.357	-0.21	0.36	333	0.156655374960137
Ralb	0.567	0.387	0.675	206	0.176234780469622
Mllt1	0.636	0.483	0.729	547	0.174343561801964
Sv2b	0.491	0.232	0.59	683	0.162632241777536
Trpv6	0.472	0.229	0.581	767	0.155533501519483
Herpud1	0.461	0.154	0.552	391	0.150439465981479
St7	0.389	0.012	0.464	577	0.148236549395068
Rgs18	0.321	-0.251	0.33	235	0.142071730508926
Ngb	0.577	0.401	0.676	155	0.156271062369251
Foxb1	0.708	0.679	0.83	325	0.161255524993801
Osbpl1a	0.404	-0.002	0.467	950	0.161088774544273
Ptges	0.629	0.557	0.759	153	0.161786646150389
Stk32b	0.571	0.393	0.674	414	0.168928914313078
Itm2c	0.611	0.535	0.748	269	0.166686927359626
Tmub1	0.488	0.272	0.607	245	0.14733739313032
Abhd8	0.604	0.448	0.705	439	0.168701232268388
Gprc5b	0.585	0.496	0.725	411	0.160747806697694
Svs3a	0.398	-0.007	0.465	265	0.151938543275174
Gng13	0.679	0.625	0.8	67	0.184844772774055
Fndc4	0.483	0.217	0.58	231	0.155022516720101
Dhx38	0.559	0.387	0.671	1228	0.165779225239576
Gpr88	0.667	0.731	0.854	384	0.164985676168031
Irx6	0.523	0.215	0.585	439	0.162815550984107
Ms4a4c	0.318	-0.24	0.338	226	0.145170387298877
Ms4a8a	0.456	0.101	0.523	290	0.147373591983639
Sirt2	0.601	0.459	0.712	389	0.171672956849389
Sirt3	0.473	0.241	0.588	257	0.1527041237547
Cyp4f14	0.534	0.314	0.625	524	0.16110270098651
Sp5	0.675	0.648	0.814	398	0.169072144880489
Polr1e	0.479	0.235	0.586	482	0.168509064989939
Fcamr	0.418	0.024	0.478	591	0.145780538694827
Inpp5e	0.509	0.27	0.606	647	0.154879682911531
Gpr85	0.407	0.077	0.497	370	0.147910000204837
Dip2a	0.504	0.266	0.607	1562	0.163183824489585
Slc5a4a	0.454	0.192	0.563	656	0.158004268777363
Zfp280b	0.429	0.033	0.492	534	0.155950774001595
Slc5a4b	0.464	0.224	0.58	660	0.158731463298002
Tspan4	0.555	0.397	0.677	238	0.174418161114207
Ndst4	0.393	0.002	0.462	872	0.150048449955875
Ireb2	0.305	-0.326	0.296	963	0.145886291422078
Nisch	0.523	0.282	0.616	1593	0.164487642456318
Fgf23	0.563	0.395	0.673	251	0.155334886813345
Mrps22	0.348	-0.12	0.395	359	0.146655340318898
Mrps23	0.447	0.143	0.54	177	0.154273791295586
Mrps10	0.438	0.15	0.541	201	0.158395754442518
Mrps25	0.584	0.428	0.696	171	0.169738491592612
Mrps14	0.326	-0.09	0.392	128	0.141491003340934
Mrps24	0.6	0.515	0.739	167	0.171329631085755
Krtdap	0.469	0.137	0.541	102	0.15524706558784
Nmi	0.401	0.004	0.475	314	0.164825274360583
Keg1	0.413	0.068	0.504	295	0.157969634931423
Htra2	0.451	0.126	0.527	458	0.148279652573713
Dpys	0.467	0.146	0.547	519	0.164417430017786
Scube1	0.59	0.41	0.69	1018	0.186503051156659
Suv39h2	0.393	-0.038	0.445	477	0.16115226322364
Svep1	0.453	0.09	0.523	3567	0.167678752010702
Krt81	0.641	0.494	0.73	481	0.193108484706725
Acot10	0.312	-0.251	0.329	439	0.138684823607293
Lpin2	0.425	0.017	0.481	931	0.160589125686133
Lpin3	0.528	0.287	0.62	848	0.1638116202527
Bhmt2	0.446	0.091	0.516	363	0.167753369071149
Scel	0.382	-0.066	0.43	652	0.15448536909239
Tsc1	0.452	0.119	0.53	1161	0.15679457633762
Izumo1r	0.575	0.408	0.686	244	0.173602086881812
Ap3m2	0.514	0.297	0.625	418	0.155803199228251
Pes1	0.525	0.27	0.609	584	0.169793049405134
Cldn12	0.502	0.276	0.608	244	0.160474248776425
Rpl23	0.374	-0.078	0.422	140	0.160636755647679
Zfp110	0.393	-0.063	0.439	832	0.157956446259428
Rtn4r	0.508	0.238	0.586	473	0.161222205993746
Lpar3	0.608	0.543	0.752	354	0.16639245759502
Zfand6	0.334	-0.317	0.317	223	0.15814450888525
Irak1bp1	0.442	0.137	0.544	259	0.157549653677435
Zic5	0.625	0.535	0.757	622	0.16489250049077
Nif3l1	0.402	0.057	0.49	376	0.154497654179764
Arl6ip6	0.446	0.169	0.551	226	0.154050867793469
Arl6ip4	0.505	0.293	0.623	229	0.164011316343894
Arl6ip5	0.549	0.433	0.692	188	0.161004653970481
Lrp10	0.49	0.188	0.565	713	0.16195710082834
Dap3	0.425	0.075	0.503	396	0.157567501191742
Pmepa1	0.63	0.566	0.769	274	0.157699728373164
Ndfip1	0.397	-0.043	0.443	221	0.146722085507189
Vps35	0.32	-0.24	0.329	796	0.14871732148948
Bean1	0.513	0.229	0.589	326	0.153090659147718
Prrg2	0.485	0.286	0.609	198	0.152397060550405
Slc15a3	0.548	0.382	0.662	578	0.156492614125084
Xpo7	0.427	0.114	0.519	1087	0.151453765478427
Asb1	0.487	0.224	0.581	336	0.165014967336209
Dpysl5	0.553	0.374	0.667	564	0.167827718853063
Asb4	0.535	0.312	0.629	426	0.181769417661642
Asb2	0.625	0.525	0.744	634	0.173031663069251
Asb3	0.309	-0.31	0.296	525	0.15365340894836
Tmem243	0.347	-0.037	0.426	118	0.144335766837977
Mymx	0.499	0.347	0.635	108	0.151312734429733
Defb33	0.385	-0.03	0.433	62	0.179295751403809
Defb26	0.362	-0.198	0.365	186	0.144203396986741
Defb43	0.553	0.481	0.719	69	0.197720104018201
Defb25	0.461	0.083	0.507	71	0.167304108629372
Defb18	0.386	-0.171	0.385	85	0.166883567043572
Kncn	0.578	0.418	0.683	124	0.170700541427103
Defb47	0.426	0.073	0.507	79	0.170353552174899
Tctn1	0.497	0.218	0.585	593	0.158903048050289
Hhla1	0.392	-0.092	0.419	514	0.146173905758274
Sdr39u1	0.428	0.102	0.516	293	0.146956241069963
Zfp784	0.502	0.193	0.572	297	0.151032041846827
Angptl7	0.591	0.457	0.71	337	0.174158958885671
Smco3	0.449	0.143	0.534	225	0.169351385142871
Gcnt7	0.473	0.12	0.532	433	0.160906309432595
Ankrd37	0.405	-0.014	0.458	159	0.165978798276031
Clstn1	0.573	0.416	0.692	979	0.169746276840264
Twsg1	0.604	0.468	0.72	222	0.194356743278204
Utp3	0.395	0.009	0.471	469	0.161988607351691
Nherf2	0.568	0.417	0.688	337	0.167026020120217
Tmem176b	0.46	0.182	0.56	263	0.163309656270915
Map3k20	0.451	0.15	0.546	802	0.15675010906311
Eefsec	0.568	0.414	0.686	583	0.168873145948885
Cubn	0.39	-0.074	0.432	3623	0.150689758090232
Lima1	0.483	0.164	0.563	753	0.16328623111662
Tbata	0.474	0.177	0.56	393	0.155618932251382
Asph	0.428	0.071	0.508	741	0.15789353666976
Ranbp17	0.365	-0.021	0.445	1088	0.150906878735716
Tmem254	0.449	0.233	0.582	129	0.146037917512216
Sostdc1	0.558	0.38	0.667	206	0.167289563450234
Atp5d	0.538	0.37	0.665	168	0.158842204895814
Dtd1	0.548	0.347	0.653	209	0.173421403154851
Ndufb5	0.41	0.076	0.497	189	0.152684974882767
Mrpl54	0.574	0.449	0.703	135	0.165411509412721
Emc6	0.564	0.569	0.764	110	0.150718437154534
Rogdi	0.595	0.515	0.738	287	0.165404356859101
0610009B22Rik	0.404	0.077	0.511	140	0.154005885453911
Sdhc	0.426	0.144	0.531	169	0.156856865122349
Ppil2	0.509	0.228	0.594	521	0.162453427207607
Cndp2	0.543	0.376	0.668	475	0.1732682802577
Sf3b6	0.382	-0.077	0.421	125	0.155036860286425
Zfp524	0.465	0.128	0.535	321	0.152866540487848
Tmem176a	0.455	0.147	0.539	244	0.163703174221386
Krtcap2	0.549	0.473	0.712	136	0.16251088866776
Cystm1	0.532	0.165	0.57	106	0.171269792357739
Dynlt2b	0.41	-0.007	0.467	144	0.159068287027087
Hsd17b14	0.507	0.274	0.612	273	0.164937541273426
Gng11	0.396	-0.031	0.451	73	0.170373511072563
Gtpbp8	0.38	0.043	0.484	285	0.146445146604229
Snupn	0.44	0.057	0.499	358	0.159903608151404
Cwc15	0.377	-0.132	0.396	229	0.15796506654397
Ethe1	0.514	0.323	0.635	254	0.164164182317014
Sdhaf2	0.44	0.108	0.513	164	0.152427443219903
Txndc12	0.419	0.008	0.47	170	0.156242164075783
Tmem167	0.37	-0.009	0.435	72	0.151917422194802
Chchd3	0.489	0.212	0.579	227	0.171064564998217
Aurkaip1	0.497	0.243	0.589	200	0.161827581495324
Tsen34	0.533	0.32	0.634	316	0.158770585739651
Tmem42	0.542	0.467	0.714	157	0.168761084186227
Abhd6	0.461	0.222	0.581	336	0.160198859973056
Setd6	0.498	0.303	0.624	473	0.155419869520762
Rmnd1	0.387	0.003	0.46	450	0.151426512964704
Eif3f	0.474	0.228	0.593	361	0.15050316204138
Cep20	0.313	-0.23	0.331	174	0.142441590445607
Emc3	0.462	0.208	0.573	261	0.146660795749088
Rmnd5b	0.571	0.436	0.694	393	0.174705182381534
Ypel3	0.57	0.377	0.67	119	0.185656018062306
Ndufa3	0.612	0.43	0.697	84	0.170006244819546
Ghitm	0.344	-0.192	0.358	346	0.148850347763699
Lsm7	0.644	0.567	0.768	103	0.182523824295579
Lamtor4	0.491	0.222	0.582	99	0.158209270737828
Chchd6	0.517	0.227	0.591	273	0.168975726549314
Ppih	0.392	-0.058	0.439	188	0.157351381792909
Cxcl16	0.428	0.005	0.473	246	0.155630896329638
Tceal6	0.46	0.075	0.515	200	0.171012334596071
Ube2d3	0.315	-0.354	0.271	147	0.148135255126365
Smpx	0.39	-0.14	0.402	85	0.15359795640135
Wfdc21	0.429	0.16	0.541	63	0.176135309709395
Ndufa9	0.413	0.042	0.485	377	0.15104355569478
Tspan13	0.46	0.198	0.563	204	0.167412160728771
Tmed3	0.578	0.417	0.69	221	0.169241718619067
Mtarc1	0.517	0.328	0.635	340	0.160267042692494
Apoa5	0.586	0.416	0.686	368	0.16828117195276
Dnajc30	0.555	0.441	0.698	219	0.14902685660819
Nat8f1	0.464	0.254	0.595	232	0.160480065104812
Fmc1	0.463	0.273	0.604	113	0.156125842854392
Sarnp	0.334	-0.238	0.34	210	0.158034455829001
Tomm6	0.513	0.336	0.643	74	0.153240155251427
Fkbp11	0.47	0.25	0.589	201	0.162788374162308
Chchd1	0.465	0.248	0.591	118	0.162008691381546
Josd2	0.56	0.399	0.67	188	0.163298211085618
Sf3b5	0.833	0.882	0.938	86	0.181304114145013
Elof1	0.553	0.25	0.608	83	0.181386102674536
Mrps36	0.364	-0.087	0.423	102	0.150181818249211
Prxl2c	0.424	0.154	0.545	226	0.149569539281861
Tipin	0.317	-0.311	0.305	278	0.145085866639512
Prorp	0.397	-0.032	0.448	584	0.153673545963675
Polr1h	0.45	0.073	0.508	123	0.165259379097076
Bud23	0.561	0.392	0.673	281	0.167451969758581
Mymk	0.596	0.502	0.733	221	0.16486319323866
Ska2	0.324	-0.23	0.348	120	0.16145564852494
Ifitm3	0.505	0.277	0.615	137	0.168683555409954
Cox7b	0.331	-0.17	0.373	80	0.145319220627984
Eef1e1	0.438	0.158	0.544	174	0.157810049257214
Atp6v1f	0.557	0.386	0.664	119	0.168949082121053
Maco1	0.438	0.147	0.543	664	0.160429021302702
Necap2	0.533	0.293	0.628	266	0.165267459932402
Dnajc15	0.346	-0.172	0.372	149	0.150834621933556
Prr13	0.476	-0.06	0.462	137	0.161705475690456
Uqcr10	0.635	0.582	0.774	64	0.16068316453914
Fbxo36	0.467	0.24	0.587	188	0.157504967689086
Tmem14c	0.381	-0.032	0.449	114	0.150156651803258
Ufc1	0.503	0.21	0.576	167	0.163988137742767
Anapc11	0.621	0.403	0.689	84	0.221989573095852
Rtl8a	0.71	0.706	0.84	113	0.164616306674835
Pop4	0.486	0.23	0.583	221	0.165850807937174
Bola2	0.61	0.54	0.75	86	0.173285359143234
Mrpl4	0.514	0.369	0.656	294	0.149412879473628
Nip7	0.518	0.293	0.624	180	0.164604841292136
Bccip	0.446	0.12	0.531	316	0.168337604742051
S100a14	0.46	0.116	0.53	104	0.17032271740231
Tma7	0.569	0.344	0.661	64	0.204057411459377
Grina	0.591	0.449	0.707	345	0.157336556638311
Tomm7	0.431	0.102	0.51	55	0.148791295339469
Chchd5	0.545	0.219	0.585	110	0.177901616876217
Pgls	0.604	0.502	0.731	257	0.163476461978463
Med11	0.586	0.466	0.711	117	0.172218987210719
Nudt14	0.526	0.313	0.634	222	0.161663630814771
Mustn1	0.637	0.446	0.712	82	0.173828529889977
Nat9	0.551	0.357	0.658	241	0.167746652082285
Ubl5	0.47	0.208	0.575	113	0.17894908305914
Ogfod3	0.466	0.214	0.576	315	0.153500390718016
P3h4	0.627	0.492	0.729	443	0.170881002044639
Nop10	0.477	0.204	0.574	64	0.147733617358377
Sptssb	0.515	0.274	0.609	76	0.159366261448516
Virma	0.344	-0.17	0.372	1861	0.147493336567841
Acer3	0.331	-0.127	0.385	267	0.13935153924728
Ier3ip1	0.417	0.183	0.545	82	0.153852601211792
Lage3	0.401	0.03	0.479	148	0.15011438008732
Pithd1	0.538	0.355	0.654	211	0.15974443723637
Pycrl	0.495	0.254	0.602	274	0.165889171826486
Lce1g	0.564	0.22	0.601	139	0.224358816656476
Myo19	0.495	0.243	0.592	963	0.163183266312535
Cks2	0.344	-0.068	0.425	79	0.141774065505523
Them5	0.425	0.086	0.51	248	0.151956617324873
Commd4	0.546	0.362	0.656	199	0.172124880730155
Commd6	0.504	0.209	0.585	87	0.172302773016499
Vta1	0.393	-0.106	0.417	309	0.160605735837685
1110059G10Rik	0.352	-0.177	0.386	155	0.150416357111694
Lce1m	0.601	0.314	0.652	182	0.207237540348998
Acyp1	0.464	0.22	0.589	99	0.155618207562513
Cd302	0.394	-0.045	0.445	228	0.156596044744022
1110059E24Rik	0.39	-0.099	0.428	155	0.180124366796749
Nenf	0.616	0.525	0.747	171	0.164827423570433
Inip	0.369	-0.101	0.412	104	0.153553092289814
Rpl3l	0.582	0.424	0.692	407	0.17523893220189
Sec61b	0.499	0.263	0.611	96	0.152918187739461
Med7	0.298	-0.305	0.29	233	0.145023994824373
Rgcc	0.612	0.498	0.737	137	0.165605119468252
Ndufb9	0.496	0.17	0.555	179	0.164424740963928
Zdhhc12	0.572	0.49	0.721	281	0.156045935992184
Serpinb1a	0.442	0.052	0.495	379	0.15939417238721
Mrpl35	0.37	-0.043	0.436	188	0.146086780961084
Llph	0.455	0.183	0.558	130	0.182942899788155
Trappc2	0.324	-0.229	0.351	140	0.143442007952455
Rpl7l1	0.425	0.134	0.527	246	0.154645431287352
Mrps28	0.482	0.25	0.592	186	0.159678132913252
Thoc7	0.331	-0.221	0.34	204	0.156012076854969
Dmap1	0.517	0.261	0.605	468	0.167922225511617
Msmo1	0.401	-0.023	0.45	293	0.1518590970594
Eif1ax	0.336	-0.211	0.35	144	0.158585026624843
Atp6v1g2	0.58	0.47	0.717	118	0.1759484716764
Kcne1l	0.627	0.545	0.754	143	0.177013696261119
Tmem9	0.605	0.461	0.71	183	0.187978600182423
Mrps16	0.422	0.099	0.508	135	0.156890145261167
Nemf	0.328	-0.242	0.339	1064	0.154187374893075
Hspbp1	0.554	0.395	0.673	357	0.172559656269347
Osgep	0.454	0.128	0.533	335	0.164770705807498
Alg5	0.396	0.045	0.485	324	0.158234868514553
Pno1	0.392	0.038	0.481	248	0.146347935931654
Arfgap3	0.505	0.216	0.587	524	0.164237016714109
Aig1	0.454	0.222	0.577	262	0.151880213651048
Dimt1	0.373	-0.018	0.448	313	0.14733635799613
Hsbp1l1	0.401	0.131	0.529	72	0.154088150537413
Ssr2	0.463	0.224	0.582	183	0.156176007574952
Nicn1	0.501	0.219	0.58	213	0.156727202743614
Mrps17	0.431	0.238	0.59	120	0.153338258370449
Camk2n1	0.699	0.628	0.803	78	0.180492838993663
Tmem54	0.48	0.239	0.586	219	0.161781894259656
Tm4sf20	0.371	-0.034	0.439	226	0.151406092448834
Ing5	0.523	0.232	0.591	240	0.176606067380768
Ccdc28b	0.516	0.232	0.592	200	0.170466601580663
Eapp	0.393	-0.109	0.417	281	0.161707641849291
Pigyl	0.681	0.693	0.833	71	0.156986257829421
Tmed6	0.454	0.152	0.548	239	0.156557376435236
Retreg1	0.41	0.08	0.505	480	0.154510230236035
Tmem126a	0.269	-0.333	0.267	196	0.134917091124779
Cox16	0.319	-0.257	0.314	106	0.147517589458799
Aamdc	0.392	0.029	0.486	150	0.152599999600324
Lyrm9	0.455	0.167	0.547	78	0.169895851759838
1810009A15Rik	0.471	0.248	0.592	123	0.160492299608967
Klf15	0.532	0.285	0.623	415	0.162723916960818
Smim20	0.499	0.286	0.615	69	0.153191351625326
Tmem218	0.425	0.145	0.523	115	0.155076409270428
Tma16	0.353	-0.136	0.388	221	0.154300388632075
Gkn1	0.5	0.206	0.581	184	0.167792874486571
Gkn2	0.542	0.352	0.652	184	0.166108236055554
Sec11c	0.391	0.107	0.516	192	0.153300998530318
Mptx1	0.401	-0.012	0.464	219	0.154602447626014
Atp6v1g1	0.615	0.501	0.733	118	0.181105987026041
Smim8	0.349	-0.192	0.366	97	0.149171389687115
Mrps21	0.506	0.309	0.617	87	0.161897566145004
Fam3a	0.509	0.252	0.596	230	0.16431287269749
Haus2	0.334	-0.15	0.377	234	0.15276821872229
Defa21	0.406	0.023	0.467	93	0.156914981727408
Inafm1	0.555	0.399	0.677	130	0.156591715057962
Rmdn1	0.342	-0.195	0.357	305	0.155066054414634
Fam53c	0.553	0.333	0.644	393	0.155365068563215
Isoc1	0.525	0.421	0.689	297	0.164235623514463
Mplkip	0.478	0.2	0.584	178	0.138999355934694
Tmem128	0.416	0.06	0.494	163	0.146830861188936
Dpy30	0.39	0.055	0.495	99	0.155965482950306
Cenpw	0.409	0.103	0.506	86	0.161476715675178
Smurf2	0.351	-0.147	0.383	748	0.147644273871678
Tpd52l2	0.453	0.101	0.524	220	0.162160741688518
Senp7	0.332	-0.234	0.344	1037	0.147926589459262
Skic8	0.393	-0.069	0.433	305	0.155193673576301
Tmem208	0.475	0.275	0.608	173	0.15615498981391
Krt88	0.537	0.303	0.626	171	0.187937629819332
1700001K19Rik	0.462	0.193	0.562	219	0.153728727521036
Dnajc5b	0.404	-0.063	0.435	199	0.165403565522235
Scp2d1	0.456	0.162	0.55	156	0.165010371636871
Susd3	0.524	0.295	0.628	269	0.165718358364015
1700020L24Rik	0.603	0.483	0.724	189	0.170715148679969
Aqp11	0.538	0.391	0.667	271	0.16081413648785
Atp6v1c1	0.395	0.02	0.476	382	0.162078010439874
Cenpp	0.348	-0.098	0.407	286	0.147542235339054
Fam229b	0.375	-0.151	0.39	80	0.140296649744002
Cdrt4	0.436	0.13	0.533	179	0.147447829114313
Psenen	0.544	0.456	0.702	101	0.152685987171204
Eid3	0.445	0.084	0.511	375	0.162412205952765
Tmem177	0.437	0.089	0.51	311	0.148061260979529
Lce3b	0.569	0.289	0.629	98	0.206128857770719
Ndufb11b	0.569	0.397	0.679	150	0.170740179671983
Dmac2	0.563	0.423	0.685	258	0.166014455879977
Pla2g12a	0.581	0.487	0.725	192	0.183502819795554
Blzf1	0.354	-0.056	0.434	410	0.149758599875018
Riiad1	0.443	0.159	0.544	119	0.160385069625808
Snw1	0.378	-0.133	0.395	536	0.159011738049993
Gmpr	0.526	0.288	0.623	345	0.166058659748218
Knop1	0.484	0.216	0.587	532	0.171728561326972
Ostc	0.402	0.133	0.529	149	0.143292765355674
Adprm	0.408	-0.011	0.465	340	0.158826318924047
Cox20	0.335	-0.116	0.395	117	0.153832096296659
Zfand1	0.421	0.023	0.483	268	0.174353491585513
Exosc3	0.424	0.156	0.545	274	0.167700760342277
Ccdc90b	0.355	-0.12	0.392	256	0.141680678166744
Ergic3	0.592	0.459	0.714	383	0.173807963755419
2310022A10Rik	0.528	0.306	0.631	413	0.163357652101487
Rtca	0.424	0.111	0.523	366	0.159654482487345
Dus2	0.447	0.148	0.54	493	0.168053963304356
Chmp4c	0.505	0.297	0.623	232	0.168713020634833
Lsm5	0.279	-0.293	0.299	91	0.133377993189333
2310011J03Rik	0.585	0.386	0.673	109	0.166999520708226
Dhrs7	0.435	0.18	0.553	338	0.16183884754587
Ndufc1	0.421	0.179	0.556	76	0.135810624489295
Cox14	0.525	0.349	0.648	57	0.155158707993406
Krtap3-3	0.698	0.546	0.763	99	0.211641049827294
Rnf113a2	0.481	0.163	0.562	337	0.170783302536821
Iscu	0.573	0.44	0.701	168	0.183148477504718
Srp19	0.367	-0.054	0.439	144	0.153311024705451
Ppp1r7	0.427	0.131	0.523	361	0.160663896635603
Nudt8	0.519	0.363	0.655	210	0.157933447561939
Cutc	0.341	-0.149	0.383	272	0.150443952250497
Prelid3b	0.432	0.094	0.519	195	0.15183130776654
Prl2b1	0.328	-0.209	0.35	228	0.142385069137808
Nosip	0.618	0.513	0.741	301	0.173535888500778
Ahnak	0.41	-0.073	0.439	5656	0.16611216828196
Ccdc82	0.324	-0.288	0.316	518	0.149298268679797
Sar1b	0.356	-0.118	0.394	198	0.143986876101788
Commd5	0.493	0.326	0.635	224	0.156005903798394
Tsfm	0.529	0.386	0.672	324	0.167970456263256
Alkbh7	0.495	0.251	0.592	221	0.156483384175258
Nudt2	0.487	0.23	0.582	147	0.163318987752221
Sln	0.453	0.362	0.643	31	0.141652922801303
Asf1a	0.342	-0.169	0.383	204	0.146878863788176
Rtf2	0.543	0.313	0.637	307	0.185797334602707
Mcts2	0.417	0.071	0.503	181	0.163774946200439
Sac3d1	0.546	0.378	0.663	427	0.163638537945595
Mrps15	0.46	0.177	0.556	258	0.16595252255479
Aptx	0.46	0.141	0.545	342	0.169198504822109
Rsl1d1	0.365	-0.096	0.417	452	0.154903493049849
Mterf3	0.34	-0.16	0.37	412	0.146283373010364
Tbcb	0.503	0.266	0.612	244	0.161570369067005
Arrdc4	0.438	0.102	0.522	415	0.156176617515074
Psmd6	0.401	0.033	0.474	389	0.154887517723433
Ndufa12	0.487	0.143	0.547	149	0.157008889201459
Ndufa7	0.59	0.386	0.673	113	0.169776576410386
Mrpl11	0.48	0.155	0.547	192	0.173416516299255
Polr2e	0.666	0.587	0.777	210	0.168661366399221
2410004B18Rik	0.64	0.518	0.749	180	0.177557580384131
Dctpp1	0.477	0.196	0.57	170	0.161928161219499
Coprs	0.5	0.115	0.539	173	0.17158033838021
Pcp4l1	0.572	0.289	0.627	68	0.187921374587458
Cyb5b	0.509	0.286	0.626	146	0.162363344034787
Oxld1	0.508	0.319	0.634	201	0.161120366669113
Slc7a6os	0.509	0.266	0.609	306	0.16025410122424
Chchd7	0.356	-0.157	0.377	85	0.153079149249402
Uggt2	0.328	-0.211	0.349	1504	0.146391444766094
Fis1	0.549	0.342	0.646	152	0.179002027390185
Hamp2	0.499	0.27	0.6	84	0.181117511281328
Borcs7	0.445	0.271	0.608	105	0.157148687101751
Cdc26	0.446	0.127	0.53	85	0.15405400637251
Magohb	0.371	-0.026	0.448	148	0.151983972324105
Spc25	0.358	-0.138	0.39	226	0.162751245714291
Tnfaip8l1	0.669	0.592	0.779	186	0.175323009228324
Cyc1	0.492	0.226	0.586	325	0.159073950521334
Exosc7	0.474	0.207	0.575	291	0.170393143292636
Mgst3	0.525	0.346	0.651	153	0.16460536878732
Mrpl20	0.462	0.247	0.586	149	0.163899106871828
Pam16	0.495	0.267	0.61	125	0.171321073952387
2610528J11Rik	0.535	0.362	0.657	111	0.159546136250822
Nmnat1	0.551	0.35	0.652	285	0.171079797131964
Cnpy4	0.465	0.139	0.538	245	0.168655329012608
Pyurf	0.454	0.183	0.555	112	0.154846774508935
Sys1	0.667	0.708	0.84	156	0.162981891633619
Rhox4g	0.407	0.04	0.49	205	0.159178557055666
Rhox4a	0.406	0.054	0.497	205	0.160247327347979
Rhox4d	0.4	0.027	0.482	205	0.15705010746506
Rex1bd	0.511	0.308	0.628	169	0.157890884922988
Taf12	0.444	0.084	0.513	161	0.152367138332177
Gtf2h5	0.52	0.427	0.691	71	0.17754612895809
Ska1	0.348	-0.107	0.405	254	0.157102432888733
Prxl2b	0.534	0.34	0.645	201	0.176435109335336
Anp32e	0.426	0.055	0.498	260	0.170808176838256
Ctrb1	0.594	0.411	0.692	263	0.182015935709687
Rps23	0.418	0.031	0.482	143	0.169468874523878
Atp5md	0.348	-0.247	0.339	58	0.157152725242373
1700029F12Rik	0.459	0.005	0.482	147	0.161823533779949
Ctcfl	0.559	0.374	0.667	636	0.177238861158743
Rpl15	0.424	0.078	0.495	204	0.155476441848122
Skor2	0.583	0.431	0.701	1008	0.164559496988467
Rps21	0.543	0.3	0.625	83	0.17586439882781
Exoc2	0.366	-0.044	0.438	924	0.152282385983102
Slx	0.299	-0.387	0.273	212	0.148019853328818
Rpl36al	0.53	0.259	0.606	106	0.187403022964764
Gm7361	0.446	0.094	0.512	267	0.164548814725986
Uqcc5	0.4	0.006	0.458	102	0.14862951380359
Fam136a	0.59	0.41	0.688	138	0.193348948069313
Nova1	0.355	-0.152	0.391	507	0.152125031908051
Rpl35	0.571	0.487	0.719	123	0.179603899350033
Polr2l	0.696	0.66	0.812	67	0.193553845295974
Zmat2	0.514	0.231	0.595	199	0.185341676290329
Mrpl51	0.441	0.145	0.533	128	0.157643827202942
Prelid1	0.546	0.379	0.67	217	0.164587153713512
Ndufb3	0.35	-0.196	0.371	104	0.156484715837099
Ppdpf	0.583	0.44	0.706	115	0.14950466558889
Tmem238	0.687	0.742	0.859	176	0.160263052992964
Cmss1	0.438	0.159	0.548	276	0.164265245690252
Dda1	0.605	0.484	0.727	102	0.166753597136761
Gm14393	0.305	-0.448	0.24	187	0.148503770053109
Isoc2a	0.532	0.385	0.663	206	0.164496148926875
Slc30a7	0.354	-0.081	0.418	378	0.147111110340899
Gm14391	0.311	-0.435	0.25	554	0.148453014886419
1700029H14Rik	0.519	0.269	0.614	237	0.177351439788533
Col6a5	0.43	0.074	0.506	2640	0.157213716543533
Zmynd11	0.482	0.203	0.576	604	0.173595034292238
Psmg3	0.532	0.405	0.684	122	0.165019046632851
Lamtor1	0.536	0.298	0.624	161	0.160776339544501
Cyp2j8	0.376	-0.083	0.415	503	0.149732643372279
Rnf181	0.524	0.283	0.615	165	0.171318556857278
Chtop	0.351	-0.033	0.43	249	0.143603429879987
Tnik	0.43	0.092	0.513	1360	0.15251325294352
Sec14l5	0.55	0.384	0.669	696	0.163637098161539
Tab1	0.556	0.379	0.67	502	0.167036228076852
Asrgl1	0.433	0.076	0.511	326	0.170058008809369
Cul7	0.542	0.382	0.665	1689	0.160231281828735
Vmn1r57	0.366	-0.02	0.444	310	0.147630587853156
Srp54b	0.313	-0.3	0.309	504	0.150081500073488
Clec2l	0.591	0.44	0.7	211	0.162977515623647
Zpld2	0.463	0.085	0.519	679	0.14441779641704
Rwdd1	0.381	-0.081	0.43	243	0.154343144244148
Vmn2r91	0.329	-0.21	0.349	856	0.149602049558338
Gm14326	0.3	-0.45	0.24	554	0.145229895891368
Pgpep1	0.614	0.491	0.729	209	0.174710354879894
Vmn2r94	0.338	-0.202	0.353	818	0.148162050049703
2810004N23Rik	0.421	0.061	0.502	281	0.160085444065536
Timm50	0.536	0.366	0.657	353	0.156834050888337
Vmn2r28	0.345	-0.167	0.374	852	0.148888124990399
Tceanc2	0.363	0.023	0.47	207	0.15183923104136
Plb1	0.47	0.167	0.556	1478	0.16020633506993
Smim5	0.548	0.405	0.675	78	0.183831212376514
Ubxn6	0.552	0.361	0.656	442	0.163138942576151
Cmc2	0.471	0.157	0.539	79	0.176209042168515
Rep15	0.48	0.236	0.59	230	0.169155379576716
2310050C09Rik	0.473	0.013	0.496	280	0.199955117068677
Nipsnap3b	0.385	-0.076	0.428	247	0.146767849300907
Pomp	0.436	0.172	0.551	141	0.153340302678115
Vmn2r99	0.341	-0.196	0.357	856	0.150111585710965
Rps19bp1	0.576	0.448	0.707	143	0.180589764425159
Fam107b	0.414	0.087	0.508	131	0.172730627247574
Immp1l	0.297	-0.402	0.248	166	0.140458064623899
H2ac23	0.866	0.915	0.953	130	0.185528909057054
Adamtsl5	0.57	0.4	0.677	485	0.165182369058917
Aggf1	0.44	0.084	0.517	711	0.160498498892219
Sppl2a	0.365	-0.08	0.417	523	0.15789637313591
Vmn1r224	0.322	-0.168	0.359	298	0.135015902028365
Drap1	0.534	0.253	0.609	212	0.167002773394316
Mthfd2l	0.413	0.103	0.514	338	0.158237654625212
Bpifb2	0.485	0.292	0.616	462	0.154694371658295
Gm7694	0.489	0.2	0.574	270	0.155586473384718
Metap1d	0.394	0.016	0.472	335	0.152440570133847
H2bc23	0.793	0.826	0.908	134	0.178545574441395
Teddm3	0.432	0.171	0.546	294	0.154046735860666
Smr2l	0.286	-0.448	0.228	131	0.1256469866857
H2bc24	0.793	0.826	0.908	134	0.178545574441395
Ntpcr	0.488	0.285	0.615	190	0.154734699045581
Rwdd3	0.391	0.08	0.503	339	0.155730082909452
Gdpd1	0.428	0.133	0.531	314	0.157316854713909
Cenpm	0.588	0.518	0.737	180	0.168211231600037
Dzip1	0.482	0.258	0.604	852	0.161378149673222
Uqcrh	0.431	0.054	0.494	89	0.160085367188781
Bod1l	0.352	-0.24	0.352	3032	0.154447813721179
Mis18a	0.534	0.451	0.704	204	0.176219185345241
Zscan4b	0.363	-0.172	0.381	505	0.157151227124138
Esf1	0.338	-0.271	0.333	845	0.157715929217823
Exosc1	0.476	0.173	0.561	195	0.159167399653313
Snrnp40	0.456	0.154	0.549	358	0.158963447156795
Crls1	0.396	0.037	0.476	303	0.152053447762794
Fastk	0.487	0.256	0.591	545	0.152130185900442
Cmpk1	0.355	-0.079	0.418	227	0.158466577566508
Ube2v1	0.439	0.103	0.519	173	0.151239118825217
Krtap4-1	0.693	0.527	0.754	169	0.269001559875735
Farsa	0.566	0.38	0.667	508	0.167253765008594
Zscan4f	0.368	-0.165	0.386	506	0.158563146796954
Mad2l1bp	0.474	0.152	0.547	276	0.160899205465806
Stoml2	0.471	0.204	0.571	353	0.162049199853252
Defa42	0.435	0.028	0.491	116	0.186572017534144
Diablo	0.404	-0.022	0.456	237	0.159486618235884
Uqcr11	0.644	0.516	0.735	56	0.166432751801014
E330014E10Rik	0.393	0.03	0.473	481	0.156309027577244
Aste1	0.379	-0.03	0.442	672	0.151767411479235
Defa43	0.435	0.028	0.491	116	0.186572017534144
Gtf3a	0.536	0.333	0.648	364	0.17131939851691
Trim13	0.391	-0.016	0.455	407	0.157553333187898
Rdm1	0.499	0.264	0.607	281	0.162136485984743
Krtap4-8	0.697	0.509	0.745	209	0.2791805498944
Krtap4-9	0.703	0.532	0.757	244	0.274091628830383
Vmn2r114	0.341	-0.184	0.367	856	0.147786836459583
Tmigd1	0.378	-0.006	0.464	261	0.156568479714936
Gemin2	0.315	-0.289	0.309	269	0.146957632159877
Gm7903	0.336	-0.153	0.369	463	0.15201308345303
Trabd2b	0.577	0.404	0.681	517	0.157752462580034
1700017N19Rik	0.35	-0.246	0.344	415	0.147067399312901
Lrrc57	0.414	0.152	0.534	239	0.156826070532375
Frmpd1	0.491	0.235	0.593	1549	0.160541603939086
Ms4a4d	0.302	-0.266	0.319	225	0.142381784752621
Vmn2r54	0.452	0.145	0.542	806	0.156958792903615
Cryzl1	0.324	-0.208	0.357	348	0.151330810972199
Abi3	0.539	0.321	0.64	367	0.157218240065117
Ribc1	0.437	0.084	0.51	379	0.15854464970248
Ormdl3	0.575	0.503	0.731	153	0.149468420708235
Gpatch4	0.46	0.14	0.544	415	0.169674781795967
Atg4b	0.444	0.121	0.529	393	0.162473191732664
Snx9	0.471	0.132	0.544	595	0.165152291818696
Cyp4a31	0.442	0.134	0.533	509	0.154553224734668
Ntmt1	0.641	0.557	0.759	223	0.174970524598229
Vps13b	0.368	-0.102	0.411	3993	0.150210295983597
Snrnp27	0.356	-0.12	0.38	155	0.137104018656755
Gm15080	0.299	-0.292	0.302	449	0.131945153149479
Pramel50	0.415	0.087	0.504	481	0.161691269397081
Ubr7	0.438	0.042	0.498	425	0.177287335906467
Spcs2	0.451	0.116	0.528	226	0.158697585653109
Tmsb15b1	0.293	-0.445	0.25	45	0.139820603549991
Pnisr	0.364	-0.174	0.376	814	0.146466081063205
Cdip1	0.531	0.103	0.535	208	0.164917038720446
Ogfod2	0.596	0.45	0.703	349	0.171303520483642
Dspp	0.473	0.063	0.523	945	0.153749957757643
Thg1l	0.481	0.228	0.587	298	0.163447515608751
Golph3	0.404	0.154	0.54	298	0.16035161354567
Mfsd14b	0.352	-0.087	0.419	507	0.14302941088312
Zscan25	0.547	0.32	0.639	543	0.170550294343685
Prl2c1	0.354	-0.115	0.399	226	0.151337174182198
Dph6	0.34	-0.137	0.388	267	0.15411525781757
Mcm8	0.345	-0.144	0.385	833	0.153149849514006
Apol7e	0.43	0.03	0.482	369	0.161317989984823
Tsen15	0.363	-0.071	0.424	168	0.146694667261374
Sike1	0.473	0.261	0.601	207	0.176344713019491
Ctnnbl1	0.546	0.398	0.672	563	0.170823848293087
Lix1	0.432	0.097	0.515	282	0.153739427052143
Pspc1	0.375	-0.095	0.414	523	0.146988542722147
Rpe	0.4	0	0.468	235	0.159484728742417
Atg4a	0.364	-0.137	0.393	396	0.154835059228341
Nsmce3	0.618	0.53	0.747	279	0.168982584420888
Tpgs2	0.458	0.122	0.534	296	0.156651760135606
Nepn	0.411	0.123	0.519	512	0.155441394798933
Zfp541	0.5	0.2	0.577	1363	0.16378173554232
Brf2	0.498	0.269	0.607	420	0.160559765081527
Zfp991	0.339	-0.313	0.306	573	0.166775764909863
Tex12	0.337	-0.219	0.345	123	0.150671455137333
Eef1d	0.537	0.288	0.622	660	0.170380795985301
Ccdc51	0.452	0.195	0.564	406	0.157747393910219
Acp6	0.501	0.262	0.604	418	0.161667337848965
Sltm	0.356	-0.186	0.369	1031	0.1498343389063
Srp72	0.423	0.043	0.49	671	0.164030784286902
Uba5	0.411	0.023	0.482	403	0.158938265906235
Tmem41a	0.552	0.465	0.705	264	0.15711270840624
Msantd3	0.585	0.468	0.718	275	0.172577777339623
Hspbap1	0.432	0.044	0.497	483	0.157446927854897
Samd1	0.594	0.479	0.724	519	0.154246237736629
Ccnh	0.347	-0.143	0.383	323	0.152178849158427
Sorcs3	0.473	0.205	0.574	1219	0.155138734968584
Trim43c	0.396	0.024	0.473	446	0.157778575471084
Spryd7	0.384	-0.052	0.441	196	0.159517425406609
Gm8267	0.345	-0.177	0.363	204	0.146380765288572
Trim43b	0.392	0.017	0.469	445	0.156361306754596
Tmed7	0.485	0.223	0.587	224	0.15609783300219
Rae1	0.458	0.074	0.514	368	0.164333098765918
Rbm24	0.561	0.286	0.629	236	0.169703876618025
Oser1	0.392	-0.084	0.427	291	0.152709356596811
Aadacl2fm3	0.297	-0.306	0.291	401	0.14254520595977
Eif1ad8	0.318	-0.31	0.295	144	0.153601215067946
Pgm2	0.457	0.114	0.532	620	0.16184841437018
Trappc5	0.625	0.538	0.75	188	0.171543700699758
Tceal8	0.373	-0.193	0.368	117	0.152281697865175
Gm14692	0.347	-0.2	0.367	229	0.156049931104879
Dcbld1	0.442	0.058	0.499	503	0.156577250408522
Tbc1d15	0.348	-0.126	0.397	671	0.151809169165573
Klhl28	0.346	-0.156	0.382	571	0.152129345972217
Tmem186	0.535	0.391	0.668	216	0.151042295480015
Ms4a4a	0.314	-0.202	0.353	236	0.13595501651638
Gapvd1	0.373	-0.099	0.411	1437	0.154441978723459
Gm12886	0.405	-0.066	0.435	119	0.17790892249461
Gm8369	0.331	-0.221	0.344	166	0.164703125343643
Gm12887	0.389	-0.094	0.421	119	0.175147608039843
Bend4	0.544	0.425	0.697	541	0.154328237756212
Uqcrfs1	0.435	0.068	0.507	274	0.160358247209765
Aspn	0.314	-0.257	0.321	373	0.148933074306907
Snx31	0.497	0.222	0.583	439	0.166239578474096
Chmp3	0.415	0.036	0.485	224	0.162571071212442
Spryd4	0.524	0.307	0.628	207	0.159034383523436
Pnp2	0.397	-0.012	0.46	305	0.155752323885542
Rbm4b	0.469	0.112	0.532	357	0.16251285508897
Dnase1l2	0.509	0.235	0.596	278	0.161728494811441
Unc93a2	0.528	0.318	0.634	458	0.167646244236608
Ndufaf3	0.485	0.215	0.575	185	0.158301432765968
Vmn2r5	0.364	-0.125	0.396	824	0.154061119768572
Gm8439	0.445	0.097	0.511	96	0.149731602096454
Vmn1r91	0.352	-0.084	0.417	307	0.145832852126583
Vmn2r6	0.358	-0.15	0.384	824	0.152150381582643
Nkapl	0.392	-0.096	0.417	395	0.154316861015306
Krtap3-2	0.698	0.546	0.763	99	0.211641049827294
Vmn1r252	0.349	-0.099	0.403	306	0.14648045968329
Sbds	0.526	0.314	0.632	250	0.17474185684081
Zbed6	0.331	-0.218	0.351	980	0.150430672301331
Spesp1	0.399	0.07	0.499	399	0.145479961504984
Vmn1r103	0.345	-0.095	0.406	305	0.142916250304398
Actr2	0.369	-0.094	0.409	394	0.156660744323218
Vmn1r104	0.351	-0.098	0.408	307	0.147237559710323
4921524J17Rik	0.332	-0.195	0.355	154	0.153283584078343
Henmt1	0.388	0.019	0.474	395	0.152402497861517
Ccer1	0.465	0.164	0.555	403	0.157006695923248
Ccdc96	0.547	0.379	0.67	584	0.175010389734268
Vmn2r20	0.34	-0.169	0.371	853	0.148449842711796
Vmn1r128	0.352	-0.112	0.401	307	0.147071950958486
Klhl10	0.48	0.191	0.571	608	0.164780460453694
9930111J21Rik1	0.397	-0.045	0.44	844	0.152562318858033
Vmn1r125	0.353	-0.104	0.405	307	0.146946129723865
Spag16	0.393	-0.024	0.453	639	0.159501845453743
Tab3	0.333	-0.311	0.308	716	0.141854112747696
Vmn1r121	0.342	-0.129	0.387	314	0.142734195564178
Lrrk2	0.386	0.029	0.473	2527	0.157635170424104
Gm5645	0.37	-0.018	0.45	237	0.148709812563693
Vmn1r118	0.348	-0.1	0.403	306	0.146343772370239
Vmn1r117	0.362	-0.066	0.427	307	0.146524187149154
Vmn1r116	0.356	-0.099	0.408	307	0.147169684902826
Plaat5	0.477	0.207	0.577	294	0.152396763465582
Vmn1r115	0.339	-0.117	0.394	295	0.142537463702567
C1rb	0.512	0.238	0.597	706	0.163411241981447
H60b	0.37	-0.146	0.39	251	0.149781618095492
Ankrd61	0.453	0.224	0.576	421	0.160681817817295
Vmn1r111	0.349	-0.099	0.403	306	0.146249030819562
Spertl	0.437	0.108	0.519	274	0.171009193595612
Kcng4	0.642	0.59	0.778	506	0.166175396914385
Map1lc3a	0.703	0.666	0.821	121	0.162654053450039
Emc2	0.327	-0.231	0.337	297	0.157872691666411
Ifit3b	0.404	0.045	0.486	403	0.165183035383238
Ifit1bl1	0.388	-0.027	0.448	470	0.160119129880356
Jkampl	0.383	0.04	0.481	305	0.151608086233596
Vmn1r135	0.356	-0.104	0.406	307	0.149738296806756
Cypt1	0.371	-0.11	0.402	173	0.175435620732667
Rnf220	0.51	0.248	0.6	566	0.164836627712683
Vmn1r139	0.347	-0.106	0.404	297	0.147437159434806
Trpd52l3	0.439	0.149	0.546	231	0.160796173892549
Vmn1r142	0.346	-0.101	0.404	305	0.145320978666983
Vmn1r143	0.356	-0.098	0.408	307	0.147681884873925
Vmn1r251	0.361	-0.071	0.423	307	0.14575444411428
Erich2	0.455	0.148	0.547	463	0.156177925858559
Vmn1r254	0.347	-0.088	0.41	305	0.145717926923731
Vmn1r152	0.351	-0.098	0.408	307	0.147133131944107
Vmn1r255	0.36	-0.054	0.432	307	0.144814109134591
Erlec1	0.347	-0.218	0.354	483	0.15272149583844
Vmn1r155	0.355	-0.098	0.408	307	0.147713697000343
Vmn1r257	0.349	-0.1	0.403	306	0.146625641352652
Ppp1r14bl	0.538	0.39	0.671	153	0.165880386430015
Vmn1r157	0.347	-0.11	0.402	297	0.147248875109758
Cfap97	0.325	-0.276	0.325	541	0.143334501366851
Adat2	0.454	0.113	0.536	191	0.174869048294887
Zfp474	0.424	0.009	0.469	347	0.155972796047435
Vmn1r163	0.356	-0.104	0.406	307	0.149738296806756
Vmn1r260	0.361	-0.073	0.422	307	0.145827485598921
Tex56	0.371	-0.067	0.43	227	0.148264483834633
Nt5el	0.345	-0.133	0.393	585	0.150531892878296
4933411K16Rik	0.503	0.172	0.568	304	0.153270836583709
Tmem239	0.578	0.475	0.709	151	0.15211857156185
Myo3a	0.357	-0.149	0.384	1621	0.152098039013538
Zfp600	0.342	-0.285	0.324	737	0.170942727626836
5730480H06Rik	0.368	-0.111	0.398	248	0.151823464804317
Gm8764	0.442	0.046	0.49	264	0.162646222354642
Gm8765	0.392	-0.079	0.427	1017	0.15213006997883
Gid4	0.502	0.25	0.607	217	0.151644860813219
Asb17	0.366	0.039	0.467	295	0.149987725593751
Gm17019	0.446	0.136	0.533	255	0.161674734250718
Piezo2	0.473	0.211	0.574	2824	0.158083295027497
Hacd4	0.382	0.052	0.484	232	0.142143611582151
Myh15	0.408	0.015	0.471	1925	0.165240736522445
Gm13871	0.43	0.018	0.472	360	0.154603058075178
4933436I01Rik	0.373	-0.135	0.4	429	0.153970632698252
Trim5	0.393	-0.041	0.445	497	0.161873431733975
Fam187a	0.535	0.349	0.65	417	0.15966872496573
Or2ag2b	0.398	0.045	0.477	316	0.14558367593422
Gskip	0.427	0.048	0.496	144	0.152207093453699
Alg14	0.435	0.186	0.552	217	0.153066436591838
Grtp1	0.497	0.266	0.601	342	0.159308525148005
Gm8882	0.419	-0.196	0.384	283	0.142020395842869
Efcab1	0.36	-0.14	0.393	212	0.154336862790064
Atg10	0.357	-0.129	0.401	211	0.148280894390994
Zfp966	0.308	-0.437	0.248	485	0.147545626277487
Cntnap2	0.459	0.129	0.539	1332	0.158507512107497
Gm8909	0.568	0.436	0.696	368	0.163265882731262
Ube2w	0.354	-0.158	0.377	180	0.140418673335153
Tas2r103	0.298	-0.163	0.356	312	0.134419613952386
Prkrip1	0.483	0.198	0.576	186	0.174890486255645
Gm14434	0.31	-0.432	0.251	498	0.149596399543713
Tspan1	0.448	0.099	0.522	240	0.164735852077408
9030624G23Rik	0.49	0.234	0.593	155	0.157672635429303
Krt20	0.471	0.233	0.587	431	0.16294844845708
Rbm22	0.469	0.084	0.515	420	0.160791796148814
Sirpb1b	0.363	-0.069	0.425	391	0.145533766171313
Duoxa2	0.52	0.378	0.663	320	0.152234432365092
Syce1l	0.49	0.227	0.582	247	0.172134238687527
Ppcdc	0.524	0.32	0.637	204	0.170124469585857
Bcl2l14	0.496	0.261	0.606	328	0.161014898451477
Eif4a3l1	0.534	0.369	0.657	411	0.162560382633712
Mcub	0.445	0.195	0.561	345	0.14833190182733
Ccdc85c	0.679	0.678	0.827	420	0.174423950156649
Thap2	0.327	-0.221	0.338	217	0.150833226225397
Zxdb	0.684	0.672	0.827	873	0.173063516637168
Tmem170	0.492	0.335	0.64	144	0.15344945009041
Pex10	0.531	0.39	0.663	324	0.161122722597466
Mettl7a3	0.631	0.57	0.771	244	0.177269005805776
Smim7	0.494	0.342	0.638	75	0.151359194515825
Esp15	0.27	-0.315	0.269	85	0.136996163254999
Gm13288	0.534	0.338	0.64	182	0.159999578947789
Bcs1l	0.426	0.072	0.498	418	0.148259730301962
Atp6v1fnb	0.533	0.271	0.607	177	0.15674905999782
Efr3b	0.579	0.431	0.692	817	0.16702418156993
Bin2	0.514	0.25	0.609	505	0.166215711874376
Fbxo25	0.52	0.321	0.633	365	0.163904298782884
Fignl2	0.691	0.717	0.85	644	0.173545416707192
Pycard	0.466	0.2	0.568	193	0.162259408985977
Rnf186	0.502	0.276	0.609	280	0.167423994739329
Dgat2l6	0.396	0.038	0.477	337	0.147887186944719
Tafazzin	0.532	0.346	0.648	263	0.159216533067149
Ttc1	0.36	-0.161	0.387	292	0.16288574365061
Nacc1	0.544	0.317	0.638	514	0.165550465437569
Kif26a	0.537	0.295	0.626	1881	0.161769181317814
Rsph3a	0.453	0.183	0.559	516	0.15420861009
Gm9112	0.464	0.179	0.556	75	0.14077667576996
Acot13	0.372	-0.017	0.458	140	0.149618963190968
Dmrtc1c2	0.481	0.143	0.548	238	0.160917661597576
Tdpoz9	0.458	0.11	0.526	365	0.164673112947753
Tmem223	0.463	0.245	0.589	199	0.149117005513599
Scgb2b12	0.314	-0.132	0.38	112	0.14444457292198
Scgb1b12	0.334	-0.192	0.363	93	0.160200576467861
Dele1	0.48	0.191	0.565	510	0.156955684564985
Wdr45b	0.43	0.062	0.503	344	0.164344447697735
Etfdh	0.346	-0.196	0.364	616	0.154284250615296
4930544D05Rik	0.507	0.331	0.639	171	0.16600780985057
Ormdl2	0.492	0.308	0.623	153	0.14376729861558
Mrpl33	0.447	0.196	0.562	65	0.154894829114998
Hint3	0.405	0.024	0.487	165	0.161139094628457
Fuca2	0.417	0.018	0.477	461	0.150816272842516
Ppp1r2	0.387	-0.101	0.421	206	0.153342841531901
Zfp507	0.433	0.069	0.508	941	0.163957822476429
Scgb2b17	0.309	-0.177	0.363	82	0.136193197187085
Pnpla2	0.546	0.35	0.648	486	0.164059759920748
Trim35	0.602	0.45	0.706	516	0.176830436460349
Tcf25	0.489	0.249	0.595	676	0.157727088806618
Plbd1	0.493	0.205	0.575	550	0.160612269030124
Slc16a9	0.445	0.158	0.547	508	0.15573346975764
Tanc1	0.479	0.188	0.567	1856	0.161085671627286
Dnajc10	0.337	-0.201	0.36	793	0.150094194971101
Zfp936	0.291	-0.428	0.244	456	0.14719822472671
Lztr1	0.528	0.301	0.627	837	0.164114495653521
Clec14a	0.461	0.146	0.548	459	0.163603002900306
Pmpca	0.451	0.124	0.528	524	0.155916207910908
Nhlrc2	0.435	0.112	0.528	725	0.161830961702608
2410002F23Rik	0.571	0.457	0.703	284	0.157622968676619
Hmg20a	0.422	0.02	0.476	346	0.152870927369904
Mfsd1	0.421	0.139	0.531	464	0.158309951715204
Zfp869	0.358	-0.183	0.376	529	0.15993235878633
Serbp1	0.367	-0.163	0.385	407	0.154146795869628
Cpne8	0.379	-0.07	0.431	577	0.147742849247611
Mrgpra9	0.457	0.202	0.561	332	0.150124914781475
Mrgpra2a	0.427	0.155	0.535	331	0.152418642599904
Tril	0.57	0.491	0.722	809	0.155420694618328
Ncbp3	0.406	0.005	0.468	615	0.155123871753992
Swt1	0.323	-0.248	0.336	907	0.152298402979806
Fbxw28	0.367	-0.065	0.425	466	0.148878986865537
Crnkl1	0.399	-0.001	0.462	690	0.156372575820142
Riok3	0.36	-0.178	0.378	519	0.156715745517932
Rsrc1	0.359	-0.118	0.394	334	0.142936262482164
Pcyox1	0.475	0.22	0.582	505	0.157182012754356
Gm9376	0.409	0.064	0.497	176	0.156495496660457
Bzw1	0.383	-0.034	0.449	419	0.161696928399488
Appbp2	0.387	-0.02	0.454	585	0.161839268338042
Acadsb	0.392	-0.028	0.452	432	0.155728482801991
Lonp2	0.399	0.02	0.466	852	0.157381596919943
Rnf128	0.419	0.064	0.504	428	0.159228281934439
Lman2	0.589	0.471	0.717	358	0.162933517365916
Eif4e3	0.452	0.157	0.553	207	0.155069459436387
Zfp442	0.302	-0.453	0.242	667	0.153530936492364
Rad21l	0.316	-0.265	0.32	552	0.147832671914934
Wwp2	0.546	0.322	0.639	870	0.160325216672499
Myh7b	0.623	0.507	0.734	1941	0.182659922207653
Pxdc1	0.509	0.352	0.649	231	0.152470333103278
Btbd35f11	0.302	-0.259	0.315	498	0.145697922700238
Btbd35f10	0.301	-0.264	0.313	498	0.145818868629179
Btbd35f20	0.299	-0.266	0.311	498	0.145428021733314
Btbd35f17	0.299	-0.271	0.309	498	0.145189362534172
Naa16	0.329	-0.208	0.347	864	0.153578213192409
Ssxb6	0.379	-0.153	0.391	170	0.154297082071445
Baiap2l1	0.467	0.158	0.554	514	0.159458720883455
Fip1l1	0.376	-0.163	0.385	581	0.146750430921333
Proz	0.493	0.273	0.614	399	0.165923494625177
Mtap	0.37	-0.01	0.459	283	0.157962526581016
Pccb	0.49	0.222	0.584	541	0.165123566645943
Plin3	0.571	0.396	0.681	437	0.167082103529606
Tmem107	0.528	0.388	0.672	143	0.156386051914739
Nudt16l1	0.513	0.339	0.642	211	0.148891699193111
Bzw2	0.447	0.148	0.545	419	0.163164283410503
Kdelr2	0.571	0.489	0.721	212	0.160623346655397
Vps28	0.569	0.404	0.679	221	0.175090759657658
Vmn2r88	0.32	-0.25	0.328	857	0.145962644982392
Cops9	0.451	0.03	0.5	57	0.16546821407
Ndufb7	0.628	0.515	0.738	137	0.173987125425935
Chordc1	0.321	-0.301	0.317	331	0.153748838167992
Prpf38b	0.408	0.061	0.491	542	0.153346707954181
Rras2	0.432	0.125	0.533	204	0.157386783380996
Pbrm1	0.357	-0.174	0.373	1704	0.151290290944647
Sdhd	0.438	0.208	0.571	159	0.162069373727964
Trmt6	0.386	-0.061	0.434	497	0.156740909065867
Dmac1	0.484	0.27	0.617	111	0.153780852194979
Asf1b	0.568	0.341	0.65	202	0.167361726777848
Fank1	0.401	0.041	0.491	344	0.158028237818798
1700010I14Rik	0.448	0.157	0.545	532	0.163581203412582
Rexo1	0.574	0.379	0.672	1213	0.16731867610757
Dsn1	0.389	0.009	0.472	348	0.147873644473703
Cir1	0.411	0.017	0.483	450	0.159778066038127
Sh3d21	0.487	0.199	0.573	665	0.161120677072239
Aagab	0.442	0.116	0.533	316	0.164449617830108
Shisa5	0.542	0.216	0.59	236	0.160252470205281
Ddx18	0.437	0.079	0.507	660	0.163274057468825
Slc66a2	0.565	0.475	0.717	271	0.157861998967192
Sdha	0.402	-0.01	0.462	664	0.160406043042627
Acad8	0.461	0.122	0.532	413	0.165858536159083
Trim59	0.264	-0.361	0.26	403	0.148971309564665
Pacc1	0.566	0.432	0.697	350	0.165465046974874
2310030G06Rik	0.518	0.222	0.591	141	0.157594418790123
Cdca7	0.445	0.105	0.519	382	0.162064600155164
Serpinb11	0.377	-0.076	0.43	388	0.151336281679027
Tmx2	0.467	0.186	0.559	295	0.161114985573904
Dusp26	0.584	0.468	0.71	211	0.160030637291397
Mindy3	0.329	-0.173	0.374	444	0.145982617898928
Swsap1	0.426	0.108	0.518	278	0.158019892785042
Golt1b	0.383	0.056	0.485	138	0.136129649631185
Ctu2	0.548	0.36	0.659	514	0.171451055694424
Trit1	0.407	0.043	0.487	467	0.157301350646216
Edem3	0.39	-0.033	0.447	931	0.154997925026884
Plin5	0.567	0.326	0.64	463	0.171876946076467
Ssbp2	0.363	-0.207	0.372	361	0.138841174729199
Cdk5rap1	0.414	0.065	0.496	588	0.15432599745587
Slc25a23	0.523	0.355	0.649	467	0.159364815993456
Mrps18b	0.434	0.033	0.486	254	0.153552926057468
Trappc13	0.349	-0.098	0.413	418	0.146719076272712
Nuf2	0.388	0.03	0.479	463	0.161641124678062
Luc7l	0.382	0.019	0.461	371	0.153555779282463
Pole4	0.419	0.07	0.504	118	0.163519073498704
Zdhhc6	0.376	-0.04	0.44	413	0.155525254568699
Zfp830	0.451	0.138	0.542	363	0.163145480278174
Rassf7	0.495	0.211	0.574	359	0.16408841948622
Lap3	0.422	0.082	0.51	519	0.1593917859302
Kctd20	0.444	0.093	0.516	419	0.162142092448795
Khdc3	0.539	0.315	0.64	440	0.172423742051831
Smarcd3	0.576	0.448	0.703	483	0.160722447990469
Cep19	0.51	0.243	0.595	163	0.168547850042612
Zcchc18	0.422	0.069	0.496	393	0.152621812464192
Ceacam11	0.328	-0.181	0.363	303	0.144976385468476
Psmd12	0.42	0.128	0.528	456	0.164392530309467
Psmd5	0.381	-0.007	0.456	504	0.152113906319298
Med28	0.453	0.146	0.546	178	0.161114469748347
Prl3a1	0.371	-0.104	0.407	227	0.159382184942358
Uqcrc2	0.345	-0.171	0.377	453	0.153716999684662
Polr3k	0.49	0.132	0.544	108	0.188311019968437
Cisd2	0.501	0.315	0.629	135	0.162137089723574
Yae1d1	0.349	-0.073	0.423	216	0.154686973342664
Ttc23	0.471	0.185	0.566	488	0.165197855558269
Rbm7	0.428	0.006	0.479	265	0.14679024831359
Mettl6	0.367	-0.103	0.412	282	0.157561600352351
Oma1	0.398	0.034	0.476	521	0.153093916621121
Riox2	0.418	0.068	0.499	465	0.154362700373399
Ccdc91	0.442	0.075	0.507	442	0.166801690946545
Tbc1d2b	0.532	0.346	0.649	965	0.161722378949401
Fam210b	0.505	0.357	0.652	190	0.14983761223602
Actr6	0.351	-0.144	0.389	396	0.149420819697859
Tmem88	0.504	0.384	0.658	159	0.149043018178769
Use1	0.53	0.325	0.634	284	0.166743938678459
Rpl11	0.529	0.344	0.644	178	0.170148667274195
Thap4	0.521	0.253	0.606	569	0.164509024972987
Mkrn2	0.467	0.092	0.522	416	0.168495176095633
Chmp1b2	0.318	-0.32	0.301	199	0.156383953367487
Fancl	0.361	-0.123	0.397	375	0.157150265934309
Upf3a	0.508	0.276	0.61	422	0.169126922883107
Dnajb4	0.333	-0.265	0.326	337	0.147418286803128
Mrpl45	0.396	-0.019	0.454	306	0.148703234660961
Pmf1	0.538	0.334	0.641	202	0.165972333567682
Ly6m	0.496	0.25	0.598	111	0.178513159210335
Rbm25	0.324	-0.26	0.317	838	0.149946823514029
Ddx17	0.408	-0.031	0.449	652	0.155582087077389
Oxct1	0.397	-0.023	0.453	520	0.158799008069306
Ift27	0.535	0.302	0.631	186	0.168624824238831
Syap1	0.398	-0.037	0.455	365	0.159252192396461
Higd2a	0.512	0.308	0.634	106	0.160813081307617
Riok2	0.367	-0.123	0.402	547	0.153820509140807
Tbc1d7	0.446	0.18	0.559	293	0.156809150575036
Gm11596	0.684	0.479	0.73	205	0.282345498499578
Gm11569	0.676	0.46	0.721	180	0.27654896251503
Vma21	0.394	0	0.46	134	0.151700662529974
Gm11554	0.685	0.479	0.73	190	0.273402733334038
Pus3	0.327	-0.235	0.337	481	0.149888042728132
Gm11564	0.661	0.429	0.705	201	0.274482612594292
Nkap	0.399	-0.054	0.44	415	0.153920644029006
Ndc80	0.382	-0.041	0.445	642	0.161285676419893
Rpp14	0.383	0.044	0.487	122	0.150807899728161
Gm11567	0.724	0.533	0.762	195	0.281222021691517
Paics	0.38	-0.044	0.444	425	0.16379711246726
Gm11565	0.668	0.441	0.712	156	0.24312828707379
H60c	0.372	-0.099	0.411	197	0.14942462118224
Yaf2	0.574	0.417	0.697	179	0.173842911294743
Ola1	0.356	-0.179	0.372	396	0.158808374307224
Slc25a53	0.454	0.121	0.528	346	0.159234807030334
Pgap4	0.528	0.328	0.636	403	0.156492359329423
Chmp1b	0.528	0.345	0.654	199	0.174322253685758
Polr3d	0.51	0.269	0.608	398	0.163183307624988
Romo1	0.589	0.507	0.739	79	0.173626957472479
Dynlrb1	0.51	0.213	0.576	104	0.158642847203218
Lsm14a	0.349	-0.195	0.365	462	0.143429094456738
Rps6ka6	0.33	-0.211	0.351	860	0.147238373168714
Cdc37l1	0.372	-0.114	0.415	335	0.158506812662357
Pi4k2b	0.41	0.013	0.475	469	0.157933584183511
Mon2	0.387	0.025	0.475	1715	0.153627741241157
Magt1	0.349	-0.123	0.397	368	0.147414585234644
Vmn1r124	0.354	-0.082	0.417	307	0.145010770850843
Catsperz	0.467	0.229	0.581	194	0.153547797778448
Pgp	0.674	0.636	0.804	321	0.17557875957246
1700019D03Rik	0.478	0.083	0.515	106	0.165005316557523
ccdc198	0.378	-0.087	0.413	294	0.150923428428413
Ceacam14	0.326	-0.121	0.391	263	0.142988037918807
1700024G13Rik	0.507	0.265	0.604	93	0.16521792703546
Vmn1r159	0.351	-0.099	0.406	305	0.144433770802313
Ctnnbip1	0.598	0.533	0.75	81	0.158915417610631
Cand2	0.595	0.456	0.705	1235	0.169735901212142
Psmc6	0.304	-0.272	0.308	389	0.149451143288969
Trappc6a	0.679	0.656	0.816	159	0.173515856471955
Gatm	0.438	0.049	0.492	423	0.158144671744435
Vmn2r70	0.311	-0.247	0.328	854	0.1468998609605
Trak1	0.574	0.437	0.698	939	0.165763361398002
Mmachc	0.423	0.019	0.476	279	0.14895891728371
Rps10	0.501	0.214	0.58	165	0.162786260904429
Mettl21a	0.396	0.041	0.483	218	0.159873140795855
Pate11	0.385	-0.066	0.426	99	0.184868925177401
2310039H08Rik	0.588	0.466	0.716	114	0.158938622598372
D16Ertd472e	0.414	0.07	0.505	290	0.159696905890172
Ptgr1	0.414	0.027	0.487	329	0.162607595237385
Timm21	0.354	-0.075	0.423	244	0.142614114429581
Zbtb8os	0.413	0.02	0.484	167	0.156194401152546
Zfp787	0.592	0.429	0.699	381	0.173474433808453
Naaa	0.492	0.272	0.609	362	0.155744924973403
Fgf22	0.543	0.437	0.688	162	0.144568750483974
Rpl14	0.453	0.012	0.481	217	0.189606008475882
Cuedc2	0.537	0.318	0.637	284	0.16821662900995
Dynlt3	0.398	-0.049	0.45	116	0.163983160889951
Bfar	0.433	0.183	0.557	450	0.154859206864277
Ccdc159	0.532	0.293	0.624	411	0.177838474597849
Ttc14	0.33	-0.238	0.34	766	0.150100491551038
Mastl	0.345	-0.231	0.348	865	0.15014650938216
Nrarp	0.711	0.731	0.856	114	0.175070286765445
Ubap1	0.415	0.033	0.488	502	0.156673027489216
Topaz1	0.31	-0.263	0.324	1653	0.151117288510346
Tspan31	0.431	0.142	0.535	210	0.161153505125582
Atp5e	0.548	0.358	0.66	52	0.180698207567151
Lce1a1	0.559	0.2	0.592	143	0.214865303385372
Ube2g1	0.323	-0.299	0.302	170	0.150478462864984
Ndufa6	0.497	0.265	0.607	131	0.155495018583749
Gp2	0.451	0.086	0.515	534	0.165217116495973
Nop56	0.459	0.146	0.543	580	0.169818026959926
Bpifa5	0.404	0.102	0.506	270	0.146383559332497
Kbtbd4	0.469	0.163	0.552	534	0.16305486616106
Herc6	0.341	-0.172	0.37	1003	0.151083664519461
Mis12	0.419	0.069	0.498	206	0.168075556513406
Fbxo5	0.404	0.011	0.47	421	0.160873452656815
Ikzf5	0.412	-0.031	0.459	419	0.15792891147167
Lrrc40	0.345	-0.088	0.399	602	0.147868795046531
Tomm34	0.506	0.268	0.609	309	0.172775963679357
Ramac	0.378	-0.186	0.375	119	0.143922546686131
Nkain1	0.6	0.484	0.721	207	0.167829197557894
Rnf141	0.413	0	0.47	230	0.168071231885561
Psmd9	0.591	0.446	0.702	222	0.175661220517755
Rnaseh2b	0.382	-0.061	0.439	308	0.156976594851139
Parp10	0.45	0.167	0.552	960	0.156913073398976
Mtdh	0.387	-0.101	0.421	579	0.158594685626335
Smarca2	0.481	0.202	0.573	1583	0.161635689811986
Cfap418	0.41	-0.014	0.46	209	0.162588609761443
Sft2d3	0.639	0.708	0.839	212	0.168339397114936
Eef1g	0.508	0.18	0.568	437	0.165689536174303
Sclt1	0.304	-0.255	0.322	688	0.150953818501758
Ccdc47	0.402	-0.071	0.432	483	0.161181172146058
Lipt2	0.534	0.464	0.707	231	0.15871538788949
Arl8b	0.381	0.056	0.483	186	0.153335528948071
Lpar6	0.373	-0.016	0.454	344	0.150082898357346
Nradd	0.476	0.182	0.564	228	0.163471552498776
Dram2	0.306	-0.218	0.343	267	0.13666799893842
Cdt1	0.564	0.392	0.673	557	0.16038135820083
Zmat5	0.586	0.417	0.688	170	0.169701052724908
Ccdc25	0.406	-0.007	0.469	208	0.170629918473201
Yipf5	0.377	-0.066	0.433	257	0.150341337293176
Ctdnep1	0.494	0.299	0.614	244	0.151348910576231
Pdzk1ip1	0.455	0.187	0.567	181	0.152210547481633
Ndufa13	0.661	0.606	0.785	144	0.164817267330375
Rplp2	0.519	0.206	0.584	115	0.188210329614622
Zmynd19	0.457	0.098	0.518	227	0.165870121920656
Ube2t	0.357	-0.21	0.352	204	0.151118151852645
Zcrb1	0.342	-0.175	0.376	217	0.154543887196826
Spats2l	0.434	0.048	0.496	578	0.165704717847791
Pfdn1	0.455	0.234	0.586	122	0.173439267276165
Ccdc77	0.415	0.093	0.509	489	0.165989395421972
Glod4	0.385	-0.104	0.416	298	0.160365702339805
Nde1	0.429	0.063	0.497	344	0.152654037846658
Eif2s2	0.34	-0.242	0.345	331	0.160660555925563
Utp11	0.435	0.125	0.528	253	0.164232290961147
Lsm1	0.406	0.139	0.527	133	0.156681739390447
Gatad1	0.458	0.169	0.564	266	0.163610797068986
Armc10	0.409	0.09	0.505	306	0.161789163298477
Mrpl55	0.467	0.173	0.543	134	0.151232902297129
Gm14496	0.328	-0.246	0.332	849	0.148025677986871
Cmtm6	0.547	0.381	0.665	183	0.164938893378134
Mboat2	0.401	0.061	0.496	519	0.147983319054318
L3hypdh	0.498	0.235	0.593	354	0.161736209885375
Med18	0.533	0.41	0.681	208	0.161012863979842
Plekho1	0.557	0.381	0.668	408	0.167296576527506
Srfbp1	0.409	-0.04	0.454	441	0.160620558744668
Rrp15	0.452	0.074	0.515	281	0.180586273378135
Med29	0.535	0.254	0.607	199	0.175198394637167
Rnpc3	0.318	-0.3	0.307	514	0.141770544540769
Tmem19	0.414	0.122	0.53	336	0.147882973795277
Dph7	0.429	0.103	0.521	477	0.1627902330297
Prpf18	0.397	0.039	0.477	342	0.16401208066724
Zfp329	0.366	-0.161	0.385	522	0.16391786427865
Tbc1d20	0.533	0.334	0.638	402	0.160892551314868
Zkscan14	0.462	0.153	0.551	521	0.164971415982688
Cinp	0.479	0.24	0.589	212	0.16160324025658
Fam220a	0.422	0.021	0.482	260	0.153863799496881
Rpf2	0.351	-0.123	0.395	306	0.153725425900001
Smc6	0.296	-0.322	0.287	1097	0.150931071723172
Gemin6	0.409	0.028	0.481	166	0.163922524848307
Peli1	0.346	-0.214	0.359	418	0.149554635944666
Resf1	0.314	-0.363	0.287	1521	0.14687393810565
Mtarc2	0.542	0.372	0.661	338	0.169432931503676
Rpl39	0.458	0.121	0.511	51	0.164139644409658
Tbc1d19	0.333	-0.167	0.365	526	0.144377969457019
Cap2	0.469	0.166	0.558	476	0.159026424812622
Bmerb1	0.515	0.319	0.63	203	0.175483248014233
Zfp422	0.549	0.333	0.648	237	0.181406089476658
Cers4	0.514	0.33	0.636	393	0.158116210371553
Ndufb8	0.528	0.256	0.607	186	0.154454272662119
Dipk1a	0.336	-0.147	0.384	428	0.152361810682132
Uqcc2	0.599	0.468	0.713	136	0.166843850098189
Myl12a	0.678	0.534	0.753	172	0.180870930705398
Muc21	0.504	0.107	0.543	1606	0.130014179798534
Agtpbp1	0.378	-0.059	0.434	1218	0.151915880755025
Mrpl42	0.438	0.114	0.526	142	0.161580682722536
Cmtm5	0.578	0.428	0.689	156	0.162988577452869
Ndufa10	0.51	0.281	0.614	355	0.162467930020458
Eri1	0.42	0.083	0.508	345	0.163646663777363
Gm42742	0.504	0.258	0.606	253	0.157246850094134
Med31	0.426	0.111	0.524	131	0.168208953500034
Rpl37	0.489	0.223	0.585	97	0.167139975708363
Washc3	0.394	0	0.471	194	0.150164896249968
Slc25a19	0.534	0.367	0.659	318	0.16126046202641
Cwc27	0.367	-0.157	0.386	469	0.155399498766156
Ift22	0.534	0.317	0.636	185	0.171949859803052
Parp6	0.463	0.131	0.535	630	0.15937694387552
Srek1ip1	0.431	-0.002	0.474	153	0.18329760848839
3110040N11Rik	0.441	0.005	0.48	126	0.172554690550053
Ccdc137	0.519	0.274	0.611	290	0.171098599704439
Pigc	0.427	0.135	0.532	297	0.151820449045145
Rab3c	0.475	0.15	0.551	227	0.15960065567586
Socs4	0.356	-0.139	0.389	436	0.153207470049076
Gprasp1	0.367	-0.209	0.367	1347	0.15929709333579
Dock7	0.367	-0.072	0.424	2128	0.148121159397647
Cltc	0.363	-0.119	0.399	1675	0.156775265598897
Zc3h13	0.367	-0.1	0.404	1729	0.148539693755553
Gpx7	0.584	0.427	0.697	186	0.171148185836614
Zc2hc1a	0.384	-0.167	0.384	324	0.161922228616822
Pbld2	0.476	0.218	0.58	288	0.158511505340039
Mrpl46	0.427	0.172	0.55	283	0.157889993051035
Prl8a9	0.336	-0.218	0.343	241	0.148356508389438
Nanp	0.382	-0.013	0.456	248	0.158866310950357
Inava	0.537	0.324	0.637	677	0.155402119014396
Ceacam12	0.325	-0.17	0.37	300	0.14226896213497
1700022I11Rik	0.381	-0.1	0.418	1183	0.150492472187376
Iqcf4	0.377	0.057	0.479	204	0.149663686552428
P3r3urf	0.428	0.07	0.494	90	0.137394593539837
1700037H04Rik	0.542	0.375	0.667	177	0.170865698507631
Lyzl1	0.449	0.114	0.532	148	0.179313005756477
Atp8b3	0.572	0.439	0.698	1335	0.166482277828894
Snrpd3	0.413	0.101	0.513	126	0.162317987402816
Stk35	0.503	0.319	0.631	539	0.160341466986728
H2ap	0.474	0.176	0.561	117	0.160022326631434
Cstf1	0.525	0.299	0.625	431	0.166063052642859
Rffl	0.557	0.352	0.657	398	0.174719284367448
Ascl4	0.661	0.694	0.832	144	0.161838316734037
Tex43	0.443	0.121	0.526	141	0.156641832998447
Dynlt5	0.387	0.019	0.479	173	0.147790757743017
Herc4	0.322	-0.239	0.336	1049	0.146715414779453
Tmco5	0.371	-0.003	0.452	303	0.152159636221015
1700093K21Rik	0.402	0	0.468	196	0.159512679276921
Pudp	0.411	0.035	0.487	234	0.149667716880065
Tmed11	0.267	-0.389	0.254	215	0.139781762308164
Paxbp1	0.391	-0.013	0.457	919	0.154215572900138
Qpctl	0.537	0.402	0.672	383	0.150583497836389
Zfp606	0.334	-0.311	0.313	794	0.155309321409351
Gtf3c6	0.43	0.027	0.493	227	0.168113461190296
Prss3b	0.467	0.113	0.529	247	0.177559035536628
Jam2	0.409	0.008	0.476	298	0.158868061501562
Qprt	0.529	0.335	0.647	299	0.164557037938398
Bbs2	0.436	0.099	0.516	721	0.156206780703398
Dedd2	0.597	0.503	0.728	330	0.163007614463809
Med4	0.368	-0.074	0.424	270	0.156308437688384
Brd3	0.537	0.272	0.619	743	0.167947234901255
Carnmt1	0.381	-0.077	0.423	400	0.151423377118163
Bag4	0.442	0.011	0.488	457	0.149924953881641
Unc50	0.413	0.113	0.516	259	0.144082716003044
Rab5if	0.5	0.34	0.642	129	0.156537408134692
C1qtnf12	0.474	0.228	0.585	308	0.152313953081911
Mrm3	0.452	0.151	0.544	418	0.156867382972136
Fundc2	0.316	-0.301	0.319	151	0.152418716764123
4833420G17Rik	0.349	-0.153	0.385	639	0.149416774377368
Cxxc5	0.587	0.357	0.661	317	0.176268904087124
Erp29	0.595	0.492	0.728	262	0.179767712728661
Vmn1r107	0.355	-0.098	0.408	307	0.147713697000343
Srpr	0.421	0.033	0.484	636	0.160925506797185
Pdlim7	0.587	0.381	0.674	457	0.170009023437353
Txndc8	0.403	0.018	0.479	153	0.165313092621992
Nts	0.415	0.061	0.488	169	0.156861624356655
Cylc1	0.305	-0.401	0.267	640	0.146141083851785
4930449I24Rik	0.422	0.009	0.473	319	0.157014745769003
Soga3	0.536	0.361	0.658	945	0.16305801558626
Mfn1	0.379	-0.024	0.452	741	0.154882107381177
Armcx2	0.376	-0.123	0.41	784	0.154550415544874
Ears2	0.539	0.359	0.65	523	0.159676446581629
Ppil4	0.343	-0.232	0.346	492	0.152527483947493
Armh4	0.384	-0.136	0.403	775	0.150161734005576
Far1	0.338	-0.156	0.375	515	0.145637797304801
Dhdds	0.514	0.303	0.621	333	0.169581441500708
Eps8l1	0.497	0.242	0.595	716	0.154659901953733
Coq8a	0.555	0.346	0.65	645	0.171715153921408
Rps20	0.43	0.102	0.513	119	0.161109946650421
Nudcd1	0.353	-0.151	0.382	582	0.153470448410207
4921536K21Rik	0.486	0.302	0.62	168	0.15771510214088
Hoga1	0.532	0.33	0.642	321	0.163632974046601
Ccdc127	0.356	-0.103	0.401	260	0.153357487712437
Ankrd33b	0.538	0.375	0.667	486	0.164704025426797
Ssr3	0.446	0.18	0.559	185	0.158383656157791
Xab2	0.557	0.362	0.656	855	0.165857833695673
Mtpap	0.358	-0.106	0.406	585	0.145750016351516
Isoc2b	0.517	0.345	0.644	210	0.162228883274061
Retsat	0.486	0.232	0.588	609	0.162937079116635
Map1lc3b	0.595	0.521	0.742	125	0.158669035606808
Ilkap	0.454	0.117	0.53	392	0.165065691483477
C1qtnf4	0.755	0.792	0.889	326	0.169112301651378
Dusp28	0.671	0.645	0.81	163	0.164726937036604
Plxdc2	0.384	-0.057	0.439	530	0.147108910744829
Pkp2	0.449	0.15	0.542	795	0.154177749112389
Pnpla8	0.316	-0.25	0.331	776	0.14900664101267
Slc25a46	0.386	-0.001	0.458	418	0.146097841590069
Ikbip	0.406	0.088	0.511	373	0.152603389615927
Klhl13	0.373	-0.092	0.417	648	0.153633210260584
Ergic2	0.332	-0.206	0.354	377	0.143832314333922
Frmd8	0.582	0.419	0.688	466	0.167750089729333
Ergic1	0.562	0.409	0.683	290	0.160959519741504
Nvl	0.326	-0.229	0.337	855	0.152880032129262
Decr1	0.375	-0.117	0.404	335	0.153613965094522
Poc5	0.398	-0.02	0.459	558	0.156363501768838
Entpd4	0.498	0.262	0.603	613	0.159654396772651
Sf3a1	0.512	0.191	0.575	791	0.159198327951459
Pdcl	0.439	0.084	0.51	301	0.162216863299905
Gpalpp1	0.365	-0.179	0.38	346	0.15295684905052
Mmd	0.43	0.119	0.525	238	0.155050548740684
Abhd5	0.381	-0.048	0.437	351	0.150204175513656
Abcg8	0.543	0.413	0.681	673	0.157354460768408
Gpatch1	0.429	0.034	0.491	930	0.158574887466155
Mtfr1	0.373	-0.135	0.396	328	0.155503071953436
Slc47a1	0.462	0.257	0.593	567	0.161390373253058
Snap29	0.471	0.176	0.561	260	0.15659224991087
Ero1b	0.398	0.035	0.481	467	0.157951900227003
Abhd15	0.573	0.459	0.705	459	0.15773273328865
Cwc25	0.522	0.335	0.642	416	0.167887711064024
Cfap95	0.389	-0.09	0.42	228	0.148115286546069
Eepd1	0.483	0.22	0.582	569	0.159759919973029
Polr3g	0.395	-0.118	0.414	223	0.163301069125396
Dhx40	0.313	-0.246	0.325	779	0.148570295225101
Calcoco1	0.561	0.372	0.666	691	0.170238371686748
Ap4b1	0.417	0.066	0.497	738	0.162923930355642
Nek10	0.387	-0.018	0.45	1115	0.15623574406878
Ufl1	0.363	-0.066	0.427	793	0.151310802540577
Mettl16	0.364	-0.081	0.417	553	0.156628047655482
Tmem167b	0.446	0.15	0.543	74	0.166339666210515
Kcnv1	0.447	0.169	0.546	503	0.152143351875414
Ccar1	0.318	-0.267	0.325	1146	0.147122046664561
Ccdc50	0.392	-0.09	0.421	305	0.165503924104683
Rnf151	0.524	0.333	0.639	239	0.176319844790609
Prl7c1	0.345	-0.111	0.393	251	0.146631771284535
1700019N19Rik	0.524	0.217	0.588	237	0.172052274790626
Saysd1	0.549	0.369	0.665	188	0.157047454210938
Tvp23b	0.438	0.143	0.539	205	0.150121148407723
Tmed9	0.554	0.431	0.692	235	0.162355863244483
Agpat2	0.587	0.472	0.715	278	0.164864427027696
Faap20	0.512	0.217	0.583	186	0.16117534790064
Ttc33	0.409	0.032	0.488	262	0.166309817849897
Kctd4	0.37	-0.03	0.441	259	0.151371123940177
Trim62	0.673	0.636	0.804	475	0.177410196546107
Atg12	0.44	0.085	0.518	141	0.153828425097865
Nudt7	0.426	0.064	0.5	260	0.1497510367481
Fgfr1op2	0.368	-0.026	0.44	253	0.157593237216861
Uqcrb	0.335	-0.214	0.34	111	0.152610025427552
Mfap1a	0.416	0.002	0.47	439	0.159498244472779
Ppfibp1	0.408	0.011	0.469	980	0.156626948313838
Ttll4	0.448	0.098	0.52	1193	0.153780202038752
Glipr1l2	0.352	-0.141	0.392	332	0.153525178622078
Zswim3	0.499	0.243	0.594	695	0.163453064008151
Cog6	0.393	0.031	0.477	657	0.154602878374776
Pabpc6	0.403	-0.041	0.451	643	0.153166378219526
Fam120b	0.426	0.126	0.533	786	0.157832329783596
Slc39a8	0.446	0.174	0.555	462	0.156827419357315
Gpr89	0.488	0.293	0.612	455	0.149870356758954
Gstcd	0.396	-0.005	0.463	634	0.163132601169372
Slc25a30	0.422	0.097	0.509	291	0.155468971817711
Mgat4d	0.354	-0.044	0.439	373	0.144388128187379
Pigm	0.535	0.462	0.705	423	0.153462870544322
Larp6	0.594	0.472	0.718	492	0.163801983556754
Wdr48	0.403	0.027	0.481	676	0.157063432151152
Ciao3	0.511	0.282	0.618	476	0.160737127744685
Tmem35a	0.498	0.263	0.596	167	0.160930628340922
Mrfap1	0.823	0.921	0.957	125	0.182965875239102
Mgat4c	0.299	-0.287	0.308	478	0.137830380752271
Loxl4	0.535	0.329	0.644	758	0.169136131706609
Alg13	0.34	-0.128	0.401	165	0.154340074341372
Potefam1	0.313	-0.307	0.306	485	0.150571665502736
Patl2	0.44	0.127	0.53	529	0.152228414910465
Cpeb4	0.38	-0.169	0.383	729	0.147553010977026
Lrrc18	0.524	0.356	0.648	262	0.162163285316435
Tbc1d23	0.392	-0.009	0.458	684	0.156575632476954
Zfp605	0.342	-0.195	0.366	694	0.154053096046965
Slc25a26	0.419	0.052	0.494	274	0.155974090821638
Ubxn11	0.556	0.362	0.656	484	0.16124059241483
Rnf41	0.573	0.429	0.694	317	0.176910429815008
Tctn3	0.448	0.166	0.558	595	0.15746817224562
Ubl4b	0.465	0.173	0.557	188	0.164163127929319
4930524B15Rik	0.443	0.176	0.556	165	0.15059221052038
4930519G04Rik	0.452	0.113	0.534	205	0.159811898397845
Tespa1	0.406	-0.033	0.449	458	0.155064746495783
Vmn2r76	0.317	-0.24	0.33	853	0.147100570228955
Necap1	0.437	0.047	0.496	275	0.152498712309392
Dusp6	0.607	0.522	0.743	381	0.168920988441439
Get4	0.556	0.389	0.674	327	0.165222205702586
Akt1s1	0.591	0.388	0.678	283	0.159624891875674
Fibin	0.565	0.397	0.675	217	0.165667562093743
Zfp788	0.318	-0.328	0.299	832	0.156245400504225
Narf	0.471	0.137	0.542	462	0.170037717363116
4930453N24Rik	0.343	-0.143	0.386	348	0.14711254629996
Rspry1	0.365	-0.109	0.404	576	0.155872539065321
Ube2r2	0.467	0.081	0.515	238	0.161491469250331
Aasdhppt	0.35	-0.197	0.359	309	0.151435437744892
Nob1	0.54	0.345	0.649	403	0.167104583917092
Lrp2bp	0.412	0.017	0.476	346	0.162633205774156
Bend5	0.475	0.258	0.601	421	0.162764720355702
Mxra7	0.594	0.482	0.728	178	0.169856266059484
Tm7sf3	0.471	0.232	0.585	565	0.151413231957025
Anp32b	0.369	-0.134	0.398	272	0.1542189629619
Spc24	0.623	0.534	0.747	201	0.170870565209063
Samd8	0.409	0.034	0.477	478	0.147328750538145
Ftmt	0.497	0.289	0.616	237	0.165562678717505
Etfrf1	0.338	-0.151	0.373	86	0.150168821943153
Armc12	0.513	0.347	0.642	340	0.167733592406115
4930522H14Rik	0.347	-0.163	0.384	230	0.154240030696047
4930523C07Rik	0.537	0.394	0.674	99	0.182176524062447
Spaca1	0.366	-0.075	0.429	305	0.153176309651219
4930544G11Rik	0.43	0.04	0.489	193	0.163797097532748
Ctdp1	0.506	0.232	0.593	960	0.166373647557361
Ccdc121	0.416	0.081	0.507	437	0.166306002371621
Rabl3	0.364	-0.058	0.435	236	0.150969666094512
Ift172	0.491	0.212	0.578	1749	0.170991903261299
Tex46	0.406	0.098	0.506	165	0.146776678510664
Rnf125	0.361	-0.131	0.384	140	0.154937199068298
Dctn4	0.449	0.114	0.526	460	0.163038447533925
Hapln3	0.537	0.355	0.654	359	0.164560337519519
Alkbh8	0.333	-0.213	0.351	664	0.152266789295095
Hikeshi	0.395	-0.102	0.422	197	0.144591624432712
Rpl38	0.581	0.411	0.681	70	0.188273312258823
Elob	0.591	0.38	0.67	118	0.164518218055243
Trmt112	0.546	0.429	0.692	125	0.157715109884228
Cuta	0.476	0.21	0.577	177	0.151214506288696
Rpp21	0.571	0.436	0.694	150	0.168144465559306
Lsm3	0.364	-0.028	0.439	102	0.140997893490237
Sdhb	0.541	0.33	0.642	282	0.183141025198127
Mrpl18	0.412	0.133	0.535	180	0.153999288034765
Pbdc1	0.36	-0.176	0.378	198	0.154556160094382
Luc7l3	0.307	-0.225	0.332	491	0.144405462261452
Dnaaf4	0.358	-0.101	0.409	420	0.158152264484143
1700011L22Rik	0.459	0.127	0.533	208	0.149497808148627
Aldh3b1	0.608	0.469	0.714	468	0.170373559154475
Prss37	0.407	0.069	0.502	237	0.157834271716125
Hypk	0.458	0.203	0.569	129	0.166190466740975
Ift74	0.31	-0.283	0.313	600	0.146772456224829
Ost4	0.604	0.628	0.8	37	0.165439812788345
Fam174a	0.533	0.38	0.67	190	0.15781803442225
Wfdc2	0.5	0.243	0.602	174	0.185032030985186
Rnf149	0.49	0.274	0.612	394	0.163709130576263
Kirrel3	0.54	0.357	0.657	777	0.159373932755858
1810037I17Rik	0.51	0.394	0.672	65	0.152049619029631
Tmem179b	0.445	0.169	0.55	219	0.161499931251847
Mrpl24	0.386	-0.011	0.456	216	0.145896364414815
Pcnx4	0.371	-0.04	0.438	1177	0.150217975853032
Reg4	0.425	0.074	0.503	157	0.160013523062214
Polr2g	0.465	0.148	0.545	172	0.165304557779404
Nsmce1	0.502	0.264	0.604	280	0.173016982981612
Slc25a37	0.575	0.449	0.706	338	0.16035297732948
Dnajc19	0.351	-0.163	0.382	157	0.150674432430204
2010106E10Rik	0.335	-0.319	0.308	279	0.151020585132245
Cyp4f37	0.51	0.281	0.607	546	0.159601997761652
Lipf	0.363	-0.13	0.399	395	0.151750866923756
Lce1h	0.587	0.294	0.64	140	0.230404233151339
2310057J18Rik	0.321	-0.272	0.322	337	0.144004362598491
Actl11	0.441	0.098	0.523	1207	0.153752279756938
Pop1	0.402	-0.014	0.455	1045	0.161226127559974
Nudt13	0.456	0.148	0.542	352	0.160296921162004
Fam114a2	0.385	-0.057	0.439	497	0.154610327732009
Stx17	0.389	0.014	0.468	301	0.164132932536217
Dph2	0.445	0.127	0.531	489	0.155796961450673
Mansc1	0.412	0.059	0.494	414	0.147665231872316
Fcrl6	0.418	0.071	0.506	268	0.154826678126803
Fbxo32	0.508	0.36	0.653	355	0.166337227346193
Iah1	0.455	0.221	0.578	249	0.162309087369327
Itgb3bp	0.298	-0.364	0.269	176	0.136036835927729
Ccdc130	0.55	0.302	0.628	385	0.16962483752965
Ttc39d	0.374	0.005	0.461	604	0.153407355673067
Ppid	0.324	-0.262	0.332	370	0.157590552325397
Slc48a1	0.581	0.576	0.772	146	0.150975416646212
4930579F01Rik	0.42	-0.002	0.467	325	0.152118982502069
Samsn1	0.394	-0.069	0.431	372	0.150013837270807
Ribc2	0.485	0.24	0.588	377	0.163568099644509
Mgarp	0.447	0.039	0.504	283	0.159327407088393
4930578I06Rik	0.539	0.33	0.639	298	0.169360339785402
Ppp1r32	0.519	0.256	0.608	427	0.151491714259731
Eqtn	0.353	-0.199	0.362	337	0.142347158502968
Ddx47	0.418	0.062	0.494	455	0.160259063481682
Aadac	0.304	-0.237	0.337	398	0.139373353231464
Plgrkt	0.396	0.043	0.482	147	0.147071922955213
Slc38a2	0.441	0.195	0.563	504	0.15209603990841
Prpsap1	0.479	0.228	0.581	385	0.166713755450095
Jagn1	0.534	0.411	0.68	183	0.152706210092422
N6amt1	0.428	0.148	0.543	214	0.15236423498882
Gpatch2	0.435	0.087	0.514	527	0.155049255214122
Caap1	0.39	-0.012	0.463	356	0.166106333045462
Arpc5	0.513	0.252	0.605	151	0.180104847424309
Chd8	0.398	-0.032	0.448	2582	0.154594361450939
Kat8	0.533	0.299	0.628	458	0.16738796078157
Borcs5	0.546	0.347	0.647	196	0.165171277302288
Rtp4	0.408	-0.038	0.446	249	0.157069643073117
Vwa5a	0.409	-0.013	0.461	793	0.158207169100145
Zfp639	0.401	-0.041	0.45	485	0.166096136014427
Ilf2	0.391	-0.06	0.43	390	0.150577542795083
Plxnd1	0.627	0.525	0.746	1925	0.168615192851674
Zmym4	0.35	-0.201	0.366	1549	0.154984850611869
Sfr1	0.383	-0.151	0.396	319	0.149457900056183
Dalrd3	0.478	0.242	0.593	538	0.154484939320865
Rab39b	0.445	0.159	0.546	213	0.154187936334207
Rgs8	0.52	0.299	0.622	180	0.167620314037035
Rnls	0.405	-0.004	0.466	300	0.160035674764073
Snrnp48	0.373	-0.129	0.395	337	0.151217358720441
Dgat2	0.577	0.432	0.696	388	0.16357349224836
Pllp	0.561	0.413	0.684	182	0.160079026748282
Limd2	0.571	0.33	0.653	128	0.183676474951491
Snx2	0.348	-0.159	0.383	519	0.14975955987255
Tprgl	0.671	0.663	0.819	266	0.168941488484598
Rmdn3	0.48	0.217	0.58	470	0.165547526395265
Poldip2	0.453	0.154	0.548	368	0.1490913972085
Ubxn4	0.351	-0.195	0.365	506	0.148178543373174
Sec14l2	0.543	0.349	0.652	403	0.168936450913025
Derl1	0.447	0.204	0.565	251	0.145168304426401
Atp1b4	0.446	0.083	0.512	356	0.15688728582991
Nmral1	0.49	0.197	0.572	309	0.164426638343765
Snap47	0.501	0.26	0.601	413	0.166758385767991
Lce1f	0.566	0.221	0.603	147	0.216515519647644
Rer1	0.434	0.115	0.525	196	0.152139689688017
Brix1	0.346	-0.14	0.386	353	0.154962096355621
Idh3a	0.388	-0.052	0.44	366	0.161617174307202
Wdr83	0.529	0.299	0.627	315	0.169368913309669
Dnajb11	0.442	0.099	0.519	358	0.158239034931658
Gpsm1	0.57	0.357	0.654	705	0.172950597917173
Mrpl57	0.615	0.553	0.758	102	0.167979346119672
Atg3	0.347	-0.238	0.348	314	0.155995948371665
Nop9	0.426	0.111	0.517	636	0.155024085464827
Slc35a4	0.525	0.372	0.656	324	0.15678397568616
Rab32	0.494	0.266	0.609	223	0.158628284296606
Rnf115	0.39	-0.054	0.444	305	0.148216515732131
Tmem39a	0.414	0.134	0.528	486	0.148475531286988
Sncaip	0.426	0.044	0.494	965	0.156494936626764
Ddx55	0.516	0.291	0.617	600	0.168934245010564
Cdca5	0.417	0.057	0.498	264	0.150754762162123
Mtres1	0.434	0.121	0.528	240	0.160860711148335
Asprv1	0.511	0.28	0.618	339	0.16702096510709
Echdc3	0.467	0.2	0.569	300	0.160207360616279
Ppp6c	0.341	-0.181	0.367	305	0.152612748242924
Cysrt1	0.498	0.137	0.547	142	0.186603861985724
S100a16	0.653	0.567	0.771	124	0.185533401762086
Akr1b10	0.54	0.311	0.632	316	0.171657832630416
2310033P09Rik	0.567	0.354	0.659	260	0.179422497674035
Slc25a11	0.492	0.213	0.577	314	0.161558095651425
Yipf4	0.306	-0.186	0.356	246	0.139136258059932
Rgs10	0.542	0.32	0.638	181	0.165332545643868
Wfdc1	0.497	0.195	0.571	211	0.175862671260346
Lrrc28	0.459	0.225	0.572	367	0.160427353537961
Cela3b	0.543	0.345	0.652	269	0.171192895790668
Paip2	0.372	-0.207	0.362	124	0.155196947199005
Enoph1	0.537	0.349	0.656	257	0.169850944914203
Mrrf	0.395	-0.034	0.447	262	0.157816867873682
Nsmce4a	0.419	0.064	0.491	381	0.148620659542587
Mri1	0.557	0.396	0.675	369	0.161795105963619
Rprm	0.677	0.644	0.81	109	0.177436699986909
Coq10b	0.333	-0.128	0.391	242	0.14243690534216
Naa20	0.362	-0.092	0.417	188	0.145156188944159
Tmem33	0.361	-0.041	0.429	247	0.145686182073138
Dcxr	0.563	0.39	0.674	244	0.173687821350749
Mdp1	0.41	0.125	0.528	164	0.1470211970178
Uxs1	0.429	0.103	0.519	420	0.154245288094164
Cfap410	0.618	0.518	0.738	249	0.162853267334158
Camsap2	0.389	-0.077	0.427	1478	0.155908056266659
Saraf	0.483	0.201	0.577	363	0.158684165091362
Tmem100	0.491	0.281	0.615	134	0.159340224331851
Rbm18	0.412	-0.01	0.462	190	0.161769287560764
Ufm1	0.345	-0.138	0.393	85	0.143499010743713
Rpl4	0.439	0.068	0.498	419	0.171494016976054
Coa6	0.513	0.282	0.622	79	0.176053871422053
Tmem86a	0.553	0.392	0.67	241	0.161348289305128
Dennd10	0.37	-0.097	0.412	357	0.154271721907418
Ppa1	0.453	0.049	0.502	289	0.172629265317385
Ccdc80	0.465	0.141	0.543	949	0.157130960059645
Rnmt	0.36	-0.148	0.389	465	0.158345933154688
Pef1	0.499	0.2	0.582	275	0.152786392780626
Cmc1	0.378	-0.045	0.437	106	0.172460158487797
Mtfp1	0.612	0.481	0.722	166	0.16008822461192
Sumf2	0.494	0.195	0.573	308	0.157223543300024
Gipc1	0.577	0.421	0.688	333	0.167389055713114
Ppm1m	0.526	0.335	0.642	462	0.161319624187888
Galntl5	0.347	-0.107	0.395	431	0.147441460558131
Zfp169	0.488	0.233	0.593	731	0.166437327709441
1600012H06Rik	0.469	0.225	0.584	185	0.159368041850535
Coq9	0.568	0.367	0.66	313	0.163327446592776
Plpp3	0.606	0.508	0.734	312	0.168388576652212
Zcchc3	0.674	0.639	0.808	400	0.174471498757304
Mak16	0.396	-0.04	0.443	296	0.161681785292218
Ube2f	0.332	-0.204	0.356	185	0.14914416619278
Fam32a	0.645	0.554	0.764	112	0.192946120922129
Eloc	0.359	-0.241	0.341	134	0.153128601293901
Cby2	0.557	0.378	0.666	446	0.161059849294428
Abca14	0.386	0.008	0.462	1683	0.149283663564525
Ccdc70	0.452	0.147	0.542	223	0.162764542911099
Serpini2	0.317	-0.266	0.324	405	0.141416269783294
1700129C05Rik	0.392	-0.059	0.431	218	0.146310368986812
Hcfc2	0.357	-0.192	0.37	722	0.14977762840668
Ces5a	0.44	0.122	0.527	575	0.15339391932768
Wdr55	0.485	0.229	0.589	388	0.166399545892066
Tmem59l	0.54	0.328	0.64	337	0.164332648720713
Myl12b	0.681	0.559	0.767	172	0.179733275812594
Prorsd1	0.311	-0.235	0.34	169	0.146327190552337
Rps27l	0.355	-0.164	0.379	105	0.1633335067211
Atp5g2	0.491	0.286	0.61	146	0.152756410334024
Mesd	0.493	0.189	0.568	224	0.166741234260208
Tex13a	0.396	0	0.463	377	0.152474904761196
Rpl41	0.497	0.432	0.667	25	0.170259465938032
Spata6	0.383	-0.116	0.408	488	0.152118408663073
Fbxo28	0.462	0.236	0.587	368	0.159413713674428
Nifk	0.388	-0.048	0.44	317	0.156609217474248
Tubb6	0.669	0.576	0.776	447	0.170046737182657
Tomm20	0.423	0.135	0.531	145	0.170879972645102
Sugt1	0.374	-0.122	0.406	336	0.15796731028207
Kmt5a	0.515	0.279	0.615	364	0.166993974848866
U2surp	0.321	-0.303	0.307	1029	0.147599821799705
Puf60	0.506	0.225	0.591	564	0.164421503070921
Npc2	0.586	0.419	0.692	149	0.17752116279407
Zcchc10	0.417	0.079	0.52	178	0.152459197478099
Pold3	0.411	-0.056	0.449	461	0.163933762290688
Ooep	0.416	0.105	0.516	164	0.15643256156194
Tppp3	0.62	0.501	0.74	176	0.194124096160554
Atp2b1	0.368	-0.066	0.428	1220	0.154566748976997
Mphosph10	0.36	-0.155	0.387	681	0.157977160618974
Ccny	0.466	0.162	0.545	341	0.159636855779431
Trabd	0.555	0.36	0.655	376	0.169266334260201
Atad1	0.312	-0.264	0.32	361	0.148360419747398
Gnpda2	0.339	-0.191	0.366	276	0.151409072560499
Hormad1	0.296	-0.401	0.257	392	0.142376005197978
Pdzd9	0.404	0.059	0.498	266	0.152023116524357
Ssxb1	0.386	-0.11	0.416	170	0.156104739772028
Tmx3	0.305	-0.306	0.301	456	0.145293668283892
Nacc2	0.573	0.361	0.661	586	0.164987724934347
Nudt12	0.36	-0.096	0.418	462	0.155869156562742
Mrps11	0.478	0.186	0.566	191	0.159156585322366
Srsf6	0.417	0.073	0.494	339	0.139446528720337
Ddx59	0.418	0.082	0.508	619	0.157914495447771
Retreg3	0.465	0.169	0.55	466	0.156668175196795
Cfap298	0.484	0.291	0.622	290	0.168084282384711
Sdhaf4	0.383	-0.082	0.424	104	0.147760295840771
Defa20	0.419	0.086	0.511	95	0.163818839094035
Bambi	0.497	0.251	0.596	260	0.176628637702074
Snrpg	0.424	0.211	0.571	76	0.161551043707309
Zwilch	0.349	-0.163	0.376	596	0.151603536324593
Trap1	0.499	0.246	0.593	706	0.162626238695317
Cavin4	0.448	0.171	0.557	362	0.157463504563176
Mrm2	0.494	0.283	0.611	246	0.162801074241673
Cert1	0.339	-0.218	0.357	624	0.150987063499732
Coa8	0.414	0.088	0.511	194	0.157454405819751
Bphl	0.448	0.142	0.537	291	0.154127055204096
Pdf	0.566	0.506	0.731	231	0.154261784215587
H2bc4	0.863	0.923	0.959	126	0.187511253047947
Pclaf	0.386	-0.139	0.407	110	0.159066430301465
Tmem178	0.543	0.471	0.71	297	0.158429572810116
Rpl22l1	0.347	-0.187	0.37	122	0.156398958045855
Rnf146	0.311	-0.354	0.284	359	0.148819384725811
Emc4	0.469	0.235	0.584	183	0.155685543256807
Cox19	0.438	0.089	0.518	92	0.166873240705597
Fam122a	0.556	0.377	0.67	284	0.154665131945645
Rbm42	0.504	0.188	0.566	478	0.161584372555444
Zfp706	0.426	-0.074	0.446	76	0.186594184591111
Chid1	0.463	0.192	0.566	396	0.158551444171355
Nmb	0.502	0.261	0.598	131	0.153196373847512
Zfp593	0.584	0.457	0.708	134	0.16264407480127
Mid1ip1	0.683	0.652	0.815	182	0.165273123222516
Eef1akmt1	0.46	0.158	0.548	224	0.166665511345516
Chac2	0.325	-0.255	0.335	178	0.142171681099875
Rtraf	0.346	-0.113	0.395	244	0.160349626792636
2700062C07Rik	0.412	-0.001	0.463	217	0.15630101012229
Mpnd	0.59	0.452	0.71	487	0.171538999443184
Aen	0.574	0.392	0.676	336	0.168347682750866
Akirin1	0.43	0.146	0.543	191	0.145976074581151
Nutf2	0.457	0.15	0.546	127	0.168570084699315
Rps13	0.459	0.205	0.565	151	0.160860498719211
Ubxn2b	0.328	-0.214	0.347	331	0.139316617888386
Serpina12	0.522	0.307	0.626	413	0.162679714999407
Dmac2l	0.327	-0.165	0.363	200	0.153327002290017
Chd1l	0.457	0.187	0.561	900	0.162034775527045
Tm9sf2	0.384	-0.036	0.444	662	0.15268478742756
Slc25a39	0.546	0.344	0.648	359	0.157274323379346
Mrnip	0.445	0.035	0.489	335	0.161438073535223
Pdzd2	0.468	0.167	0.56	2796	0.156722804732716
Atpsckmt	0.448	0.136	0.538	247	0.156226012684985
Lurap1	0.54	0.334	0.642	239	0.164165658019727
Nop53	0.526	0.317	0.627	484	0.167036132203224
Pdcd2l	0.461	0.151	0.553	364	0.166003371494811
Gpn3	0.588	0.456	0.712	284	0.177428783877864
Dusp19	0.402	-0.004	0.465	220	0.160013440819231
Pak1ip1	0.415	0.011	0.48	382	0.162827867118705
Dcakd	0.614	0.586	0.771	231	0.162956148534836
Arpc4	0.518	0.354	0.65	168	0.165690037020602
Yif1a	0.489	0.218	0.581	293	0.151494390918256
Ncbp2	0.414	0.062	0.497	156	0.158373889190216
Smarcc2	0.509	0.199	0.58	1213	0.165562983676345
Ociad1	0.355	-0.181	0.375	247	0.149769066342422
Dynll2	0.537	0.273	0.619	89	0.180102514758068
Rchy1	0.393	-0.018	0.457	261	0.179500348092985
Cibar1	0.344	-0.121	0.395	355	0.14821762154995
Nt5c3b	0.602	0.499	0.729	300	0.172815260206118
Cntd1	0.458	0.175	0.554	334	0.160175913587216
Entr1	0.441	0.126	0.534	432	0.151043275407614
Pwwp3a	0.508	0.26	0.603	682	0.166733878581226
Maip1	0.426	0.122	0.521	291	0.147778799082631
Apool	0.332	-0.278	0.32	265	0.144791440762066
Atg101	0.643	0.58	0.775	218	0.172544453187287
Cmtm3	0.526	0.291	0.621	184	0.15797167880759
Cep70	0.333	-0.14	0.385	616	0.15166556801762
Fahd2a	0.48	0.22	0.585	313	0.16285909996441
Gcsh	0.416	0.034	0.488	170	0.150920799023178
Upf3b	0.344	-0.193	0.354	472	0.155458368152761
Eif3h	0.488	0.258	0.605	352	0.164596154298146
Kdelr1	0.554	0.439	0.695	212	0.159328529482113
Tigd2	0.325	-0.248	0.329	525	0.152663226792019
Ino80	0.387	-0.037	0.442	1559	0.154493407785963
Etaa1	0.321	-0.305	0.31	877	0.147242355626774
Arl13b	0.392	-0.025	0.453	427	0.160811674246473
Gar1	0.389	-0.079	0.43	231	0.151672564409062
Otub2	0.495	0.274	0.607	323	0.158306223109924
Wls	0.393	-0.032	0.443	541	0.152997817463616
Fam133b	0.39	-0.119	0.416	245	0.162351461703155
Gtf2e2	0.364	-0.132	0.396	292	0.155642805438895
Stx19	0.356	-0.081	0.421	292	0.157114311297255
Fdx2	0.576	0.459	0.71	174	0.169492188797105
Spire1	0.44	0.075	0.505	643	0.155760095095203
Ndnf	0.399	-0.035	0.451	568	0.15104497203099
Iftap	0.353	-0.195	0.373	244	0.149464304397567
Pate6	0.374	-0.248	0.343	106	0.169198376600053
Rpl39l	0.403	0.013	0.457	51	0.15703723042104
Inka1	0.414	-0.014	0.452	282	0.148017340932442
Ebpl	0.453	0.283	0.609	206	0.159511377548884
Cgnl1	0.516	0.309	0.629	1297	0.169530218715086
Bcas2	0.434	0.123	0.531	225	0.162086860026379
Denr	0.356	-0.149	0.397	198	0.166790002981667
Coa4	0.523	0.236	0.598	87	0.170702935096365
Fam135a	0.313	-0.276	0.321	1506	0.14442620970333
Sympk	0.593	0.447	0.702	1288	0.167410841916382
Leprotl1	0.438	0.299	0.618	131	0.153278374066515
Rpl24	0.431	0.066	0.503	157	0.171324129498994
Ndufb4	0.443	0.17	0.548	129	0.145319699355832
Rnaset2b	0.494	0.236	0.593	259	0.173249504944003
Hsbp1	0.557	0.363	0.657	76	0.171264022644096
Ndufc2	0.423	0.14	0.536	120	0.151173121251994
Ndufb2	0.453	0.154	0.541	105	0.142540639900247
Ccdc34	0.4	-0.015	0.465	367	0.163605766161585
Ndufa5	0.397	-0.04	0.44	116	0.169875524810758
Diras2	0.696	0.69	0.834	199	0.179914442567725
Urm1	0.511	0.358	0.649	101	0.164423771781326
Rnaseh2c	0.555	0.467	0.716	166	0.159748301277266
Tmbim4	0.447	0.184	0.554	238	0.146149260346929
Gsto2	0.467	0.196	0.565	248	0.167428005230757
Fam98b	0.337	-0.132	0.393	429	0.152558891568045
Nudt21	0.403	0.044	0.484	227	0.147396547389353
Wfdc15a	0.45	0.213	0.579	80	0.168635939134584
Fam166a	0.503	0.174	0.56	319	0.152378218390894
Fam24a	0.486	0.19	0.558	98	0.199670702765383
Efcab2	0.333	-0.233	0.338	164	0.151576952756926
Spindoc	0.501	0.256	0.605	381	0.160853663183645
H2al2a	0.403	0.014	0.464	111	0.148477132570176
Fam229a	0.583	0.444	0.704	128	0.160647442522099
Mturn	0.601	0.478	0.725	148	0.177765642316838
Gtsf1l	0.459	0.132	0.541	151	0.172127464209157
Krt42	0.626	0.51	0.736	452	0.173567130352888
Rpa3	0.368	-0.081	0.422	121	0.152399239468302
Mcrip2	0.541	0.356	0.658	160	0.148986212803004
A930018P22Rik	0.618	0.559	0.765	194	0.154697412662339
Ciao2a	0.386	0.02	0.468	160	0.156259682493546
Babam1	0.574	0.351	0.659	333	0.175323641609241
Tmem86b	0.504	0.33	0.635	226	0.155429919726132
Ift80	0.363	-0.05	0.436	777	0.154383620130455
Trmt12	0.417	0.059	0.493	446	0.15670069700508
Agpat4	0.574	0.478	0.718	378	0.170924898106602
Pdhb	0.373	-0.103	0.412	359	0.157168732481541
4930517N10Rik	0.396	-0.038	0.446	203	0.165215432305976
Iqcf3	0.396	-0.038	0.446	203	0.165215432305976
Slc25a22	0.574	0.405	0.679	323	0.173690475461283
Zdhhc21	0.373	0	0.452	265	0.15632282193391
Dnaaf1	0.537	0.324	0.639	634	0.169531193762684
Rbm28	0.442	0.097	0.523	750	0.170162390907634
Pomgnt1	0.531	0.302	0.626	660	0.165207868604292
Toporsl	0.363	-0.162	0.383	683	0.149718254071242
Rpa1	0.472	0.187	0.57	644	0.163689727309167
Toe1	0.468	0.137	0.542	511	0.164759792154523
2310057M21Rik	0.407	0.076	0.504	444	0.155041784409133
Ddx39a	0.518	0.275	0.612	427	0.167983033079141
Mcoln2	0.478	0.268	0.603	566	0.163757624572991
4930430F08Rik	0.372	-0.084	0.425	327	0.159259085298707
9530077C05Rik	0.416	0.05	0.49	519	0.156122583980372
Mto1	0.384	0.019	0.466	669	0.148074917929188
Stt3b	0.421	0.093	0.514	823	0.15047176646477
Mfsd10	0.525	0.376	0.659	456	0.151544803686778
Aar2	0.582	0.402	0.68	384	0.167857916583788
Ncapd2	0.476	0.216	0.576	1392	0.161564398404334
Vps53	0.484	0.221	0.58	832	0.163366355506868
Fam114a1	0.398	-0.024	0.461	569	0.15714452811416
Poglut3	0.441	0.148	0.542	503	0.153773087670686
Lrriq4	0.469	0.313	0.621	596	0.16028497963754
Zmym1	0.345	-0.148	0.387	983	0.153975855340177
Lypd2	0.529	0.388	0.672	127	0.180338048243141
Gstm7	0.58	0.386	0.667	218	0.171632679445424
Apoo	0.351	-0.15	0.39	212	0.147468538010006
Aph1c	0.444	0.195	0.563	258	0.149201692278948
Nudt22	0.521	0.301	0.623	308	0.156968793413592
Tsr3	0.512	0.245	0.597	323	0.173577776990208
Rab13	0.527	0.33	0.638	202	0.169962516360539
Sdhaf1	0.581	0.499	0.724	118	0.146776008141276
Crip2	0.652	0.469	0.725	208	0.190602665830791
Golt1a	0.606	0.56	0.758	133	0.150725123485813
Ccdc88c	0.593	0.453	0.707	2009	0.173010973826732
Ndufb10	0.582	0.368	0.663	176	0.179578266160877
Tmem174	0.53	0.27	0.617	243	0.15794959713783
Sirt5	0.462	0.14	0.54	310	0.166267670026133
Mettl26	0.577	0.454	0.705	204	0.170743438628694
Serpina1f	0.454	0.196	0.566	411	0.151013604113422
Ndufs3	0.449	0.141	0.539	263	0.155384278742233
Mul1	0.594	0.487	0.724	352	0.171636896145883
Aspdh	0.494	0.258	0.601	287	0.155569248047409
0610030E20Rik	0.549	0.39	0.675	166	0.160634079924693
Rab14	0.337	-0.211	0.354	215	0.14900388718391
Tmem129	0.521	0.295	0.623	362	0.159235873715304
Pbld1	0.469	0.233	0.587	288	0.153487955785516
Ndufa8	0.552	0.28	0.618	172	0.180483262096465
Ciz1	0.541	0.285	0.624	845	0.15934330710472
Tlcd1	0.459	0.264	0.594	247	0.14680897457454
Mogat1	0.429	0.089	0.513	335	0.148427553866607
Ccdc163	0.417	0.093	0.511	326	0.157015210501742
Nat8	0.455	0.219	0.578	227	0.15329989284605
G6pc3	0.502	0.313	0.626	346	0.154131334974922
Nrn1	0.502	0.396	0.676	142	0.17455837141788
Sycn	0.578	0.378	0.669	134	0.180267707972859
Ankrd13a	0.525	0.351	0.651	588	0.160920507856961
Lmbrd1	0.406	0.097	0.507	537	0.154781294106631
Ankrd13d	0.541	0.308	0.628	605	0.159707426527205
Slc39a13	0.505	0.344	0.642	374	0.162397494750995
Steap3	0.61	0.524	0.741	488	0.161503188793094
Fbxl15	0.565	0.506	0.727	300	0.166804412870039
Rpl34	0.418	0.078	0.5	117	0.171607904762018
Dusp23	0.591	0.455	0.705	150	0.161458464035786
Rraga	0.521	0.289	0.614	313	0.163486587046431
Tbc1d10b	0.506	0.266	0.609	798	0.155761840623858
Gpihbp1	0.515	0.223	0.594	228	0.168619274993278
Ppp1r14a	0.633	0.591	0.778	147	0.164625005121548
Dhrs7c	0.556	0.383	0.67	311	0.171378790064513
Mrpl14	0.564	0.442	0.7	145	0.163163890589907
Adipor2	0.418	0.058	0.493	386	0.152618008921123
Ly6g6c	0.561	0.403	0.678	126	0.177712930449054
Tmem126b	0.312	-0.261	0.323	230	0.150890509823922
Mob1b	0.372	-0.131	0.398	216	0.15337838177538
Ssna1	0.599	0.497	0.729	119	0.182042802500671
Rmnd5a	0.37	-0.03	0.446	391	0.159684130494686
Phf5a	0.484	0.101	0.523	110	0.196293606414166
Card19	0.581	0.445	0.694	183	0.159982434987076
Mpzl1	0.453	0.177	0.561	270	0.156006561383766
Krtap6-5	0.523	0.118	0.545	78	0.198548850688454
Tmem140	0.557	0.482	0.713	185	0.167560666003872
Zfp579	0.563	0.389	0.673	562	0.162931846049842
Ndufaf4	0.368	-0.06	0.429	173	0.147987881132231
Arel1	0.46	0.129	0.536	823	0.158302707828775
Tspan11	0.618	0.516	0.74	253	0.178384268641702
Mrpl53	0.553	0.466	0.713	118	0.164088109174841
Nsmce2	0.393	-0.057	0.441	247	0.162477072403291
Vps51	0.572	0.408	0.68	782	0.165106606849548
Ppfia4	0.552	0.372	0.66	1187	0.1636221181307
Ptx4	0.463	0.193	0.566	482	0.15626746733641
Ints1	0.616	0.53	0.745	2222	0.167276149896028
Dcdc2c	0.35	-0.229	0.36	179	0.154160285208046
Tomm5	0.541	0.452	0.702	61	0.157673415614254
Micu2	0.417	0.063	0.5	432	0.152972549178378
Myadml2	0.494	0.156	0.556	153	0.166355219885923
Eml1	0.493	0.275	0.616	814	0.159554490908187
Zfyve21	0.543	0.331	0.643	234	0.182507814638297
Entrep3	0.5	0.258	0.598	669	0.15264392832036
Ciao2b	0.5	0.337	0.644	163	0.161274327952269
Wipf2	0.455	0.002	0.474	440	0.141369744593394
Evc2	0.515	0.316	0.629	1220	0.16567945054444
Gpr155	0.397	0.038	0.481	868	0.151276542979206
Ucma	0.499	0.26	0.598	138	0.162847216532402
Smim6	0.477	0.232	0.596	56	0.154707119846263
Mphosph6	0.435	0.145	0.543	161	0.165510848191122
Mrpl13	0.366	-0.08	0.419	178	0.150975298003959
Tmem109	0.436	0.224	0.57	243	0.150701270955015
Trir	0.566	0.442	0.708	173	0.165380288085458
Ecscr	0.464	0.15	0.545	230	0.146063257538054
Sgo2a	0.328	-0.267	0.33	1164	0.152104119510383
Tefm	0.379	0.016	0.465	364	0.157531527558958
Smim14	0.531	0.285	0.613	99	0.161122714956265
Col6a4	0.442	0.121	0.529	2309	0.15689629160787
Cebpzos	0.364	-0.169	0.378	80	0.159191149252667
Uckl1	0.514	0.261	0.602	548	0.160143971926732
Ankra2	0.385	-0.077	0.427	312	0.160469441214024
Pdrg1	0.482	0.279	0.609	133	0.162177150662053
Dpm3	0.535	0.343	0.64	92	0.172414114290957
Nufip2	0.356	-0.209	0.369	692	0.14782252930401
Mrps18a	0.472	0.213	0.573	196	0.163601031541679
Caly	0.575	0.348	0.656	226	0.173427140932173
Cgref1	0.446	0.104	0.521	325	0.156333216029426
Mrpl58	0.482	0.253	0.594	206	0.158017037348248
Lamtor5	0.425	0.082	0.507	145	0.154997448642066
Tmed10	0.526	0.378	0.664	219	0.162164974945885
Rtn4	0.355	-0.18	0.379	1162	0.147825748354674
Cthrc1	0.422	0.053	0.489	245	0.15577511321367
Mocos	0.496	0.225	0.587	862	0.16096421334344
Syf2	0.494	0.242	0.593	242	0.177066974383841
Ccdc167	0.552	0.438	0.693	104	0.171911035064549
Dnajc8	0.414	-0.036	0.451	253	0.163820418352834
Pmvk	0.543	0.359	0.654	192	0.169831562474558
Ppm1f	0.487	0.22	0.584	452	0.164055882064459
Serhl	0.528	0.343	0.648	311	0.163612039144171
Mrpl28	0.588	0.467	0.711	257	0.167723951207734
Ube2c	0.541	0.314	0.636	179	0.160045589647985
Letmd1	0.463	0.238	0.581	360	0.152813144923213
Gdpd3	0.496	0.257	0.596	330	0.152677987397378
Mtcl1	0.559	0.409	0.684	1945	0.163165435825314
Eola1	0.403	0.076	0.497	157	0.15964892746078
Cfap57	0.502	0.285	0.615	1249	0.164238597219687
Elac2	0.472	0.212	0.577	831	0.16125276437012
Fbxw9	0.53	0.345	0.646	458	0.163843132105108
Cryl1	0.502	0.294	0.62	319	0.169568337238296
Myct1	0.475	0.249	0.596	188	0.138382237003989
Tm2d3	0.494	0.244	0.595	261	0.166965203578424
Fahd1	0.519	0.32	0.637	227	0.1710632124238
1110025L11Rik	0.509	0.067	0.519	78	0.191290752919516
Tmem216	0.482	0.323	0.621	141	0.148699360513289
Abhd14a	0.49	0.24	0.587	266	0.150586925688519
Tab2	0.357	-0.195	0.368	693	0.142822561299203
Samm50	0.458	0.196	0.568	469	0.154379022564203
Fndc1	0.445	0.068	0.506	1732	0.14680773224909
Gask1b	0.433	0.115	0.518	517	0.156828852435732
Scgb3a1	0.466	0.167	0.55	104	0.163208604758396
Svop	0.536	0.392	0.669	548	0.165122580117707
Trpm4	0.532	0.355	0.649	1213	0.160865082714427
Klk5	0.511	0.269	0.614	293	0.173405168225577
Pcyt2	0.591	0.448	0.708	404	0.170570443532566
Krtap4-2	0.687	0.533	0.758	167	0.265003284269251
Fam172a	0.374	-0.127	0.399	417	0.154201053205387
Smtnl1	0.472	0.122	0.545	459	0.166106076803919
Fitm1	0.529	0.407	0.677	292	0.157444280781134
Slc44a2	0.529	0.355	0.649	706	0.164546326348097
Kansl1l	0.326	-0.239	0.339	947	0.147168514643071
Hnrnpul2	0.451	0.129	0.541	745	0.164176601581534
Lce1e	0.57	0.229	0.606	143	0.223488245455014
Hddc3	0.486	0.206	0.574	179	0.160371172933196
Ppp1r27	0.472	0.209	0.567	154	0.152335461996798
Rere	0.51	0.198	0.576	1558	0.154305370573738
Gtf2f2	0.381	-0.061	0.436	249	0.15557399554679
Rabl2	0.524	0.283	0.621	223	0.173339588809373
Cilp2	0.627	0.544	0.756	1162	0.167464800484648
Ifitm1	0.597	0.495	0.733	106	0.166049400131268
Rnf166	0.702	0.622	0.801	237	0.186322352609108
Lce1b	0.583	0.266	0.625	137	0.219891144542729
Cfap68	0.388	-0.139	0.402	182	0.145097055871885
Hrnr	0.33	-0.381	0.29	3234	0.13612364178191
Arl8a	0.556	0.471	0.713	186	0.173517965134409
1110032F04Rik	0.677	0.695	0.835	247	0.167124157211415
Trp53inp2	0.552	0.321	0.637	221	0.155243300464233
Trim37	0.351	-0.183	0.369	961	0.153985518549554
Dus1l	0.485	0.181	0.562	475	0.173606701840974
Rbfa	0.511	0.322	0.636	350	0.169895408211636
Carmil1	0.466	0.198	0.568	1374	0.16029512160767
Ppp4r3a	0.319	-0.222	0.344	833	0.144976825661939
Mrps18c	0.367	-0.138	0.391	143	0.166559560993278
Tyw5	0.345	-0.139	0.39	315	0.145085988307554
Angel1	0.502	0.24	0.593	667	0.163802401102515
Acss1	0.488	0.197	0.571	682	0.161039022770325
Krtap22-2	0.514	0.13	0.545	67	0.180302144196733
Tmem219	0.43	0.15	0.541	240	0.156021650908818
Anln	0.357	-0.168	0.38	1121	0.154761688411948
Zfp740	0.431	0.018	0.48	180	0.166650845220728
Rreb1	0.556	0.332	0.647	1754	0.170292206727756
Mybphl	0.521	0.281	0.617	355	0.1684342246636
Cgrrf1	0.423	0.071	0.503	332	0.162090097477315
Abhd11	0.447	0.2	0.569	307	0.149346929588937
Synpo2l	0.463	0.13	0.539	978	0.146468059056839
Cdhr3	0.431	0.076	0.506	831	0.146801810959373
Washc1	0.537	0.274	0.613	475	0.163725174270691
Krtap4-6	0.725	0.588	0.784	195	0.276317185250085
Phtf2	0.349	-0.102	0.407	747	0.147820358110607
Ms4a6d	0.402	-0.03	0.448	247	0.150785394863148
Atp6v1c2	0.481	0.235	0.59	437	0.162136681833603
Taf11	0.503	0.252	0.605	211	0.173324093493216
Tmem53	0.545	0.368	0.657	283	0.162479660939617
Gucd1	0.643	0.517	0.742	239	0.180036254767089
Srpx2	0.437	0.058	0.492	468	0.154780871049138
Flnc	0.57	0.347	0.658	2726	0.167291283838507
Ubr3	0.383	-0.014	0.457	1889	0.159449738196664
Tmem214	0.537	0.367	0.657	687	0.164908826859828
Pdgfrl	0.488	0.211	0.581	375	0.160431913327654
Rgmb	0.516	0.27	0.613	436	0.167029799428879
Prr32	0.355	-0.268	0.326	284	0.143608040183829
Elovl5	0.55	0.409	0.682	299	0.156095917980739
Mypn	0.476	0.195	0.573	1315	0.156757947367182
Nexn	0.291	-0.351	0.278	607	0.145840430779101
Dock5	0.479	0.232	0.587	1868	0.156871586704944
Btbd10	0.353	-0.22	0.349	475	0.145793587356897
Ppil1	0.562	0.361	0.662	166	0.174095598518115
Ddi2	0.456	0.172	0.552	399	0.163630598796834
Zfand2b	0.47	0.112	0.528	257	0.173737169745065
Sync	0.542	0.348	0.651	470	0.168851804063835
Ldah	0.39	-0.007	0.462	326	0.157788523601491
Pdcl3	0.525	0.34	0.645	240	0.168783231504637
Mrpl52	0.381	0.067	0.491	121	0.15218110727616
Foxk2	0.495	0.216	0.587	651	0.154445124261863
Ankrd46	0.467	0.22	0.578	228	0.160979825273395
Tulp4	0.493	0.193	0.571	1547	0.15770356873363
Pih1d1	0.532	0.294	0.618	290	0.163000900875221
Rnf208	0.521	0.219	0.586	265	0.168312156765674
Lrrn4cl	0.43	0.072	0.507	239	0.169331049971881
Asb11	0.397	0.028	0.475	323	0.166209224003285
Dtwd2	0.419	0.113	0.519	298	0.159854078325616
Smim1	0.618	0.506	0.736	78	0.175654753950147
Dipk2a	0.532	0.396	0.67	430	0.162835360361683
Arv1	0.481	0.273	0.604	266	0.16523835525394
Rnf122	0.564	0.441	0.701	154	0.182140085929345
Ak8	0.541	0.375	0.66	479	0.163271872878083
Klhdc9	0.453	0.157	0.547	350	0.156262427547396
Tmcc2	0.62	0.501	0.732	706	0.172470986966669
Atp23	0.516	0.348	0.651	246	0.168988093102597
Maf1	0.51	0.223	0.588	258	0.163839698014385
Prpf6	0.437	0.072	0.501	941	0.165008905069117
Fam240b	0.508	0.215	0.575	78	0.188834875215347
Gkn3	0.466	0.189	0.563	191	0.162154729975646
Ubac2	0.454	0.227	0.576	345	0.150571681737142
Cd177	0.464	0.171	0.558	817	0.16880225949683
Rasl11a	0.528	0.374	0.661	242	0.158366462229747
Disp1	0.552	0.395	0.679	1521	0.165805914441473
Abhd13	0.398	0.08	0.497	337	0.147337448451279
Zfp467	0.584	0.387	0.676	594	0.165745949219758
Pygo2	0.535	0.202	0.588	405	0.155037812487016
Vars2	0.52	0.319	0.632	1060	0.159355637966606
Cdkal1	0.394	-0.047	0.441	578	0.157019992810522
Hint2	0.455	0.156	0.544	163	0.169025703256
1190005I06Rik	0.626	0.541	0.76	111	0.171820049652931
1110065P20Rik	0.562	0.418	0.689	110	0.165462083468691
Dnai1	0.532	0.27	0.616	701	0.168967358534725
Rpap1	0.484	0.219	0.576	1409	0.156006340142461
Ubap2	0.455	0.047	0.505	1132	0.150971451836585
Ptcd2	0.411	0.13	0.523	381	0.158244835393526
Mospd3	0.515	0.386	0.668	235	0.150884672994289
Smim11	0.53	0.333	0.635	55	0.180590357368123
Aspscr1	0.525	0.299	0.626	550	0.157466057734423
Rasl11b	0.551	0.422	0.69	247	0.167150774007579
Chmp2b	0.393	-0.008	0.465	213	0.166168343781381
Pink1	0.56	0.408	0.68	580	0.165811016700889
Tmco1	0.417	0.11	0.52	188	0.15736120163439
Chst8	0.561	0.445	0.699	417	0.150812183488752
Fam216a	0.418	0.056	0.494	251	0.158453393300678
Tlcd3b	0.606	0.569	0.767	275	0.165080035232247
Chmp2a	0.447	0.138	0.532	222	0.16472975220169
Srrm4	0.544	0.362	0.658	608	0.144568103352014
Paqr6	0.581	0.489	0.723	343	0.160298586361852
Phkg2	0.486	0.229	0.58	406	0.155243873967641
Ctc1	0.436	0.136	0.532	1212	0.153660488059182
Ngdn	0.461	0.173	0.556	315	0.160163285515468
Cdan1	0.443	0.171	0.551	1239	0.151493211092841
Eif1b	0.485	0.246	0.598	113	0.184151730685396
Dcaf12	0.439	0.098	0.518	453	0.156548202151117
Tamm41	0.504	0.322	0.633	337	0.159073507864316
Tatdn3	0.382	-0.009	0.455	294	0.151891979955441
Med27	0.512	0.346	0.648	311	0.161047939921448
Haghl	0.529	0.307	0.629	283	0.172057322349843
Nol11	0.341	-0.105	0.408	723	0.147152994778974
Wdr53	0.39	-0.016	0.457	358	0.160454499932201
Snrpa1	0.395	0.05	0.482	255	0.157066392417182
Prpf31	0.544	0.313	0.633	499	0.170896860996935
Ssu72	0.493	0.236	0.593	194	0.165085088332854
Zfp580	0.646	0.548	0.759	172	0.15809520864875
Mcts1	0.282	-0.408	0.244	181	0.148973388335859
Anapc10	0.338	-0.204	0.356	185	0.144766204411068
Cab39l	0.424	0.064	0.492	337	0.160256013925328
Thap7	0.546	0.299	0.623	309	0.164950009578832
Anapc13	0.48	0.143	0.543	74	0.16802518695461
Prrt2	0.471	0.141	0.551	346	0.154913652888153
Spcs1	0.382	0.032	0.477	161	0.146409654193376
Zfp707	0.556	0.37	0.661	384	0.177397548671123
Snx15	0.542	0.326	0.64	337	0.158832509023868
Mitd1	0.353	-0.076	0.421	249	0.152417297069195
Smdt1	0.459	0.299	0.621	107	0.144733689957862
Lyzl4	0.523	0.321	0.635	145	0.181940319171919
Nupr1l	0.674	0.636	0.802	102	0.152178940811734
Zdhhc3	0.537	0.346	0.651	299	0.168420752672142
Zg16	0.484	0.217	0.583	167	0.156350695124729
Tmem258	0.538	0.443	0.699	79	0.145739917814379
Isca1	0.461	0.17	0.559	129	0.160924122150328
Atp2c2	0.562	0.44	0.699	944	0.168614352163738
Slc30a5	0.364	-0.056	0.43	761	0.149745787480742
Nat8f5	0.419	0.093	0.507	227	0.147830483434024
Pycr2	0.604	0.501	0.732	320	0.175149641052333
Hapstr1	0.439	0.093	0.515	275	0.154470752916905
Pnlip	0.444	0.08	0.511	465	0.159070668268259
Fuom	0.486	0.261	0.599	153	0.171865411695297
Chac1	0.512	0.236	0.595	223	0.164235078411351
1810010H24Rik	0.547	0.412	0.676	112	0.154844280935576
Tcim	0.535	0.353	0.65	106	0.168757088238856
Tmem273	0.412	0.132	0.522	95	0.163945208449513
Tmem97	0.508	0.376	0.657	176	0.151011983252686
Ebna1bp2	0.471	0.147	0.551	306	0.169228132847883
Kdf1	0.626	0.451	0.707	397	0.164825062512771
Triap1	0.638	0.493	0.736	76	0.202147122333377
Psmd11	0.421	0.084	0.502	422	0.161912876493107
Gmppa	0.506	0.294	0.618	420	0.158646698879701
Zc3h15	0.351	-0.217	0.36	426	0.165136472632648
Sult1c2	0.43	-0.011	0.462	296	0.15787971571177
Zcchc9	0.408	-0.035	0.454	271	0.168059100656656
Oxa1l	0.472	0.215	0.575	433	0.155840279946327
Ascc1	0.468	0.186	0.564	356	0.159026172065187
Vps26b	0.547	0.399	0.677	336	0.16086899426056
Tmem160	0.533	0.324	0.636	188	0.159535431760916
Trim15	0.487	0.255	0.596	292	0.168176164074049
Ydjc	0.545	0.365	0.659	310	0.162312224990576
Marchf5	0.317	-0.238	0.331	278	0.153712321993421
Stoml1	0.525	0.362	0.655	399	0.161361500143516
Ccnq	0.511	0.312	0.626	250	0.161534080696216
Alkbh3	0.438	0.049	0.493	286	0.155583993415612
Ubr4	0.533	0.318	0.635	5180	0.167401739310691
Adh6a	0.401	0.003	0.47	375	0.168274976503629
Chrdl2	0.52	0.244	0.602	433	0.168967859018869
Eci3	0.407	0.015	0.477	317	0.153400607625081
Cnot8	0.496	0.253	0.599	292	0.164421982083742
Rbis	0.354	-0.111	0.403	139	0.156717978900611
Pex11g	0.51	0.309	0.619	241	0.163188627624274
Cdk12	0.387	-0.099	0.416	1484	0.147786987418419
Fam25c	0.546	0.326	0.648	89	0.18605749217012
Tusc1	0.708	0.745	0.859	205	0.166090193372948
Vstm5	0.515	0.298	0.623	199	0.168723465795044
Cd209f	0.506	0.284	0.621	255	0.167211802265585
Gsdmd	0.486	0.244	0.593	487	0.164776885823495
2200002J24Rik	0.466	0.267	0.594	110	0.164000534276285
Kbtbd3	0.32	-0.268	0.325	607	0.149425055335017
Snx4	0.412	0.038	0.486	450	0.16002919759545
Lzic	0.412	0.068	0.497	190	0.159450436892763
1810030O07Rik	0.404	-0.003	0.459	320	0.160294890511202
Comtd1	0.586	0.489	0.718	262	0.166623770743589
Rhebl1	0.465	0.219	0.581	184	0.15498976936552
Manbal	0.638	0.533	0.75	85	0.174440960267966
Sec31a	0.441	0.071	0.507	1230	0.159909128470552
Mrpl44	0.427	0.123	0.526	333	0.150656588651462
Cd209b	0.487	0.236	0.59	325	0.16697558937496
Bola1	0.515	0.346	0.652	137	0.15655302863402
Fcmr	0.445	0.135	0.534	422	0.147171989735917
Cnppd1	0.484	0.216	0.577	407	0.158753693897558
Snx5	0.401	-0.001	0.466	404	0.160920218453112
Stimate	0.484	0.333	0.638	288	0.155058216523146
Dyrk2	0.524	0.356	0.655	599	0.161025861607632
C1qtnf2	0.528	0.261	0.612	294	0.1666009122216
Dtwd1	0.383	-0.02	0.456	304	0.157030310338676
Tmem256	0.442	0.223	0.582	113	0.158101829670433
Erp27	0.439	0.151	0.544	272	0.158376971401788
Kmt2e	0.359	-0.225	0.358	1868	0.145870851565696
Mcemp1	0.432	0.141	0.54	183	0.157738306217953
Dym	0.435	0.173	0.551	669	0.151742591543649
Pdia2	0.521	0.242	0.599	527	0.168808837691737
Dhx16	0.546	0.366	0.659	1044	0.16685726080176
Tmem121	0.609	0.508	0.731	318	0.163136960448044
Ptms	0.51	0.16	0.57	101	0.19109517782525
Srsf11	0.399	-0.028	0.448	511	0.151224522910186
Trappc3l	0.365	-0.115	0.395	181	0.158710704204339
Sat2	0.452	0.107	0.519	170	0.161494406022369
Svbp	0.439	0.118	0.531	102	0.167095466720553
Plekha4	0.475	0.182	0.558	779	0.148384753277865
Ddah1	0.535	0.376	0.667	285	0.1687924136147
Naxd	0.502	0.303	0.626	365	0.165673504241811
Snx24	0.416	0.114	0.524	169	0.147322233901409
Selenot	0.39	0.068	0.494	194	0.15152002743172
Zfp746	0.535	0.267	0.613	652	0.165502724359451
Qrich1	0.437	0.048	0.497	777	0.156276577993018
Zfp688	0.508	0.216	0.584	274	0.162166005176392
Gtpbp4	0.358	-0.12	0.395	634	0.159337510941244
Pdzph1	0.36	-0.159	0.387	1238	0.151075535365677
Polr2d	0.515	0.344	0.647	142	0.168467175602574
Hspb2	0.536	0.318	0.633	182	0.155622239178808
Zfp397	0.331	-0.244	0.338	527	0.151239993424786
Elf2	0.396	-0.045	0.451	593	0.15681228557511
Kctd5	0.517	0.347	0.65	234	0.166222998708672
Ing2	0.455	0.182	0.565	281	0.166759224397459
Rfc3	0.404	0.053	0.485	356	0.158933816560677
Scnm1	0.426	0.014	0.47	186	0.155838894225675
Gins1	0.349	-0.057	0.426	196	0.150324302078354
Ctdspl	0.549	0.372	0.663	276	0.163741531955808
Sec62	0.389	-0.094	0.426	398	0.164410298476687
3300002I08Rik	0.428	0.027	0.482	147	0.15069075851987
Spata4	0.339	-0.146	0.378	295	0.14366838246393
1700001J03Rik	0.465	0.127	0.536	219	0.154654934569111
Glipr1l1	0.326	-0.241	0.336	236	0.154531006975231
Odf3	0.596	0.382	0.676	254	0.161554452512668
Rhobtb1	0.538	0.377	0.667	695	0.167040345749853
Cst13	0.438	0.074	0.504	141	0.165654275809548
Adora3	0.424	0.101	0.51	209	0.159435763228083
Tmigd3	0.424	0.101	0.51	209	0.159435763228083
Lrrc46	0.503	0.233	0.587	323	0.165832926222715
Asb9	0.419	0.019	0.468	290	0.159214990247305
Tescl	0.704	0.741	0.86	231	0.170970376933021
Dcps	0.495	0.244	0.59	338	0.158815825007028
Efcab9	0.428	0.144	0.531	216	0.159906875068411
Pxt1	0.462	0.217	0.571	51	0.161917814794635
Slc16a13	0.503	0.314	0.628	428	0.15370436133165
Pacrg	0.494	0.242	0.591	241	0.162532631362069
Ppp1r42	0.319	-0.166	0.364	357	0.149735124052107
Izumo3	0.315	-0.225	0.332	263	0.146960824796696
Cfap90	0.505	0.268	0.609	182	0.162916651666535
Hmgb4	0.457	0.125	0.538	181	0.164978872959852
Fam24b	0.436	0.087	0.504	119	0.179828521183456
1700012B07Rik	0.439	0.085	0.511	276	0.150806886505316
1700012B09Rik	0.416	0.06	0.492	121	0.149844921134182
Pierce1	0.533	0.281	0.63	167	0.161554175948126
Cfap206	0.393	0.049	0.486	622	0.151394407152701
Lelp1	0.461	-0.067	0.445	120	0.19793639473673
Ccdc54	0.375	-0.049	0.437	329	0.148045162630146
1700008P02Rik	0.387	-0.177	0.385	175	0.153871059443317
1700008O03Rik	0.574	0.495	0.723	196	0.157405427504233
Smim23	0.457	0.201	0.565	136	0.160772466260792
Necab1	0.415	0.044	0.487	352	0.151624459731967
Slc38a4	0.48	0.265	0.603	547	0.157116170148819
Lrrc51	0.49	0.31	0.627	192	0.146965670772721
Cypt3	0.37	-0.103	0.404	174	0.170104354247565
Cst12	0.453	0.149	0.544	141	0.167910551063547
Spaca4	0.558	0.379	0.664	127	0.182597459680849
Cfap107	0.463	0.101	0.519	196	0.154313754466113
Glrx2	0.411	0.049	0.493	156	0.159493853306819
Wdfy1	0.524	0.312	0.634	410	0.169410163384698
Ms4a20	0.293	-0.324	0.281	209	0.131756143986137
Smco2	0.446	0.168	0.558	347	0.160726143262408
Mocs3	0.661	0.715	0.846	460	0.174299339550371
Zpbp2	0.356	-0.095	0.416	326	0.151726540797522
C8g	0.476	0.198	0.569	202	0.152907346416392
1700013G24Rik	0.548	0.347	0.655	286	0.155102921349727
H2bl1	0.429	0.149	0.533	123	0.156585312158011
Tmem89	0.505	0.335	0.639	169	0.159239671351419
H4c8	0.735	0.746	0.861	103	0.171060403813297
Dnajb13	0.528	0.293	0.619	316	0.164659258904927
H2bw2	0.507	0.276	0.612	224	0.175388952006186
1700018F24Rik	0.413	-0.044	0.447	314	0.154972608971918
1700019A02Rik	0.318	-0.313	0.295	146	0.146182268984196
1700025G04Rik	0.373	-0.141	0.402	121	0.159532985280772
Plac8l1	0.4	0.068	0.494	177	0.164232287682669
Dnajc17	0.478	0.234	0.586	303	0.170644072679801
Ms4a19	0.288	-0.211	0.33	111	0.119433238313612
1700016C15Rik	0.316	-0.233	0.324	145	0.130429652683462
Mroh4	0.529	0.382	0.663	983	0.166701660939492
Dennd6b	0.547	0.393	0.672	585	0.162338437470248
Efcab15	0.544	0.375	0.663	382	0.158174089452139
Lyzl6	0.469	0.173	0.557	148	0.173648892367412
Prss56	0.487	0.292	0.617	604	0.156528298229666
Clic3	0.582	0.386	0.668	237	0.165030832725205
Commd10	0.47	0.226	0.585	202	0.165576830246681
Tmem45a2	0.322	-0.147	0.376	289	0.143848896955373
Ubl7	0.476	0.148	0.545	380	0.152889600803258
Slurp2	0.506	0.27	0.609	97	0.172805538639286
Krtap4-13	0.676	0.47	0.726	165	0.273852771017389
Tmco2	0.355	-0.084	0.41	187	0.146240864721432
Tmem127	0.519	0.289	0.618	238	0.159774589105076
Krtap3-1	0.707	0.54	0.76	98	0.211591741691629
2300009A05Rik	0.599	0.556	0.76	157	0.158776135103567
1700029J07Rik	0.377	-0.104	0.421	316	0.149644411708191
Ttc9	0.541	0.403	0.681	219	0.168996459033362
Actl9	0.445	0.144	0.542	415	0.152529864518604
Nup35	0.321	-0.305	0.308	325	0.138118051481344
Ndufaf5	0.359	-0.09	0.413	343	0.150936916005835
Dydc1	0.361	-0.022	0.453	175	0.150278324102979
Tsr2	0.47	0.107	0.535	195	0.175549680812398
Zfp932	0.287	-0.519	0.21	526	0.151494540971822
Klk12	0.468	0.22	0.582	247	0.166070892753309
Lce3e	0.609	0.344	0.66	98	0.206601234693651
Rwdd2a	0.433	0.124	0.529	292	0.153901110924114
Lce3f	0.611	0.344	0.66	98	0.207766664606467
Esam	0.451	0.129	0.535	394	0.155228114458107
Mrps9	0.405	0.045	0.488	390	0.150896188740208
1700030J22Rik	0.482	0.221	0.587	409	0.16646666141317
Krtap26-1	0.482	0.088	0.524	215	0.172851395856596
Avpi1	0.564	0.378	0.667	142	0.160632036413954
Ten1	0.461	0.158	0.545	161	0.153937312356922
Hemk1	0.434	0.149	0.537	340	0.153209225126788
Dnase1l1	0.437	0.078	0.502	314	0.153060444440489
Antxr1	0.495	0.214	0.579	562	0.159787315916751
Trnp1	0.658	0.698	0.836	223	0.152948173918211
Klk10	0.528	0.357	0.655	278	0.167057752752318
Lyg1	0.472	0.147	0.543	197	0.1648765767035
2300002M23Rik	0.406	-0.02	0.459	349	0.144963646800051
Capns2	0.46	0.151	0.545	247	0.164214921926935
Wdr5b	0.351	-0.171	0.378	328	0.153607066079845
Mapk1ip1	0.366	-0.246	0.351	263	0.137507191661588
Nkpd1	0.65	0.588	0.777	825	0.166520359212647
2310009B15Rik	0.472	0.214	0.583	136	0.162576200163907
Bst2	0.624	0.587	0.777	172	0.168454674792575
2310022B05Rik	0.628	0.512	0.742	322	0.16377969597694
Ripor3	0.555	0.408	0.679	938	0.166394897032892
Klhdc2	0.358	-0.14	0.397	406	0.151320997392698
Bod1	0.506	0.228	0.592	173	0.163889917517441
Cdk13	0.412	0.01	0.472	1511	0.148863456364306
Nmrk2	0.537	0.415	0.686	195	0.160703907832979
Vkorc1l1	0.473	0.332	0.633	176	0.16007213075248
Mfsd3	0.454	0.212	0.567	412	0.152425236904681
Hilpda	0.528	0.354	0.644	64	0.155819081485016
Cmbl	0.412	0.016	0.479	245	0.166643282146771
Smco1	0.398	0.086	0.505	214	0.15451571255156
Fastkd3	0.4	0.073	0.496	661	0.154036130835132
Rhou	0.622	0.567	0.77	261	0.176802801355582
Plekhm2	0.565	0.385	0.673	1033	0.167998256652485
Tnfsf13	0.384	0.016	0.469	240	0.148468125164885
Hjv	0.48	0.271	0.607	420	0.15497671881423
Pcgf3	0.505	0.286	0.614	241	0.177898825612765
Gpx8	0.412	0.076	0.51	209	0.156920804469169
Odam	0.364	-0.168	0.385	273	0.136480245737379
Ap5s1	0.452	0.124	0.527	248	0.159335833013655
Afg3l2	0.434	0.119	0.527	802	0.16293639071118
Dab2ip	0.586	0.419	0.688	1189	0.162292325641166
Otop3	0.573	0.462	0.707	596	0.165397989191644
Lnpk	0.294	-0.383	0.26	425	0.144350219698107
Mtfmt	0.396	0.071	0.499	386	0.150163988958301
Sec24d	0.478	0.153	0.552	1032	0.159200548887904
Lce1d	0.579	0.257	0.621	133	0.226348718538707
Kansl2	0.411	0.018	0.475	486	0.159104101690483
Pitrm1	0.454	0.14	0.542	1036	0.157227723867437
Fam89a	0.681	0.713	0.845	175	0.176152672317963
Arhgef12	0.404	-0.012	0.46	1544	0.153364368346205
Clybl	0.384	-0.014	0.456	338	0.155278932812214
Dapk1	0.506	0.296	0.62	1430	0.163945320968366
Enho	0.535	0.387	0.671	76	0.165661976461747
Exosc8	0.361	-0.084	0.423	276	0.159784581426628
Fam83g	0.562	0.345	0.652	812	0.157191070442423
Wdr20	0.44	0.138	0.544	569	0.153488325001437
Mlip	0.359	-0.213	0.362	269	0.144774725770307
Dctn2	0.499	0.221	0.585	402	0.169909745707792
Cd164l2	0.476	0.128	0.538	172	0.171840192992947
Pir	0.35	-0.176	0.376	290	0.148198126877653
Tmbim1	0.508	0.23	0.589	309	0.154648138333737
2310061N02Rik	0.474	0.102	0.529	174	0.161619209639435
2310061I04Rik	0.464	0.185	0.558	315	0.142451380458484
Ddx51	0.501	0.29	0.618	639	0.161793085228906
Krtap1-5	0.632	0.385	0.683	122	0.242209434025446
Upk3bl	0.554	0.434	0.695	250	0.158790178704753
Psmg4	0.516	0.376	0.667	123	0.153365940543271
Ccdc115	0.508	0.297	0.621	180	0.163484900516108
Tmem52	0.586	0.44	0.701	202	0.159777299064912
Txndc15	0.478	0.19	0.568	344	0.160038972978036
Mif4gd	0.589	0.469	0.712	222	0.1751332345343
Pxdn	0.522	0.295	0.621	1475	0.160666527569255
Il36b	0.342	-0.141	0.393	183	0.149838399805128
Emc10	0.561	0.407	0.683	268	0.169129214609998
Aarsd1	0.487	0.276	0.612	412	0.164161282808998
Hddc2	0.401	0.05	0.489	199	0.156996981958307
Pof1b	0.338	-0.205	0.355	587	0.143671746290911
Tatdn1	0.314	-0.286	0.315	264	0.150118524720214
2310057N15Rik	0.595	0.38	0.673	200	0.178487406847213
Camsap3	0.493	0.188	0.566	1279	0.156575320502845
Slc52a3	0.593	0.514	0.736	460	0.158937105498299
2310079G19Rik	0.464	0.049	0.508	185	0.159900231914095
Col22a1	0.407	-0.113	0.417	1613	0.154782248269365
Ndufaf1	0.337	-0.228	0.341	330	0.146137187094671
Lrr1	0.355	-0.078	0.417	422	0.155206650803399
Iqcg	0.43	0.11	0.524	419	0.16655301781182
Ptrhd1	0.507	0.312	0.627	140	0.168488915586346
Arap1	0.548	0.335	0.643	1441	0.163926745497034
Pin4	0.327	-0.282	0.336	131	0.152891752506985
Tfpt	0.454	0.13	0.531	259	0.149028405425185
Trip13	0.411	0.031	0.476	432	0.158103348633115
Ipmk	0.481	0.257	0.605	397	0.161511157027242
Cad	0.516	0.293	0.621	2225	0.162868319534714
Nkiras1	0.437	0.127	0.535	192	0.171217591561524
Rpain	0.446	0.13	0.531	219	0.165286768116369
Rnaseh2a	0.518	0.254	0.605	301	0.165596143637343
Smyd3	0.512	0.317	0.631	428	0.177520079812377
Usp46	0.45	0.122	0.531	366	0.165686593133152
Gemin7	0.487	0.215	0.575	129	0.146965644295228
Nup37	0.346	-0.196	0.366	326	0.149540016114652
Ttl	0.519	0.361	0.657	377	0.161660709106637
Dph5	0.39	0.015	0.467	281	0.157550347022678
Tm2d2	0.484	0.26	0.604	213	0.165967787053121
Casz1	0.627	0.483	0.729	1762	0.172416258298523
Pold4	0.561	0.362	0.657	107	0.160468514172212
Zswim7	0.421	0.166	0.547	152	0.155899924312657
Aldh16a1	0.481	0.194	0.569	802	0.159938045354125
Zfp511	0.541	0.304	0.633	250	0.168621555428434
Fbxo7	0.398	-0.004	0.458	523	0.14858363943126
Leng1	0.489	0.193	0.564	261	0.161481634785204
Aoc1l2	0.469	0.15	0.547	711	0.152317480979222
Tnfaip8l2	0.578	0.45	0.702	184	0.16930813699023
Fam174c	0.521	0.393	0.663	108	0.152502554249584
Bdh2	0.424	0.106	0.52	255	0.163988503273093
Timm29	0.585	0.532	0.746	266	0.172531113115645
Ms4a6b	0.398	-0.015	0.454	244	0.150771000796321
Smap2	0.433	0.034	0.495	428	0.160833083471738
1500009L16Rik	0.414	0.011	0.492	63	0.159550032257793
Ceacam13	0.321	-0.187	0.359	263	0.142609292181322
Tprkb	0.306	-0.226	0.333	175	0.144403501914324
Med30	0.49	0.268	0.604	178	0.163542750868477
Med6	0.371	-0.11	0.405	246	0.153720612112025
Cox11	0.451	0.158	0.553	275	0.153494333414891
Tmem147	0.505	0.353	0.652	224	0.157611249369741
Slc39a11	0.497	0.285	0.617	342	0.15913123325403
Trim32	0.511	0.278	0.613	655	0.168580078165931
Pou2af2	0.511	0.213	0.589	235	0.144421042732643
Clec4b1	0.371	-0.063	0.435	209	0.155290995252138
Prss32	0.5	0.225	0.586	334	0.159674039166339
Krtcap3	0.462	0.215	0.569	240	0.167547050733077
Mzb1	0.506	0.278	0.613	188	0.169370905920109
Mterf4	0.408	0.065	0.494	346	0.154772478736563
Fyttd1	0.315	-0.237	0.329	317	0.137081234643467
Glod5	0.419	0.046	0.49	148	0.156714963357751
Ms4a10	0.46	0.135	0.537	267	0.155108289738631
Polr2f	0.611	0.48	0.719	127	0.180537036334436
Rab43	0.656	0.593	0.783	210	0.179670848930533
Pla2g12b	0.588	0.409	0.686	195	0.18421093405963
Pcgf1	0.479	0.265	0.601	247	0.163424452896173
Wnk4	0.498	0.218	0.582	1222	0.155420493154292
Tcf23	0.469	0.144	0.537	209	0.156631022989159
Eif1ad	0.499	0.198	0.579	170	0.169070460408518
2010003K11Rik	0.504	0.365	0.653	124	0.1443634597955
Ttc39b	0.412	0.076	0.503	617	0.159369506753295
1810065E05Rik	0.387	-0.064	0.441	235	0.159070544326134
A1cf	0.382	-0.1	0.414	595	0.15120450289919
Polr3gl	0.517	0.275	0.614	218	0.162909197519872
Ppp1r35	0.585	0.507	0.733	260	0.156072562338433
Ndufa11	0.557	0.364	0.664	143	0.172077878844336
Thap3	0.553	0.394	0.673	218	0.160922827100286
Snrpf	0.41	0.126	0.532	86	0.156919821046943
Ints14	0.425	0.087	0.511	515	0.158092974178424
Aunip	0.39	-0.062	0.433	340	0.153821702552077
Cyp2c66	0.374	-0.085	0.412	490	0.152237522935184
Zfp219	0.507	0.215	0.581	726	0.156104002302548
Coa7	0.542	0.26	0.614	231	0.193651776800782
Fam241b	0.543	0.376	0.661	120	0.158052751617561
Mfsd11	0.456	0.189	0.565	449	0.154227523557235
Mrto4	0.534	0.284	0.619	239	0.173382523630811
Rasip1	0.547	0.37	0.66	961	0.159237586299909
Slc25a32	0.365	-0.049	0.439	316	0.148023194607862
Rab3b	0.581	0.413	0.689	219	0.170788986820034
Nup43	0.34	-0.2	0.364	380	0.145505515787183
Nabp2	0.525	0.242	0.603	212	0.156408207688079
Polr2i	0.668	0.545	0.76	125	0.193487293321012
Vrk2	0.338	-0.191	0.36	503	0.146186880038282
Agk	0.397	-0.019	0.454	421	0.155928134044046
Dnah17	0.614	0.51	0.736	4453	0.173504053242909
Cenps	0.522	0.336	0.647	142	0.179558127059249
Zfp715	0.374	-0.166	0.388	886	0.161499602107124
Trmt10b	0.416	0.007	0.471	318	0.156732665181994
Scrn1	0.437	0.081	0.512	414	0.163805992338968
Exoc1	0.436	0.11	0.525	901	0.164036288768938
Rnf113a1	0.505	0.222	0.59	341	0.170914287031195
2810021J22Rik	0.42	-0.005	0.469	539	0.162253254837093
Fars2	0.49	0.247	0.597	451	0.162545625504837
Ptcd3	0.325	-0.207	0.349	685	0.14743257391779
Cdc16	0.405	-0.011	0.46	620	0.162189296531235
Rpp25l	0.448	0.161	0.544	163	0.142573700183863
Mettl18	0.333	-0.235	0.346	362	0.148668558426626
Galk2	0.44	0.134	0.536	458	0.162964623388756
Tmem30a	0.382	-0.093	0.413	364	0.149070411821286
Spink2	0.482	0.094	0.512	86	0.174895802038088
Sis	0.326	-0.284	0.317	1818	0.142309689549078
Spaca9	0.604	0.506	0.735	168	0.172597239952102
Chn2	0.48	0.233	0.586	468	0.162652763815903
Rsc1a1	0.364	-0.157	0.392	582	0.150431434221418
Ace2	0.374	-0.128	0.4	805	0.151422866143935
Ssty2	0.415	0.085	0.511	227	0.157810461076227
Cep85	0.436	0.084	0.51	761	0.159815174941106
Ino80b	0.56	0.393	0.675	345	0.166944153544014
Nt5dc2	0.621	0.528	0.743	390	0.158597911238315
Mcm10	0.43	0.065	0.502	885	0.162491304229134
Acot7	0.577	0.413	0.688	384	0.171157840112208
Tspo2	0.514	0.392	0.662	162	0.15425982270203
Dop1b	0.515	0.332	0.639	2295	0.162491973977052
Cmtm8	0.56	0.451	0.709	173	0.147919292616879
Tut1	0.43	0.099	0.518	869	0.156447242723815
Gpr15lg	0.397	0.153	0.527	78	0.158894442960051
Trnt1	0.316	-0.259	0.32	434	0.147462258060757
Prpf4	0.422	0.077	0.505	521	0.159401035034374
Ccdc89	0.551	0.392	0.669	370	0.180714287237823
Degs2	0.565	0.391	0.672	323	0.158996228535734
Spata3	0.454	0.072	0.511	193	0.157127554051822
Sdr9c7	0.521	0.322	0.635	313	0.1650897630708
Ctag2	0.355	-0.211	0.363	219	0.144646539466235
Ankrd60	0.514	0.384	0.666	318	0.15851099009861
H1f7	0.458	0.148	0.539	398	0.155187249721626
Zdhhc25	0.546	0.413	0.685	279	0.164980236416663
Nol7	0.471	0.17	0.559	254	0.169601842159405
Igsf23	0.494	0.258	0.603	239	0.156129806775896
Zfp995	0.32	-0.368	0.282	437	0.162260389024602
Lysmd2	0.534	0.361	0.657	215	0.152168013925238
Metrn	0.544	0.348	0.646	291	0.166017684750436
Cysltr2	0.405	0.091	0.505	309	0.144530884037158
Meaf6	0.505	0.288	0.624	192	0.15972514231964
Ube2q1	0.52	0.328	0.642	422	0.165547783573681
Sash1	0.498	0.228	0.591	1230	0.160277072934724
Smc4	0.307	-0.283	0.314	1286	0.153002294258185
Cyp4f16	0.516	0.293	0.614	524	0.158446469249817
Znhit1	0.557	0.296	0.623	158	0.17132446975659
Ifi35	0.483	0.243	0.594	286	0.160042421446076
Odf3b	0.552	0.371	0.665	238	0.147423498979535
Srrd	0.503	0.338	0.64	249	0.160235947179626
Yars2	0.46	0.253	0.596	472	0.152037560252681
Mllt3	0.436	0.051	0.503	569	0.152079729640589
Nbdy	0.267	-0.488	0.2	43	0.131275839908507
Dpf3	0.513	0.249	0.601	378	0.177108928148087
Slc44a4	0.538	0.395	0.672	707	0.166163308533687
Misp3	0.616	0.58	0.768	206	0.152550023094327
Lrch3	0.382	-0.016	0.452	796	0.149587965239984
Mettl7a1	0.627	0.553	0.762	244	0.173286306727221
2210016F16Rik	0.526	0.395	0.672	338	0.16650007203488
Ogfrl1	0.436	0.044	0.498	464	0.159543894732568
Vps36	0.418	0.111	0.519	386	0.158779210360275
Lypd8	0.492	0.184	0.576	255	0.171339697310659
Lipn	0.343	-0.19	0.365	400	0.138374283858391
Abhd17c	0.625	0.54	0.755	320	0.166638369620213
Fam162a	0.464	0.166	0.547	155	0.167175231088392
Cd209g	0.531	0.355	0.659	194	0.166798583581701
Ctsll3	0.462	0.085	0.524	331	0.168696542017069
Taco1	0.472	0.167	0.555	294	0.172142634152753
Med23	0.434	0.128	0.529	1376	0.157748785380632
Tmem143	0.565	0.446	0.699	458	0.158753502316372
Kif18b	0.533	0.318	0.636	834	0.161458618973457
Nars	0.444	0.088	0.51	559	0.162122163915903
Ppil3	0.377	-0.183	0.378	161	0.156050590480553
Zfp619	0.397	-0.048	0.448	1161	0.16740244609588
Gorasp2	0.435	0.068	0.506	451	0.152510433560498
Cd2bp2	0.479	0.142	0.546	342	0.161643651359045
Poc1a	0.531	0.32	0.638	405	0.156906074596218
Bhlhb9	0.343	-0.237	0.345	539	0.15921100775477
Rnf168	0.348	-0.181	0.372	567	0.152086362451659
Gtf3c5	0.515	0.266	0.606	520	0.160635323864794
Ufsp1	0.477	0.217	0.582	217	0.158457916902502
Psmd1	0.372	-0.111	0.407	953	0.161751243597877
Dazap1	0.538	0.238	0.607	406	0.154396239167109
Atp5mpl	0.325	-0.207	0.358	58	0.138498930568345
Chp2	0.49	0.28	0.605	196	0.149452350158163
Kyat1	0.592	0.355	0.658	424	0.165277641774709
Ly6g6e	0.528	0.393	0.674	134	0.166040999944352
Rpf1	0.379	-0.069	0.427	349	0.153825369581339
Mkrn2os	0.526	0.325	0.638	217	0.163139587169709
Afap1	0.537	0.31	0.634	731	0.170769140610151
Rnf126	0.609	0.472	0.721	313	0.163194442262094
Tbc1d13	0.565	0.415	0.682	400	0.168351582415032
Gcc2	0.316	-0.201	0.356	1680	0.15199655789378
Fuz	0.483	0.303	0.618	415	0.150064508156255
Plscr3	0.478	0.118	0.531	296	0.157849734835201
Cactin	0.628	0.531	0.745	772	0.162871867877768
Rabep2	0.56	0.401	0.676	554	0.168504960135117
Hdac8	0.419	0.035	0.488	377	0.155660393068128
Ndufab1	0.41	0.126	0.523	156	0.154429465234256
Arl16	0.448	0.208	0.568	173	0.15897132697533
Pigw	0.314	-0.135	0.379	503	0.142070088863847
Polr1g	0.474	0.151	0.552	399	0.156767483571049
Reep6	0.461	0.278	0.608	201	0.149120613056873
Iyd	0.46	0.175	0.557	285	0.159481188590963
Ube2cbp	0.416	0.098	0.51	368	0.153443620385371
Copb1	0.341	-0.151	0.378	953	0.157535251787862
Basp1	0.792	0.796	0.898	226	0.207826846554084
Ppp4r1	0.422	0.053	0.493	951	0.160983894214965
Secisbp2l	0.425	0.036	0.491	1089	0.157712382155617
Gprc5c	0.57	0.439	0.7	441	0.158469117039324
St13	0.391	-0.079	0.427	371	0.158913473052828
Kcnip1	0.452	0.148	0.549	227	0.156776626134458
Steap1	0.383	0.043	0.479	339	0.151466407642028
Gtpbp3	0.552	0.398	0.673	492	0.166347141918992
Lman1	0.44	0.075	0.512	517	0.156671559513302
Actl10	0.573	0.363	0.658	346	0.166432175030354
Fam135b	0.397	-0.021	0.453	1403	0.151952253557968
Bag5	0.502	0.279	0.607	447	0.175714257012273
Fbln7	0.574	0.385	0.674	440	0.16970730859471
Gpatch2l	0.465	0.106	0.525	482	0.162960613895949
Ica1l	0.396	-0.014	0.462	431	0.155165619965607
Derl3	0.614	0.594	0.779	228	0.15260846121119
Mospd1	0.33	-0.154	0.381	214	0.151112793256803
Tecpr1	0.563	0.388	0.677	1166	0.165026803455577
Kctd2	0.528	0.372	0.664	263	0.16111654601896
Cox10	0.502	0.295	0.618	443	0.157298919058763
Spdl1	0.414	0.066	0.497	608	0.162180118118941
Ttc9c	0.458	0.143	0.536	171	0.156947771010189
Asb12	0.377	-0.021	0.446	308	0.15677266041282
Kptn	0.532	0.35	0.65	430	0.164224231825137
Asnsd1	0.305	-0.276	0.31	627	0.151062244759283
Tmem70	0.366	-0.027	0.45	254	0.143236137657149
Calml3	0.567	0.332	0.65	149	0.175532839707177
Polr3f	0.379	-0.024	0.452	316	0.15838333863759
Stk26	0.347	-0.229	0.346	416	0.157429420468792
Megf10	0.515	0.192	0.579	1147	0.189816794165805
2810408A11Rik	0.448	0.084	0.52	435	0.151036012943902
Arpin	0.547	0.342	0.648	226	0.162954616525967
Ints2	0.358	-0.062	0.422	1198	0.151365361076668
Tspan15	0.596	0.528	0.741	294	0.176122222673638
Csnk1g3	0.322	-0.223	0.344	424	0.146524499045201
Tekt5	0.557	0.391	0.671	557	0.169812302210039
Mier2	0.551	0.336	0.648	541	0.170642059294761
Polr3b	0.416	0.061	0.495	1133	0.16004544018144
Tbce	0.332	-0.178	0.362	524	0.152911390286489
Rufy2	0.402	0.092	0.508	606	0.165049463363593
Draxin	0.548	0.357	0.654	343	0.166133256888597
Inf2	0.57	0.372	0.665	1271	0.163391665771676
Taf15	0.339	-0.32	0.315	557	0.14116035219695
Cd248	0.523	0.211	0.584	765	0.162298341984013
Unc13d	0.577	0.447	0.701	1083	0.168068495583069
Dhrs13	0.511	0.293	0.617	376	0.161892459385164
Cenpl	0.314	-0.272	0.318	345	0.145907268130628
Mpc2	0.359	-0.102	0.402	127	0.146676885914002
2610318N02Rik	0.482	0.169	0.557	305	0.153193400121961
Crtc3	0.532	0.312	0.635	619	0.15022798956748
Wdr77	0.43	0.068	0.508	342	0.159287537125222
Ckap2l	0.389	-0.136	0.401	745	0.155691789475538
Rprd1b	0.421	0.07	0.5	326	0.155873853364468
Atad2	0.331	-0.227	0.341	1364	0.148122313773597
Mipep	0.419	0.076	0.503	711	0.157790351401436
Pnma1	0.429	0.155	0.543	353	0.160949796578098
Slc35d2	0.387	0.101	0.509	326	0.146207629761255
Atp6ap2	0.362	-0.039	0.436	350	0.14497488524144
Arhgap17	0.444	0.075	0.511	846	0.155575208762259
Ddo	0.451	0.148	0.541	341	0.157577479623174
Bbx	0.396	-0.094	0.425	907	0.160054691776588
Rnf167	0.435	0.079	0.509	347	0.157569130470835
Eef2kmt	0.522	0.278	0.612	335	0.16702967860368
Stambp	0.433	0.11	0.523	424	0.159629548043007
Lrfn2	0.52	0.306	0.626	788	0.159932684404352
Btf3l4b	0.321	-0.239	0.342	158	0.156921324643958
Btf3l4	0.321	-0.239	0.342	158	0.156921324643958
Qpct	0.367	-0.061	0.427	362	0.146804651031439
Tmem242	0.366	-0.059	0.442	140	0.15784055360564
Zdhhc2	0.386	-0.071	0.429	366	0.155125411165842
Tln2	0.496	0.221	0.587	2542	0.171698224305337
Tmtc4	0.415	0.088	0.505	741	0.158349445951878
Lrrc56	0.519	0.282	0.61	552	0.162794461723471
Slc25a33	0.458	0.172	0.554	320	0.160370348297891
Wars2	0.468	0.223	0.583	360	0.165015265430758
Txndc16	0.354	-0.119	0.397	820	0.14864143568059
Prxl2a	0.438	0.086	0.509	229	0.162001951375478
Fra10ac1	0.341	-0.226	0.352	315	0.15615037453151
Cpne3	0.381	-0.111	0.412	533	0.155034955663179
Tcerg1l	0.46	0.159	0.549	590	0.148483479943418
Ipo5	0.398	0.024	0.476	1097	0.160418662855113
Tbccd1	0.421	0.05	0.49	552	0.153423652196308
Cpm	0.483	0.238	0.593	443	0.155074249995185
Gfod2	0.565	0.424	0.691	385	0.165818893575633
Zc3h11a	0.385	-0.099	0.421	792	0.155563328801358
Pak4	0.569	0.375	0.665	593	0.159637694507
5730455P16Rik	0.391	-0.028	0.45	393	0.157331311853328
Filip1	0.492	0.258	0.603	1214	0.166915739634288
Itprid2	0.434	0.065	0.504	1252	0.155209569607915
Ecd	0.423	0.048	0.493	641	0.15739236290547
Mutyh	0.489	0.228	0.586	515	0.160880810110471
Dnajb14	0.442	0.102	0.526	379	0.162449287052987
Zdhhc24	0.531	0.348	0.643	284	0.165249812062006
Fbxo33	0.443	0.234	0.579	562	0.14790502680909
Tmem230	0.441	0.147	0.534	120	0.149639456251491
Ankrd24	0.521	0.296	0.625	985	0.170430679299642
Sugp1	0.532	0.265	0.612	643	0.167111808830062
Fam241a	0.458	0.282	0.613	131	0.162137085690142
Ube2v2	0.274	-0.423	0.239	145	0.136160240463602
Med26	0.534	0.314	0.633	588	0.156560352400653
Entrep2	0.556	0.371	0.667	515	0.16297151726202
Dcp2	0.401	-0.04	0.445	422	0.157774549040562
Oip5	0.394	0.076	0.502	241	0.15292334555016
Naa30	0.481	0.279	0.615	364	0.169130972278087
Zcchc8	0.435	0.054	0.503	709	0.156988112989694
Tmem144	0.421	0.124	0.526	348	0.154688606155678
Sik3	0.5	0.267	0.61	1369	0.155220023374146
Prdm16	0.588	0.439	0.704	1275	0.167740570616279
Vcpip1	0.344	-0.186	0.369	1220	0.152107577227048
Gulp1	0.321	-0.302	0.308	304	0.148412403133711
Abraxas1	0.339	-0.147	0.388	407	0.145818913188315
Utp20	0.387	0.044	0.481	2789	0.156453413538084
Dusp16	0.445	0.127	0.535	660	0.157826699033801
3830403N18Rik	0.34	-0.277	0.33	208	0.156644763603139
Adgra3	0.448	0.146	0.542	1310	0.158669118306353
Magea9	0.4	-0.063	0.436	303	0.15253059132539
Nup205	0.384	-0.003	0.453	2008	0.153386001082128
Nipal1	0.425	0.115	0.522	416	0.152855930194929
Gpr137c	0.436	0.218	0.576	423	0.148394596423715
Medag	0.434	0.141	0.537	303	0.145383920475542
Arhgap45	0.549	0.342	0.649	1127	0.167409080970078
Angptl6	0.532	0.361	0.652	457	0.161904874774197
Rasgef1a	0.551	0.394	0.675	489	0.166943380065007
Nos1ap	0.551	0.367	0.661	503	0.167247378898607
Cgn	0.495	0.285	0.613	1192	0.16432355827338
Tspan2	0.406	0.05	0.488	221	0.157217327864219
Kdsr	0.458	0.175	0.561	332	0.163345161104103
Hacd2	0.446	0.219	0.578	254	0.153133749481338
Dclk2	0.483	0.222	0.585	756	0.160114595929406
Prpf3	0.421	0.037	0.486	683	0.160296769770836
Nolc1	0.492	0.092	0.537	702	0.172196664633362
Gpr173	0.567	0.345	0.647	373	0.172100612685019
Ggnbp1	0.534	0.343	0.653	370	0.167068558740646
Prdm5	0.472	0.141	0.545	599	0.175140535434607
Rasl12	0.595	0.442	0.701	266	0.168192652594048
Dennd1c	0.472	0.201	0.571	786	0.154578328913111
Klhl30	0.578	0.405	0.682	581	0.166935280161181
Kynu	0.356	-0.084	0.414	465	0.15045187350871
Ubr5	0.34	-0.191	0.361	2798	0.148875125010189
Hars2	0.42	0.077	0.5	505	0.162252935942751
Zdhhc1	0.524	0.291	0.62	484	0.162573905884845
Ankib1	0.371	-0.137	0.393	1085	0.155833064362643
Cep192	0.337	-0.236	0.342	2514	0.147825173520545
Pwwp2a	0.456	0.15	0.551	730	0.153910805491877
Pgrmc2	0.565	0.468	0.716	217	0.166057770827933
Arrdc2	0.602	0.484	0.723	407	0.160833374312667
Clec2g	0.432	0.035	0.488	269	0.163703603621218
Krt25	0.573	0.415	0.687	446	0.177647358358465
4921507P07Rik	0.376	-0.175	0.376	588	0.15097956830908
Hmgxb4	0.457	0.13	0.54	594	0.16719794741001
Trak2	0.441	0.13	0.535	913	0.15415399975885
Ccdc93	0.487	0.24	0.591	629	0.170063877307291
Krtap31-1	0.656	0.392	0.69	177	0.239494782842539
Spag9	0.382	-0.08	0.427	1307	0.154022282338643
Prss22	0.567	0.399	0.675	307	0.168216058810372
P2ry12	0.411	0.09	0.507	347	0.145885817262727
Slc22a16	0.42	0.08	0.502	649	0.153249151664725
Krt28	0.528	0.332	0.643	462	0.172947860090856
Ttc6	0.372	-0.064	0.429	1857	0.152928364012403
Lrrc63	0.328	-0.182	0.365	638	0.142682517595243
Akr1cl	0.424	0.071	0.5	322	0.168424882727572
Spata16	0.432	0.104	0.52	571	0.156654842278301
Fam47c	0.398	-0.069	0.427	430	0.156572084795188
Slco6d1	0.279	-0.403	0.251	683	0.141144365072591
Cnbd2	0.481	0.245	0.594	673	0.161103869164698
Nt5c1b	0.412	-0.012	0.46	573	0.148646843081032
Armc3	0.427	0.085	0.507	881	0.165370556805274
Ccdc81	0.432	0.076	0.505	654	0.163492974031448
Ints10	0.441	0.165	0.547	736	0.157840912514484
Dmrtc1a	0.457	0.075	0.513	201	0.163061057235494
Spdya	0.336	-0.256	0.331	310	0.151707461907161
Ttll7	0.392	0.008	0.465	912	0.150906445341873
Glb1l3	0.4	-0.037	0.442	662	0.15221860280607
Efcab3	0.381	-0.007	0.459	432	0.149174828000023
Garin2	0.389	-0.02	0.453	440	0.146321873999572
4921517D22Rik	0.4	0.04	0.486	269	0.146423868836887
4921524L21Rik	0.322	-0.234	0.34	438	0.150219316736531
Lpcat2b	0.4	0.048	0.487	516	0.14860210019396
4921504E06Rik	0.335	-0.203	0.357	560	0.152823154368227
Phyhipl	0.44	0.053	0.5	375	0.160166526779903
Nsun7	0.353	-0.08	0.418	705	0.145721245105342
Tex47	0.377	0.004	0.461	253	0.148081179075989
Cdkn2aip	0.405	0.018	0.483	563	0.151103122318363
Trim69	0.439	0.116	0.526	500	0.162161235862183
Nol8	0.347	-0.255	0.343	1165	0.155228396234854
Speer4f1	0.439	0.11	0.521	258	0.160037097102234
4921539E11Rik	0.322	-0.297	0.307	446	0.144488745651837
Mmrn1	0.361	-0.098	0.413	1210	0.149769830412554
Wdr20rt	0.432	0.118	0.533	567	0.152419488514868
Ccdc178	0.345	-0.142	0.384	866	0.157207439489126
Spata1	0.277	-0.393	0.25	444	0.141523011192785
Gm45861	0.362	-0.122	0.4	473	0.154594624852694
Poteg	0.362	-0.122	0.4	473	0.154594624852694
Tex19.2	0.472	0.191	0.57	317	0.159225232878539
Eva1c	0.495	0.297	0.623	440	0.165026598965251
Pgm2l1	0.371	-0.148	0.391	621	0.157367378142738
Ccdc105	0.55	0.404	0.677	499	0.164322288151256
Cabs1	0.348	-0.268	0.34	391	0.147933699242228
Fancd2os	0.481	0.221	0.586	178	0.154114596467644
Ubqln5	0.404	0.043	0.483	510	0.149944102884347
Potegl	0.349	-0.177	0.365	382	0.154258183013828
4931406C07Rik	0.379	-0.111	0.417	315	0.155254824477897
Jhy	0.427	0.071	0.508	770	0.156010446657919
Prss54	0.508	0.303	0.628	383	0.16507621833714
Spef1	0.537	0.404	0.676	234	0.163874376252798
Phf6	0.341	-0.283	0.323	364	0.161430342250293
Naa40	0.498	0.219	0.587	237	0.176101005368309
Mgat4e	0.473	0.224	0.582	439	0.151271088514264
Prss41	0.535	0.378	0.661	322	0.163285304157702
D7Ertd443e	0.4	-0.038	0.448	691	0.152771418440387
Spats1	0.45	0.069	0.51	269	0.152688073192185
Speer3	0.405	0.069	0.496	261	0.153766343283804
Tmem30c	0.415	0.04	0.483	342	0.149252492972045
Gm45194	0.296	-0.328	0.288	379	0.13637422494836
4933403O08Rik	0.296	-0.328	0.288	379	0.13637422494836
Prss55	0.479	0.242	0.591	321	0.161283342847718
Pcgf6	0.406	0.059	0.493	353	0.158872719704034
4933405L10Rik	0.484	0.227	0.592	307	0.169748603105448
Hexim2	0.533	0.292	0.623	313	0.167590315406722
Tekt3	0.475	0.212	0.575	490	0.158278310930198
Zfp597	0.376	-0.11	0.414	419	0.159075276618179
Hsfy2	0.336	-0.204	0.357	392	0.145357572319391
Stox2	0.482	0.181	0.567	926	0.157407619920606
Adam30	0.378	-0.063	0.432	732	0.1609908033823
Dmrtc1c1	0.481	0.143	0.548	238	0.160917661597576
Arhgap19	0.409	0.022	0.474	494	0.157157681716676
4933412E24Rik	0.428	0.075	0.513	513	0.157252504409176
Septin12	0.522	0.279	0.613	317	0.162374350721654
Cdkl1	0.448	0.161	0.545	352	0.159079185528536
Atoh8	0.567	0.429	0.694	322	0.156770991716534
Sntg1	0.386	-0.029	0.449	517	0.160902547158384
Tssk4	0.533	0.341	0.648	292	0.16509078391433
Uvssa	0.475	0.162	0.553	717	0.166051880899444
Glt6d1	0.446	0.159	0.544	311	0.147998011396312
Gpr39	0.535	0.352	0.651	456	0.155772485062517
Stx18	0.449	0.142	0.538	334	0.162458952593467
Zfp689	0.554	0.35	0.65	500	0.16579430507522
Cabyr	0.366	-0.204	0.377	453	0.151511069929184
Rfx4	0.487	0.194	0.571	735	0.154195387685358
Gm17657	0.533	0.437	0.693	189	0.153557830288483
Tmem217	0.533	0.437	0.693	189	0.153557830288483
Scara5	0.554	0.372	0.661	491	0.171890718451727
Golga7b	0.605	0.532	0.75	167	0.170812564847706
Oxsm	0.356	-0.184	0.372	459	0.156750361853832
Mier1	0.322	-0.318	0.307	556	0.150778057513788
Tex52	0.496	0.232	0.587	308	0.155358655494145
Eri2	0.32	-0.278	0.321	688	0.149364360856022
Lrrc72	0.387	-0.032	0.455	106	0.147692533887776
4933421I07Rik	0.444	0.074	0.505	214	0.161733266959155
Zfp626	0.382	-0.151	0.396	676	0.168088192834941
Zdhhc11	0.513	0.281	0.615	347	0.168121945391755
Nbas	0.413	0.063	0.494	2356	0.159135001218136
Nipbl	0.317	-0.268	0.324	2798	0.146297670630979
Fbxo24	0.535	0.343	0.648	589	0.167398871096163
Ints13	0.357	-0.114	0.403	732	0.152861075745702
Clec12b	0.423	0.019	0.471	275	0.160121467432797
Otud1	0.616	0.525	0.748	454	0.164119227392632
Dydc2	0.438	0.033	0.485	139	0.165069498704611
Katnal2	0.41	0.076	0.504	409	0.156542550740979
Nudt4	0.448	0.144	0.546	179	0.162891465750132
Cage1	0.393	0.024	0.475	849	0.161836547113274
Gpr15	0.47	0.219	0.575	360	0.158573007812545
Daw1	0.408	0.078	0.505	310	0.157598960678992
Dlg5	0.561	0.382	0.669	1921	0.166287956464364
Enkur	0.443	0.078	0.512	255	0.167122163390076
Rsph14	0.507	0.314	0.625	374	0.16758404837723
Sdhaf3	0.393	-0.013	0.455	125	0.152429291464157
Osbpl7	0.533	0.34	0.646	963	0.159425805576222
Dmrtc2	0.477	0.145	0.54	370	0.154182584004803
Spata24	0.48	0.249	0.598	205	0.174783960640518
Naif1	0.564	0.364	0.66	327	0.166180466300973
Mro	0.442	0.178	0.555	246	0.158093059044333
Lrrfip2	0.394	0.011	0.465	415	0.158312627936247
Noxred1	0.421	0.103	0.513	366	0.15466225462292
Ccdc57	0.468	0.173	0.555	1016	0.164231072586347
Slc29a3	0.556	0.429	0.693	475	0.159150736026244
Apobec4	0.411	0.023	0.478	374	0.154996255746255
Cpvl	0.451	0.12	0.533	478	0.152434410512105
Rnf148	0.394	0.022	0.472	316	0.15671922069531
Arhgap26	0.49	0.265	0.608	814	0.157965569822871
Mfap3l	0.457	0.114	0.529	409	0.159181746525487
Tbc1d9	0.531	0.335	0.643	1264	0.162879071187286
Fsip1	0.369	-0.121	0.402	435	0.158087443912168
Rassf8	0.518	0.358	0.652	419	0.167081522743404
Tchhl1	0.356	-0.215	0.36	638	0.148986990519123
Treml1	0.477	0.19	0.568	322	0.159004173685852
Rcbtb1	0.413	-0.01	0.466	531	0.16226882223014
Rbks	0.414	0.023	0.483	323	0.163216600758207
Tprg	0.451	0.135	0.537	279	0.160100041300318
Riok1	0.38	-0.102	0.415	567	0.162633225561175
Ano9	0.529	0.332	0.639	747	0.165980983560939
5430402E10Rik	0.396	-0.017	0.467	173	0.16828259537708
Wdr31	0.442	0.153	0.547	367	0.164006614007564
Col24a1	0.355	-0.196	0.372	1733	0.146710003589292
Aifm2	0.58	0.416	0.688	380	0.173090587621282
Krtap7-1	0.62	0.402	0.69	87	0.176675868565923
Pdss2	0.438	0.167	0.551	401	0.157623029986214
Chst9	0.346	-0.171	0.376	413	0.146972986231429
Krtap16-3	0.535	0.153	0.565	86	0.174674096632025
Arid5b	0.477	0.203	0.578	1188	0.161424109232006
Prr16	0.463	0.111	0.528	304	0.157326447520068
Foxn3	0.515	0.279	0.619	457	0.159883572737793
Pex1	0.384	-0.018	0.453	1284	0.152725483030129
Krtap28-13	0.631	0.304	0.65	138	0.365651487007704
Chd6	0.43	0.059	0.497	2711	0.160022819783139
5430401F13Rik	0.339	-0.22	0.356	175	0.155621370561805
Kctd6	0.468	0.225	0.585	237	0.145946452945455
Cdcp3	0.425	0.006	0.474	841	0.157657895744532
Tasl	0.369	-0.124	0.403	298	0.150183258285773
Fam83c	0.507	0.249	0.598	776	0.155323295109685
Fmnl2	0.397	-0.008	0.461	1083	0.15522945284229
Dhrs2	0.509	0.271	0.608	282	0.17113013344255
Amtn	0.382	-0.057	0.435	213	0.142918212517766
Bpifb9a	0.398	0.022	0.479	591	0.157046701702834
Arhgap21	0.409	-0.005	0.467	1955	0.148648913567498
Flrt3	0.38	-0.014	0.449	649	0.146083853686417
Get1	0.517	0.362	0.652	174	0.162362265111805
Tmem80	0.454	0.252	0.586	123	0.156213861380838
Mettl13	0.531	0.327	0.638	698	0.166350997719593
Ankrd40	0.434	0.072	0.503	363	0.153144101518021
Krtap2-4	0.744	0.568	0.775	131	0.236762687789582
Bcor	0.461	0.108	0.528	1759	0.156531344194394
Ptk7	0.571	0.379	0.669	1062	0.167806867872766
Obox1	0.347	-0.188	0.371	204	0.14510122213544
Usp19	0.493	0.203	0.576	1360	0.160357293973444
Ppp6r2	0.5	0.184	0.566	923	0.168696909414454
Alpk1	0.416	0.051	0.496	1231	0.155474616851846
Bbs7	0.363	-0.107	0.408	715	0.152481822196826
Zfp935	0.31	-0.4	0.264	353	0.151030819771473
Sfpq	0.419	0.002	0.475	699	0.145110312433001
Vps35l	0.518	0.311	0.63	991	0.16603929011083
Cyp2u1	0.554	0.429	0.69	530	0.158497943248181
Grap	0.602	0.464	0.713	217	0.166264158318349
Pds5a	0.339	-0.161	0.375	1332	0.152673680753192
Ggt6	0.466	0.181	0.56	497	0.15575750720344
Kazn	0.562	0.449	0.706	414	0.170339599427344
Fam217b	0.453	0.116	0.532	387	0.159155137141621
Fbxo9	0.441	0.115	0.524	437	0.157121871770471
Arhgap42	0.405	0.023	0.477	841	0.151873682178903
Afmid	0.535	0.309	0.631	305	0.159953355550412
Izumo4	0.586	0.47	0.715	227	0.173924276236531
Clmp	0.474	0.221	0.584	373	0.154315578629472
Mcm9	0.402	0.016	0.475	1290	0.150678684516623
Sval1	0.308	-0.315	0.299	151	0.15696586059574
9130008F23Rik	0.506	0.313	0.632	181	0.157095695978672
Gdpd2	0.468	0.238	0.581	539	0.154613543552307
Ifih1	0.383	-0.043	0.441	1025	0.158787910323017
Zfp251	0.467	0.166	0.561	632	0.169514815818639
Pogk	0.479	0.196	0.568	626	0.159368116666349
Isx	0.48	0.149	0.547	242	0.157920422131747
Senp8	0.398	-0.004	0.465	234	0.151531428936295
Ceacam20	0.496	0.215	0.581	577	0.15773166508528
Myo1e	0.487	0.239	0.593	1107	0.16298344201023
Snx20	0.668	0.678	0.824	313	0.163859238054848
Tradd	0.563	0.45	0.701	310	0.171633876310661
Armh3	0.414	0.091	0.508	689	0.15620882021856
Arl14	0.486	0.273	0.609	192	0.169613113235019
Krtap5-2	0.565	0.225	0.612	367	0.296007501114658
Zfp949	0.365	-0.176	0.382	603	0.162756755340551
Zgrf1	0.346	-0.179	0.372	1863	0.152745875901725
Optn	0.489	0.224	0.585	584	0.175951212585767
Shtn1	0.403	0.014	0.476	631	0.163560039219537
Rarres2	0.511	0.278	0.61	163	0.17091795080357
Mettl7b	0.538	0.35	0.651	244	0.168139650903325
Fuca1	0.544	0.354	0.657	452	0.161536223440768
Tmem248	0.517	0.295	0.625	314	0.158190980169926
Acy3	0.563	0.362	0.657	318	0.164278913952924
Rnf215	0.517	0.339	0.641	379	0.163643225584186
Sanbr	0.321	-0.3	0.307	718	0.153860357828264
Brox	0.393	-0.063	0.435	411	0.157379137013888
Atp5h	0.532	0.211	0.582	161	0.179575513937798
Wdr27	0.404	-0.019	0.453	780	0.1619415866424
Gypc	0.558	0.369	0.663	95	0.170614848512953
Rbm43	0.362	-0.065	0.429	343	0.15428509689812
Galnt14	0.511	0.302	0.622	550	0.162124642914217
Tmem25	0.466	0.216	0.576	365	0.155948974245516
Esm1	0.51	0.204	0.582	184	0.18482366172434
Pnma8a	0.445	0.091	0.515	430	0.162718360521902
Colec11	0.51	0.164	0.558	272	0.179109759680564
Slc41a3	0.534	0.366	0.654	488	0.162411223006116
Pnpt1	0.296	-0.311	0.297	783	0.144948699264303
Cdc5l	0.361	-0.138	0.388	802	0.157855804854853
Armcx3	0.346	-0.177	0.365	379	0.161226987103043
Arhgef3	0.473	0.239	0.589	531	0.158160191301847
Slc46a3	0.428	0.159	0.543	460	0.151514984169679
Ubiad1	0.547	0.404	0.675	336	0.160730605175432
Syde1	0.472	0.174	0.552	737	0.149510599037737
Lrrcc1	0.299	-0.228	0.333	1026	0.155209663956451
Mus81	0.504	0.286	0.613	551	0.157625870633995
Dram1	0.465	0.215	0.581	238	0.155795875693873
Cdc40	0.386	-0.079	0.431	579	0.15616478638357
Dhx35	0.463	0.159	0.55	679	0.156281951386835
Telo2	0.531	0.349	0.647	840	0.163467864165803
Osbpl3	0.474	0.219	0.584	886	0.158994565567002
Fam13c	0.464	0.144	0.547	601	0.16004618450612
Cic	0.508	0.158	0.56	2510	0.153445602998354
Dhx34	0.598	0.471	0.715	1145	0.164371264196742
Aox3	0.406	-0.005	0.464	1335	0.159581762100853
Smug1	0.532	0.321	0.635	279	0.160376623654586
Stk11ip	0.488	0.24	0.589	1072	0.161238629010492
Rgs12	0.462	0.137	0.541	1381	0.160635919302337
Vps11	0.537	0.336	0.643	941	0.168459892945607
Susd2	0.524	0.285	0.62	820	0.158718534392239
Lrwd1	0.554	0.386	0.671	648	0.167621288622753
Mamdc2	0.431	0.063	0.503	686	0.155538420424801
Nectin4	0.523	0.271	0.611	508	0.159209341748384
Ulk3	0.549	0.397	0.672	472	0.169657333273574
Coasy	0.525	0.315	0.631	563	0.158898111185145
Cul2	0.325	-0.203	0.356	745	0.147866018766228
Rgl3	0.528	0.307	0.626	709	0.152953700611246
R3hdm2	0.468	0.138	0.545	1044	0.153595195808762
Map3k13	0.483	0.173	0.56	959	0.160023406776077
Gtf3c2	0.411	0.003	0.467	907	0.151684835006439
Tmprss6	0.59	0.447	0.706	811	0.170437716000337
Cyp2d40	0.522	0.269	0.605	338	0.157657843528004
Dhdh	0.47	0.211	0.579	333	0.163717249040667
Cpn2	0.569	0.464	0.707	547	0.163669123625774
Etnppl	0.439	0.115	0.529	499	0.165670648280846
Amdhd1	0.5	0.281	0.614	426	0.172587007293027
C2cd2l	0.521	0.32	0.635	706	0.150156820095054
Klhdc3	0.476	0.195	0.57	382	0.156816291784244
Raver1	0.546	0.332	0.642	748	0.157538438667143
Tysnd1	0.625	0.57	0.77	568	0.165089915802003
Vwce	0.487	0.159	0.558	929	0.172868790932456
Bbs10	0.341	-0.152	0.381	713	0.152329418933842
Ap2b1	0.432	0.086	0.509	951	0.160929772300421
Plbd2	0.648	0.567	0.768	594	0.168114070469761
Ugt2b1	0.346	-0.171	0.375	529	0.151642214895947
Shroom1	0.487	0.232	0.587	823	0.154714986705616
Inhca	0.464	0.118	0.534	700	0.174561615398542
Tha1	0.53	0.35	0.65	400	0.163304669811315
Ing3	0.408	0.008	0.479	421	0.154027139199164
Klhl5	0.423	0.07	0.504	708	0.157355849714494
Marchf8	0.461	0.087	0.515	286	0.169758344920854
Isyna1	0.602	0.479	0.721	557	0.161725437294837
Slc16a14	0.466	0.231	0.585	512	0.156726401222665
Ankle2	0.385	-0.088	0.421	964	0.15511843176636
Pdgfd	0.43	0.047	0.492	370	0.157257333707356
Trnau1ap	0.551	0.267	0.618	287	0.168170570691462
Anxa9	0.439	0.118	0.519	345	0.158519840590239
Cpa4	0.473	0.198	0.573	420	0.160535016000772
Ints12	0.363	-0.185	0.381	461	0.154508033101999
Pitpnc1	0.5	0.234	0.596	268	0.16499767977967
Chst13	0.618	0.513	0.732	336	0.160081048411147
Ptcd1	0.533	0.35	0.649	695	0.165711928631698
Plekhf2	0.388	-0.041	0.446	249	0.164662992427654
Slc25a18	0.524	0.352	0.649	320	0.167689052528361
Mtfr2	0.328	-0.279	0.313	361	0.144990307110306
Nup93	0.441	0.12	0.525	819	0.156719114748043
Tars2	0.435	0.104	0.516	723	0.155224168051344
Ranbp3	0.531	0.267	0.617	491	0.16173571542879
Rnf180	0.435	0.101	0.519	575	0.162341041097424
Tmem50a	0.459	0.208	0.576	157	0.156839960262901
Kif23	0.379	-0.059	0.435	953	0.152275284710493
Dync2i2	0.525	0.29	0.624	537	0.156549795129969
1700006A11Rik	0.317	-0.223	0.341	544	0.15322916550263
1700001F09Rik	0.401	0.021	0.469	184	0.169947042308467
Lrrc34	0.328	-0.185	0.361	415	0.150300033599332
Gtf2a1l	0.424	0.038	0.488	468	0.154204620171217
Ddi1	0.367	-0.097	0.409	408	0.153965945784359
Pdilt	0.436	0.141	0.538	588	0.163667994437022
Iqcm	0.312	-0.203	0.346	489	0.146140976247534
Csl	0.454	0.168	0.554	466	0.158086139379048
Dcaf7	0.538	0.322	0.637	342	0.169426481562719
Zbtb43	0.458	0.123	0.54	504	0.162227984950057
Lancl2	0.398	-0.013	0.456	450	0.156098394209108
Shcbp1l	0.439	0.163	0.553	639	0.161017753341594
1700003E16Rik	0.513	0.314	0.636	598	0.153388810649737
Phf7	0.399	-0.059	0.433	307	0.168689238872428
Osgin1	0.578	0.443	0.702	478	0.160482325409426
Tekt4	0.592	0.499	0.729	447	0.170376918573348
Tcp11x2	0.309	-0.258	0.32	503	0.147040918956999
R3hcc1	0.512	0.246	0.598	488	0.164959413722194
Gm49336	0.334	-0.271	0.334	587	0.140258457762753
Syce2	0.529	0.309	0.635	177	0.172736638838521
Btbd35f1	0.302	-0.257	0.316	498	0.145570051105845
Pdia6	0.427	0.045	0.493	445	0.163192184017481
Dpep3	0.481	0.235	0.585	493	0.155870321172953
Wfdc3	0.457	0.119	0.532	130	0.191261237978961
Cfap52	0.46	0.147	0.544	620	0.1635100791967
Zswim2	0.337	-0.141	0.385	631	0.156556315148529
Gpr160	0.393	0.153	0.533	336	0.151862887473489
Tex44	0.477	0.124	0.539	530	0.154469683640334
Fam217a	0.372	-0.125	0.405	510	0.151776165610861
Fbxo30	0.294	-0.368	0.273	746	0.147196331569127
Thegl	0.409	0.039	0.482	459	0.150401475819944
Serpinb12	0.4	-0.053	0.445	423	0.160409526477282
Cfap45	0.527	0.343	0.642	551	0.174882629350583
Aox4	0.435	0.046	0.493	1336	0.161108115103887
Mab21l4	0.546	0.368	0.657	452	0.164331965659197
Cenpu	0.387	-0.058	0.433	410	0.153276235908418
Efhc1	0.462	0.164	0.553	648	0.155430539169735
Fam83d	0.539	0.36	0.658	585	0.158565869418259
Apmap	0.41	0.052	0.491	415	0.147305456853385
Coq2	0.457	0.217	0.575	374	0.160384262773432
Chit1	0.526	0.288	0.625	464	0.16556126336748
Faap100	0.564	0.373	0.663	879	0.172163693656582
2310002L09Rik	0.383	-0.039	0.44	217	0.150080429202203
Ppm1j	0.52	0.286	0.618	507	0.158903788813176
Krt33a	0.665	0.524	0.744	404	0.191637020303401
Epn3	0.538	0.315	0.636	636	0.15795398622341
Mad2l2	0.562	0.426	0.691	211	0.168432622859288
Cdadc1	0.359	-0.141	0.391	525	0.158898531805721
Noxo1	0.432	0.097	0.51	349	0.148808678555467
Lypd6b	0.458	0.124	0.533	191	0.162572923434449
Apol9b	0.448	0.132	0.528	310	0.162121991821204
Tmem106b	0.333	-0.208	0.356	275	0.144249981280981
Fam219a	0.63	0.52	0.745	168	0.178585965161435
Cand1	0.371	-0.044	0.435	1230	0.155176075420334
Ces2f	0.444	0.103	0.519	561	0.156262146763171
Paqr7	0.608	0.508	0.736	345	0.163012761293284
Serpina9	0.509	0.292	0.621	418	0.156520454866183
Cldn23	0.614	0.538	0.753	296	0.158901392920263
Haus5	0.485	0.246	0.586	619	0.159520691683607
Plpp5	0.525	0.338	0.644	260	0.161576184064508
Bdh1	0.537	0.335	0.644	343	0.160000550189053
Jsrp1	0.514	0.299	0.625	332	0.160023334902843
Tmem79	0.524	0.332	0.639	391	0.153613828612341
Antxr2	0.38	-0.067	0.429	487	0.155438823820057
Dus4l	0.306	-0.261	0.321	324	0.151709627266375
Zcchc24	0.68	0.598	0.787	241	0.181507027985947
Rpap3	0.406	-0.006	0.465	660	0.166323508080406
Epgn	0.377	-0.115	0.403	152	0.166917081165069
Borcs6	0.575	0.514	0.739	360	0.158121343620797
Tube1	0.428	0.128	0.532	475	0.159867641295334
Itfg1	0.356	-0.135	0.392	610	0.145100996528377
Tmem123	0.403	0.018	0.479	195	0.149294436687664
Ephx3	0.523	0.302	0.624	424	0.157848698090792
Car13	0.383	-0.051	0.437	262	0.149013761651956
Apol6	0.421	0.101	0.516	329	0.158681854634733
Cars2	0.495	0.244	0.595	552	0.161752110344773
Tom1l1	0.41	0.019	0.475	397	0.149927671776987
Endod1	0.489	0.291	0.616	501	0.163976532198133
Tmem94	0.605	0.519	0.74	1360	0.165321699855667
Cers5	0.475	0.2	0.569	414	0.159425534472775
Nanog	0.492	0.147	0.554	305	0.164587661599919
Gpc2	0.43	0.134	0.529	579	0.149758095570455
Riox1	0.546	0.462	0.708	603	0.150528343112641
Suds3	0.585	0.407	0.681	332	0.17918572248943
Ist1	0.408	-0.031	0.449	362	0.158373289343365
Rnf135	0.491	0.255	0.602	417	0.165228103427299
Ints11	0.52	0.276	0.612	600	0.163851774044923
Myh14	0.591	0.459	0.706	2000	0.17383090521343
Castor1	0.549	0.376	0.665	331	0.157873767854429
Cdca4	0.484	0.204	0.577	237	0.155834201448697
Nkiras2	0.668	0.636	0.806	191	0.180364493893226
Mageb16	0.378	-0.123	0.408	363	0.153236129564098
Wdr73	0.415	0.059	0.497	371	0.153765097161339
Zbed5	0.396	-0.011	0.458	756	0.155467992299253
Zswim1	0.603	0.504	0.733	455	0.161813893913744
Dnmbp	0.502	0.27	0.61	1580	0.159336700329297
Rbpms2	0.525	0.257	0.605	206	0.157681025206461
Prmt3	0.398	-0.005	0.468	528	0.159446107216814
Ppp2r2a	0.347	-0.18	0.37	447	0.146053047177516
Prr23a3	0.569	0.341	0.651	254	0.154177368736225
Tdrd12	0.393	-0.041	0.446	407	0.163820836904245
Snx10	0.415	0.069	0.503	201	0.151358473734091
Tmco6	0.463	0.278	0.602	494	0.160696687342986
Sars2	0.573	0.436	0.695	518	0.163886117716178
Acad10	0.504	0.251	0.596	1069	0.161826811547628
Ddx28	0.452	0.244	0.586	540	0.148203064807912
Esco2	0.322	-0.299	0.312	592	0.149460393970619
Rpusd4	0.451	0.191	0.562	377	0.156224538832618
Ddx54	0.581	0.429	0.693	874	0.164013981346691
Ercc8	0.402	0.01	0.477	397	0.157148246272411
Cnn3	0.471	0.194	0.575	330	0.164099451228772
Erv3	0.347	-0.18	0.37	200	0.148744503413358
Fthl17a	0.625	0.568	0.766	182	0.176029041776855
Smg9	0.575	0.416	0.689	520	0.160793255742509
Slc25a35	0.507	0.278	0.614	300	0.157971434958088
Fbxo22	0.412	0.074	0.503	402	0.157127643161807
Lmntd2	0.495	0.237	0.594	664	0.161415693072215
Slc39a5	0.47	0.242	0.586	535	0.153467020816081
Synpr	0.464	0.146	0.551	285	0.154164824988625
Fndc3b	0.48	0.17	0.561	1207	0.159177563747618
Zfyve19	0.506	0.212	0.582	389	0.176319874431866
Btbd17	0.629	0.554	0.758	478	0.16393093488749
Tedc2	0.443	0.125	0.527	436	0.160122989962289
Cyb5r1	0.487	0.227	0.58	305	0.156542407205825
Fundc1	0.332	-0.213	0.358	155	0.149096067585615
Zfp654	0.322	-0.266	0.325	1112	0.151397718167946
Slc35f2	0.435	0.213	0.568	375	0.153860906818666
Cyb561d1	0.49	0.313	0.62	229	0.155525798228739
Trmu	0.495	0.236	0.593	417	0.168294032464525
Slc39a4	0.508	0.286	0.614	660	0.16487474334702
Cnpy3	0.579	0.474	0.72	276	0.182411169780437
Tsc22d2	0.482	0.223	0.596	769	0.153062305662852
Mccc1	0.426	0.057	0.496	717	0.161731853231478
Cdhr5	0.522	0.234	0.597	831	0.153069787026634
Alkbh4	0.568	0.408	0.683	300	0.174163197976236
Cotl1	0.636	0.575	0.775	142	0.176546319935896
Sulf2	0.59	0.449	0.705	875	0.168820376677272
Mfsd4b2	0.4	0.013	0.47	366	0.15272737537395
Urgcp	0.515	0.338	0.64	926	0.158666641705118
Ddx42	0.377	-0.143	0.396	929	0.15576224557561
Tnfrsf13c	0.552	0.376	0.667	175	0.153214872850018
Poglut2	0.395	-0.016	0.458	502	0.154782900448467
Tmub2	0.491	0.248	0.599	319	0.154331105040073
Cyp4f18	0.532	0.344	0.641	524	0.162684912629379
Slc38a10	0.517	0.253	0.605	1090	0.167887833543175
1810055G02Rik	0.46	0.095	0.525	392	0.142009810636029
Phf10	0.395	-0.057	0.443	497	0.160419533073995
Igsf5	0.45	0.125	0.534	372	0.16027297035789
Aopep	0.431	0.084	0.508	823	0.162432872390619
Rap2c	0.426	0.063	0.503	183	0.157545316040212
Cnot2	0.348	-0.165	0.384	540	0.1392913189091
Anks4b	0.412	0.002	0.467	423	0.160633823137088
Ogfr	0.55	0.313	0.639	633	0.169556693855429
Gcnt3	0.484	0.224	0.585	437	0.164263462717
Sapcd2	0.57	0.422	0.687	425	0.163594081662846
Cyp2c55	0.401	-0.005	0.458	490	0.147391792812208
Mzt2	0.5	0.267	0.604	159	0.161857241413552
Pigx	0.378	-0.01	0.451	254	0.159968692168328
Osgepl1	0.294	-0.278	0.306	414	0.151046831490937
Ush1c	0.558	0.368	0.663	910	0.16509701980533
Entpd8	0.545	0.347	0.651	497	0.163222830147073
Ugt2a3	0.371	-0.074	0.425	534	0.150455121484757
Eef1akmt2	0.333	-0.219	0.352	244	0.148164867729539
Cracdl	0.474	0.104	0.527	1175	0.157528858977547
Tmem68	0.305	-0.261	0.316	329	0.148117097872328
Dusp11	0.353	-0.168	0.376	321	0.151005966057321
Aplf	0.401	-0.067	0.44	499	0.157121458329211
Jmjd8	0.486	0.216	0.58	271	0.148411877161362
Dscc1	0.409	0.044	0.484	399	0.16351017792782
Ddhd2	0.366	-0.074	0.426	699	0.148274237444533
Ppp1r14d	0.47	0.17	0.557	175	0.153620948324941
Adck1	0.525	0.335	0.639	525	0.168561622154223
Zbed3	0.651	0.568	0.769	228	0.170921958195957
Naa50	0.402	0	0.464	169	0.161385151697708
Tpx2	0.44	0.039	0.493	745	0.167476113824708
Dennd2d	0.421	0.078	0.503	476	0.153422745209715
Ccdc71l	0.713	0.757	0.867	218	0.153885657007106
Seh1l	0.386	-0.124	0.408	360	0.153868222956033
Amer2	0.554	0.392	0.681	635	0.16829273179744
2610008E11Rik	0.349	-0.262	0.338	669	0.154126481467799
Pex13	0.318	-0.276	0.323	405	0.13652910654954
Trub1	0.47	0.209	0.578	338	0.158919895903299
Pygo1	0.452	0.062	0.512	417	0.154720320980741
Chst14	0.562	0.375	0.659	376	0.158616438326077
Wdsub1	0.444	0.141	0.541	474	0.158802098224648
2610044O15Rik8	0.325	-0.333	0.293	88	0.149571881662987
Cep89	0.472	0.209	0.574	791	0.164252027766106
Adpgk	0.463	0.17	0.554	496	0.158454029723897
Slc37a3	0.431	0.11	0.521	494	0.1521106942987
Wdfy3	0.493	0.274	0.611	3508	0.159715456479947
Zbtb46	0.497	0.189	0.571	600	0.169069169877597
Tdrp	0.45	0.078	0.511	182	0.158135161331547
Strada	0.493	0.248	0.597	431	0.154362676099161
Rfc5	0.48	0.264	0.599	339	0.159199392836158
Zfp157	0.362	-0.197	0.37	567	0.159639992430013
Cenpn	0.407	0.055	0.492	337	0.154572772345815
Pgm1	0.509	0.246	0.597	562	0.163804400040765
Tmem163	0.508	0.354	0.65	288	0.153579764865237
Dhx36	0.327	-0.215	0.344	1001	0.149048182306014
Thumpd2	0.372	-0.057	0.433	528	0.158324665878365
Aifm3	0.536	0.298	0.626	605	0.169552520172785
Trim29	0.616	0.473	0.721	587	0.176103023813782
Chchd4	0.532	0.264	0.619	139	0.179504264152755
Shq1	0.428	0.077	0.508	569	0.160942771897308
Mfsd8	0.334	-0.147	0.379	519	0.146658569216294
Fbxl2	0.511	0.369	0.655	423	0.178266923374078
Zfp661	0.46	0.118	0.532	427	0.164811166955874
Nsun4	0.421	0.094	0.512	381	0.159629294409092
Snx6	0.333	-0.18	0.369	406	0.153932309597029
Klhl35	0.67	0.629	0.8	574	0.172777045807422
Dbndd1	0.503	0.26	0.608	194	0.158074786174526
2510009E07Rik	0.57	0.381	0.676	248	0.177146823116264
Scaf11	0.347	-0.232	0.352	1456	0.148046697476292
Fbxl20	0.388	0.063	0.487	436	0.164079860161092
Supt7l	0.502	0.203	0.576	412	0.157806251137937
Mtrex	0.351	-0.14	0.389	1040	0.156365669139581
Mms19	0.461	0.18	0.556	1031	0.161238291001651
Otud6b	0.364	-0.075	0.419	325	0.159780629218
Eml2	0.571	0.408	0.686	841	0.166745504186179
1700001P01Rik	0.444	0.086	0.51	155	0.145627866986145
Spata31d1a	0.432	0.046	0.494	1336	0.153811672941564
1700021F07Rik	0.526	0.315	0.638	136	0.167209624397265
Zfp558	0.335	-0.25	0.338	407	0.152788933209178
Tsnaxip1	0.476	0.192	0.562	704	0.160187429981844
Tbc1d5	0.419	0.054	0.494	815	0.152391958329077
1600014C23Rik	0.465	0.115	0.531	101	0.146563550788565
Psg21	0.388	0.025	0.477	471	0.144216859178686
1700030K09Rik	0.424	0.052	0.494	641	0.153566017972787
Kcnk10	0.457	0.187	0.565	535	0.157639786072901
Tram1	0.416	0.084	0.503	374	0.152852444069755
Lrrc8e	0.523	0.375	0.66	795	0.163852653030868
Cda	0.581	0.432	0.697	146	0.173840447603618
Smim24	0.536	0.301	0.623	120	0.174026289333838
2200002D01Rik	0.635	0.439	0.714	114	0.210286340412197
Fam186a	0.42	0.193	0.56	104	0.152858665053262
Ccpg1	0.406	-0.02	0.459	803	0.156340151266684
Sh2d4a	0.438	0.09	0.511	421	0.163417284066172
1810062G17Rik	0.379	-0.051	0.439	129	0.159503932341539
LTO1	0.475	0.176	0.562	161	0.169390689064496
Plekhf1	0.576	0.431	0.694	279	0.169405390787863
Lsm11	0.55	0.421	0.688	361	0.150852380451707
Nkd2	0.512	0.23	0.594	461	0.161587748577274
Rusc1	0.491	0.229	0.588	1030	0.152418296266454
B3gnt3	0.654	0.636	0.802	372	0.159162105598723
Shisal1	0.597	0.499	0.734	219	0.160237104609199
Cyp2c65	0.383	-0.069	0.423	490	0.152667914170877
Zfp777	0.555	0.36	0.66	885	0.165412469483038
2510002D24Rik	0.62	0.6	0.786	105	0.170646257251939
Brf1	0.492	0.25	0.598	676	0.168423827142703
Tmem158	0.706	0.688	0.833	286	0.17762434000332
Nkg7	0.49	0.184	0.561	165	0.159133375371138
Fryl	0.453	0.188	0.563	3007	0.155184452641986
Ccdc74a	0.571	0.454	0.707	364	0.16054476121033
Cyth4	0.621	0.509	0.736	393	0.174925567284512
Kifbp	0.501	0.29	0.618	617	0.16937254474217
Xpo5	0.428	0.111	0.52	1204	0.158483486365949
Asb6	0.611	0.525	0.741	418	0.174991500925729
Plxdc1	0.564	0.391	0.676	507	0.161004953685409
Vps9d1	0.554	0.37	0.659	650	0.164203023525033
Klhl40	0.629	0.537	0.751	621	0.171533345971409
Palld	0.495	0.215	0.586	1408	0.15642436189353
Wdr89	0.405	-0.022	0.459	386	0.159151941527236
Elp6	0.55	0.391	0.674	266	0.17144507864109
Usp36	0.522	0.282	0.62	1098	0.164380624295567
Amer1	0.394	-0.116	0.415	1132	0.15125381205753
Dusp3	0.602	0.511	0.739	185	0.171043287737712
Zc2hc1c	0.45	0.101	0.52	527	0.153516045703904
Ptar1	0.422	0.098	0.513	424	0.156463847178397
Ttc4	0.466	0.114	0.528	386	0.168702677801237
Cdpf1	0.597	0.46	0.716	119	0.179687281458182
2210016L21Rik	0.565	0.353	0.661	256	0.184629598269734
Ces2g	0.476	0.158	0.553	560	0.157236798031564
Borcs8	0.603	0.441	0.704	120	0.168583785212903
2210408I21Rik	0.348	-0.112	0.4	1272	0.150357587936484
Psca	0.604	0.49	0.725	123	0.184445247814136
Cnfn	0.673	0.561	0.767	124	0.195207214104602
Ripk4	0.531	0.306	0.625	786	0.167651388611026
Cdkn3	0.331	-0.132	0.386	211	0.146353486530132
Tmem175	0.484	0.228	0.581	499	0.150814340439421
Faim2	0.557	0.406	0.683	317	0.156737535485785
Rbm12b1	0.298	-0.338	0.282	836	0.142945729399107
Brap	0.552	0.37	0.664	591	0.176560580503242
Pinx1	0.428	0.002	0.478	332	0.17145170223671
Slc43a1	0.508	0.308	0.625	607	0.157419871974301
Wdr44	0.304	-0.389	0.265	915	0.143248506492999
Kcnmb2	0.533	0.324	0.635	235	0.16827245982952
Sgo1	0.348	-0.18	0.366	517	0.153829781955357
Lrpprc	0.384	0.008	0.463	1392	0.156817791252938
Ttc30b	0.482	0.198	0.568	664	0.166802529210235
Katnbl1	0.281	-0.326	0.286	299	0.143102727117313
Dnajc25	0.538	0.383	0.667	357	0.165584322152656
Ceacam18	0.477	0.18	0.561	376	0.152383563786765
Spink5	0.367	-0.19	0.373	1017	0.167391675824538
Rab38	0.462	0.2	0.574	211	0.166750173006335
Lypd3	0.54	0.332	0.649	363	0.173374024954295
Rhno1	0.481	0.191	0.569	235	0.151491150377068
Prr5l	0.559	0.399	0.674	370	0.159753619222374
Ccdc71	0.486	0.19	0.57	433	0.162510968438554
Htatsf1	0.384	-0.167	0.392	757	0.163959645622635
Prcp	0.396	-0.018	0.457	491	0.151914441167398
Rrp1b	0.477	0.207	0.577	724	0.163545412709292
Zfp131	0.341	-0.211	0.36	619	0.156323250977025
Plcd3	0.609	0.493	0.726	785	0.16722280630403
Slc16a10	0.494	0.321	0.637	512	0.157946104466293
Ssbp3	0.443	0.014	0.487	388	0.142082910191821
Tmem87b	0.341	-0.135	0.387	555	0.14751765363312
Hsdl2	0.381	-0.093	0.419	490	0.160213547707143
Tspyl4	0.491	0.229	0.591	406	0.163013858773232
Acbd6	0.437	0.058	0.504	282	0.164924200653135
Obi1	0.405	-0.02	0.46	722	0.159979910974515
Ier5l	0.714	0.755	0.871	406	0.175308635391787
Cwf19l1	0.436	0.064	0.503	537	0.161363674892542
Bltp2	0.43	0.094	0.51	2234	0.155842768575515
Taf4b	0.352	-0.173	0.376	855	0.149907202233536
Dzip1l	0.516	0.304	0.626	774	0.165638844960403
Rps6kb1	0.362	-0.145	0.388	525	0.148139890162307
Sting1	0.467	0.246	0.587	378	0.155845956218323
Fgfbp3	0.603	0.573	0.77	250	0.157941843468147
Wdr43	0.358	-0.092	0.419	677	0.154177025941928
Pip4p2	0.383	-0.068	0.424	257	0.158009160759255
Atxn7l2	0.516	0.225	0.592	696	0.166239541034291
Aldh1b1	0.565	0.385	0.672	519	0.173125232073781
Tagap	0.468	0.197	0.571	714	0.157593642586161
Pgam5	0.476	0.243	0.589	288	0.155216279879896
Mvb12b	0.509	0.281	0.616	317	0.151020121484555
Exosc6	0.694	0.697	0.836	273	0.172303456066102
Reep4	0.524	0.297	0.621	257	0.152650024357986
Hsdl1	0.602	0.52	0.741	330	0.169678035717546
Utp14a	0.386	-0.077	0.425	767	0.16071160034448
Shisa9	0.555	0.382	0.672	424	0.169500122484919
Zfp566	0.469	0.142	0.545	386	0.170479687937317
Naalad2	0.334	-0.239	0.337	740	0.149116426204209
Pcbd2	0.487	0.263	0.609	136	0.167070708786702
Uaca	0.505	0.31	0.629	1413	0.174378179842371
Bclaf1	0.343	-0.245	0.339	919	0.141228868418336
Lin9	0.345	-0.123	0.395	558	0.148072034075443
Bbs5	0.337	-0.139	0.385	341	0.145216323686999
Spats2	0.433	0.048	0.499	545	0.158150721032012
Zup1	0.297	-0.378	0.267	566	0.148869688847232
Cul4b	0.323	-0.216	0.348	970	0.148473599551145
Lypd1	0.49	0.278	0.615	141	0.184137048246367
Pan3	0.408	0.002	0.47	837	0.151696118330681
Ppme1	0.409	-0.012	0.462	386	0.159568677446803
Pdia5	0.527	0.303	0.632	517	0.171683551139586
Car10	0.404	0.087	0.508	328	0.142944789785527
Usp13	0.46	0.15	0.548	858	0.159100413326797
Zfp655	0.356	-0.156	0.39	541	0.154417013158275
Hpf1	0.342	-0.203	0.358	346	0.161052953127288
Pih1d2	0.347	-0.091	0.409	315	0.153460933830904
Anks3	0.472	0.163	0.553	655	0.160622702840899
Pdzd11	0.457	0.073	0.504	140	0.154031965337904
Hspa12b	0.548	0.356	0.654	685	0.164041899878357
Smim18	0.456	0.204	0.575	93	0.173850475827566
Tdrkh	0.351	-0.166	0.373	560	0.15019298301933
Lins1	0.397	0.042	0.485	764	0.157692140245931
Tmem209	0.367	-0.116	0.405	561	0.144570065382158
Mtrfr	0.431	0.102	0.517	184	0.166374469473665
Ccdc12	0.542	0.357	0.652	166	0.17627518599171
Ints8	0.33	-0.169	0.368	995	0.15096405686887
Selenoh	0.528	0.331	0.643	115	0.169705933074451
2700097O09Rik	0.352	-0.064	0.426	301	0.149401392516176
Serp2	0.472	0.2	0.567	65	0.16065763002216
Dis3	0.366	-0.062	0.426	958	0.157272380634329
Zfp444	0.598	0.465	0.716	331	0.169665040445835
Skida1	0.468	0.132	0.544	909	0.159962856434456
Zfp518a	0.296	-0.415	0.255	1478	0.144308872475278
Adipor1	0.534	0.333	0.643	375	0.163132898595531
Dnajc6	0.457	0.093	0.522	968	0.154892889523607
Fam110d	0.588	0.455	0.711	271	0.16002596700461
Calhm2	0.587	0.449	0.704	323	0.165840189113277
Hnrnpll	0.382	-0.059	0.443	591	0.156416354845176
Zcchc12	0.422	0.057	0.49	402	0.153512181972873
Lime1	0.476	0.15	0.541	269	0.165133299349095
Zfp618	0.574	0.397	0.682	860	0.174748610855006
C1qtnf6	0.572	0.401	0.682	264	0.161125966856113
Angptl1	0.42	0.055	0.495	490	0.156509335909036
Zfp248	0.401	-0.028	0.46	576	0.160688549596542
Fam98a	0.353	-0.144	0.394	515	0.15062606720325
Zfp74	0.469	0.147	0.553	679	0.17407529440081
Tbcc	0.634	0.563	0.766	341	0.182516600868157
B3gat3	0.496	0.262	0.602	335	0.155772290788533
Cdc42se2	0.475	0.111	0.532	84	0.161379609048168
Tmx1	0.348	-0.196	0.363	278	0.146985937117559
Zkscan3	0.446	0.08	0.511	553	0.160017600211605
Tmem161b	0.322	-0.19	0.356	487	0.141201568633405
Ttc39c	0.45	0.169	0.553	580	0.169300632237123
Hdhd3	0.487	0.228	0.585	251	0.158878142659768
Tonsl	0.509	0.273	0.607	1363	0.167185950362001
Fam117b	0.51	0.241	0.599	584	0.152735918263791
Arhgef10l	0.58	0.439	0.699	1280	0.168330996284891
Tmem135	0.444	0.143	0.534	458	0.158680625718681
Rint1	0.435	0.14	0.535	792	0.159238954023998
Neil1	0.49	0.227	0.583	389	0.156085192871424
Sass6	0.338	-0.104	0.406	654	0.151111683145724
Dnajc22	0.456	0.233	0.585	339	0.150441765831275
Rspo3	0.361	-0.164	0.383	277	0.163082121787457
Ndc1	0.381	-0.003	0.461	673	0.146263900508376
Veph1	0.421	0.069	0.498	833	0.157397051704118
2810459M11Rik	0.589	0.497	0.73	287	0.16494803138339
Ttc19	0.416	0.116	0.514	365	0.160793426695414
Zfp839	0.445	0.104	0.523	921	0.158655223201632
Zfp429	0.349	-0.234	0.349	485	0.163673923377857
Scn2b	0.565	0.411	0.686	215	0.165783999327533
Pard3b	0.418	0.015	0.475	1203	0.154729516117539
Mon1a	0.567	0.417	0.685	556	0.160079440571371
Fam76b	0.387	-0.091	0.426	339	0.165549336572945
Ubash3b	0.477	0.247	0.597	638	0.158191938466203
Dhx30	0.49	0.251	0.593	1223	0.15862795746539
Crtac1	0.516	0.307	0.631	646	0.159396740524892
Pot1b	0.341	-0.139	0.389	640	0.148470825101138
Prdm4	0.418	0.006	0.473	803	0.155110333518769
Kctd17	0.635	0.575	0.771	250	0.165525081134153
Mblac2	0.491	0.271	0.606	279	0.161150868606572
Rtl8c	0.661	0.61	0.788	112	0.165411071461937
Bbof1	0.354	-0.126	0.395	533	0.161949562597278
Zdhhc4	0.502	0.287	0.613	343	0.162810407568113
Yju2	0.602	0.469	0.718	314	0.176137708980431
Xlr4c	0.324	-0.245	0.337	215	0.154987320163796
Setd5	0.376	-0.149	0.393	1441	0.147868860263471
Asphd2	0.627	0.54	0.754	343	0.172264161872219
Macrod2	0.386	-0.122	0.411	475	0.162502884175757
Ndufv2	0.336	-0.245	0.338	248	0.155045884248817
Spock3	0.373	-0.118	0.409	436	0.168290341554396
Marchf1	0.471	0.161	0.554	289	0.161384073943338
Hepacam	0.546	0.383	0.666	418	0.150607809427685
Ppp2r2b	0.462	0.171	0.556	446	0.156209521766188
Swi5	0.474	0.234	0.586	121	0.166048090508634
Ddx41	0.558	0.384	0.668	622	0.171073801567994
Hspb11	0.353	-0.173	0.374	143	0.144520168007727
Lrrc47	0.613	0.564	0.762	581	0.169118412197874
Phykpl	0.487	0.21	0.578	467	0.162025813618992
Tppp	0.561	0.297	0.633	218	0.17953461902207
Ccnt2	0.408	-0.015	0.464	723	0.148946509617216
Zfp493	0.368	-0.243	0.347	384	0.167634399680142
Top1mt	0.55	0.386	0.671	593	0.174015649245157
Slc17a7	0.577	0.452	0.707	560	0.160549117551831
Tymp	0.494	0.285	0.614	471	0.161772013094765
Ccser2	0.35	-0.201	0.366	1038	0.14483224117017
Fbxo47	0.321	-0.154	0.371	451	0.146232676322023
Cnih3	0.539	0.408	0.676	179	0.168662746004869
Thap12	0.371	-0.049	0.435	758	0.154394190248491
Tmem138	0.538	0.457	0.699	162	0.147853852579632
Appl1	0.312	-0.302	0.304	707	0.143521711743255
Insig2	0.369	-0.07	0.428	225	0.150406116489187
Gpr22	0.332	-0.111	0.396	469	0.14231063112993
Kremen2	0.545	0.331	0.641	461	0.162702466256831
Emc7	0.379	-0.043	0.446	241	0.146792451594687
Ttc9b	0.616	0.495	0.729	239	0.167790699659751
Glrx5	0.653	0.608	0.791	152	0.18346329123042
Camk2n2	0.709	0.679	0.829	79	0.179709791873675
Cldn34c1	0.34	-0.115	0.396	234	0.155371619177926
Ppp1r16a	0.531	0.292	0.62	524	0.173060693970586
Tmem192	0.43	0.168	0.54	266	0.154719540578488
Fut11	0.532	0.349	0.651	489	0.155179166527633
Prr36	0.434	0.006	0.473	1098	0.140637602150495
Ppil6	0.395	-0.01	0.462	313	0.153435033123155
Pmpcb	0.374	-0.057	0.428	489	0.158560119280376
Rps6ka5	0.405	0.005	0.468	863	0.155965655445618
2900092C05Rik	0.261	-0.38	0.25	184	0.138209785063459
Sgip1	0.4	-0.059	0.444	806	0.148983075303081
Slc25a42	0.563	0.437	0.694	318	0.154107378725199
Slc22a23	0.567	0.471	0.714	689	0.16685906655187
3110009E18Rik	0.354	-0.122	0.395	126	0.139204389574476
Prss57	0.47	0.139	0.543	284	0.159319410258997
Abracl	0.297	-0.241	0.325	81	0.148886994339104
Rflna	0.65	0.542	0.754	204	0.151028959682265
Tgfbrap1	0.514	0.304	0.624	860	0.167146626168065
Golim4	0.398	-0.037	0.454	683	0.160642929063432
Tmed5	0.375	-0.03	0.445	229	0.146969188631782
Slc25a16	0.404	0.087	0.509	332	0.154083277100262
Prrc1	0.49	0.158	0.558	443	0.151445460622206
Cenpv	0.611	0.546	0.76	252	0.168950467816539
Clec4a3	0.382	-0.122	0.406	237	0.157431869844866
Larp1	0.503	0.183	0.569	1072	0.158955981846512
Otud3	0.52	0.313	0.632	396	0.16942925910125
Tm7sf2	0.522	0.36	0.648	418	0.156368719454079
Arhgap8	0.572	0.432	0.692	425	0.156339509718715
Exo5	0.386	-0.044	0.443	373	0.155433971813195
Pcdh18	0.408	0.017	0.475	1134	0.150205192676611
Tbkbp1	0.587	0.452	0.706	610	0.161678960275324
Wasl	0.347	-0.322	0.305	501	0.146570077727666
Nfatc4	0.511	0.201	0.578	901	0.153240259519426
Pear1	0.548	0.267	0.618	1034	0.187218921415165
Fezf1	0.537	0.342	0.655	475	0.166194175044159
C9orf72	0.346	-0.114	0.397	481	0.146512124121797
3110082I17Rik	0.566	0.409	0.683	195	0.17194913708609
Sppl2b	0.616	0.492	0.727	578	0.17018061168592
Fam118a	0.493	0.268	0.608	357	0.171955606141354
Zfp983	0.339	-0.286	0.326	460	0.166271312097931
Bmper	0.467	0.095	0.525	685	0.18349298309898
Zfp942	0.325	-0.336	0.295	486	0.163143863109157
Snorc	0.544	0.26	0.605	121	0.165997607225969
Atat1	0.499	0.24	0.59	421	0.153317408821713
Prl8a1	0.351	-0.112	0.396	240	0.149736548280212
Rassf6	0.378	-0.038	0.439	341	0.146637608660846
Mrgbp	0.535	0.306	0.636	204	0.174702922016424
Ceacam5	0.322	-0.176	0.369	947	0.141112494097799
Setd7	0.517	0.287	0.628	366	0.164156743879515
Ccdc18	0.277	-0.355	0.27	1455	0.149886475673458
Cib4	0.557	0.368	0.661	185	0.171996582672949
1700037C18Rik	0.542	0.298	0.623	171	0.156503565370123
Gpbp1	0.32	-0.347	0.292	493	0.143185928853273
Ddit4l	0.436	0.158	0.548	193	0.159612291976963
Cabcoco1	0.433	0.129	0.534	308	0.156162627701063
Vps50	0.364	-0.084	0.418	964	0.154211587162163
Ccdc103	0.468	0.221	0.578	237	0.162138014832325
Rhobtb3	0.426	0.101	0.518	611	0.160696867457836
1700031F05Rik	0.525	0.225	0.592	191	0.157333618396529
Ttc29	0.463	0.158	0.548	471	0.166156483939151
Lrrc69	0.351	-0.037	0.429	347	0.153051847031651
Calr3	0.507	0.228	0.591	380	0.168952304521035
Ube2d2b	0.378	-0.179	0.371	147	0.151456544134687
Clhc1	0.308	-0.247	0.325	596	0.153211815150708
Pradc1	0.518	0.322	0.633	188	0.157644052942812
Ccdc30	0.417	0.118	0.519	654	0.163811341302628
Slc25a31	0.381	-0.017	0.455	320	0.154386008667388
Prss44	0.413	0.081	0.506	372	0.154677096573414
Itpripl1	0.514	0.327	0.637	547	0.162345980712931
Nptxr	0.7	0.669	0.821	493	0.173268785192377
Arhgef6	0.367	-0.101	0.411	795	0.153869708832122
1700034J05Rik	0.436	0.058	0.5	301	0.151768046122505
Cldn34b2	0.37	-0.014	0.449	209	0.153778267140925
Actrt2	0.54	0.366	0.661	377	0.16466695411043
Actrt1	0.376	-0.102	0.412	376	0.15860709914113
1700056E22Rik	0.572	0.43	0.696	234	0.150063596637426
Col20a1	0.493	0.216	0.581	1320	0.155050620334355
Phospho2	0.303	-0.278	0.314	241	0.146475966378989
Tex33	0.552	0.328	0.644	266	0.166716569845287
Dcbld2	0.412	-0.007	0.465	769	0.152790614759198
Cmtm2a	0.404	0.143	0.525	169	0.152612019367515
Prss52	0.397	0.013	0.467	321	0.163823272459993
Fam177a	0.466	0.172	0.566	207	0.160402613867417
Bpifa3	0.463	0.209	0.567	239	0.15512022450452
Hbp1	0.357	-0.23	0.355	526	0.150788632400574
Msl3l2	0.565	0.39	0.674	371	0.162229585720168
Nipsnap3a	0.337	-0.226	0.346	245	0.1479883159142
Tepp	0.613	0.495	0.729	216	0.167461714746346
Nme8	0.326	-0.217	0.35	586	0.149833134512834
Armt1	0.394	0.031	0.48	439	0.156497343286195
Ccsap	0.547	0.404	0.685	252	0.163683127387129
Prox2	0.465	0.168	0.556	593	0.152554512372498
Zfp974	0.364	-0.2	0.369	752	0.163683956699444
Tex35	0.402	-0.026	0.456	208	0.167936394634415
Hspa12a	0.553	0.397	0.678	675	0.163345949590005
Wdr13	0.537	0.376	0.665	485	0.157256603938835
Smim33	0.473	0.215	0.573	127	0.154353047910622
Zfp763	0.362	-0.241	0.35	588	0.160870978095988
1700067K01Rik	0.532	0.35	0.65	300	0.156840414881333
Izumo1	0.421	0.063	0.5	397	0.157877820686084
Aldh3b3	0.58	0.386	0.671	479	0.169757423371103
C2cd6	0.338	-0.179	0.368	557	0.142088692545532
Ms4a13	0.285	-0.283	0.3	203	0.138376172556112
1700066M21Rik	0.4	-0.004	0.464	365	0.149163493675631
Rnf38	0.348	-0.207	0.36	464	0.13635842268552
Kif2b	0.451	0.169	0.553	668	0.16050118618089
Spata18	0.45	0.124	0.532	537	0.157108131682369
Iws1	0.383	-0.144	0.401	766	0.155294072356309
Prss59	0.318	-0.268	0.322	251	0.147494013246155
Mipol1	0.339	-0.131	0.392	379	0.161229040997474
Samt3	0.366	-0.087	0.416	233	0.145396230083768
Mbd3l1	0.358	-0.15	0.383	186	0.152915501465756
Pebp4	0.408	0.026	0.48	242	0.15262373326039
Speer4b	0.443	0.105	0.518	267	0.162731514538377
Nudt16l2	0.473	0.25	0.592	206	0.156049144512206
Tssk5	0.506	0.261	0.599	372	0.166253374120763
Cfap141	0.337	-0.155	0.378	106	0.150933989636126
Dusp21	0.445	0.091	0.511	189	0.150965773471967
Vgll3	0.499	0.137	0.553	325	0.157416979405406
Camkmt	0.397	0.044	0.49	323	0.157999279913641
1700001O22Rik	0.546	0.393	0.671	375	0.149791644552959
Trp53tg5	0.411	0.098	0.513	238	0.158406526862109
Marveld3	0.522	0.406	0.678	385	0.159118787175496
Zfp433	0.289	-0.491	0.213	600	0.15083586127041
Rhox13	0.499	0.179	0.571	232	0.165508523629437
1810009J06Rik	0.414	-0.007	0.466	247	0.172498987356562
Chct1	0.456	0.206	0.571	236	0.168781691796649
Ptges3l	0.529	0.244	0.602	131	0.176920963605878
Capn9	0.55	0.353	0.651	690	0.169103773890193
Cybrd1	0.497	0.35	0.647	290	0.153311471504994
Ms4a6c	0.393	-0.025	0.441	217	0.152041353585881
Spns1	0.52	0.349	0.645	528	0.153326213230907
Cabp4	0.503	0.223	0.585	271	0.159281422864614
Thoc3	0.551	0.348	0.657	351	0.170870015963655
2410004P03Rik	0.453	0.109	0.523	205	0.157736297963448
Ttc21b	0.377	-0.036	0.442	1315	0.160751015444173
Defb30	0.354	0.017	0.465	75	0.162059847359759
Sult6b1	0.368	-0.096	0.416	303	0.152442240793982
Rec114	0.446	0.162	0.554	259	0.154771021090378
Wdr75	0.37	-0.106	0.412	830	0.152812183436124
Psma8	0.363	-0.109	0.407	250	0.155499780298993
Tex19.1	0.448	0.137	0.537	351	0.154812796116584
Zbtb8a	0.499	0.218	0.587	434	0.165253280425678
Trmt11	0.34	-0.198	0.358	460	0.145464482132085
Atg16l2	0.551	0.352	0.654	623	0.172594742533999
Bloc1s2	0.494	0.194	0.569	143	0.179133143412153
Glipr1	0.356	-0.144	0.388	255	0.155075579848143
Cplane1	0.349	-0.151	0.384	3214	0.150205059775026
Dppa4	0.425	-0.006	0.472	296	0.168218661698392
Ndufaf7	0.379	-0.057	0.434	436	0.151130777446985
Ppp2r1b	0.394	0.023	0.473	694	0.159981529289685
Dppa2	0.385	-0.062	0.431	301	0.153561725756032
Gucy2g	0.465	0.184	0.562	1100	0.157212141426124
Dppa3	0.377	-0.019	0.448	150	0.147145302065013
Tubb2b	0.648	0.48	0.725	445	0.172633117125584
Mvb12a	0.591	0.452	0.71	271	0.166357848572517
Dmkn	0.448	0.05	0.507	524	0.160063452047309
Rbm20	0.482	0.166	0.561	1199	0.160585760758048
Lce1c	0.582	0.26	0.623	147	0.220411898686027
Cst6	0.563	0.408	0.681	149	0.17031741951457
1110017D15Rik	0.56	0.353	0.656	260	0.164045749043295
Lce1a2	0.561	0.205	0.595	149	0.219370345514168
Sh3bgrl3	0.606	0.509	0.736	93	0.166189672791271
Mcee	0.405	0.018	0.48	178	0.154739172781864
Psd	0.535	0.276	0.615	1025	0.160265262031515
Zfp383	0.422	0.018	0.484	490	0.169440271745664
Lce1l	0.552	0.166	0.575	135	0.232310520975774
Fcf1	0.434	0.076	0.5	198	0.166803416431751
Bbln	0.616	0.529	0.75	83	0.171595517530473
Haus7	0.462	0.147	0.542	364	0.170189329216938
Cby1	0.48	0.272	0.602	127	0.155856100330212
Man2c1	0.54	0.33	0.642	1039	0.163944489601576
Shld1	0.43	0.033	0.488	206	0.1491214311626
Gadl1	0.443	0.138	0.538	502	0.165106173508176
Whrn	0.592	0.458	0.709	918	0.160828126706043
Thap1	0.575	0.415	0.689	210	0.180052340037431
Prr27	0.357	-0.287	0.324	352	0.147254269889149
Kif2c	0.458	0.167	0.554	721	0.160496451484637
Tex36	0.421	-0.071	0.437	219	0.16386800747665
Satl1	0.327	-0.302	0.32	744	0.13754880041312
Fam83e	0.523	0.291	0.616	481	0.153462102261595
Mfsd12	0.627	0.554	0.759	476	0.167402540840698
Ppp1r21	0.442	0.138	0.537	780	0.163238871273761
Poldip3	0.486	0.232	0.589	420	0.16010901420624
Tmem198b	0.483	0.247	0.587	350	0.157660634815853
Dcaf4	0.51	0.267	0.607	519	0.163139744617355
Eif3k	0.627	0.503	0.733	218	0.178939646278328
Fam98c	0.524	0.358	0.649	344	0.167549639875163
Atp6v1d	0.399	0.022	0.467	247	0.160700464946818
Ifitm5	0.534	0.27	0.611	134	0.172267076461189
Slc35b2	0.504	0.327	0.637	382	0.152964903702054
Ankrd45	0.372	-0.089	0.415	282	0.157022706327521
Ankrd42	0.353	-0.135	0.393	516	0.156617232169351
Fam110a	0.503	0.21	0.575	296	0.147867739286289
D3Ertd751e	0.307	-0.366	0.279	192	0.141153270304774
Spata48	0.415	-0.062	0.441	149	0.145000852148394
Tex49	0.422	0.005	0.472	131	0.149796869254898
Fam122c	0.365	-0.111	0.404	180	0.138696633298262
Fam161a	0.41	0.032	0.478	475	0.155571113302242
Zdbf2	0.343	-0.253	0.342	2493	0.153696253337861
Tmem202	0.441	0.19	0.559	275	0.153683462018236
Psmb11	0.5	0.189	0.567	302	0.167202929040569
Arhgap18	0.367	-0.071	0.425	663	0.150834877268779
Irak3	0.416	0.103	0.519	609	0.155461570592844
Ift57	0.398	0.024	0.48	429	0.160574548357015
Lyrm1	0.378	-0.036	0.432	122	0.151564626756539
Cldn34c4	0.321	-0.146	0.384	212	0.152292635124887
Ccdc175	0.35	-0.061	0.423	822	0.152358760218103
Hapln2	0.643	0.617	0.793	341	0.161374939617977
Fam151b	0.42	0.053	0.496	279	0.156012490286745
Otud4	0.363	-0.205	0.366	1107	0.150045537646913
Atl1	0.415	0.058	0.495	558	0.157740467976149
Herc3	0.413	0.072	0.503	1050	0.157608680110228
Psd2	0.53	0.302	0.626	770	0.168805096713185
Dnm1l	0.324	-0.18	0.359	716	0.148344033026616
Abtb3	0.575	0.433	0.696	1109	0.168109500029698
Arsg	0.459	0.113	0.53	525	0.159453026397661
Slc25a27	0.391	0.042	0.482	322	0.145441023441602
Rap2b	0.704	0.701	0.841	183	0.175221480650694
Rftn2	0.42	0.04	0.492	500	0.15961039762901
Fcho1	0.564	0.372	0.667	873	0.159687399156952
Phf19	0.507	0.267	0.608	578	0.167150107626162
Als2	0.417	0.036	0.487	1651	0.154333532198906
Traf3ip1	0.5	0.275	0.611	625	0.1705787013921
Cpne4	0.48	0.232	0.593	557	0.163693619084193
Glyr1	0.445	0.096	0.521	552	0.163640991950485
Rd3	0.642	0.56	0.76	195	0.158131644813894
Nphp3	0.449	0.174	0.555	1325	0.159466149427176
Msl1	0.453	0.136	0.539	616	0.158770114576549
Rin2	0.505	0.272	0.61	858	0.158376583806708
Sdr42e1	0.505	0.304	0.625	394	0.160436723366099
Nol9	0.463	0.24	0.587	714	0.154222840594116
Nfam1	0.461	0.187	0.563	264	0.157393359235951
Ddias	0.313	-0.323	0.302	899	0.144368842562843
Phf8-ps	0.374	-0.132	0.401	908	0.157912541119316
Pex26	0.564	0.501	0.726	305	0.159376990137331
Ttf2	0.433	0.102	0.521	1138	0.160923616693013
Vsir	0.549	0.377	0.668	309	0.159392190564084
Steap2	0.417	0.127	0.524	489	0.150736461371484
Ttc21a	0.565	0.432	0.694	1314	0.175536404276435
Grip1	0.459	0.17	0.557	1127	0.156773699844183
4931406B18Rik	0.406	0.071	0.497	367	0.148274509584196
Plce1	0.436	0.099	0.519	2282	0.158003962942907
Asz1	0.33	-0.187	0.357	475	0.155335078305231
Serpina3a	0.454	0.144	0.537	422	0.159351799606084
Lmntd1	0.453	0.156	0.556	413	0.152371723813517
Syce1	0.46	0.174	0.556	329	0.170285501647211
Nmnat3	0.562	0.408	0.681	245	0.163463873176976
Cep350	0.365	-0.134	0.398	3095	0.151758514827525
Slc7a13	0.353	-0.044	0.428	478	0.148548259212833
Them7	0.492	0.154	0.547	223	0.157635693782356
Paqr5	0.546	0.389	0.668	330	0.155264048751614
Npl	0.462	0.136	0.54	320	0.161598187315778
Tjap1	0.548	0.34	0.647	539	0.160268746255841
Hvcn1	0.546	0.441	0.695	269	0.162077341852752
Pop7	0.588	0.47	0.71	140	0.168835008857665
Czib	0.521	0.315	0.636	196	0.178969012658872
Arpp21	0.46	0.122	0.539	809	0.150385113270101
Slc35a5	0.381	0.017	0.464	437	0.146000510721164
Nebl	0.484	0.139	0.55	270	0.163914712210404
Abcb6	0.483	0.251	0.592	842	0.15399423897191
Gga2	0.481	0.202	0.574	603	0.162161365385041
Dcaf6	0.346	-0.239	0.338	876	0.147285885251028
Cep55	0.389	0.012	0.468	462	0.157360312533045
Parn	0.421	0.052	0.498	624	0.157631842121087
Rbm19	0.577	0.393	0.681	952	0.172833090015417
Usp16	0.353	-0.158	0.387	825	0.158588728018205
Crot	0.322	-0.24	0.336	612	0.147689032701027
Pi16	0.538	0.296	0.631	498	0.165232355896895
Actr3	0.354	-0.177	0.371	418	0.148528351735517
Zfp263	0.429	0.051	0.494	680	0.156817655417582
Acoxl	0.461	0.147	0.54	632	0.163722283657593
Tmem43	0.51	0.301	0.624	400	0.157390721014748
Foxp4	0.586	0.446	0.707	685	0.162589545458983
Armc8	0.347	-0.053	0.425	673	0.152687975080135
Syvn1	0.545	0.267	0.609	612	0.154828359068544
Krt80	0.595	0.444	0.702	452	0.17598765896825
Dmgdh	0.438	0.097	0.516	869	0.156276762395297
Sash3	0.525	0.251	0.603	380	0.161213622010144
Rnf6	0.36	-0.066	0.423	667	0.141749993317342
Smg8	0.41	0.018	0.477	991	0.155273303077464
Cyp2s1	0.527	0.372	0.658	501	0.15395074848278
Sec14l1	0.505	0.266	0.606	719	0.161796857380904
Nuak2	0.532	0.367	0.66	639	0.161577652831835
Tm9sf1	0.492	0.26	0.599	606	0.15341977113846
Lonp1	0.555	0.389	0.671	949	0.170049700502156
Opa1	0.363	-0.085	0.415	978	0.153069939388067
Robo4	0.473	0.161	0.55	1022	0.152651902740933
F13a1	0.443	0.105	0.525	732	0.158132520580569
Ehhadh	0.4	0.013	0.471	718	0.152837102870919
Cluh	0.564	0.38	0.667	1353	0.166642095405023
Zfp946	0.321	-0.335	0.293	523	0.164181803731855
Slc35f5	0.348	-0.107	0.401	524	0.143403600964525
Stra6l	0.532	0.388	0.666	621	0.159035214219393
Uba7	0.479	0.183	0.562	977	0.162581500055759
Unkl	0.526	0.313	0.634	727	0.163935770721312
Errfi1	0.393	-0.092	0.424	461	0.152341094752491
Acot12	0.44	0.146	0.544	556	0.159111977731955
Cmtr1	0.521	0.28	0.615	837	0.16516304902508
Josd1	0.458	0.185	0.564	202	0.167180030292515
Acbd5	0.341	-0.221	0.355	509	0.148692810037074
Nfx1	0.413	-0.034	0.455	1114	0.172102907571771
Fbxl22	0.674	0.691	0.83	236	0.171264664310344
Tmem38a	0.578	0.426	0.691	298	0.165747720239786
Nudt9	0.512	0.307	0.634	350	0.166559421486772
Zdhhc16	0.524	0.291	0.614	361	0.162305634067204
Gtsf1	0.419	-0.052	0.447	167	0.169931473036521
Crct1	0.589	0.385	0.683	102	0.216085453525899
Tgm5	0.503	0.247	0.598	724	0.1605943820445
Stk40	0.541	0.386	0.668	449	0.166495800462376
Muc5b	0.514	0.197	0.582	4800	0.161511196175859
Gpcpd1	0.321	-0.239	0.335	675	0.148288677845703
Perm1	0.439	0.035	0.494	807	0.153159490459438
Ccdc3	0.608	0.546	0.757	273	0.170298576048888
Katnb1	0.563	0.395	0.677	658	0.162982583255402
Prl8a8	0.326	-0.206	0.342	241	0.144932970077751
Phactr3	0.486	0.217	0.579	559	0.158092156530963
Exoc3l4	0.539	0.345	0.646	721	0.160410754068874
P2ry13	0.492	0.285	0.614	337	0.158445087518838
Arpc5l	0.424	0.138	0.537	153	0.153911970416485
Rnd3	0.421	0.08	0.513	244	0.16193857879146
Elp3	0.423	0.063	0.494	566	0.155915437037951
Ttc27	0.384	0.018	0.469	847	0.157599220029611
Gtf2e1	0.414	-0.016	0.461	440	0.159027756585161
Dtx2	0.568	0.378	0.671	619	0.163829538200381
Vit	0.471	0.195	0.576	650	0.16061306717328
Khdc4	0.384	-0.153	0.396	612	0.15132146586377
Cep97	0.396	0.001	0.466	856	0.157543790978768
Fblim1	0.571	0.321	0.642	375	0.176977573401629
Eif4enif1	0.368	-0.107	0.409	983	0.143940195431536
Xpo6	0.469	0.22	0.577	1125	0.156123524441449
Acsl3	0.349	-0.18	0.367	720	0.154640736570392
Sipa1l3	0.598	0.439	0.703	1776	0.161216978622028
1700017B05Rik	0.484	0.122	0.536	1023	0.158059290468126
Rbm26	0.322	-0.314	0.299	983	0.143809521905969
1700016H13Rik	0.393	-0.036	0.441	117	0.154048311430228
Tex37	0.498	0.236	0.595	180	0.159330991280996
Septin14	0.438	0.117	0.527	429	0.163201500254941
Paqr8	0.582	0.5	0.731	354	0.163334935079081
1700016K19Rik	0.551	0.387	0.676	228	0.175274067449182
Tubgcp2	0.511	0.276	0.609	905	0.161968910998932
Mterf2	0.327	-0.124	0.391	385	0.152040353760097
Iqce	0.52	0.283	0.617	778	0.162259272069555
Chpf	0.575	0.408	0.679	774	0.158091781742367
Slx4ip	0.348	-0.161	0.382	413	0.15311208067795
Atg7	0.483	0.196	0.57	741	0.161791602823277
Ctbs	0.393	-0.071	0.432	366	0.159945386971873
Gale	0.594	0.461	0.713	347	0.172957275739804
Lrrc2	0.43	0.119	0.524	371	0.160579408421049
Ankrd9	0.558	0.409	0.678	326	0.159974829811284
Armc1	0.341	-0.175	0.37	282	0.146090926903553
Klrg2	0.578	0.456	0.712	387	0.160128812203034
Gpn1	0.468	0.097	0.522	372	0.156818272107058
Smu1	0.392	-0.03	0.447	513	0.159149191397308
Cyld	0.337	-0.168	0.376	955	0.149316457885981
Tspan17	0.587	0.521	0.741	270	0.176991668305818
Rnf138rt1	0.405	-0.018	0.463	248	0.162920108825859
Iqcf1	0.427	0.13	0.524	182	0.160887094836475
Aven	0.422	0.042	0.488	342	0.153996981797793
Usp20	0.576	0.397	0.68	916	0.172778933432749
Mageb5	0.331	-0.286	0.321	366	0.155091819732522
Cldnd2	0.44	0.236	0.585	167	0.155796263544068
Chic2	0.391	0.094	0.51	165	0.163409978179284
Magea14	0.366	-0.06	0.426	284	0.149191652729028
Spatc1	0.493	0.254	0.598	480	0.153305612422354
Tbc1d21	0.546	0.388	0.669	336	0.170919328764784
Kcmf1	0.345	-0.177	0.374	381	0.145718420274801
Spem1	0.437	0.063	0.495	310	0.150607940225118
Ccdc182	0.586	0.561	0.76	152	0.174240186193878
Mtmr3	0.442	0.072	0.506	1159	0.161801903328538
Prss46	0.512	0.336	0.644	314	0.165305852605925
Tex54	0.485	0.192	0.568	86	0.158642709573157
Osbp2	0.576	0.43	0.697	908	0.168940830747715
Rnf145	0.476	0.267	0.602	663	0.160634389463813
Isca2	0.423	0.118	0.526	154	0.147052190975849
Hopx	0.639	0.649	0.814	73	0.172259815365455
Mettl23	0.405	0.029	0.481	253	0.154778953852363
Wdr33	0.389	-0.129	0.404	1330	0.146087248018917
Cxxc1	0.546	0.318	0.634	660	0.174238043070025
Cltb	0.607	0.429	0.703	229	0.180760626491927
Hnrnpr	0.362	-0.178	0.378	632	0.153719454439381
Dnajc14	0.419	0.009	0.469	703	0.151930133439265
Ranbp10	0.531	0.335	0.649	648	0.158693072370924
Xrcc3	0.554	0.412	0.677	349	0.164012840373872
Palm3	0.44	0.06	0.505	734	0.161935894073045
Slc6a19	0.564	0.397	0.676	634	0.164105920163136
Ahcyl2	0.476	0.163	0.557	613	0.168399282193527
Lrrtm1	0.591	0.519	0.74	522	0.167289900770567
Crtc2	0.467	0.11	0.527	692	0.144956744475894
Meak7	0.576	0.462	0.715	455	0.167714245715262
Fhip1b	0.442	0.134	0.531	989	0.150380470724539
Ddx23	0.511	0.242	0.588	819	0.167212242321716
Zfp84	0.506	0.247	0.603	559	0.181615895898955
Lrguk	0.403	0.047	0.486	820	0.151576074246686
Smchd1	0.33	-0.233	0.34	2007	0.148967821910262
Matcap1	0.562	0.374	0.664	467	0.160608568767708
4931414P19Rik	0.511	0.258	0.605	541	0.164839668265398
Cep57	0.339	-0.187	0.368	500	0.152313157539347
4931429L15Rik	0.44	0.117	0.533	379	0.15136594688868
Spag17	0.389	-0.073	0.434	2320	0.155205645145979
Lonrf3	0.429	0.128	0.533	753	0.164353079571268
Mei1	0.487	0.29	0.612	894	0.156246976533815
Rptor	0.521	0.284	0.616	1335	0.161746162640628
Clec16a	0.527	0.315	0.632	1036	0.159872339103511
Gcc1	0.525	0.332	0.64	778	0.169002098653337
Myo18b	0.52	0.303	0.627	2605	0.165232075723338
Hsf2bp	0.416	0.155	0.543	338	0.158847183227434
Ubap2l	0.417	-0.057	0.45	1112	0.145198480783548
Ap5m1	0.318	-0.257	0.326	490	0.144703467597342
Rmi1	0.293	-0.367	0.271	616	0.143643757104718
4932438H23Rik	0.449	0.151	0.541	230	0.155832291252813
Dpp8	0.37	-0.108	0.406	892	0.147834413960046
Specc1l	0.426	0.04	0.486	1135	0.157107526035783
Map10	0.425	0.04	0.49	891	0.15114405058291
Zfp819	0.426	0.018	0.483	607	0.163192581048961
Terb2	0.335	-0.198	0.361	218	0.150214244713638
Efhc2	0.355	-0.155	0.381	750	0.144816019144669
Odad4	0.518	0.356	0.653	624	0.172676145059734
Hyal6	0.324	-0.247	0.333	494	0.144384048003272
Ttll11	0.528	0.351	0.649	727	0.159209269887315
Plpp6	0.63	0.606	0.784	292	0.158113851175963
Gle1	0.507	0.276	0.612	699	0.162954336867797
Tc2n	0.283	-0.4	0.25	489	0.138584113259423
Polr3c	0.474	0.209	0.573	533	0.159015252099927
Tktl2	0.426	0.052	0.495	627	0.16096614659529
Tmc5	0.462	0.161	0.547	967	0.153113215571999
4933402D24Rik	0.411	0.043	0.481	167	0.167427533189373
Eaf1	0.538	0.297	0.63	268	0.157083920107851
Cfap20dc	0.413	-0.009	0.463	674	0.151140373561564
Sohlh2	0.433	0.046	0.49	467	0.156233065667065
Lrriq3	0.337	-0.183	0.361	633	0.154727122647697
Magec2	0.391	-0.07	0.434	429	0.156553120771647
Clvs1	0.421	0.097	0.509	354	0.153336045854299
Cmip	0.598	0.515	0.738	773	0.172256204465424
Slco6c1	0.293	-0.309	0.296	706	0.146395714381181
Sgms2	0.48	0.272	0.609	365	0.154164417488761
P4htm	0.555	0.377	0.665	503	0.160153806334101
Slc9b1	0.316	-0.215	0.344	565	0.142522564432916
Arl13a	0.337	-0.148	0.374	372	0.147325487494105
Pank2	0.409	0.066	0.497	443	0.154946728861548
Pgs1	0.549	0.416	0.682	553	0.159368993812386
Cfap53	0.41	0.068	0.494	514	0.164831199720951
Nsun6	0.324	-0.205	0.354	476	0.149370929551159
Zswim5	0.497	0.272	0.607	1188	0.161659122951374
Mfsd13b	0.416	0.162	0.544	454	0.152876571281719
Pus10	0.345	-0.15	0.386	527	0.154924588272769
Hyal5	0.333	-0.204	0.352	526	0.144407631075727
Taf7l	0.378	-0.142	0.398	471	0.159642366511424
Cep72	0.415	0.073	0.501	646	0.154847252233434
Stpg3	0.516	0.23	0.591	306	0.148128845292243
4933427D14Rik	0.377	-0.1	0.41	959	0.15376550390482
Snx29	0.485	0.209	0.577	818	0.159449383573083
Snx11	0.505	0.31	0.632	271	0.16288848705932
Samd4	0.495	0.259	0.603	711	0.156285631496213
Batf2	0.514	0.236	0.592	277	0.163373651076409
Rbm31y	0.34	-0.253	0.342	565	0.144353687819014
Lrrc71	0.527	0.342	0.648	558	0.165097351587355
Osbpl10	0.557	0.409	0.686	591	0.16353932372983
Lrrc15	0.515	0.336	0.638	579	0.160215871972974
Mamstr	0.48	0.137	0.537	421	0.150139241724577
Kbtbd13	0.593	0.476	0.72	458	0.164703767757693
Tnks2	0.339	-0.204	0.358	1166	0.156924519170777
Gorasp1	0.547	0.308	0.636	446	0.164005465430649
Sost	0.698	0.673	0.825	211	0.173245342314262
Fam53a	0.51	0.216	0.582	402	0.155084557608207
Lrrc17	0.458	0.216	0.574	443	0.162861693088749
Neto2	0.341	-0.237	0.341	553	0.150016251311379
Cyp2j9	0.407	0.016	0.467	502	0.150562982435021
Ppp4r4	0.349	-0.108	0.401	875	0.149108442002116
Morc2a	0.41	-0.007	0.46	1030	0.154926201262584
Fam234b	0.475	0.222	0.582	624	0.156190558796735
Mgme1	0.423	0.032	0.486	338	0.156035082428711
Gzf1	0.467	0.105	0.53	706	0.170702240006694
Gsdmc4	0.378	-0.039	0.44	480	0.151002155487602
Mau2	0.559	0.402	0.678	650	0.169404989949936
Pck2	0.509	0.239	0.592	667	0.159680992298722
Nipal3	0.546	0.409	0.678	418	0.162855658989096
Themis3	0.429	0.14	0.534	569	0.156528677834139
Gvin1	0.343	-0.159	0.377	2427	0.150635955518756
Elovl7	0.401	0.028	0.479	281	0.148029124307669
Nkx6-3	0.679	0.613	0.795	262	0.16748345476537
Rasgef1c	0.572	0.399	0.678	469	0.165073849802442
Mlkl	0.418	0.075	0.5	472	0.158422455207105
Ttc17	0.434	0.108	0.522	1198	0.160106517258363
Zkscan1	0.443	0.081	0.512	561	0.158586077899459
Kcnk16	0.565	0.47	0.712	292	0.160322843394686
Lvrn	0.394	0.028	0.476	991	0.150323987341149
Glb1l	0.412	0.063	0.493	646	0.146153946572592
Pyroxd2	0.52	0.295	0.622	581	0.164054656771443
Sppl3	0.45	0.234	0.586	384	0.151731052341009
Kbtbd12	0.399	0.041	0.484	625	0.157762413035752
Abca12	0.407	0.053	0.489	2595	0.151713132917698
Cds1	0.493	0.294	0.619	461	0.151882779121664
Mrpl47	0.333	-0.142	0.379	252	0.14878589736593
Cd200r3	0.381	-0.09	0.412	278	0.150344697398864
Abcb8	0.506	0.319	0.631	717	0.156768966644221
Ocstamp	0.52	0.343	0.641	498	0.156788964427883
Scrn3	0.341	-0.198	0.361	418	0.154947609184789
Scpep1	0.481	0.248	0.6	452	0.161581873437178
Tmem81	0.435	0.171	0.552	259	0.158117873934296
Shpk	0.493	0.244	0.597	476	0.160773684934106
Tent5c	0.594	0.478	0.718	391	0.16879359259955
Spsb1	0.543	0.384	0.668	273	0.157102944770563
S100pbp	0.345	-0.225	0.351	396	0.141781955109504
Cpa5	0.476	0.196	0.569	436	0.158103262862679
Pomk	0.486	0.291	0.616	349	0.159466642995254
Tex55	0.366	-0.168	0.383	381	0.143172429919813
Drc3	0.561	0.437	0.693	523	0.177427594001658
Brme1	0.456	0.085	0.518	600	0.155976889094453
Zfp943	0.307	-0.389	0.262	507	0.16285116415619
Spdye4a	0.516	0.265	0.605	268	0.159199798160309
Ptchd3	0.384	-0.005	0.462	906	0.146715120710926
Wdr35	0.411	0.032	0.481	1181	0.166429424393692
Lrrc74b	0.395	0.015	0.465	391	0.162618331187668
Slc25a54	0.362	-0.076	0.421	473	0.15233853749888
Tdrd9	0.45	0.155	0.545	1383	0.157890984306042
Tbc1d30	0.497	0.288	0.618	766	0.160393423683855
Ccdc7a	0.292	-0.376	0.268	371	0.146842278095652
Dnaaf6	0.325	-0.297	0.311	218	0.146645953191027
Ttll9	0.542	0.368	0.662	464	0.160465597247445
Wbp2nl	0.394	-0.171	0.394	359	0.142960365702771
Spata17	0.406	0.012	0.469	379	0.152762730263925
Snx16	0.317	-0.253	0.331	344	0.143303110880923
Tmem114	0.553	0.491	0.719	222	0.155407884635626
Setmar	0.372	-0.111	0.409	309	0.15800522170073
Stx11	0.691	0.675	0.823	287	0.182155461815195
Rhoh	0.551	0.399	0.677	191	0.166779156045418
Trim14	0.606	0.527	0.745	440	0.164987635355772
Pcf11	0.299	-0.392	0.262	1553	0.139368814699019
C2cd5	0.399	0.018	0.477	1016	0.153261392629786
Ddit4	0.61	0.554	0.758	229	0.164433746264989
Slamf8	0.489	0.27	0.611	278	0.156915135393335
Trmo	0.444	0.099	0.52	488	0.156362494529895
Dhcr24	0.666	0.61	0.789	516	0.171365422003385
Rab3il1	0.541	0.314	0.634	383	0.166061239201298
Mxra8	0.55	0.347	0.647	442	0.161579417636653
Mdga1	0.61	0.475	0.719	948	0.164520751018095
Naa60	0.484	0.26	0.6	242	0.156218432949054
Klc4	0.587	0.421	0.689	619	0.174546217393615
Yipf2	0.496	0.232	0.587	312	0.152363174227471
Pik3cb	0.391	0.013	0.468	1064	0.157124707895244
Hhatl	0.548	0.401	0.676	503	0.163355967403304
Atp13a2	0.603	0.507	0.735	1169	0.165333679862562
Lmbr1l	0.535	0.401	0.67	489	0.15978872674439
Ppa2	0.434	0.056	0.497	330	0.160692334632047
Selenon	0.618	0.527	0.746	556	0.157309989896309
Rrp7a	0.578	0.409	0.685	280	0.170435025704611
Wipi2	0.494	0.221	0.584	445	0.167599795615809
Glt8d2	0.44	0.137	0.535	351	0.15731260915597
Naa15	0.313	-0.277	0.311	865	0.154355655967588
Manf	0.513	0.246	0.592	179	0.182344341751163
Usp38	0.381	-0.024	0.453	1042	0.151983042674321
Mss51	0.354	-0.157	0.376	446	0.14753451064703
Meikin	0.35	-0.219	0.355	434	0.146881073341525
4930402F06Rik	0.391	-0.004	0.463	332	0.152890823474209
Fam228a	0.351	-0.133	0.397	299	0.150042265717787
Tmem65	0.42	0.126	0.522	234	0.152886946674161
Morn3	0.549	0.323	0.646	241	0.17358619609224
4930447A16Rik	0.307	-0.238	0.331	132	0.137277060196896
Ccdc181	0.395	-0.019	0.454	509	0.160025847360869
Kbtbd11	0.645	0.577	0.774	633	0.166109038661496
4930480E11Rik	0.331	-0.273	0.327	394	0.149477809919442
Cylc2	0.365	-0.233	0.368	422	0.173403912391661
Atp6v1e2	0.54	0.425	0.685	226	0.172960046361422
Iqca	0.456	0.205	0.569	829	0.164306565186361
Slc35f6	0.575	0.473	0.712	372	0.15649754238696
Odad2	0.366	-0.093	0.413	1037	0.159621494492109
4930503E14Rik	0.375	-0.121	0.396	177	0.155472059043502
Lrriq1	0.328	-0.218	0.348	1673	0.153310838013037
Cldn34d	0.38	-0.002	0.452	210	0.147466161934578
Usp47	0.37	-0.125	0.401	1376	0.153480370557195
Rab11fip2	0.39	-0.061	0.436	529	0.147352172624161
Tmprss12	0.404	0.057	0.494	336	0.151435505931533
Mindy1	0.45	0.083	0.516	468	0.160843736513745
Tmbim7	0.377	-0.014	0.446	302	0.142775485449453
Ct55	0.364	-0.149	0.391	236	0.152641007160835
4930503B20Rik	0.386	-0.064	0.436	234	0.149795249104506
Samd13	0.386	-0.064	0.436	234	0.149795249104506
Rnase10	0.45	0.11	0.526	245	0.165047348104211
Purg	0.443	0.128	0.531	350	0.15570566000497
Mei4	0.337	-0.136	0.385	389	0.136847081855513
Efcab10	0.357	-0.117	0.392	132	0.150894703893533
Kif27	0.394	0.018	0.472	1394	0.158586930968512
Ccdc173	0.335	-0.214	0.348	547	0.157649028291757
Sf3a3	0.496	0.219	0.581	501	0.16773849860844
Zcchc13	0.483	0.122	0.539	170	0.198825960743185
Samt2b	0.363	-0.022	0.443	233	0.150356606494432
Zbtb49	0.542	0.262	0.611	756	0.175393918854686
Usp50	0.51	0.242	0.597	390	0.172217958849848
4930505A04Rik	0.329	-0.274	0.333	233	0.144134330974636
Uhrf1bp1l	0.375	-0.087	0.421	1457	0.152429520791868
Ube2dnl2	0.366	-0.072	0.425	155	0.152981734813735
Lysmd4	0.49	0.239	0.596	293	0.166435294275398
Mmd2	0.567	0.383	0.667	247	0.160248853936696
Zc2hc1b	0.369	-0.117	0.405	172	0.155081758442235
Nxnl2	0.668	0.666	0.821	156	0.169846826583317
4930513O06Rik	0.363	-0.235	0.363	161	0.157700796706068
Rprd2	0.409	-0.046	0.451	1469	0.144759498320889
Slxl1	0.311	-0.326	0.299	155	0.147533399825425
Rasd2	0.649	0.528	0.748	266	0.172983374072903
Mfsd13a	0.577	0.488	0.721	519	0.159938147931395
Ccdc146	0.415	0.089	0.506	977	0.164126211135004
Tex38	0.441	0.104	0.518	201	0.152875241365584
Meiob	0.309	-0.296	0.303	470	0.145309316029362
Tmem269	0.474	0.21	0.569	254	0.158793657587716
Samt4	0.326	-0.179	0.367	233	0.142800020300043
Sirpd	0.381	0.005	0.462	178	0.152163855485584
Sap25	0.494	0.188	0.568	261	0.151283401252258
Ankrd7	0.328	-0.246	0.337	280	0.156739181714668
Rhox2a	0.435	0.059	0.503	191	0.15934440885731
Spaca6	0.45	0.182	0.557	339	0.1578005285379
Sv2c	0.5	0.293	0.623	727	0.159188560792032
Prr3	0.481	0.106	0.525	190	0.153169446159399
Rnf121	0.442	0.137	0.535	327	0.157633722970196
Cep128	0.424	0.117	0.522	1102	0.15986651649169
Dusp18	0.56	0.408	0.682	188	0.153617330366316
Dpp3	0.544	0.367	0.661	738	0.165116291724534
Rnf19b	0.534	0.302	0.63	731	0.171281954671939
4930563M21Rik	0.38	-0.145	0.396	197	0.161069383819458
Tomm20l	0.427	0.217	0.572	152	0.156754110742576
4930564D02Rik	0.447	0.143	0.531	103	0.154033255155749
Erich6b	0.4	-0.007	0.461	220	0.150012651133809
Pelp1	0.427	0.029	0.482	1123	0.155193402496142
Tmco5b	0.412	0.086	0.505	307	0.160474376857323
Ppp1r1c	0.383	-0.127	0.41	108	0.152752094829677
Bcdin3d	0.496	0.302	0.622	285	0.156289682034153
Slc35f4	0.443	0.134	0.532	485	0.151158108518696
Zbtb3	0.419	-0.049	0.446	518	0.153695708037918
Prkd3	0.393	-0.037	0.447	890	0.152711292173566
Cep43	0.368	-0.113	0.409	399	0.15097297897406
Asxl2	0.364	-0.188	0.373	1370	0.151198362177304
Ankrd53	0.487	0.235	0.589	497	0.156732909816722
4930550C14Rik	0.367	-0.145	0.388	315	0.153126598823686
Taf1d	0.295	-0.36	0.274	322	0.149792056157618
Parpbp	0.342	-0.189	0.361	573	0.150914071068246
Etnk1	0.482	0.208	0.576	363	0.163600206563429
Fam243	0.463	0.183	0.562	251	0.165377983160814
Atf7ip2	0.316	-0.299	0.308	452	0.148890894108598
Ccdc83	0.379	-0.052	0.436	408	0.159419793792906
Mphosph8	0.34	-0.188	0.367	858	0.158293592650002
Slamf7	0.414	0.044	0.492	333	0.150514670902268
Magea13	0.444	0.085	0.518	320	0.165335430909585
4930558K02Rik	0.406	0.005	0.466	182	0.151111755594401
Sirt4	0.533	0.374	0.661	333	0.16082115626247
Boll	0.326	-0.366	0.287	293	0.144427304279382
Spp2	0.443	0.122	0.529	203	0.15295765033562
Mrpl32	0.36	-0.098	0.404	187	0.15156230518212
Defb29	0.515	0.303	0.627	78	0.180977548914588
Arhgap36	0.456	0.122	0.524	590	0.160486500667917
Ndufs7	0.579	0.427	0.692	224	0.165071237378434
Slitrk5	0.479	0.231	0.586	957	0.157169851905028
Kmt2b	0.471	0.129	0.537	2713	0.156218877232839
Arhgap12	0.352	-0.194	0.367	838	0.148432125583448
Nop14	0.417	0.052	0.493	860	0.161857347289944
Secisbp2	0.482	0.155	0.556	858	0.160482214050796
Mettl5	0.308	-0.276	0.315	209	0.151160759559228
Arl5a	0.346	-0.072	0.419	179	0.151583829837122
Zfp820	0.323	-0.347	0.289	549	0.163770751015253
Tti1	0.416	0.092	0.508	1085	0.157618721886918
Igfbpl1	0.581	0.485	0.725	270	0.175133621789519
Fam183b	0.489	0.182	0.562	137	0.164706895508879
Anapc15	0.486	0.112	0.534	141	0.168900108773421
Fam166c	0.532	0.35	0.655	200	0.150360885221291
Cfap97d1	0.353	-0.1	0.399	164	0.14101378361576
Cypt12	0.362	-0.085	0.419	119	0.163826217220553
Ccdc192	0.378	-0.021	0.452	271	0.161232932131683
Ascc2	0.521	0.282	0.615	749	0.164256268407534
Ccdc7b	0.277	-0.422	0.239	381	0.141058249863542
Phpt1	0.512	0.256	0.608	124	0.181081579347702
Prps1l1	0.45	0.115	0.524	318	0.169048681510976
Cklf	0.358	-0.081	0.414	152	0.148193063019451
Syce3	0.521	0.298	0.623	88	0.167526898386449
1700001C19Rik	0.509	0.227	0.588	210	0.153184126394436
Dynlrb2	0.445	0.157	0.543	96	0.157067804529633
Stpg4	0.397	-0.023	0.459	247	0.144400484766925
Spata19	0.386	-0.009	0.458	154	0.142990295029583
Iqcf5	0.372	0.009	0.447	148	0.156785477490808
1700009N14Rik	0.449	0.138	0.543	216	0.162382634676298
Cfap126	0.469	0.074	0.516	189	0.155162763921517
Oplah	0.504	0.242	0.594	1288	0.159076090065668
Pfn3	0.585	0.465	0.707	137	0.171642013118932
1700003F12Rik	0.627	0.486	0.723	197	0.173035098401271
Hspb9	0.479	0.252	0.601	199	0.149298739348466
Cox8c	0.461	0.221	0.577	72	0.138328004689447
1700010B08Rik	0.358	-0.178	0.364	102	0.155746770833892
Morn5	0.579	0.401	0.681	170	0.165688941392189
Fabp12	0.44	0.064	0.504	132	0.161452542597626
Cmtm2b	0.399	0.076	0.492	210	0.16075500676315
Cfap276	0.465	0.14	0.543	168	0.153257856195409
Pou5f2	0.45	0.135	0.534	329	0.152126690262101
Gm6812	0.395	-0.021	0.468	112	0.158327436058695
Izumo2	0.5	0.278	0.608	193	0.17075565142159
Gpx6	0.463	0.144	0.552	221	0.159552060885924
1700013H16Rik	0.328	-0.307	0.31	291	0.143770978440062
Ttc32	0.448	0.141	0.541	148	0.159247992063977
Tex48	0.44	0.15	0.551	110	0.165042329044823
Eppin	0.419	0.077	0.508	134	0.17721102886437
Tex29	0.439	0.036	0.489	186	0.169643788396561
Lyrm7	0.324	-0.2	0.356	104	0.148668498945509
Nme5	0.366	-0.077	0.42	211	0.152819157483686
Garin5a	0.611	0.508	0.736	212	0.161036715099487
Fpgt	0.348	-0.136	0.393	590	0.151295698134045
Nat8f4	0.424	0.139	0.535	226	0.153623368181829
Akap13	0.417	0	0.471	2776	0.157399584520723
Paqr9	0.779	0.815	0.9	375	0.165945195561741
Zc3h14	0.365	-0.173	0.379	735	0.1480853664707
Nscme3l	0.495	0.271	0.608	294	0.161986063718002
Cfap161	0.451	0.17	0.554	303	0.159175611772578
Spata45	0.496	0.253	0.602	97	0.172929114245872
Ep400	0.428	0.032	0.486	3035	0.15352990482
Dnali1	0.564	0.351	0.649	258	0.167917012410565
Rsph9	0.554	0.401	0.674	276	0.15913185557117
Sgf29	0.541	0.296	0.621	293	0.168057727628238
Capsl	0.353	-0.106	0.406	208	0.15000773976111
Spata9	0.37	0.002	0.457	252	0.153472972429727
Acyp2	0.426	0.038	0.49	106	0.157645021668861
Prr29	0.515	0.21	0.587	187	0.150892536188551
Dynap	0.387	-0.092	0.424	161	0.146878830304005
Fggy	0.389	-0.036	0.447	552	0.159287591969182
Zbtb4	0.491	0.171	0.564	982	0.156738768646627
Yipf7	0.399	-0.012	0.461	254	0.152526813993838
Krtap9-3	0.669	0.431	0.709	136	0.245775848228655
Dusp9	0.557	0.373	0.666	452	0.167232961511467
Malsu1	0.426	0.143	0.535	228	0.155737752422055
Prl7b1	0.328	-0.191	0.354	251	0.140568430463836
Ndufaf2	0.378	-0.104	0.418	168	0.150546430041871
Pcdh1	0.538	0.359	0.66	1038	0.158984890766965
Calml4	0.552	0.385	0.669	153	0.179511460632194
Tm4sf5	0.48	0.257	0.599	196	0.178357109978043
Kdm5b	0.398	-0.02	0.453	1544	0.161443351141249
Wnk2	0.552	0.304	0.634	2213	0.158857444641375
Chmp4b	0.562	0.399	0.682	224	0.182467082123396
2010109A12Rik	0.328	-0.217	0.348	119	0.147419850016738
Gns	0.557	0.416	0.686	544	0.164356840451959
Med25	0.559	0.354	0.658	745	0.160263741519248
Smim15	0.39	-0.022	0.449	74	0.174093434578422
Rps25	0.44	0.11	0.528	125	0.184753443854386
Fastkd2	0.341	-0.148	0.377	689	0.149637949779562
Kxd1	0.547	0.308	0.629	177	0.150425857530614
Spaca3	0.509	0.255	0.597	163	0.175798185796224
Tex30	0.3	-0.369	0.266	225	0.151167116831832
Metap1	0.4	-0.026	0.456	386	0.164664864979748
Mageh1	0.48	0.183	0.567	218	0.154832172250131
Snapc1	0.41	0.066	0.501	389	0.163839362358786
Frey1	0.461	0.259	0.594	99	0.146047373071538
Spata25	0.491	0.177	0.561	226	0.167374597361603
Ccdc172	0.358	-0.045	0.432	267	0.156654742077128
Rai14	0.462	0.187	0.569	979	0.169538545610368
Ssmem1	0.436	0.101	0.522	244	0.149308754311381
1700020A23Rik	0.489	0.309	0.616	131	0.150634295227868
Speer4a	0.449	0.096	0.514	267	0.164936178114874
Wdr54	0.468	0.181	0.562	334	0.158566885404844
Lin37	0.505	0.19	0.564	246	0.154751480847068
Bicdl1	0.58	0.482	0.72	577	0.170287017738416
Tmem225	0.386	0.013	0.463	230	0.15157470142489
Rasl10a	0.526	0.333	0.635	203	0.15669900438133
Pik3r4	0.468	0.213	0.576	1358	0.1595708624334
Tex22	0.531	0.282	0.617	189	0.156999096436507
Cldn22	0.524	0.403	0.676	220	0.174517853986866
Ippk	0.434	0.122	0.53	489	0.163000394175039
Nudt16	0.605	0.498	0.725	195	0.167207166351062
Ripor1	0.49	0.206	0.578	1223	0.151785842873296
Higd1b	0.512	0.237	0.587	98	0.180452657354659
Vsig10l	0.495	0.263	0.603	766	0.15126772523567
Anks6	0.557	0.381	0.67	815	0.164770731686411
Nr2c2ap	0.532	0.319	0.64	140	0.158716926464884
Rilpl1	0.62	0.551	0.757	406	0.172560824696279
C2cd4b	0.693	0.686	0.827	340	0.160799992437806
Shld2	0.327	-0.223	0.35	891	0.150352408381263
Eif4b	0.423	-0.026	0.454	611	0.151288410345753
Krt24	0.477	0.19	0.571	512	0.170904441363104
Rbm12	0.319	-0.342	0.293	992	0.138185929831298
Tmem14a	0.339	-0.145	0.38	145	0.143960760384106
Cul5	0.324	-0.159	0.373	855	0.147185164473139
Vwa5b1	0.55	0.357	0.657	1215	0.16350889185844
4932414N04Rik	0.341	-0.22	0.353	752	0.146363487955727
Amotl1	0.53	0.291	0.624	968	0.163120307821736
Phf14	0.342	-0.269	0.329	941	0.161877329873668
Fam227a	0.471	0.211	0.576	625	0.161449261522478
Idnk	0.445	0.185	0.559	184	0.158429212402204
Iqcd	0.632	0.585	0.775	458	0.180577327982508
Mff	0.321	-0.249	0.319	291	0.140938225678716
Pank1	0.523	0.341	0.648	548	0.163090533169977
Bcl2l12	0.502	0.284	0.614	255	0.151189578715232
Mpp7	0.382	-0.07	0.425	576	0.152600204521381
Egfem1	0.415	-0.044	0.451	590	0.181925383992381
Svip	0.449	0.179	0.568	77	0.171523034896286
Morc4	0.386	-0.046	0.442	928	0.15380503270898
Sesn3	0.445	0.129	0.53	492	0.154014244078875
Slc10a6	0.48	0.236	0.588	373	0.165306631648799
Ipo4	0.525	0.326	0.635	1082	0.16437677599774
Klf17	0.403	-0.068	0.436	341	0.149590132875444
9130401M01Rik	0.501	0.261	0.604	372	0.16648970786184
Apol7a	0.397	-0.084	0.423	418	0.162025456806942
Dcaf17	0.374	-0.063	0.432	519	0.154981781066731
Slx1b	0.464	0.193	0.562	270	0.15595283678674
Dcstamp	0.407	0.09	0.502	470	0.152582980654432
Rab11fip1	0.503	0.241	0.601	1166	0.15937762599384
Plppr5	0.408	0.052	0.494	321	0.150305291204513
Brsk2	0.574	0.402	0.68	719	0.164778734605991
Pnpla5	0.533	0.332	0.639	432	0.159688113431777
Adad2	0.559	0.434	0.696	561	0.161944433426636
4930402K13Rik	0.372	-0.165	0.386	415	0.152538167723105
Ttc23l	0.404	0.034	0.48	458	0.165070564627669
Them4	0.347	-0.121	0.398	230	0.151648594332586
Lca5	0.391	-0.004	0.464	704	0.150748976679509
Cfap299	0.426	0.05	0.489	233	0.158665256780303
Klhl24	0.366	-0.096	0.411	600	0.155073780712784
Ckap5	0.347	-0.173	0.372	2032	0.156204412573906
Smurf1	0.481	0.24	0.591	731	0.158986881333929
Cdyl2	0.573	0.42	0.689	503	0.1739436400552
4930444P10Rik	0.416	0.027	0.476	154	0.154785316255582
4930447C04Rik	0.265	-0.571	0.175	574	0.134163764509899
Nln	0.411	0.052	0.49	704	0.159222785626959
Saxo1	0.482	0.13	0.541	476	0.161485380045213
Tasp1	0.375	-0.119	0.408	420	0.165245178040921
Wdr64	0.385	-0.031	0.449	1084	0.152369093916613
Fam227b	0.344	-0.169	0.374	532	0.143495048504842
Senp2	0.383	-0.047	0.438	588	0.150689630051053
Hormad2	0.384	-0.022	0.456	306	0.150499365940089
Pramex1	0.352	-0.093	0.401	464	0.149215542249105
Rnf139	0.339	-0.066	0.418	668	0.144896701173337
Crppa	0.387	0.017	0.471	447	0.158333964633736
4930568D16Rik	0.344	-0.164	0.375	319	0.144701107568002
Tex26	0.414	0.025	0.483	296	0.151286862602742
Clec4g	0.492	0.233	0.586	294	0.166641341125827
Arl5b	0.37	-0.028	0.443	180	0.154808036686791
Tcam1	0.485	0.239	0.594	548	0.161411902941531
Zfp821	0.412	0.038	0.484	413	0.154272244828391
Gstt4	0.494	0.279	0.608	240	0.164595581091272
Adal	0.368	-0.102	0.409	360	0.159209135389685
Dcp1a	0.435	0.083	0.512	602	0.14708337584641
Dipk2b	0.46	0.135	0.532	435	0.160262380409634
Fam184a	0.408	0.079	0.504	1143	0.161826121702536
Vmp1	0.368	-0.094	0.411	406	0.154209578937306
Exoc6b	0.42	0.059	0.493	810	0.156506231746538
4930579G24Rik	0.455	0.171	0.561	111	0.14454084463461
Samd7	0.388	-0.086	0.425	445	0.148546796819688
Srrm2	0.333	-0.292	0.306	2607	0.133183730089014
Trappc8	0.347	-0.174	0.374	1437	0.150483014838758
Zdhhc20	0.343	-0.188	0.371	368	0.145713555757531
Ccdc162	0.426	0.106	0.515	912	0.158650248726449
Dock11	0.343	-0.166	0.375	2073	0.149972936953947
Rab30	0.401	0.047	0.487	203	0.157245074976678
Agmat	0.516	0.316	0.631	358	0.156385584452094
Slain2	0.414	-0.006	0.466	607	0.144744686545039
Ms4a18	0.436	0.061	0.506	344	0.143217826849131
Zmym2	0.334	-0.284	0.327	1376	0.152482412960002
Zc3h18	0.476	0.144	0.548	972	0.157056546587897
Gon4l	0.457	0.099	0.525	2242	0.16350772261979
Cant1	0.577	0.437	0.697	440	0.161087596604639
Ccdc125	0.351	-0.108	0.405	500	0.154758382459449
Ncapg2	0.358	-0.091	0.408	1138	0.156253054631924
Ganc	0.426	0.026	0.484	913	0.156666225075242
Oga	0.383	-0.073	0.432	916	0.157865091794722
Jakmip1	0.598	0.486	0.72	626	0.180963692776024
Rnf183	0.601	0.486	0.721	190	0.160580445528397
Pcgf5	0.333	-0.215	0.348	236	0.154399650953016
Gbp8	0.467	0.148	0.545	525	0.167884035344638
Ttpal	0.525	0.338	0.641	343	0.163833852182088
Dock8	0.506	0.277	0.612	2100	0.162810478259709
Rapgef2	0.456	0.14	0.541	1494	0.156527407151989
Rap2a	0.659	0.571	0.773	183	0.177923942480173
Lpo	0.506	0.273	0.61	710	0.157797293986916
Arhgap15	0.373	-0.091	0.415	481	0.151373226883892
Gpsm2	0.388	0.006	0.465	679	0.159219549803066
Las1l	0.429	0.055	0.497	759	0.162421910686644
Depdc1a	0.264	-0.411	0.237	806	0.140521191916691
Faxc	0.479	0.232	0.589	409	0.161179733089947
Mcur1	0.49	0.364	0.652	340	0.156344606978068
Ccdc138	0.358	-0.107	0.406	680	0.152160858371895
Ppp1r14c	0.493	0.271	0.613	164	0.164025189701255
Fam131b	0.475	0.117	0.537	360	0.1626953913057
Slc35d3	0.586	0.506	0.733	422	0.164140359655759
Lamp5	0.465	0.189	0.567	280	0.156436192680579
Cplane2	0.504	0.268	0.609	258	0.160941258389033
Snrnp35	0.463	0.179	0.549	244	0.15944880640619
Coa5	0.426	0.039	0.486	74	0.173581920939885
Usp31	0.457	0.131	0.541	1344	0.153357915123102
Celf6	0.556	0.383	0.674	460	0.164396812478613
Abca6	0.352	-0.066	0.421	1624	0.148675009596711
Adhfe1	0.398	-0.07	0.433	465	0.156540720608069
Abhd12	0.439	0.135	0.534	398	0.154539015845504
Med13l	0.483	0.195	0.573	2216	0.157754107257908
Stard3nl	0.362	-0.015	0.448	263	0.144444695964081
Gpr165	0.452	0.12	0.527	455	0.151176079440693
Jakmip2	0.427	0.119	0.519	820	0.162190048523646
Arxes1	0.553	0.439	0.697	180	0.159230014474577
Agbl3	0.357	-0.152	0.384	1006	0.150548768958289
Vmn2r29	0.343	-0.169	0.375	852	0.148791254790987
Dnttip1	0.499	0.259	0.601	328	0.166482480739933
Grhpr	0.527	0.37	0.659	328	0.165130158199648
Rtf1	0.432	0.071	0.509	715	0.16199060354563
Ercc6l2	0.34	-0.155	0.377	699	0.156039202932963
Atp6v0e2	0.502	0.257	0.604	112	0.156999176341688
Slc38a3	0.569	0.435	0.694	505	0.164205915210086
Ttc8	0.398	-0.03	0.448	515	0.157084029777376
0610040J01Rik	0.454	0.103	0.529	313	0.159088953132196
Gstk1	0.456	0.216	0.578	226	0.155774166672137
Tsen54	0.549	0.376	0.665	525	0.162678266167154
Fads1	0.576	0.462	0.711	447	0.157327684535662
Ndfip2	0.451	0.129	0.537	338	0.155858127995307
Cyp2d26	0.529	0.313	0.631	500	0.155594268538494
Tax1bp3	0.471	0.24	0.593	124	0.156502401260639
Gpt	0.549	0.35	0.651	496	0.169202788721037
Mfap4	0.611	0.472	0.72	281	0.171120543333812
Asb5	0.339	-0.162	0.372	329	0.151228862637581
Atp11b	0.299	-0.3	0.298	1175	0.140045817166956
Erp44	0.313	-0.269	0.319	406	0.141985834265983
Pcnp	0.386	-0.178	0.39	178	0.159213115743036
Osbp	0.485	0.213	0.583	805	0.166729448058421
Slc18b1	0.364	-0.029	0.443	457	0.14506596587423
Rab1b	0.573	0.373	0.667	201	0.173933483894882
Cog2	0.469	0.197	0.568	731	0.160434677033684
Rab2b	0.45	0.171	0.555	216	0.15832985861437
Tgds	0.401	-0.015	0.466	355	0.155150749224237
Trmt5	0.348	-0.116	0.399	501	0.144812535144106
Tbx18	0.481	0.186	0.57	613	0.157342927797079
Mtif3	0.427	0.101	0.515	276	0.163817085493428
Trp53rkb	0.59	0.589	0.776	244	0.16106809915112
Zfp773	0.399	-0.014	0.46	471	0.167248221577632
Det1	0.541	0.354	0.652	550	0.156636262241696
Slc24a2	0.446	0.161	0.548	711	0.153811342630462
Ropn1	0.438	0.109	0.517	212	0.157675400295069
Cep112	0.384	-0.016	0.453	954	0.162588245910211
1700012A03Rik	0.429	0.091	0.516	130	0.177844923029069
H2al1m	0.407	0.112	0.515	105	0.138941233992094
Ankrd36	0.41	0.002	0.471	1415	0.159788120058939
Zfp735	0.284	-0.381	0.265	734	0.146509662278732
Il31	0.404	0.063	0.497	163	0.160456854134856
Pbp2	0.551	0.375	0.669	187	0.158703441279373
1700018B08Rik	0.5	0.32	0.628	213	0.16454295671949
Tex45	0.49	0.213	0.582	500	0.152691918902931
Sun5	0.501	0.286	0.617	348	0.157835364666666
Abcc3	0.529	0.372	0.659	1522	0.160228123321657
Ift43	0.528	0.28	0.614	195	0.165103753143527
Spaca7b	0.344	-0.151	0.384	166	0.144607148672564
Fam187b	0.497	0.262	0.602	358	0.167376027299115
Polr1has	0.342	-0.188	0.357	292	0.147739982276497
1700028K03Rik	0.317	-0.194	0.352	186	0.142028325086442
Gid8	0.418	0.076	0.498	228	0.15549299023987
Fam209	0.457	0.183	0.563	170	0.167701605506971
Lhpp	0.528	0.297	0.625	270	0.175512724956179
Rftn1	0.505	0.245	0.599	554	0.162821017864911
Daam2	0.535	0.329	0.637	1115	0.163531491762607
Krtap4-7	0.703	0.547	0.765	168	0.269107657830419
Ppp1r18	0.456	0.131	0.535	594	0.156582688975557
Prss23	0.499	0.24	0.596	382	0.16300302686188
Fbxo31	0.642	0.567	0.766	507	0.167815075393753
Ccdc134	0.594	0.458	0.707	229	0.167712789362273
Car12	0.496	0.245	0.594	354	0.161794653125814
Knl1	0.3	-0.357	0.279	2119	0.146302749445638
Msrb2	0.486	0.151	0.55	175	0.167025043724335
Cmya5	0.371	-0.128	0.407	3676	0.150147742743161
Pcolce2	0.458	0.17	0.559	414	0.162273798147176
Haus8	0.486	0.185	0.561	373	0.168987343874331
Smndc1	0.383	-0.117	0.415	238	0.161085585395998
Rmc1	0.471	0.196	0.569	657	0.160275397396252
Lmf1	0.554	0.414	0.68	574	0.156242427916169
Glt8d1	0.352	-0.104	0.407	371	0.14712704532128
Ly6k	0.418	0.114	0.527	154	0.159894617046559
Ppp1r3g	0.604	0.495	0.731	347	0.165891968255325
Abhd14b	0.527	0.294	0.623	210	0.161461751012898
Ppp1r11	0.48	0.079	0.524	131	0.157436632006653
Paqr4	0.546	0.382	0.664	273	0.163756875461207
Clasp2	0.352	-0.154	0.382	1287	0.148071259562341
Ip6k2	0.465	0.203	0.576	448	0.161701325578117
Commd9	0.515	0.325	0.634	198	0.16538700644588
Aoc1	0.503	0.233	0.592	756	0.154093577659719
Plet1	0.512	0.282	0.621	237	0.14892779902741
Trappc9	0.563	0.417	0.687	1139	0.164162850804918
Lsm8	0.372	-0.023	0.447	96	0.152240590225383
Cln6	0.615	0.571	0.766	308	0.154726195303843
Il34	0.477	0.267	0.601	235	0.159048840897047
Fam204a	0.373	-0.158	0.396	236	0.163953899482027
Tmem101	0.555	0.446	0.697	257	0.161906385873858
Ccdc6	0.57	0.462	0.712	469	0.161448996566395
Atg2b	0.414	0.036	0.486	2075	0.152887258131149
Prss8	0.511	0.278	0.614	339	0.162958034593616
Snx7	0.442	0.113	0.525	445	0.159229623766872
Qrsl1	0.382	-0.038	0.448	525	0.153159701865575
Rflnb	0.586	0.465	0.717	216	0.16210279686203
Ift46	0.518	0.24	0.597	301	0.167931347923832
Styxl1	0.479	0.271	0.605	321	0.162989978908091
Rbmxl2	0.676	0.658	0.816	385	0.152957230023304
Spatc1l	0.546	0.37	0.658	342	0.160894142393229
Mfsd2a	0.525	0.347	0.648	534	0.157763244446151
Faf2	0.422	0.077	0.501	445	0.15329602230078
Mib2	0.542	0.327	0.639	921	0.17082549042988
Ipo11	0.347	-0.123	0.393	975	0.147193173508731
Lce1i	0.577	0.258	0.622	149	0.224554975638179
Unc5cl	0.567	0.397	0.675	518	0.168124173387785
Dnajc18	0.448	0.086	0.513	357	0.165859176713853
Llcfc1	0.459	0.214	0.577	108	0.160799816063224
Hectd3	0.548	0.363	0.657	861	0.163789732232253
Lrrc27	0.444	0.116	0.524	523	0.157098715866905
Immt	0.373	-0.062	0.433	757	0.157502902855139
Got1l1	0.495	0.287	0.616	404	0.161609743287238
Msi2	0.451	0.094	0.53	346	0.151442504155023
Prr30	0.452	0.12	0.531	401	0.14747933216264
Tmem270	0.479	0.28	0.6	264	0.152656968597596
Stambpl1	0.402	-0.009	0.459	436	0.160621539183593
Lrmda	0.444	0.201	0.566	229	0.156664527246587
1700113H08Rik	0.394	-0.062	0.436	327	0.148224134759355
Pkd1l2	0.521	0.317	0.635	2461	0.15993048835023
Wdr38	0.469	0.181	0.562	303	0.163548462396113
Srxn1	0.585	0.506	0.735	155	0.160275652282481
1700122O11Rik	0.413	0.034	0.489	241	0.147194405907401
Actrt3	0.446	0.125	0.533	369	0.161440750424295
Upp2	0.397	0.044	0.485	338	0.158018870151471
1700123K08Rik	0.428	0.017	0.477	295	0.158669631145002
Mdh1b	0.412	0.042	0.486	500	0.158167561035878
Cfap70	0.42	0.053	0.496	1141	0.156941099915253
Trim12a	0.451	0.109	0.523	297	0.174611783861783
Clip3	0.507	0.256	0.606	547	0.164154611695822
Spcs3	0.387	0.031	0.48	180	0.141977681875423
Arfrp1	0.483	0.198	0.57	201	0.171638394320247
Cpb1	0.423	0	0.471	415	0.159142537910128
Arpc2	0.432	0.03	0.485	300	0.155948927196939
Slc6a21	0.551	0.424	0.688	423	0.152459336650076
Catsperg2	0.474	0.22	0.584	1145	0.155576095906715
Kansl1	0.377	-0.086	0.419	1036	0.149104547044748
Ckmt2	0.471	0.144	0.537	419	0.162130037912229
Creld2	0.56	0.301	0.636	350	0.197268331288903
Efr3a	0.357	-0.118	0.396	819	0.154092514789669
Snx27	0.438	0.111	0.529	539	0.157226776397684
Gje1	0.411	0.086	0.505	205	0.159525483961874
Dapl1	0.406	-0.015	0.461	107	0.16108931631082
Trdn	0.344	-0.346	0.305	693	0.162086483089575
Gsdma2	0.478	0.262	0.601	443	0.158173591808914
Mospd2	0.359	-0.122	0.402	518	0.149341403884486
Alpi	0.535	0.316	0.638	554	0.162947710337798
Csta2	0.367	-0.131	0.404	97	0.157137103676359
Wdyhv1	0.474	0.144	0.548	209	0.168778190201925
Slc10a7	0.455	0.25	0.59	340	0.149133452012093
Cluap1	0.415	0.037	0.48	413	0.161320103721828
Mettl4	0.327	-0.224	0.347	471	0.155540740131608
Mtif2	0.291	-0.327	0.288	727	0.151032820130535
Ppfia3	0.534	0.36	0.653	1194	0.163786068690069
Klhdc10	0.46	0.186	0.561	439	0.155319757644899
Mzt1	0.391	0.09	0.507	78	0.16822924603041
Spring1	0.595	0.545	0.755	205	0.178976264260132
Snip1	0.471	0.198	0.569	383	0.15149072022504
Tbc1d9b	0.584	0.442	0.701	1263	0.167380162366562
2410137M14Rik	0.431	0.026	0.477	162	0.159031322716879
Tmem234	0.511	0.39	0.669	140	0.161173637104582
Usp42	0.457	0.112	0.533	1324	0.160419702771399
Zfp998	0.306	-0.48	0.23	464	0.154555334329149
Kdm4c	0.369	-0.146	0.393	1054	0.158305543032632
Rpl18a	0.619	0.445	0.702	176	0.168699803469616
Bri3bp	0.609	0.645	0.806	253	0.161783570403489
Armc6	0.52	0.317	0.631	468	0.180810428807569
Calcoco2	0.557	0.334	0.656	331	0.18253796096659
Sdccag8	0.419	0.066	0.499	717	0.167043147349442
Cyria	0.424	0.058	0.492	323	0.1554914584045
Mtfr1l	0.475	0.164	0.55	289	0.160188522246034
Nubpl	0.313	-0.205	0.351	319	0.151087042137852
Dok5	0.458	0.196	0.568	306	0.15755605981552
Hyls1	0.333	-0.206	0.356	314	0.143710010488605
Dtl	0.376	-0.14	0.402	729	0.152373245666048
Rps9	0.52	0.353	0.642	194	0.166763098624054
Ago4	0.427	0.039	0.489	861	0.156095941568931
Gper1	0.652	0.618	0.792	375	0.166645355037665
Catsper3	0.496	0.333	0.637	395	0.156104714917151
Spopl	0.299	-0.362	0.278	392	0.149618526118603
Nlrp14	0.339	-0.127	0.389	993	0.156914320924821
Dcun1d5	0.33	-0.212	0.354	237	0.153597780048661
Morn1	0.488	0.216	0.588	477	0.157805765313537
Rhbdd1	0.456	0.172	0.553	315	0.157711459112783
Ccdc116	0.482	0.166	0.553	541	0.15557950633259
Rab36	0.56	0.393	0.677	267	0.169804227277146
Cyfip2	0.587	0.456	0.706	1253	0.170111285730664
Fam81a	0.476	0.276	0.606	364	0.1652899953713
Coq8b	0.514	0.302	0.621	533	0.162356057007828
Memo1	0.343	-0.2	0.36	297	0.146157876552639
Rnft1	0.301	-0.256	0.32	395	0.14076896698645
Cers2	0.478	0.244	0.589	380	0.151270668547904
Mettl15	0.362	-0.107	0.404	406	0.151056261857351
Bicd2	0.659	0.569	0.768	851	0.179080357483372
Ralyl	0.408	-0.002	0.469	293	0.15713411205925
B3gat1	0.537	0.353	0.65	347	0.153056643716468
Golga1	0.37	-0.062	0.429	758	0.159029138517628
Ssbp4	0.608	0.417	0.696	363	0.15827970612524
Jade2	0.522	0.296	0.625	829	0.168618698280575
Lrg1	0.648	0.661	0.813	342	0.162486935928516
Mnd1	0.359	-0.11	0.408	205	0.15894745070355
Timmdc1	0.412	0.032	0.478	285	0.151850026014374
Flywch2	0.563	0.28	0.625	139	0.168051670474513
Arrdc5	0.539	0.367	0.661	325	0.159937278950109
1700013D24Rik	0.372	-0.024	0.447	120	0.154608730782955
Spata46	0.549	0.36	0.66	204	0.171292760272875
Tsacc	0.413	0.028	0.484	124	0.168758932488399
Arfip2	0.525	0.311	0.631	341	0.16655331858209
Ifi27l2a	0.355	-0.161	0.384	90	0.157024410610295
Hnrnpm	0.415	-0.007	0.462	729	0.162008572711549
Rbm17	0.402	-0.017	0.46	405	0.158105333014766
Lypd5	0.652	0.567	0.77	256	0.173708854875593
Psapl1	0.54	0.322	0.64	525	0.181155797865729
Ndufaf6	0.413	0.078	0.502	333	0.154716255420819
Nt5c2	0.439	0.119	0.527	586	0.151335594807198
Dennd2b	0.485	0.21	0.576	1134	0.154116965900161
Chmp5	0.447	0.111	0.529	219	0.173598575315458
Bcas1	0.494	0.198	0.586	633	0.161756072979316
2610028H24Rik	0.516	0.23	0.59	270	0.155779152713331
Slitrk1	0.488	0.273	0.607	696	0.163537331103202
2700049A03Rik	0.337	-0.229	0.348	1520	0.147290659362844
Chst1	0.595	0.438	0.695	411	0.164855044897918
Sult2a8	0.33	-0.211	0.347	282	0.140535941474099
Urah	0.569	0.427	0.692	141	0.153036703366559
Arxes2	0.553	0.439	0.697	180	0.159230014474577
Ube2ql1	0.702	0.718	0.85	304	0.172719785306972
Vxn	0.454	0.126	0.532	207	0.156682922235351
Scfd1	0.34	-0.158	0.379	639	0.150505659980116
Hdhd2	0.41	0.032	0.478	259	0.163281148991435
Fbxw27	0.402	0.01	0.469	209	0.160630665447311
Ddrgk1	0.496	0.251	0.594	315	0.165892228138517
Ticrr	0.411	0.001	0.468	1889	0.151521273536381
Mpped2	0.446	0.113	0.528	294	0.147995131561406
Col25a1	0.373	-0.198	0.374	666	0.156259531339626
Slc9a8	0.517	0.336	0.639	576	0.152659662678421
Tstd3	0.34	-0.193	0.36	157	0.156356727335955
2510039O18Rik	0.664	0.647	0.809	634	0.166421853728024
Kdm8	0.562	0.39	0.673	414	0.170724289928394
1700109H08Rik	0.356	-0.17	0.38	210	0.155836268962583
Mrap	0.553	0.431	0.692	127	0.156788253194941
Arfgap2	0.448	0.057	0.501	534	0.161841198949355
Atg16l1	0.426	0.07	0.5	623	0.157735149717765
Arsk	0.36	-0.172	0.375	556	0.146680323049944
Hyal4	0.329	-0.213	0.348	481	0.146837967412599
Arid2	0.377	-0.092	0.425	1828	0.149724012595257
Bcl7a	0.519	0.238	0.608	210	0.170970529607029
Cep83	0.314	-0.206	0.347	692	0.148083154943024
Sun1	0.471	0.201	0.572	913	0.157259009749823
Krt76	0.536	0.311	0.635	594	0.168538986348072
Tmco4	0.511	0.292	0.619	631	0.162773204986696
Ston1	0.456	0.121	0.537	730	0.160260589314995
Ccdc183	0.519	0.329	0.636	534	0.170690237844231
Ints7	0.47	0.208	0.574	966	0.160768355447634
Pate5	0.396	-0.077	0.432	117	0.17252858261383
Ankrd11	0.528	0.268	0.615	2643	0.17263121741914
Ocel1	0.574	0.403	0.676	219	0.158310216495303
Tanc2	0.4	-0.022	0.454	1994	0.146924210612043
Tmem181a	0.493	0.297	0.621	474	0.153730729455613
Gpbp1l1	0.393	-0.102	0.421	473	0.15226063367548
Klhl2	0.412	0.094	0.519	593	0.158306439282838
Mtmr2	0.365	-0.092	0.414	643	0.148506763854898
Il33	0.407	0.038	0.49	266	0.155750486790934
Crebrf	0.382	-0.11	0.414	640	0.154052193820358
Hnrnpa0	0.81	0.878	0.937	305	0.19142657202089
8030423J24Rik	0.446	0.06	0.496	142	0.155440272897422
Krtap5-3	0.542	0.155	0.577	356	0.292048029963379
Ptgr2	0.381	-0.059	0.439	351	0.157073614478755
Tmem200a	0.462	0.201	0.569	491	0.153599739395517
9430038I01Rik	0.509	0.234	0.588	107	0.163008560052641
Yif1b	0.567	0.446	0.702	311	0.158695022697397
Zfp142	0.485	0.15	0.551	1843	0.168105966233536
Nkrf	0.356	-0.2	0.365	690	0.153104175564725
Fam162b	0.417	0.061	0.493	157	0.157860963800072
Raph1	0.417	-0.081	0.432	1266	0.148610325142142
Wdr82	0.458	0.122	0.533	313	0.158441291460093
Ankrd55	0.469	0.152	0.548	626	0.162176920646971
Akr1c21	0.35	-0.149	0.384	323	0.155826888181203
Axdnd1	0.365	-0.116	0.402	1111	0.15546674215742
9430069I07Rik	0.429	0.028	0.475	111	0.16101437713157
Sec24a	0.357	-0.134	0.395	1090	0.142281598315648
9530003J23Rik	0.408	0.053	0.486	151	0.159699557035834
Rab35	0.557	0.426	0.694	201	0.172257747721399
Esrp2	0.484	0.214	0.58	717	0.153998483498853
C330018D20Rik	0.38	-0.022	0.445	115	0.150731064423971
Spinkl	0.328	-0.365	0.276	90	0.162638323333809
9530002B09Rik	0.334	-0.264	0.325	135	0.147858826208582
Tmem116	0.489	0.276	0.609	364	0.158734660280581
Kidins220	0.411	0.054	0.491	1793	0.155758814711821
Stk31	0.313	-0.275	0.317	1018	0.153779128104394
Zfp266	0.365	-0.173	0.385	604	0.161394171766949
Mtus2	0.473	0.149	0.549	1353	0.157852497734729
Tmem213	0.561	0.472	0.719	127	0.166234639792664
Anks1b	0.422	0.035	0.482	510	0.151258904845524
Jrkl	0.308	-0.29	0.303	523	0.149137071841102
Shisa4	0.552	0.313	0.637	197	0.168239203110406
Agl	0.378	-0.043	0.441	1532	0.158049481609787
Limch1	0.474	0.146	0.547	1057	0.160302569153843
Vps33a	0.503	0.311	0.627	598	0.161966011525838
Tcaf1	0.43	0.1	0.515	922	0.15402643494933
Spns3	0.517	0.299	0.62	514	0.159871789541085
Bcl9	0.462	0.061	0.509	1425	0.1497213426308
Myh10	0.512	0.283	0.614	1976	0.176005124846368
Mboat7	0.577	0.45	0.701	473	0.159274666953355
Notum	0.598	0.485	0.725	503	0.165686290258094
Chst15	0.514	0.261	0.603	561	0.160502031761371
Ddx10	0.345	-0.149	0.384	875	0.152257920466451
Usp45	0.37	-0.085	0.423	813	0.158966740376978
Nup210l	0.409	0.062	0.499	1881	0.149034108019538
Adgrf1	0.409	0.076	0.5	908	0.151326806323052
Rbm12b2	0.302	-0.329	0.286	834	0.143332508304515
H2az2	0.476	0.182	0.559	128	0.173938104568388
Odad3	0.534	0.37	0.66	594	0.170172476241977
Prss36	0.5	0.26	0.604	852	0.160182261843069
Prelid2	0.379	0.006	0.464	177	0.151673511962421
Apex2	0.465	0.14	0.539	516	0.156440984516702
Smpd4	0.505	0.272	0.607	823	0.15323110674045
Efcab6	0.503	0.317	0.632	1516	0.160188955103488
Sphkap	0.406	-0.013	0.463	1658	0.15563078914662
Prdm8	0.606	0.543	0.759	688	0.169683989259647
Pramel13	0.456	0.202	0.561	463	0.162084324769485
Snapc3	0.407	0.015	0.476	407	0.159444901472197
Steep1	0.462	0.118	0.533	222	0.173576338927949
Trat1	0.361	-0.163	0.379	197	0.148737979832147
Zfp955a	0.351	-0.221	0.357	545	0.160628495662507
Arhgef38	0.448	0.143	0.538	219	0.162137640794945
Defb41	0.307	-0.3	0.29	65	0.162979162378942
Defb12	0.44	0.107	0.519	85	0.172291319714818
Ehmt1	0.467	0.118	0.533	1296	0.170939496259639
Bsph2	0.377	-0.191	0.374	131	0.161919004242583
Mmab	0.496	0.307	0.629	237	0.161976419111161
Lcn12	0.484	0.259	0.599	193	0.149618166123174
Lcn9	0.466	0.255	0.594	178	0.158123182218978
Cstdc2	0.407	0.024	0.472	133	0.154863633557381
Abcb5	0.355	-0.115	0.402	1255	0.152152812365892
Mrps5	0.446	0.151	0.543	432	0.160744042204645
6030468B19Rik	0.542	0.382	0.667	252	0.159961391488927
Rnf170	0.31	-0.188	0.349	286	0.136343520509775
Adamtsl1	0.49	0.215	0.582	1753	0.168223580947347
Bora	0.376	-0.122	0.408	525	0.146547653443693
Elp4	0.37	-0.039	0.438	422	0.153788212442211
Ermn	0.362	-0.149	0.394	281	0.15627527553855
Csrnp3	0.469	0.13	0.543	597	0.16374596970869
Dcst1	0.525	0.347	0.645	732	0.162403765208651
Ulbp1	0.376	-0.102	0.407	334	0.165286195494776
Epm2aip1	0.413	0.089	0.504	606	0.151621664359092
Polq	0.355	-0.138	0.392	2544	0.152888146515551
Adamtsl2	0.561	0.334	0.65	957	0.17585653360595
A930009A15Rik	0.388	-0.03	0.452	118	0.149142073926839
Sla2	0.484	0.262	0.6	259	0.148425657271389
Shisal2b	0.453	0.223	0.584	158	0.162396277304356
Esco1	0.311	-0.344	0.288	843	0.149650809490713
Lrrc42	0.453	0.149	0.543	421	0.168330620295982
Krba1	0.463	0.119	0.531	1078	0.153326788971369
Tchp	0.579	0.47	0.71	497	0.177037490330323
Mlana	0.421	0.042	0.482	113	0.154590106270917
Msl2	0.359	-0.175	0.377	577	0.158171954085975
Thyn1	0.436	0.059	0.502	226	0.156077632496993
Ypel2	0.425	0.055	0.5	119	0.165862850207041
6030458C11Rik	0.381	-0.063	0.434	442	0.150222149810385
6030498E09Rik	0.388	-0.002	0.454	169	0.1576666764239
Lbh	0.538	0.291	0.626	105	0.171067465255479
Ube2s	0.525	0.26	0.601	223	0.170432015574918
Krtap17-1	0.591	0.298	0.648	109	0.308981437935038
Krtap19-3	0.514	0.12	0.547	87	0.162720255598299
Yipf6	0.348	-0.074	0.413	236	0.149034060438061
Fam53b	0.518	0.295	0.626	422	0.161960369278174
Rpgrip1	0.447	0.106	0.524	1331	0.158944776473173
Cyp20a1	0.374	-0.039	0.441	462	0.150435515440552
Hook1	0.352	-0.1	0.408	728	0.160619050549071
Rdh12	0.455	0.158	0.542	316	0.159048186414319
Tmem50b	0.432	0.112	0.524	158	0.156047938366431
Nuak1	0.533	0.337	0.643	658	0.160868426385333
Sbf1	0.526	0.293	0.62	1893	0.158856709647096
Ascc3	0.32	-0.22	0.343	2198	0.146532037764777
Cutal	0.432	0.168	0.544	156	0.149868411351737
Grifin	0.575	0.389	0.676	144	0.163762361001892
Prr15	0.489	0.15	0.551	122	0.159093164980286
Ccdc150	0.376	-0.046	0.437	1110	0.161115149116326
Mccc2	0.437	0.118	0.528	563	0.161506030462168
Tmem190	0.436	0.104	0.516	166	0.156571502561658
4930583I09Rik	0.408	0.132	0.531	102	0.151432683872022
Cpt1c	0.531	0.34	0.644	798	0.156513561403596
Lcn8	0.466	0.165	0.55	175	0.160683716764269
Crisp4	0.367	-0.212	0.359	293	0.160723769501769
Sowahb	0.502	0.247	0.598	760	0.157845056461142
Samt1	0.37	-0.018	0.45	237	0.148709812563693
Msantd4	0.45	0.149	0.536	345	0.161900932589041
4930451I11Rik	0.425	0.186	0.562	111	0.144877296891785
Spata31	0.352	-0.148	0.385	1014	0.143841176445494
Spag11a	0.422	0.229	0.585	69	0.169102025026422
Lpar4	0.374	-0.041	0.436	370	0.144557524171267
Cox7b2	0.364	-0.13	0.392	82	0.151463848007763
Ninl	0.483	0.209	0.575	1394	0.168194597720047
Tmem210	0.464	0.166	0.553	147	0.16335431076767
Trappc6b	0.362	-0.057	0.43	158	0.154596194820989
Spint4	0.404	0.041	0.478	159	0.156922153278706
Cst11	0.471	0.186	0.56	139	0.163502178207904
Spink12	0.442	0.012	0.48	105	0.172498266122313
9230112D13Rik	0.354	-0.014	0.441	137	0.143861307223979
Dnajc21	0.413	-0.032	0.459	531	0.169305457980529
Acbd7	0.39	0.015	0.47	88	0.173759820818556
Phf23	0.44	0.026	0.486	401	0.157854427235772
Armcx1	0.368	-0.104	0.409	456	0.159952134354033
Adgrf4	0.396	0.018	0.471	698	0.152833794799231
Iqch	0.392	0.033	0.476	1071	0.151055713672322
Zfp712	0.348	-0.287	0.323	705	0.166760097934184
Nxpe2	0.433	0.132	0.53	558	0.155520098222002
Ralgps2	0.367	-0.098	0.416	590	0.151963204037595
Lrrc9	0.376	0.03	0.472	1456	0.153389623417164
Mroh9	0.359	-0.033	0.439	891	0.148348667383974
Zfp687	0.474	0.105	0.529	1237	0.163548504728095
Klhdc8b	0.489	0.207	0.577	354	0.161956520296809
Map7d2	0.404	-0.044	0.449	781	0.1632890504433
Creb3l4	0.45	0.136	0.535	370	0.150857055907807
Nav2	0.547	0.363	0.662	2432	0.159912986145589
Rbsn	0.453	0.127	0.532	783	0.162829488811362
Rps27a	0.45	0.063	0.5	156	0.183351384470802
H2bc27	0.771	0.77	0.878	126	0.174630662267881
Naa38	0.453	0.196	0.567	125	0.154725317460239
Gpr108	0.569	0.435	0.695	569	0.163491681426846
Cul9	0.555	0.395	0.674	2530	0.163625020830853
Ccdc88b	0.517	0.326	0.632	1481	0.164115339456974
Ankrd23	0.505	0.266	0.603	306	0.16930106811049
Fam219b	0.547	0.343	0.651	197	0.173538341217087
Ndufv3	0.461	0.107	0.533	468	0.152629204222961
Cdk19	0.425	0.052	0.496	501	0.155999816338482
Ttyh3	0.614	0.546	0.755	524	0.166057240577388
Lypd8l	0.354	-0.125	0.403	220	0.159343008295844
Icam4	0.497	0.303	0.623	262	0.153978158491433
Snrnp25	0.503	0.365	0.658	123	0.167831962561383
Nudt17	0.459	0.2	0.566	313	0.15152692917808
Sapcd1	0.537	0.32	0.633	146	0.163738078941409
Lce6a	0.386	-0.186	0.375	81	0.161227059510635
Mvp	0.54	0.344	0.647	870	0.167969956785636
Pla2g4d	0.513	0.268	0.608	825	0.159189788875072
Ddx52	0.351	-0.124	0.398	598	0.154986119912562
Ntf5	0.573	0.441	0.698	209	0.157824869903543
Fam131a	0.498	0.219	0.583	361	0.16100347330036
Cyren	0.479	0.188	0.571	184	0.152888677350003
1700034E13Rik	0.359	-0.129	0.39	108	0.162886210859172
Rnase6	0.453	0.088	0.517	153	0.168087144544696
Pym1	0.53	0.309	0.632	203	0.165158914386741
Pgpep1l	0.469	0.217	0.579	130	0.163356805435177
Helz	0.427	0.066	0.502	1965	0.152663667594688
1700057G04Rik	0.339	-0.183	0.363	232	0.159655730708956
Ccdc190	0.42	0.06	0.498	289	0.151982166914989
Tmem247	0.578	0.408	0.683	211	0.169845242679224
Skap1	0.449	0.133	0.538	355	0.160662892520003
Tmsb15a	0.424	0.057	0.5	45	0.150090670201533
Micu3	0.356	-0.074	0.422	523	0.143495419408323
Arhgap10	0.45	0.131	0.536	786	0.157205286877457
B230219D22Rik	0.404	-0.068	0.44	188	0.154594137421984
Mrpl9	0.471	0.221	0.581	265	0.159909343290708
Asb8	0.483	0.279	0.609	288	0.166675148711602
Htra3	0.616	0.507	0.735	459	0.171096468105439
Adgra2	0.532	0.335	0.642	1336	0.162111210760814
Utp23	0.497	0.242	0.592	249	0.172771348330615
Srbd1	0.398	0.026	0.477	981	0.159787862377804
Nrip3	0.458	0.204	0.571	240	0.169890119179821
Pde6h	0.532	0.241	0.6	83	0.158226712179723
Cstdc1	0.37	-0.106	0.413	130	0.150670386008185
Uvrag	0.481	0.212	0.577	698	0.161968454804245
Cstad	0.388	-0.016	0.449	104	0.154525570866332
Acap2	0.393	-0.015	0.459	770	0.161706980277884
Zfp449	0.357	-0.143	0.388	518	0.154410714669991
Acsbg3	0.541	0.388	0.669	705	0.163635047730328
Cypt15	0.352	-0.182	0.372	87	0.1744077187396
Spaca7	0.367	-0.108	0.411	182	0.146143120666159
Lsm6	0.472	0.232	0.584	80	0.160277491551126
Bola3	0.485	0.252	0.602	110	0.164989281693263
Eif3j1	0.341	-0.155	0.395	261	0.160273556101622
Brd8	0.389	-0.1	0.419	951	0.153559036524312
Ncapd3	0.405	0.039	0.482	1506	0.15786179405238
Plekhj1	0.625	0.528	0.745	164	0.175729849043423
Nol3	0.533	0.247	0.603	220	0.157481556952504
Naa35	0.404	0.014	0.473	725	0.159787856306913
Pus7	0.417	0.067	0.502	666	0.16017284571348
Zfp972	0.425	0.084	0.513	81	0.156317476801801
Spink8	0.394	0.081	0.51	105	0.165183476953657
Troap	0.458	0.135	0.537	668	0.150807355796203
Rassf10	0.614	0.559	0.761	508	0.162738745624695
Filip1l	0.366	-0.077	0.423	1131	0.154302579360725
Zc3h6	0.331	-0.3	0.316	1177	0.145886993264208
Csgalnact2	0.363	-0.086	0.419	542	0.150442984106298
Lipm	0.372	-0.047	0.437	422	0.151037090633545
Galnt15	0.536	0.325	0.633	638	0.164416673700206
Fam122b	0.385	-0.101	0.416	256	0.144742279568126
Rictor	0.358	-0.053	0.429	1708	0.149589292449042
Efcab11	0.392	-0.032	0.452	162	0.146976997561854
Mctp1	0.36	-0.059	0.423	694	0.149660798829783
Hhipl2	0.504	0.253	0.601	717	0.166232758441429
Cfap61	0.451	0.133	0.533	267	0.162468337395499
Tepsin	0.535	0.302	0.627	573	0.160005198489771
Spata2l	0.539	0.311	0.628	426	0.160760630507732
Zc3hav1	0.439	0.089	0.516	996	0.156728536373001
Brpf1	0.524	0.241	0.597	1247	0.164822708282958
Celf3	0.579	0.368	0.668	494	0.165979288094091
Clip4	0.422	0.058	0.5	704	0.15519645062887
Usp54	0.405	-0.035	0.449	1588	0.149746564091631
Vsig1	0.385	-0.116	0.412	407	0.156933579207814
Armc9	0.489	0.249	0.595	818	0.160525972334048
Zcchc4	0.414	0.027	0.479	512	0.163052635927691
Ndor1	0.473	0.204	0.57	598	0.15477116734309
Eml4	0.353	-0.165	0.381	988	0.14824827051293
Ak7	0.484	0.214	0.581	723	0.168202191313599
Ttc30a1	0.462	0.176	0.557	664	0.167305077024095
Fbxo43	0.362	-0.09	0.417	641	0.153572157410613
Stpg1	0.483	0.195	0.578	341	0.156718458673247
Stxbp5	0.403	0.026	0.48	1116	0.153746331350405
Gmip	0.52	0.269	0.607	971	0.162261326733178
Desi2	0.343	-0.208	0.36	194	0.151796901038451
P2ry10	0.393	-0.03	0.439	328	0.157066310315087
Spacdr	0.469	0.157	0.549	509	0.149504774591762
Slc25a12	0.456	0.154	0.547	677	0.157481848288423
Cacul1	0.415	0.079	0.508	377	0.154168408830174
Gins3	0.465	0.204	0.573	216	0.14974743993308
Zfp623	0.457	0.178	0.563	499	0.166900584130405
Coro7	0.497	0.219	0.582	922	0.156246063092705
Sfi1	0.463	0.194	0.561	1216	0.164134553176691
Wsb1	0.32	-0.253	0.332	421	0.147192717386783
Trmt44	0.471	0.185	0.563	713	0.161658463628889
Scyl1	0.536	0.305	0.631	806	0.164629857785457
Crispld2	0.574	0.359	0.664	495	0.177779246665628
Cnot10	0.442	0.107	0.525	744	0.168584129625831
Aacs	0.61	0.517	0.742	672	0.170344123164978
Pus7l	0.401	0.023	0.479	702	0.15681523583852
Ecrg4	0.446	0.116	0.528	148	0.155388888625095
Wrnip1	0.54	0.353	0.655	660	0.169719930822443
Misp	0.495	0.225	0.587	648	0.152025798190244
Igsf3	0.609	0.497	0.732	1194	0.163006614994724
Asb15	0.374	-0.03	0.443	583	0.156760370247767
Trim42	0.612	0.479	0.722	723	0.180615006070928
Sp2	0.56	0.332	0.647	613	0.164270485028086
Ltn1	0.361	-0.063	0.428	1767	0.153410981160044
Nadsyn1	0.518	0.315	0.631	725	0.163407994302194
Fndc8	0.52	0.271	0.614	321	0.160356733994414
Dlst	0.414	-0.011	0.462	454	0.157394790134483
9130019O22Rik	0.491	0.156	0.554	543	0.16734104964314
Chsy3	0.475	0.24	0.591	884	0.152020783177744
Srd5a1	0.501	0.296	0.616	255	0.151332531055947
Gas2l1	0.54	0.331	0.641	678	0.150024997663641
Pigt	0.567	0.426	0.691	582	0.156086333940935
Polr3h	0.564	0.373	0.668	204	0.16490400162067
Agbl4	0.426	0.042	0.487	540	0.153923414587063
Saal1	0.439	0.15	0.546	474	0.165150232077893
Avl9	0.364	-0.118	0.405	649	0.149259648744284
Fbxo34	0.47	0.175	0.564	746	0.16607618915719
Ern1	0.52	0.296	0.623	977	0.158861978758793
Popdc3	0.411	0.119	0.523	291	0.143179597559836
Spsb3	0.557	0.363	0.661	500	0.169278426483281
Mrps34	0.578	0.5	0.725	218	0.153501313331482
Nme3	0.557	0.421	0.688	169	0.165781055523835
Tomt	0.477	0.197	0.557	258	0.155998018277096
Osbpl5	0.568	0.386	0.67	898	0.166322541298349
Tnfrsf23	0.44	0.037	0.494	176	0.167207029193295
Tnfrsf22	0.424	0.061	0.495	198	0.164249614211449
Hdac9	0.413	0.05	0.492	588	0.152864440817962
Zfp319	0.695	0.594	0.787	581	0.187276128103686
Lrat	0.481	0.276	0.605	231	0.16181191686519
Trim39	0.483	0.229	0.585	488	0.166558220401236
Krit1	0.31	-0.251	0.326	736	0.147745322290796
Bhlhe41	0.545	0.451	0.707	410	0.16214363939687
Spz1	0.42	0.083	0.511	378	0.162920184575767
Pdcl2	0.301	-0.312	0.297	240	0.153340864251155
Recql4	0.473	0.179	0.56	1216	0.16074979566999
Aldoart2	0.543	0.293	0.625	364	0.176824955891614
Lias	0.359	-0.109	0.407	373	0.153183201635035
Cptp	0.542	0.377	0.665	216	0.164886737927586
BC005537	0.416	0.035	0.482	229	0.160076570100738
Ublcp1	0.39	-0.025	0.449	318	0.157466756152787
Mettl27	0.53	0.33	0.639	238	0.168001509637794
Sh3bp5l	0.537	0.35	0.65	392	0.166027688188898
Cdk5rap3	0.57	0.411	0.682	503	0.17668621870107
Cttnbp2nl	0.501	0.226	0.589	638	0.162315079506776
Abtb1	0.574	0.399	0.675	478	0.173060748681737
Smim12	0.585	0.374	0.667	92	0.171297767289152
Parp9	0.371	-0.066	0.431	830	0.153222914541243
Tusc3	0.402	0.014	0.465	347	0.150041353905088
Apobec3	0.479	0.203	0.57	429	0.159299909076269
Bcl9l	0.558	0.319	0.642	1494	0.154033216707868
Lysmd3	0.313	-0.273	0.319	305	0.146430975951901
Gpr146	0.637	0.581	0.772	333	0.167193397297046
Rilpl2	0.609	0.52	0.741	197	0.171281201996525
Zxdc	0.518	0.268	0.613	858	0.160292556464689
Pofut2	0.55	0.41	0.682	429	0.162079717502521
Sptbn4	0.6	0.509	0.734	2561	0.170841559431671
Kcnip4	0.442	0.11	0.527	250	0.160168838760041
Tex21	0.388	-0.012	0.456	575	0.159779988682468
Tusc2	0.566	0.353	0.654	110	0.156605313973327
Med8	0.412	0.032	0.484	268	0.157071636081611
Herpud2	0.369	-0.155	0.392	404	0.142969953611347
Or8a1b	0.468	0.28	0.605	309	0.150453359187798
Wwox	0.539	0.349	0.652	414	0.163878809361712
Pacsin3	0.569	0.386	0.673	424	0.17276634702549
Rab27b	0.376	-0.069	0.433	218	0.15244480395661
Igsf6	0.409	0.007	0.468	237	0.155035954370069
Pbx4	0.556	0.305	0.629	378	0.16257111515316
Slc19a3	0.421	0.089	0.514	488	0.146854179636133
Mynn	0.369	-0.11	0.414	610	0.155136691804317
Car15	0.47	0.215	0.579	324	0.154701972317684
Vps16	0.473	0.185	0.559	839	0.167341086013759
Cwc22	0.374	-0.063	0.427	908	0.150052399330936
BC004004	0.441	0.12	0.528	348	0.154171551725457
Lrfn1	0.558	0.397	0.674	766	0.15936008953025
N4bp1	0.399	0.006	0.469	893	0.152340355765616
Rnf34	0.432	0.076	0.511	376	0.165392805409635
Fam20c	0.562	0.397	0.674	579	0.164814889370747
Klrb1b	0.341	-0.195	0.36	223	0.153586250535381
Cblc	0.552	0.383	0.667	496	0.166644485826588
Selenok	0.384	-0.081	0.42	93	0.143044170380217
Calm4	0.511	0.284	0.621	148	0.179376039680175
Clca3a2	0.38	-0.056	0.436	902	0.148202123956659
Rhoj	0.557	0.377	0.67	214	0.187100158134984
H1f1	0.603	0.364	0.675	213	0.205370504977758
Fgf20	0.454	0.199	0.565	211	0.149426441247627
Nfkbiz	0.517	0.289	0.624	728	0.162164392992287
Ghdc	0.489	0.266	0.6	532	0.161130099138526
Dhx58	0.517	0.328	0.637	678	0.163744668914782
Ifitm2	0.54	0.32	0.64	144	0.164335088437098
Lrba	0.368	-0.093	0.415	2854	0.150541779554018
Slc16a3	0.584	0.455	0.707	470	0.164531925206747
Kank3	0.497	0.234	0.59	791	0.158691739832712
Ntng1	0.475	0.138	0.542	539	0.169081573951142
Maged2	0.441	0.025	0.486	616	0.164329222823898
Hcar2	0.555	0.391	0.668	360	0.158988553974487
Senp3	0.454	0.147	0.541	568	0.149063449195957
Hspb8	0.498	0.191	0.574	196	0.152241483935243
Tlnrd1	0.592	0.452	0.707	362	0.175522008383212
Trim2	0.545	0.367	0.664	770	0.168184153954419
Fcrls	0.428	0.038	0.491	509	0.155582752686785
Zfhx4	0.403	-0.067	0.438	3581	0.154547453372705
Tmprss5	0.449	0.155	0.547	445	0.164638326483767
Erap1	0.368	-0.128	0.396	930	0.148722938931271
Cxcr6	0.457	0.2	0.568	351	0.15896577595936
Zfp202	0.413	-0.025	0.458	641	0.155014547959068
Fgf16	0.551	0.415	0.683	207	0.152080872175963
Dtx3	0.584	0.445	0.702	347	0.167958305969642
Polh	0.396	-0.074	0.43	694	0.158335917832012
Kcnip2	0.516	0.318	0.636	270	0.162151196393706
Lactb	0.427	0.086	0.515	551	0.157464916170972
Abo	0.494	0.218	0.579	332	0.157135724566081
Castor2	0.543	0.361	0.658	329	0.155700667693452
Gpr84	0.522	0.37	0.658	396	0.156005730373338
Acox3	0.521	0.324	0.635	700	0.163611636536008
Pum1	0.419	-0.012	0.467	1189	0.156122381158992
Pum2	0.315	-0.322	0.301	1066	0.144702647044532
Uck2	0.575	0.473	0.718	261	0.161416039206315
Dusp12	0.435	0.116	0.531	339	0.163704639370309
Syt13	0.605	0.47	0.716	426	0.174015472723387
Mrgprh	0.491	0.308	0.622	321	0.155362694185546
Slc26a5	0.391	0.02	0.475	744	0.149217508656219
Arl4d	0.539	0.41	0.682	201	0.166327961113374
Cemip	0.496	0.22	0.583	1361	0.1638464583395
Trim44	0.501	0.244	0.606	345	0.178775906156604
Ckap2	0.343	-0.202	0.361	664	0.151586089047871
Nckipsd	0.527	0.317	0.633	714	0.158206559716928
Rad54l2	0.469	0.171	0.558	1467	0.155249793694481
Trim23	0.289	-0.342	0.279	554	0.151479478297188
Tbl1xr1	0.351	-0.181	0.377	514	0.150585398670901
Gpr63	0.39	0.046	0.48	425	0.145083221757701
Defb5	0.393	-0.005	0.452	64	0.18212749604869
Vmn1r172	0.336	-0.141	0.377	313	0.149068215724216
Vmn1r148	0.35	-0.102	0.405	307	0.147271548619213
Vmn1r171	0.349	-0.096	0.402	316	0.149607680329771
Vmn1r65	0.366	-0.071	0.421	332	0.149588626799261
Vmn1r58	0.379	0.007	0.457	310	0.151575472798003
Vmn1r56	0.36	-0.065	0.421	310	0.149361418572875
Vmn1r62	0.366	-0.003	0.452	300	0.148013544149436
Vmn1r63	0.364	-0.036	0.436	300	0.146840796339797
Rnf114	0.548	0.336	0.65	229	0.173057703464275
Dnajb1	0.522	0.275	0.613	340	0.160307550120277
Sil1	0.527	0.337	0.642	465	0.166141539613795
Sgpp1	0.513	0.407	0.674	430	0.15394511962656
Chia1	0.457	0.052	0.5	473	0.167295782498494
Kat5	0.537	0.353	0.651	513	0.161631719382379
Zbtb22	0.501	0.225	0.595	638	0.160318767777323
Egfl8	0.507	0.263	0.603	293	0.174360603311979
Ankrd17	0.344	-0.239	0.346	2603	0.150956054222777
Jdp2	0.589	0.458	0.703	163	0.168221898326517
C1qtnf3	0.459	0.085	0.52	319	0.158422420486971
Sorcs2	0.569	0.414	0.687	1159	0.161226053536724
Gpank1	0.424	0.056	0.49	372	0.154143897082359
Tnxb	0.544	0.329	0.645	3126	0.163803039918053
Tfcp2l1	0.518	0.276	0.612	479	0.159795458840884
Ift122	0.555	0.362	0.658	1183	0.175154954168113
Tlr9	0.579	0.447	0.698	1032	0.160928107068091
Sf3b1	0.321	-0.288	0.307	1304	0.152641388103508
Cacng7	0.582	0.504	0.734	275	0.158464812464458
Cacng8	0.63	0.613	0.793	423	0.163801537480823
Cyp4x1	0.47	0.191	0.562	507	0.161561544595876
Tmem108	0.52	0.251	0.607	574	0.147464110859811
Zfpl1	0.52	0.281	0.611	310	0.161054580264711
Rrbp1	0.535	0.314	0.643	1464	0.185602505183078
Klb	0.474	0.202	0.574	1043	0.155088850760726
Prp2	0.439	-0.174	0.394	316	0.139654566150781
Siglece	0.477	0.202	0.572	467	0.155856109677604
Tfap4	0.592	0.469	0.713	338	0.16378659872361
Sp6	0.582	0.467	0.721	376	0.166552942807637
Glis2	0.539	0.3	0.625	521	0.162925977239979
Akap12	0.439	0.046	0.506	1684	0.163867770439884
Ndst3	0.416	0.042	0.484	873	0.15096352568747
Gimap3	0.499	0.291	0.617	301	0.161425572622255
Lamtor2	0.509	0.311	0.63	125	0.162149436680732
Cstf2t	0.38	-0.09	0.422	632	0.151345279371229
Ucn3	0.545	0.38	0.669	164	0.1665142619448
Ctns	0.47	0.248	0.593	367	0.147338165243725
Il23a	0.424	0.096	0.508	196	0.152509260200664
Ndel1	0.342	-0.147	0.388	345	0.148493241566162
Trem2	0.503	0.254	0.6	249	0.163732974369399
Rsph6a	0.645	0.521	0.746	708	0.169388737249329
Plekha3	0.434	0.073	0.507	297	0.155413299541806
Plekha2	0.481	0.207	0.577	425	0.159147868412789
Chrdl1	0.403	-0.001	0.472	447	0.164619367138277
Nxf2	0.393	-0.037	0.445	691	0.155546339645737
Mov10l1	0.422	0.069	0.5	1187	0.15829915749678
Fthl17e	0.617	0.512	0.741	176	0.181144997368791
Ngrn	0.43	0.13	0.535	293	0.153908294376105
Rbm5	0.396	-0.082	0.427	815	0.154430389477185
Pik3ap1	0.52	0.278	0.616	811	0.160884978935203
Pramel1	0.437	0.143	0.533	458	0.160429614614556
Gsdmc	0.393	-0.005	0.456	468	0.155782501889929
Sacm1l	0.32	-0.235	0.337	587	0.144881799691187
Tktl1	0.393	-0.067	0.432	595	0.162167611956864
Fstl3	0.621	0.51	0.741	256	0.19001074172467
Tex13b	0.502	0.369	0.655	186	0.163355120766711
Lin28a	0.62	0.479	0.728	209	0.187180146681193
Tex11	0.301	-0.255	0.318	947	0.152971307247411
Tex14	0.403	-0.026	0.454	1450	0.155890039853286
Tdrd1	0.415	0.062	0.503	1172	0.162002205988472
Usp26	0.321	-0.234	0.339	835	0.144858004498704
Nlrp4c	0.408	0.048	0.488	982	0.164027759251683
Pramel3	0.337	-0.15	0.371	462	0.152123562306473
Gtf2a1	0.353	-0.182	0.38	378	0.149393777228234
Elovl4	0.509	0.321	0.637	312	0.1544792934983
Wdr6	0.483	0.249	0.598	1125	0.162828291449896
Sytl2	0.385	-0.068	0.433	950	0.150870462493387
Sytl3	0.461	0.174	0.558	607	0.165010618988682
Cnnm1	0.617	0.565	0.766	951	0.164173150086257
Bicc1	0.469	0.197	0.573	977	0.155483731571511
Pde4dip	0.483	0.242	0.592	2463	0.163304936135721
Crispld1	0.369	-0.169	0.383	500	0.158863937445005
Srrt	0.513	0.219	0.583	875	0.168064414512389
Akr1c6	0.369	-0.125	0.399	323	0.156606443058925
Dbr1	0.438	0.076	0.511	550	0.164878429452803
Slc12a9	0.503	0.314	0.628	914	0.157797407579637
Otof	0.58	0.42	0.69	1997	0.16721822845236
Actl6b	0.564	0.412	0.688	426	0.169960055272603
Wasf1	0.398	-0.112	0.407	559	0.147295658274381
Dpp7	0.498	0.239	0.596	506	0.159044306192658
Tas1r2	0.655	0.616	0.793	843	0.166120825724561
Tas1r3	0.492	0.236	0.591	858	0.161345682636911
Smarcd2	0.524	0.284	0.615	531	0.161689623357097
Smarcd1	0.522	0.294	0.621	515	0.162791454222374
Tnk1	0.463	0.189	0.56	666	0.150505118822835
Nedd4l	0.427	0.08	0.508	976	0.149270107182754
Cenpq	0.289	-0.34	0.28	269	0.146824142803333
Slc25a2	0.391	-0.005	0.46	265	0.155040771040372
Cemip2	0.447	0.128	0.535	1383	0.156958101154374
Cep41	0.453	0.125	0.534	373	0.16184714154957
Gpr137b	0.527	0.389	0.672	385	0.151914764532344
Trps1	0.408	-0.034	0.456	1285	0.158198780404705
Dnaja3	0.471	0.105	0.527	480	0.163015881237581
Phip	0.315	-0.302	0.305	1821	0.145530922944483
Nrg4	0.491	0.22	0.579	115	0.162265920877026
Btbd1	0.426	0.084	0.51	488	0.150287851770136
Jam3	0.438	0.102	0.518	310	0.161476753901425
Enpp5	0.368	-0.071	0.43	477	0.148458253986383
Tssk6	0.67	0.674	0.824	273	0.166791239408855
Tbx19	0.483	0.176	0.565	446	0.155465729710469
Mmp1b	0.373	-0.136	0.396	463	0.147167519131303
Slmap	0.356	-0.081	0.42	845	0.15561344937066
Mcam	0.485	0.219	0.585	648	0.163060277324154
Kremen1	0.534	0.31	0.636	473	0.163931964948402
Kcnn1	0.582	0.447	0.702	538	0.163993552593944
Usp8	0.388	-0.088	0.42	1091	0.155173714541022
Plvap	0.647	0.606	0.785	438	0.17251478674384
Pi4k2a	0.55	0.397	0.679	479	0.163258703636238
Gpr87	0.427	0.139	0.53	358	0.148358427218313
Sucnr1	0.441	0.166	0.545	317	0.151146948614517
Ptov1	0.629	0.576	0.77	416	0.16102689612731
Setdb1	0.421	-0.01	0.466	1308	0.160065499633853
Hamp	0.488	0.244	0.587	83	0.180622676024289
Sval2	0.306	-0.349	0.289	144	0.15366570526142
Cd96	0.369	-0.164	0.386	602	0.142831041999987
Rnf123	0.537	0.356	0.651	1320	0.161346066443495
Hycc1	0.371	-0.07	0.428	521	0.148348346500031
Hes7	0.618	0.566	0.764	225	0.152438070329442
Cox4i2	0.557	0.385	0.673	172	0.163824898635059
Snurf	0.355	-0.079	0.414	71	0.143544931544046
Tnfrsf25	0.543	0.31	0.634	411	0.180087395454627
Pla1a	0.469	0.205	0.576	456	0.159885032203748
Kars	0.495	0.235	0.588	624	0.164024620722837
Emc9	0.491	0.291	0.619	206	0.169962671627082
Sec16b	0.444	0.046	0.497	1051	0.151675773226507
Tac4	0.433	0.182	0.552	128	0.153189138820442
Cd163	0.384	-0.095	0.421	1159	0.16832820724254
Il24	0.45	0.201	0.567	220	0.151930914322688
Nat8f2	0.403	0.055	0.491	238	0.159336097083818
Nat8f3	0.463	0.255	0.592	227	0.152660074831334
Clec2i	0.413	-0.028	0.455	246	0.16048829177093
Lmod2	0.422	0.03	0.483	550	0.156782799206429
Trim8	0.692	0.63	0.805	551	0.184626245086049
Zkscan8	0.412	0.008	0.47	588	0.160475687323446
Glce	0.383	-0.036	0.449	618	0.149756661109401
Selenof	0.398	0.08	0.5	161	0.160993849463115
Entpd7	0.503	0.28	0.611	606	0.157816202702365
Rbfox2	0.458	0.061	0.51	449	0.151168532376358
Csnk1a1	0.393	0.006	0.465	325	0.152832035547636
Klhl1	0.364	-0.114	0.406	751	0.152992534341307
Lmod1	0.546	0.344	0.652	595	0.175431278812694
Gpr45	0.581	0.464	0.707	373	0.162604688340732
Klf7	0.497	0.263	0.608	301	0.16275791607923
Glrx	0.454	0.232	0.587	107	0.167020997144941
Clec2d	0.433	0.042	0.492	207	0.157562496993419
Gpnmb	0.491	0.218	0.582	574	0.156541252829428
Chrac1	0.51	0.393	0.675	129	0.174521719757596
Ice2	0.316	-0.316	0.304	988	0.146983873324031
Pcdhgb1	0.468	0.155	0.552	918	0.15852720279471
Pcdhgb2	0.453	0.146	0.545	928	0.153333103413717
Pcdhgb4	0.458	0.157	0.551	912	0.154276162821508
Pcdhgb5	0.459	0.153	0.549	926	0.154992177073272
Pcdhgb6	0.468	0.195	0.57	930	0.156193719265248
Pcdhgb7	0.447	0.133	0.537	929	0.15453161706049
Pcdhgc3	0.48	0.234	0.591	934	0.151636029098255
Pcdhgc4	0.446	0.116	0.529	941	0.152748404537499
Pcdhgc5	0.469	0.149	0.547	944	0.152287294194929
Pcdhga1	0.435	0.079	0.509	931	0.151730851582657
Pcdhga2	0.463	0.135	0.539	931	0.155978113203424
Pcdhga3	0.454	0.136	0.538	928	0.155346792390821
Pcdhga4	0.457	0.136	0.538	930	0.155160203289405
Pcdhga5	0.462	0.151	0.547	932	0.155056858309956
Pcdhga6	0.427	0.078	0.506	932	0.152102030782426
Pcdhga7	0.447	0.113	0.528	935	0.153029827891928
Pcdhga8	0.443	0.116	0.528	932	0.154393147176404
Pcdhga9	0.46	0.14	0.543	932	0.154638962181063
Ear6	0.336	-0.18	0.372	155	0.154474655563
Cpn1	0.557	0.408	0.684	457	0.159940247732414
Pcdhga10	0.459	0.16	0.554	930	0.153681217242956
Pcdhga11	0.459	0.168	0.556	933	0.154161826649512
Pcdhga12	0.49	0.277	0.615	932	0.15769410832284
Ear10	0.33	-0.212	0.347	156	0.148753303265591
Rnase2a	0.346	-0.158	0.376	155	0.145925926227374
Pabpc5	0.334	-0.211	0.352	381	0.147873599968355
Lztfl1	0.326	-0.156	0.374	299	0.148975974169055
Acox2	0.46	0.176	0.556	681	0.157308920994228
Mpv17l	0.564	0.45	0.703	194	0.15341641617534
Wnt16	0.524	0.316	0.634	364	0.176880782309494
Aff4	0.417	-0.052	0.451	1160	0.152542303644714
Pard6g	0.531	0.34	0.646	382	0.157185559330434
Gabarapl2	0.524	0.324	0.64	117	0.168836534947241
Pard3	0.449	0.123	0.533	1334	0.15389093998103
Gprc5d	0.492	0.303	0.619	344	0.157926524842188
Echs1	0.444	0.099	0.518	290	0.163915909679639
Immp2l	0.382	-0.088	0.419	175	0.149391104019066
Sirt1	0.354	-0.139	0.394	737	0.155326249124534
Arid1a	0.525	0.249	0.609	2283	0.156267468333854
Smarca1	0.33	-0.222	0.342	1062	0.152558021670305
Smarca5	0.317	-0.254	0.326	1051	0.147915129162459
Ube2n	0.338	-0.21	0.345	152	0.146301777517618
Nipa2	0.316	-0.251	0.322	359	0.144958580487753
Serpinb9g	0.367	-0.107	0.412	377	0.155791284208698
Peli2	0.529	0.303	0.633	419	0.163297699810051
Amn	0.617	0.569	0.769	458	0.170281207308819
Rnf111	0.385	-0.155	0.394	989	0.150512856105544
Dach2	0.375	-0.095	0.413	634	0.153594792302054
Dqx1	0.466	0.152	0.543	718	0.160117352283669
Vangl2	0.593	0.502	0.731	521	0.16035674673542
Uchl4	0.336	-0.16	0.382	233	0.147837763296688
Igsf9	0.495	0.228	0.586	1179	0.151789274675706
Pnck	0.533	0.333	0.64	343	0.163374194518925
Brwd1	0.358	-0.161	0.379	2304	0.150250477315324
Pcdhb1	0.39	-0.027	0.451	818	0.148870313759005
Pcdhb2	0.422	0.07	0.5	799	0.149226310083083
Pcdhb3	0.432	0.121	0.527	784	0.151354466482555
Pcdhb4	0.464	0.174	0.557	784	0.15429482292787
Pcdhb5	0.475	0.177	0.559	792	0.156051481895938
Pcdhb6	0.436	0.097	0.516	772	0.151970415093794
Pcdhb7	0.447	0.135	0.536	829	0.154270054050934
Pcdhb8	0.457	0.163	0.551	779	0.156233561487839
Pcdhb9	0.447	0.129	0.533	828	0.153777416401953
Pcdhb10	0.438	0.111	0.524	797	0.154574975607569
Pcdhb11	0.457	0.163	0.551	797	0.155529128764415
Pcdhb12	0.44	0.122	0.53	789	0.151602897377154
Pcdhb13	0.443	0.134	0.536	796	0.152952587318479
Pcdhb14	0.43	0.107	0.521	796	0.15064594617973
Pcdhb15	0.417	0.077	0.503	786	0.147546287693122
Pcdhb16	0.436	0.094	0.513	802	0.152517768051029
Pcdhb17	0.451	0.158	0.548	799	0.152960578138098
Pcdhb18	0.427	0.094	0.514	792	0.151521247735511
Pcdhb19	0.435	0.123	0.529	801	0.153801742413865
Pcdhb20	0.419	0.062	0.495	799	0.151361367693885
Pcdhb21	0.422	0.098	0.514	774	0.147688368794391
Pcdhb22	0.461	0.164	0.552	794	0.154252420190479
Glp2r	0.457	0.199	0.565	512	0.156733014890808
Fzd10	0.619	0.546	0.758	582	0.172266571708879
Cers1	0.613	0.499	0.729	350	0.174308703350799
Nkd1	0.56	0.363	0.662	471	0.166073504458167
B3galt5	0.55	0.363	0.662	308	0.165477341725521
Hemgn	0.374	-0.233	0.361	503	0.158262762927731
Clmn	0.486	0.219	0.586	1052	0.158695913406734
Allc	0.397	-0.008	0.457	414	0.153892784007668
Tm2d1	0.336	-0.193	0.365	208	0.150501587979397
Bcl2l13	0.442	0.138	0.544	434	0.158310841247004
P2rx5	0.541	0.355	0.656	455	0.17289673112667
Tmem121b	0.645	0.615	0.794	572	0.166995963633482
Lce3c	0.603	0.325	0.649	98	0.208633591380913
Mrpl1	0.302	-0.287	0.312	336	0.1517609001192
Mrpl3	0.382	-0.093	0.419	348	0.1503426437541
Mrpl16	0.388	-0.017	0.453	251	0.144582303243091
Mrpl27	0.48	0.24	0.597	148	0.164790267026392
Mrpl34	0.618	0.642	0.802	92	0.160272338646568
Mrpl36	0.565	0.463	0.707	102	0.15985840604656
Mrpl43	0.592	0.547	0.755	159	0.148861582791547
Clec2h	0.384	-0.103	0.415	218	0.158271612365135
Trim6	0.491	0.255	0.599	488	0.162907555443925
Trim7	0.571	0.457	0.708	510	0.165586755004896
Trim9	0.551	0.405	0.684	788	0.165875454014202
Trim11	0.617	0.527	0.744	483	0.175228861253644
Trim16	0.514	0.266	0.608	556	0.168376077266376
Trim33	0.366	-0.133	0.402	1140	0.152369044317895
Trim34a	0.404	0.035	0.482	485	0.16248663316661
Csmd1	0.472	0.146	0.55	3564	0.159093194750576
Mepe	0.394	-0.038	0.455	441	0.146806960870885
Med15	0.533	0.261	0.611	789	0.160599884766003
Hrg	0.385	-0.102	0.419	536	0.146570864214454
Dock2	0.516	0.297	0.623	1828	0.16315602482697
Mcoln1	0.574	0.44	0.696	580	0.160532342422326
Krt23	0.493	0.276	0.609	422	0.160462835251523
Acsbg1	0.569	0.397	0.677	721	0.167520636049871
Nans	0.599	0.464	0.716	359	0.175316909878088
Pdxdc1	0.375	-0.052	0.434	789	0.153068864597168
Tnfrsf21	0.541	0.331	0.644	655	0.167230480813088
Strn3	0.327	-0.234	0.345	796	0.148040098721188
Zfp423	0.672	0.579	0.779	1292	0.187820022027355
Ophn1	0.406	-0.028	0.451	802	0.152235950695532
Adarb2	0.498	0.258	0.602	745	0.157784424742917
C1galt1	0.304	-0.3	0.309	363	0.145749713853655
Pag1	0.54	0.306	0.636	429	0.172179070643322
Ddx50	0.307	-0.314	0.297	734	0.144022748940662
Spock2	0.62	0.453	0.712	423	0.190031430969015
Ugt2a1	0.37	-0.093	0.412	528	0.151184542205837
Col4a6	0.355	-0.223	0.358	1691	0.148814551975821
Lrp1b	0.363	-0.167	0.381	4599	0.165424119709498
Cnnm3	0.647	0.607	0.787	713	0.171813046060288
Cnnm2	0.565	0.45	0.703	875	0.165169296094367
Cnnm4	0.592	0.53	0.745	771	0.164406435854208
Gopc	0.412	0.08	0.509	455	0.169240874733651
Olig3	0.594	0.526	0.746	273	0.162515032023033
Dgcr8	0.42	0.005	0.474	773	0.158782588544453
Srd5a2	0.486	0.258	0.6	254	0.150903610488561
S1pr5	0.575	0.527	0.739	400	0.158968877659968
Pi15	0.366	-0.179	0.373	269	0.157489188347044
Slc4a10	0.376	-0.048	0.434	1118	0.151851989156885
Cpsf1	0.537	0.329	0.64	1441	0.162036449966121
Ubqln4	0.558	0.39	0.676	596	0.155592610559745
Tinagl1	0.574	0.399	0.678	466	0.172833459880246
Fkbp6	0.499	0.23	0.58	327	0.164993773339498
Dtnbp1	0.525	0.298	0.626	352	0.173151377743557
Arid4b	0.339	-0.271	0.334	1314	0.154004907394384
Slc24a3	0.512	0.303	0.627	595	0.164818008530081
Hecw1	0.429	0.045	0.491	1604	0.151569362278843
Rcc1l	0.52	0.325	0.643	461	0.161301283803268
Maged1	0.483	0.082	0.517	775	0.161029574890382
Sfxn2	0.521	0.3	0.626	322	0.166492703470946
Sfxn3	0.535	0.322	0.635	321	0.162470848993634
Sfxn4	0.355	-0.14	0.386	313	0.138299596180555
Sfxn5	0.503	0.261	0.601	342	0.156387457864327
Ugt1a6a	0.444	0.152	0.543	531	0.15557983174699
Prcc	0.494	0.146	0.553	491	0.159201800112148
Cadm3	0.483	0.201	0.575	396	0.157872445748616
Tmem40	0.454	0.208	0.575	225	0.152324978447433
Loxl2	0.569	0.386	0.676	776	0.17589165134471
Hmgn3	0.379	-0.2	0.378	99	0.166949988041413
Prg4	0.448	-0.073	0.448	1221	0.149509420556503
Susd4	0.52	0.301	0.631	490	0.159417048841884
Tmem62	0.397	0.03	0.474	643	0.145350187805886
Ptges2	0.612	0.522	0.744	384	0.169655377727439
Tprn	0.532	0.293	0.626	749	0.155926090371832
Wwtr1	0.507	0.314	0.636	452	0.146064811145152
Slc9b2	0.405	0.04	0.48	547	0.156884174638528
Nmd3	0.336	-0.219	0.347	503	0.158731581537315
H3c15	0.851	0.917	0.955	136	0.174605479238469
H4c14	0.655	0.601	0.782	103	0.166800842300904
C77080	0.53	0.254	0.606	1070	0.154891916415653
A430005L14Rik	0.451	0.045	0.5	230	0.158565027981318
Hmgb2	0.5	0.11	0.542	210	0.186346388327129
Pramel29	0.343	-0.067	0.415	498	0.154103718813357
Hadha	0.428	0.083	0.511	763	0.160635501168905
Naa11	0.668	0.594	0.784	218	0.17681094915679
Mtmr14	0.494	0.23	0.588	648	0.156122016895103
Strn4	0.528	0.279	0.618	760	0.164356190198356
B3gnt9	0.492	0.26	0.598	399	0.150628426739753
Fam90a1a	0.426	0.035	0.49	429	0.155875940230081
Cog8	0.519	0.343	0.643	640	0.158531896511088
Cmtm4	0.581	0.459	0.706	208	0.157173446991188
Qars	0.458	0.121	0.53	775	0.162925489443689
Sgsm2	0.556	0.366	0.66	1005	0.169497371275232
4833439L19Rik	0.459	0.036	0.495	303	0.156042901241552
Exd2	0.427	0.084	0.504	650	0.158397889639764
Serpinb6c	0.415	0.063	0.5	379	0.159038838128411
Fam8a1	0.508	0.363	0.661	399	0.15155187231567
B3galnt2	0.4	0.032	0.48	504	0.154206087337553
Nlrp4f	0.383	-0.024	0.447	937	0.161585466994046
H3c8	0.805	0.78	0.88	136	0.180642516732589
Nol12	0.548	0.384	0.667	217	0.159950061211143
Deptor	0.504	0.294	0.622	409	0.16139837170285
Gtf2f1	0.575	0.351	0.659	508	0.17120629492241
Tmem132a	0.532	0.294	0.622	1018	0.160941693302777
Dcaf8	0.46	0.124	0.537	591	0.158977513568754
Eif3m	0.368	-0.064	0.428	374	0.156727588431073
Lrrc59	0.584	0.467	0.712	307	0.181589198557769
Kmo	0.4	0.007	0.464	479	0.154535231385551
Txndc9	0.4	0.03	0.48	226	0.161946684731504
Stk17b	0.322	-0.208	0.348	372	0.144120828964914
D630023F18Rik	0.361	-0.082	0.418	231	0.144026500414149
D2hgdh	0.5	0.257	0.6	557	0.164632202434724
Efhd1	0.613	0.5	0.731	240	0.174788580850262
Slamf9	0.451	0.187	0.558	285	0.157903249423107
Smap1	0.394	-0.111	0.418	440	0.157612528259294
Gorab	0.423	0.022	0.478	368	0.167136323661075
Lbr	0.437	0.159	0.543	626	0.155532822774614
Chst10	0.481	0.222	0.581	374	0.156184234382887
Slc41a1	0.557	0.405	0.678	512	0.158803141720888
Sh3bp4	0.573	0.437	0.7	962	0.1620705339193
Zfp451	0.377	-0.097	0.42	1056	0.160574461739856
AI597479	0.414	0.046	0.491	232	0.153414753184813
Nucks1	0.38	-0.241	0.362	234	0.159192719858738
Cnih4	0.408	0.204	0.562	139	0.152815274382925
Phlpp1	0.494	0.261	0.605	1687	0.16182279417217
Gtf3c3	0.336	-0.165	0.372	882	0.150507863262426
Pid1	0.523	0.241	0.598	217	0.173443613369227
Mael	0.382	-0.066	0.43	434	0.149744327544397
Khdc1b	0.475	0.204	0.569	126	0.153092992872056
Atp1a2	0.566	0.394	0.674	1020	0.172462189328628
Mfsd6	0.412	0.035	0.484	794	0.149625129797416
Trmt1l	0.402	0.017	0.477	728	0.158323149978461
Rabif	0.561	0.383	0.669	123	0.179253942694036
Rdh10	0.496	0.264	0.606	341	0.169444897598653
Rab3gap2	0.415	0.07	0.501	1387	0.160432759439003
Obsl1	0.554	0.406	0.682	1804	0.162785216703266
Kcnb2	0.45	0.118	0.527	907	0.159946464221949
Fcrla	0.441	0.072	0.507	353	0.159004600822094
Hnrnpf	0.427	0.032	0.49	415	0.157393320849584
Ubac1	0.481	0.183	0.562	409	0.16938188584245
Cdc123	0.409	-0.003	0.468	336	0.157503606670946
Eps8l2	0.583	0.406	0.683	729	0.168022762984486
AI182371	0.357	-0.141	0.399	356	0.150219239896059
Ehd4	0.602	0.487	0.725	541	0.171351475288801
Usp6nl	0.378	-0.088	0.422	842	0.148881180844284
Myl9	0.706	0.602	0.79	172	0.183059354654553
Eeig1	0.56	0.371	0.666	392	0.157289570023498
Nat10	0.463	0.186	0.56	1024	0.164415645962772
Fibcd1	0.581	0.456	0.708	459	0.164402444605607
Clp1	0.433	0.051	0.494	425	0.158701856855182
Znfx1	0.525	0.31	0.629	1909	0.172029720250705
Qser1	0.306	-0.361	0.284	1698	0.140925556256472
Lpcat4	0.502	0.314	0.63	524	0.155547363875463
Pomt1	0.498	0.355	0.647	746	0.151319922785663
Osbpl6	0.443	0.141	0.542	967	0.155123725165883
Olah	0.398	-0.013	0.456	265	0.158675639830614
Mrps26	0.602	0.527	0.742	200	0.164402965906343
Cep152	0.421	0.049	0.493	1736	0.166499978424053
Stard7	0.477	0.173	0.558	373	0.156678530347334
Cercam	0.536	0.342	0.645	592	0.155841362837084
Anapc2	0.499	0.272	0.604	837	0.162823556854068
Ssx2ip	0.421	0.069	0.502	615	0.161455170364589
Tm9sf4	0.533	0.363	0.656	643	0.157549832395416
Hrh3	0.606	0.534	0.749	445	0.163340274825071
Commd7	0.482	0.276	0.612	200	0.159933512789033
Garnl3	0.432	0.08	0.508	993	0.154508789058258
Zscan29	0.392	-0.056	0.441	834	0.153455099637752
Dnajc24	0.386	-0.074	0.429	148	0.16354137844963
Arfgef2	0.499	0.256	0.601	1792	0.167324159952014
Cul4a	0.494	0.296	0.62	759	0.164046651345393
Sall4	0.551	0.397	0.683	1067	0.165291938272229
Abtb2	0.599	0.483	0.721	1024	0.163905879165887
Golga2	0.535	0.33	0.641	1026	0.172090412388677
Duox1	0.549	0.372	0.66	1551	0.158742817362579
Magi3	0.377	-0.101	0.416	1476	0.152595102001352
Dnttip2	0.371	-0.147	0.395	758	0.15617117390912
Wdr47	0.359	-0.169	0.379	920	0.15476301258228
Usp53	0.355	-0.184	0.375	1069	0.151447201697063
Olfml3	0.464	0.139	0.537	406	0.159073960381901
Fgg	0.443	0.069	0.507	443	0.164635573206516
Dpyd	0.387	-0.099	0.414	1025	0.160437823335321
Adgrl2	0.459	0.168	0.556	1487	0.159256156840521
4933434E20Rik	0.415	0.038	0.482	253	0.147848240721348
Eps8l3	0.485	0.203	0.569	600	0.154965303398023
Clca4a	0.359	-0.155	0.385	925	0.146881439152444
Tchh	0.489	0.311	0.612	1599	0.150039123974908
Sec24b	0.407	-0.009	0.467	1251	0.147276069871898
Ankrd50	0.465	0.209	0.578	276	0.171224269532733
Clca4b	0.363	-0.15	0.389	925	0.146818589538148
Cept1	0.307	-0.288	0.305	416	0.142524362955537
Taf13	0.344	-0.124	0.398	124	0.156140685037898
Kcnc4	0.564	0.41	0.684	628	0.164848547505486
Tlcd4	0.386	0.08	0.504	276	0.150103987265642
Arfip1	0.334	-0.224	0.347	373	0.151145561984463
Gm37240	0.334	-0.224	0.347	373	0.151145561984463
Prmt6	0.661	0.654	0.814	378	0.170874166444625
Ifi44	0.391	-0.054	0.432	422	0.159560022139676
Tiparp	0.321	-0.298	0.312	657	0.142939032097083
Kdm1a	0.39	-0.036	0.45	873	0.154184215722247
