external_gene_name	CAI	CBI	Fop	L_aa	tAI
A1BG	0.583	0.597	0.784	495	0.309940570580384
NAT2	0.249	-0.078	0.416	290	0.339204231927846
ADA	0.487	0.443	0.703	363	0.360630754792344
CDH2	0.259	-0.104	0.41	906	0.330463409282025
AKT3	0.201	-0.31	0.3	479	0.307138054497955
GAGE12F	0.255	-0.284	0.342	117	0.316014587588801
MED6	0.217	-0.238	0.335	257	0.327429554937096
NR2E3	0.522	0.496	0.73	410	0.331050902977648
NAALAD2	0.202	-0.318	0.294	740	0.327957293464358
DUXB	0.254	-0.126	0.401	345	0.329894111910705
DDTL	0.487	0.506	0.735	134	0.323146160060619
DDT	0.487	0.506	0.735	134	0.323146160060619
NAALADL1	0.494	0.452	0.706	740	0.33474795111467
SIGLEC14	0.491	0.471	0.715	396	0.324005986402676
ACOT8	0.491	0.459	0.712	319	0.339359762256539
ABI1	0.239	-0.274	0.326	508	0.305472615975401
GNPDA1	0.437	0.312	0.635	289	0.363995942638651
KCNE3	0.395	0.264	0.602	103	0.323101517139082
ZBTB33	0.195	-0.326	0.293	672	0.312782398551312
CDH3	0.451	0.366	0.663	829	0.332623733884118
TANK	0.206	-0.293	0.311	425	0.308919198452942
POM121C	0.408	0.214	0.593	987	0.29467810283208
ZSCAN30	0.275	-0.083	0.423	494	0.33267151533024
SRA1	0.356	0.134	0.542	236	0.307807530078427
TMEM170B	0.326	0.191	0.558	132	0.311423300872328
ZGLP1	0.459	0.362	0.659	271	0.314426640630919
GJE1	0.175	-0.267	0.303	205	0.323288644549457
MINAR2	0.245	-0.12	0.398	190	0.323309031535749
C8orf88	0.217	-0.249	0.339	117	0.337456726141967
FAM229A	0.533	0.575	0.774	127	0.292535709293017
TRAPPC3L	0.229	-0.16	0.373	181	0.335238117795563
CTAGE4	0.188	-0.372	0.266	777	0.310722834343562
TEKTIP1	0.616	0.616	0.795	209	0.31119140850773
OST4	0.546	0.681	0.829	37	0.419231031673411
CIROP	0.315	0.096	0.514	788	0.304097525456888
ZBTB42	0.558	0.565	0.767	422	0.311452767367705
KHDC1L	0.439	0.34	0.647	128	0.308852377606143
DEFB131B	0.242	-0.2	0.358	70	0.348801714520916
CXorf51A	0.305	0	0.472	108	0.301067131594802
SMIM27	0.272	0.053	0.471	55	0.334275699397528
C1orf68	0.383	0.092	0.537	250	0.383984327731392
TDRD15	0.149	-0.494	0.198	1934	0.320293135246121
SMIM10L1	0.589	0.714	0.846	68	0.319777118964622
LINC03041	0.24	-0.196	0.359	108	0.337525547049242
FAM236A	0.372	0.143	0.539	79	0.331682092950387
MKRN2OS	0.347	0.157	0.553	223	0.342926436431619
ETDB	0.38	0.238	0.582	59	0.314339449401238
TEX13C	0.47	0.358	0.664	993	0.326300050585817
ZNF730	0.205	-0.35	0.289	503	0.333440533361062
FAM47E	0.337	0.135	0.535	393	0.334525489945686
TCF24	0.57	0.614	0.793	167	0.286208895749337
IZUMO3	0.227	-0.075	0.411	233	0.31939135941437
CCDC152	0.163	-0.371	0.259	254	0.340446207748049
ZNF737	0.244	-0.199	0.369	536	0.334255581120159
FAM205C	0.282	-0.047	0.441	338	0.330571619114736
HDAC6	0.396	0.25	0.601	1215	0.322084733136769
HSFX2	0.36	0.144	0.548	423	0.311109267001734
CCDC166	0.606	0.715	0.844	439	0.290587435022396
C8orf89	0.202	-0.312	0.299	161	0.293139291858143
C17orf107	0.462	0.473	0.716	190	0.304025066925891
TMEM262	0.622	0.698	0.837	116	0.361975980097735
CXorf49	0.44	0.332	0.649	514	0.314830513042069
TMEM221	0.504	0.525	0.74	291	0.308790718312875
CD300H	0.38	0.212	0.578	201	0.315738964002769
LINC02881	0.345	0.122	0.532	130	0.29388520735823
PRR32	0.258	-0.151	0.39	298	0.292707159306409
ATP6V1FNB	0.501	0.478	0.719	176	0.332453004420763
LRRC70	0.146	-0.438	0.213	622	0.313781965949979
LRRC69	0.244	-0.096	0.407	191	0.331375709261406
EFCAB10	0.248	-0.083	0.42	149	0.316642584325038
SBK3	0.504	0.454	0.707	359	0.309769904814668
TSTD3	0.191	-0.342	0.283	97	0.359125603142293
SMIM6	0.327	0.238	0.586	62	0.340079478559928
SYCE1L	0.46	0.433	0.692	242	0.330839950646139
SPATA48	0.206	-0.338	0.29	438	0.295145895660475
ZNF316	0.653	0.725	0.856	1004	0.313785626055439
BSPH1	0.26	-0.105	0.419	132	0.339982413534746
TSTD1	0.38	0.298	0.622	115	0.333225460816433
NEMP2	0.266	-0.009	0.454	417	0.313377929298161
ANKRD63	0.585	0.661	0.816	380	0.290447402038611
DPEP2NB	0.319	0.055	0.496	123	0.310085606986744
C11orf91	0.622	0.73	0.856	193	0.294251748465676
SP9	0.696	0.826	0.909	484	0.319482398626332
CD300LD	0.34	0.118	0.527	194	0.316768531448889
PRR23D1	0.314	0.046	0.487	279	0.294793011810265
ARMCX4	0.277	-0.1	0.429	2290	0.351259278835124
PET100	0.409	0.403	0.672	73	0.328284337773723
ZNF717	0.237	-0.204	0.368	864	0.31687111042312
INSYN2B	0.292	-0.013	0.463	535	0.315546003370869
KRTAP25-1	0.242	-0.215	0.364	102	0.307370746504501
ZNF705G	0.227	-0.21	0.353	300	0.316771344283116
TEX13D	0.401	0.21	0.582	714	0.319112377645179
FAM240A	0.323	0.087	0.5	89	0.317141138608264
NPIPB5	0.325	0.105	0.516	1133	0.274260683749026
FAM236B	0.372	0.143	0.539	79	0.331682092950387
KRTAP4-9	0.636	0.585	0.785	210	0.39065090324048
ZNF705G	0.226	-0.214	0.351	300	0.318545551339628
ZNF705B	0.226	-0.214	0.351	300	0.318545551339628
GAGE12D	0.256	-0.288	0.342	117	0.31941008536597
NBPF10	0.266	-0.073	0.426	3795	0.332644591434036
CLDN24	0.28	0.078	0.495	220	0.317909891272169
KRTAP4-7	0.651	0.61	0.797	155	0.389633632851022
GOLGA8F	0.343	0.121	0.533	648	0.334384881986629
SHISAL2B	0.309	0.12	0.532	160	0.352540938656772
SMIM9	0.217	-0.105	0.389	99	0.301216676002777
CXorf49B	0.44	0.332	0.649	514	0.314830513042069
CXorf51B	0.305	0	0.472	108	0.301067131594802
FAM25G	0.457	0.319	0.644	89	0.371004364777763
PRR23D1	0.314	0.046	0.487	279	0.294793011810265
PRR23D2	0.314	0.046	0.487	279	0.294793011810265
DEFB130B	0.173	-0.355	0.263	79	0.303048830827074
CD24	0.374	0.239	0.603	129	0.286633637172002
KCNJ18	0.69	0.749	0.865	433	0.352277348224276
TEN1	0.45	0.444	0.701	123	0.341510792560616
UPK3BL1	0.497	0.498	0.729	263	0.320354415700203
JMJD7	0.519	0.489	0.728	316	0.341771033647714
PLA2G4B	0.52	0.503	0.733	781	0.331142951143488
HDAC5	0.514	0.48	0.723	1123	0.336655094792243
C17orf99	0.519	0.502	0.735	265	0.332618764990026
CTAGE8	0.187	-0.375	0.265	777	0.310290082488952
KLLN	0.394	0.309	0.627	178	0.283886516113695
PDCD6IP	0.234	-0.214	0.357	873	0.342375757941528
KRTAP20-4	0.359	0.053	0.5	44	0.377854611339731
PDCD6	0.503	0.497	0.731	191	0.351501950978314
PATE3	0.308	0.104	0.511	98	0.349849371996377
BCL2L10	0.493	0.549	0.754	241	0.301954013660249
SRRM5	0.327	0.097	0.516	715	0.258639396038072
ERICH4	0.503	0.419	0.685	130	0.321084718418162
EPOP	0.536	0.551	0.762	379	0.278544817699034
BCL2L11	0.285	-0.053	0.436	198	0.298510338339637
TOMM6	0.297	0.048	0.486	74	0.314977801092912
SH2B3	0.562	0.582	0.776	575	0.303035158128513
C5orf52	0.392	0.354	0.654	159	0.305174459307025
C2CD4D	0.636	0.747	0.862	353	0.27450712154503
CDH4	0.573	0.596	0.785	916	0.345176596808106
GNE	0.266	-0.057	0.429	753	0.329111704366588
HCN4	0.59	0.624	0.799	1203	0.317764433600845
INSL5	0.259	-0.049	0.438	135	0.322392363200489
FRAT1	0.553	0.62	0.794	279	0.294764000716729
TROAP	0.342	0.115	0.527	778	0.294241949863879
MED16	0.667	0.746	0.862	877	0.326665933518024
PIGK	0.2	-0.313	0.296	395	0.309084082741261
ARHGEF33	0.359	0.193	0.571	870	0.333598398028321
ERVV-2	0.254	-0.057	0.436	535	0.309093013124925
MEF2B	0.505	0.461	0.71	368	0.295490681589373
RASA4B	0.665	0.722	0.85	757	0.335995637524192
CMC4	0.277	-0.049	0.455	68	0.385684870972031
FAM90A26	0.389	0.237	0.596	464	0.308487607900119
USP17L10	0.331	0.127	0.535	530	0.339748002461728
WASHC1	0.513	0.453	0.71	465	0.338458545149698
USP17L11	0.342	0.155	0.551	530	0.341107159300076
USP17L12	0.337	0.147	0.546	530	0.341648572648838
ZNF729	0.206	-0.365	0.286	1252	0.340606204660809
USP17L13	0.335	0.141	0.543	530	0.340678812332309
MANSC4	0.25	-0.115	0.404	340	0.310821460709751
USP17L17	0.337	0.144	0.545	530	0.342233182219359
USP17L18	0.341	0.151	0.549	530	0.341583844102178
POTEB2	0.218	-0.209	0.354	544	0.339385749316079
USP17L19	0.337	0.144	0.545	530	0.340286098329297
USP17L20	0.341	0.155	0.551	530	0.340882680564889
USP17L21	0.338	0.15	0.548	530	0.341962362043714
SMKR1	0.41	0.262	0.613	65	0.379168583156156
USP17L22	0.34	0.151	0.549	530	0.341398784432147
GLYATL1B	0.287	0.015	0.472	302	0.337970911960649
ANKRD66	0.302	-0.007	0.462	251	0.328101493105995
TTC34	0.563	0.59	0.776	566	0.334327690090752
TIMM23	0.225	-0.192	0.36	209	0.301330294669586
NBPF20	0.258	-0.1	0.412	5207	0.327938499177736
KRTAP22-2	0.316	-0.007	0.477	45	0.408825957495359
KRTAP21-3	0.231	-0.337	0.316	58	0.373168010060043
NPIPA5	0.272	-0.051	0.433	350	0.303514371988274
USP17L15	0.335	0.142	0.543	559	0.338386255895873
DUX4	0.519	0.548	0.759	424	0.297084703073057
LIMS4	0.497	0.403	0.687	117	0.384006955765549
TMEM239	0.487	0.493	0.722	195	0.291849556599372
FRG2C	0.341	0.072	0.513	282	0.326841128272572
CLDN34	0.322	0.166	0.553	214	0.327614579811385
TSPY10	0.464	0.375	0.667	308	0.345940310803008
TMEM225B	0.423	0.387	0.668	221	0.335652348867784
DEFB4A	0.221	-0.194	0.355	64	0.292410776375509
DEFB4B	0.221	-0.194	0.355	64	0.292410776375509
ZNF605	0.234	-0.189	0.368	672	0.319912669201474
ZNF783	0.602	0.611	0.792	546	0.330456884415084
ZNF587B	0.287	-0.064	0.442	402	0.328244622343133
CDH5	0.515	0.478	0.723	784	0.34517228148774
ASB3	0.203	-0.248	0.325	556	0.321889022214574
TMED7-TICAM2	0.251	-0.113	0.41	404	0.320836647373817
PET117	0.257	0.004	0.449	81	0.342667163462805
SPDYE2B	0.43	0.366	0.655	402	0.316620972345605
ANKRD61	0.3	0.11	0.515	418	0.325261695111574
SAP25	0.512	0.45	0.71	297	0.283387179007388
TRPC5OS	0.129	-0.445	0.213	111	0.275958269981876
CHAF1A	0.452	0.382	0.672	956	0.334611866957807
PARP2	0.27	-0.052	0.438	583	0.342725304350536
ZBED6	0.211	-0.263	0.328	979	0.313661189687624
PARP3	0.542	0.514	0.742	540	0.357628331517218
CDH6	0.289	-0.011	0.461	790	0.32440708295176
TOM1L1	0.243	-0.166	0.38	476	0.330058746502211
HMGXB4	0.282	-0.053	0.446	601	0.32956455624611
IGLL5	0.495	0.435	0.702	214	0.303988066665674
TOM1	0.506	0.461	0.712	493	0.328843315691511
KLRF2	0.228	-0.177	0.371	207	0.322027606451434
SH2D3C	0.537	0.514	0.741	860	0.311890127280531
SH2D3A	0.457	0.404	0.676	576	0.294080048957852
MAMLD1	0.367	0.16	0.558	998	0.319964294887423
CST8	0.328	0.143	0.537	142	0.367325492983373
RANBP9	0.255	-0.089	0.427	729	0.298914082811239
DNAJB6	0.287	-0.036	0.456	326	0.298992635266033
CCDC180	0.404	0.288	0.618	1701	0.344277391917235
CDH7	0.279	-0.042	0.444	785	0.327704184846447
SLC17A4	0.274	-0.002	0.457	497	0.326980247214088
CCDC179	0.232	-0.24	0.328	68	0.301015021210098
IQCJ-SCHIP1	0.396	0.272	0.614	563	0.319925039276312
TEX48	0.367	0.224	0.585	120	0.350243907051358
INAFM2	0.647	0.794	0.893	153	0.302801676827252
LRRC3C	0.478	0.446	0.702	275	0.319113737228131
KRTAP9-7	0.63	0.542	0.766	169	0.395632316245588
SPATA1	0.166	-0.4	0.244	459	0.325645593354027
KRTAP16-1	0.422	0.201	0.588	517	0.353878824176505
CEBPZOS	0.211	-0.28	0.32	80	0.324790031044645
SMIM31	0.233	-0.167	0.377	71	0.356027520278186
TMEM210	0.411	0.336	0.641	147	0.322416280688565
PPP5D1P	0.453	0.395	0.677	171	0.343607921518618
APELA	0.188	-0.243	0.3	54	0.280321784345999
LRRC72	0.204	-0.241	0.324	287	0.295433508018379
ARL17B	0.287	-0.027	0.453	181	0.299510831288534
ARL17A	0.287	-0.027	0.453	181	0.299510831288534
GVQW3	0.233	-0.138	0.387	254	0.312342383944444
TMEM35B	0.42	0.407	0.673	154	0.34162434029167
HSFX1	0.359	0.144	0.548	423	0.311083884555501
KRBOX1	0.254	-0.085	0.417	128	0.330777745406758
MISFA	0.268	-0.059	0.423	59	0.316550374226443
THEGL	0.272	-0.07	0.425	465	0.304618381934132
C16orf95	0.44	0.375	0.662	239	0.318207606630202
OCLN	0.256	-0.142	0.394	522	0.338125987360125
SLFN12L	0.219	-0.231	0.344	617	0.344978510774309
GFY	0.396	0.192	0.574	518	0.297924847231154
MRLN	0.113	-0.541	0.136	46	0.291151344632192
TPBGL	0.753	0.894	0.941	382	0.30193516086902
LRCOL1	0.676	0.724	0.851	159	0.360368500051556
GIMD1	0.271	-0.043	0.442	217	0.331591808203983
CT47A12	0.509	0.49	0.734	288	0.33267931816315
SMLR1	0.386	0.28	0.606	107	0.325069355946701
ZNF865	0.69	0.776	0.882	1059	0.327262289311205
SMIM18	0.244	-0.087	0.422	95	0.363875131880065
TMEM178B	0.523	0.55	0.754	294	0.334679270380368
MICA	0.376	0.195	0.571	332	0.328142312881907
CCDC28A-AS1	0.339	0.145	0.544	108	0.304608622125703
STRIT1	0.23	-0.065	0.406	35	0.33337060576828
TGFBR3L	0.582	0.636	0.805	316	0.270271746977943
NPIPB9	0.265	-0.09	0.41	429	0.301486024996643
KRTAP9-6	0.6	0.503	0.747	160	0.400013130045538
RNF212B	0.259	-0.132	0.399	300	0.302585522740752
MUC22	0.373	0.07	0.526	1773	0.265257714264845
SMC4	0.172	-0.378	0.262	1288	0.330631431877278
GJC1	0.334	0.103	0.521	396	0.344997829566473
LY75-CD302	0.218	-0.263	0.331	1873	0.317498231483258
ARPC4-TTLL3	0.489	0.428	0.693	625	0.343305993096295
RBM14-RBM4	0.425	0.319	0.639	339	0.329401522818508
CENPS-CORT	0.348	0.167	0.555	164	0.320793072219875
ATP5MF-PTCD1	0.514	0.502	0.732	749	0.339802043928764
CCDC169-SOHLH2	0.223	-0.178	0.37	502	0.326861565770498
RNF103-CHMP3	0.3	0.034	0.485	251	0.344234493654715
STIMATE-MUSTN1	0.458	0.448	0.703	372	0.33207632547045
EPPIN-WFDC6	0.282	-0.028	0.459	179	0.372268944443954
ARPIN-AP3S2	0.424	0.328	0.639	394	0.347550985081539
NT5C1B-RDH14	0.36	0.212	0.577	602	0.312561880897691
FPGT-TNNI3K	0.213	-0.227	0.339	949	0.318767026359487
RPL17-C18orf32	0.25	-0.09	0.419	228	0.324115186071882
TGIF2-RAB5IF	0.369	0.292	0.612	155	0.33392658535818
GIMAP1-GIMAP5	0.409	0.321	0.633	511	0.335446371706494
PMF1-BGLAP	0.377	0.205	0.578	220	0.331133450882278
TLCD4-RWDD3	0.25	-0.094	0.409	201	0.323529533495108
SAA2-SAA4	0.304	0.107	0.523	208	0.331191251947124
FAM187A	0.5	0.449	0.705	413	0.338619987014545
ST20-MTHFS	0.327	0.126	0.529	179	0.343135371165571
POC1B-GALNT4	0.241	-0.137	0.387	575	0.320389123423047
BCL2L2-PABPN1	0.369	0.167	0.558	333	0.316775899579133
CORO7-PAM16	0.526	0.502	0.733	1048	0.323571650558069
ZNF559-ZNF177	0.275	-0.067	0.434	120	0.342467776275708
ZNF177	0.275	-0.067	0.434	120	0.342467776275708
ZNF816-ZNF321P	0.241	-0.17	0.372	233	0.325945066966728
HSPE1-MOB4	0.166	-0.481	0.214	261	0.315200720159246
CKLF-CMTM1	0.268	0.073	0.494	168	0.312823091592521
SYNJ2BP-COX16	0.28	0	0.461	182	0.334598116436908
AP1M2	0.527	0.541	0.754	425	0.345942062797693
NDUFC2-KCTD14	0.318	0.121	0.519	134	0.309676323656036
COMMD3-BMI1	0.227	-0.178	0.367	469	0.309870432927692
ZHX1-C8orf76	0.25	-0.149	0.383	292	0.334157915317233
KRTAP29-1	0.308	-0.102	0.437	341	0.355551035823689
FXYD6-FXYD2	0.451	0.427	0.688	144	0.346975296938495
TVP23C-CDRT4	0.217	-0.185	0.359	164	0.296692083472742
RBAK-RBAKDN	0.355	0.077	0.519	113	0.334178995319323
URGCP-MRPS24	0.241	-0.151	0.383	110	0.27090343534003
ISY1-RAB43	0.279	-0.05	0.436	331	0.329803787624758
UBA2	0.223	-0.193	0.363	640	0.328725645448276
SAE1	0.321	0.076	0.509	346	0.345833225175096
FARSB	0.222	-0.212	0.347	589	0.327379140012018
ABCC5	0.356	0.21	0.572	1437	0.333216209820908
ABCB6	0.447	0.384	0.664	842	0.3375385445886
DNM1L	0.192	-0.293	0.299	749	0.315428206161601
CDH8	0.227	-0.175	0.37	799	0.311833158857835
ABCC9	0.223	-0.162	0.368	1549	0.314509482624865
ABCF2	0.37	0.204	0.57	634	0.334223842579682
NR1H3	0.478	0.42	0.688	453	0.328285888956275
COX17	0.384	0.223	0.59	63	0.344090843689428
FAM47E-STBD1	0.362	0.192	0.566	351	0.338539317630085
TIMM23B	0.252	-0.125	0.403	188	0.316912192852231
KIAA2012	0.299	0.014	0.473	1181	0.320361292806581
CEP295NL	0.343	0.153	0.544	621	0.322024128316144
SCAMP2	0.47	0.401	0.681	329	0.34617146202564
SCAMP3	0.416	0.284	0.62	347	0.34697612097282
IL18BP	0.468	0.427	0.693	199	0.313228829929354
RWDD2B	0.242	-0.129	0.399	319	0.322031005717815
CDH9	0.212	-0.245	0.335	789	0.310772712628718
MUC12	0.33	0.005	0.487	5335	0.240152390992955
DPP3	0.518	0.494	0.729	737	0.347042721927924
SNUPN	0.331	0.092	0.519	360	0.337775878621672
HUWE1	0.301	0.033	0.481	4374	0.314681127271538
PTPRU	0.578	0.586	0.778	1446	0.3376335915603
TSPAN32	0.501	0.497	0.728	320	0.326981266263906
TSSC4	0.496	0.427	0.7	329	0.297367877903113
ATP9A	0.458	0.437	0.696	1047	0.343538424653731
CDH10	0.227	-0.209	0.35	788	0.314537965901561
PDCD7	0.417	0.335	0.639	485	0.297432533410604
GPC6	0.372	0.216	0.581	555	0.341032866082416
MYZAP	0.294	0.066	0.496	466	0.339780025442258
USH1C	0.425	0.318	0.634	899	0.334010290943331
PQBP1	0.426	0.319	0.637	265	0.309705180603844
EDIL3	0.239	-0.192	0.368	480	0.331537316969168
FSBP	0.182	-0.311	0.29	299	0.301527788617448
CYP3A7-CYP3A51P	0.254	-0.081	0.416	535	0.317507967633754
TMEM265	0.459	0.414	0.676	108	0.349002608370629
CERT1	0.238	-0.161	0.384	752	0.307891650052407
PTGES3L	0.334	0.053	0.5	161	0.33689029800534
PTGES3L-AARSD1	0.369	0.208	0.577	586	0.3284125442437
KCNK7	0.464	0.433	0.69	307	0.318439609818501
CDH11	0.347	0.134	0.54	796	0.336996889625411
UST	0.379	0.249	0.593	406	0.333314996967395
ARPC5	0.343	0.148	0.55	154	0.354862364483885
ARPC4	0.455	0.385	0.669	187	0.358698459910823
ARPC3	0.259	-0.149	0.388	178	0.35862381969337
ARPC1B	0.626	0.651	0.815	372	0.350489012381859
ACTR3	0.2	-0.333	0.287	418	0.314256444184362
ACTR2	0.212	-0.21	0.347	399	0.329489297384718
TSPAN5	0.28	0.002	0.463	268	0.346163074588777
TSPAN3	0.315	0.091	0.51	253	0.358994869592183
POTEB	0.218	-0.209	0.354	544	0.339385749316079
CTXND1	0.622	0.727	0.855	59	0.337862958097811
TCP11X2	0.275	0.004	0.459	407	0.316621842163945
NOTCH2NLC	0.372	0.116	0.543	236	0.356126001855264
NPY4R2	0.546	0.579	0.772	375	0.353978625475037
NOTCH2NLB	0.353	0.073	0.521	249	0.35586035655943
FMC1-LUC7L2	0.232	-0.113	0.392	458	0.290730183023819
PYURF	0.372	0.258	0.595	114	0.297372462828787
ADAM8	0.577	0.58	0.778	824	0.344665952243261
CDH12	0.24	-0.135	0.394	794	0.313644257925215
TSPAN2	0.307	0.127	0.528	221	0.329618544495858
NUBP2	0.624	0.692	0.835	271	0.327196484848295
TSFM	0.31	0.112	0.526	346	0.329292684658076
TSPAN1	0.411	0.289	0.623	241	0.382398374719762
PPIF	0.561	0.567	0.771	207	0.336106344907415
GOLGA8R	0.328	0.103	0.521	631	0.339544426752803
NPIPA7	0.274	-0.052	0.432	369	0.300741397539085
NPIPA8	0.274	-0.052	0.432	369	0.300741397539085
CTDSP2	0.459	0.389	0.67	271	0.345907211119464
ZNF891	0.209	-0.301	0.312	544	0.329863246100615
CT45A7	0.227	-0.263	0.328	189	0.327364564240857
NBPF19	0.262	-0.087	0.418	3843	0.333067689173385
OPN1MW3	0.528	0.516	0.743	364	0.353056419370319
HNRNPCL4	0.315	0.026	0.49	293	0.356318995592612
TBC1D3B	0.411	0.321	0.635	549	0.317583774794928
TBC1D3G	0.411	0.321	0.635	549	0.317583774794928
TBC1D3K	0.412	0.322	0.636	549	0.318171073380604
TBC1D3L	0.409	0.319	0.634	549	0.316396256189038
TBC1D3D	0.41	0.319	0.634	549	0.316809767599719
TRIM10	0.428	0.339	0.643	481	0.336061328808811
ARPC2	0.34	0.12	0.532	300	0.341466469742959
SGK2	0.43	0.323	0.639	427	0.335322999665613
RAD50	0.195	-0.277	0.31	1312	0.334705922563299
KIF20A	0.302	0.08	0.505	890	0.329943790435715
PREB	0.405	0.306	0.627	417	0.328413221424383
HIPK3	0.21	-0.291	0.316	1215	0.308093071610539
FEM1B	0.249	-0.075	0.42	627	0.341000738474219
ENAM	0.219	-0.321	0.309	1142	0.31038998254879
CDH13	0.342	0.123	0.534	760	0.326805895189903
ACTR1B	0.499	0.49	0.727	376	0.338150899462179
ACTR1A	0.387	0.248	0.595	376	0.334922571702032
ARL4C	0.744	0.847	0.918	201	0.374664813271415
ARL4A	0.197	-0.283	0.307	200	0.307875858523969
RASGRP1	0.329	0.102	0.519	797	0.333242198561126
DNAL4	0.576	0.546	0.763	105	0.369597575197068
ZNF263	0.36	0.196	0.57	683	0.311438031034586
LRPPRC	0.203	-0.226	0.336	1394	0.328929181163807
FRY	0.278	0.02	0.471	3013	0.316089028124186
CDH15	0.589	0.627	0.798	814	0.318861249515438
PDIA6	0.275	-0.059	0.437	492	0.322145421068483
TRAP1	0.508	0.489	0.723	704	0.335681880998032
OPTN	0.284	-0.01	0.461	577	0.33616746236694
BCAP31	0.405	0.324	0.637	313	0.364420460223945
NAMPT	0.2	-0.278	0.322	491	0.328271548778607
CELA3A	0.493	0.455	0.711	270	0.333502962876144
RBM12	0.212	-0.321	0.304	932	0.293698360368491
YAF2	0.282	-0.119	0.417	204	0.307729413563384
ARFRP1	0.577	0.613	0.793	201	0.36435572658287
CDH16	0.453	0.376	0.667	829	0.321682187878417
TOB1	0.268	-0.111	0.416	345	0.347394754296382
MMP24OS	0.702	0.773	0.882	71	0.309254575710123
AKAP9	0.169	-0.361	0.268	3907	0.325005120761433
CLEC3A	0.343	0.17	0.553	206	0.355361369969623
FAM13A	0.278	-0.026	0.45	1023	0.323774335517269
G3BP1	0.24	-0.197	0.368	466	0.31523193520469
SUGP2	0.314	0.071	0.505	1096	0.320899797911744
EBI3	0.539	0.536	0.751	229	0.317293733725266
ADGRG2	0.26	-0.066	0.429	1017	0.319153897599923
CDH17	0.263	-0.091	0.419	832	0.324885501229703
MBNL2	0.252	-0.126	0.406	373	0.316104276225737
ABI2	0.26	-0.186	0.376	513	0.312281696986251
CEBPZ	0.206	-0.287	0.317	1054	0.331841693232129
PLXNC1	0.334	0.161	0.551	1568	0.329123563865286
TRIM28	0.493	0.412	0.69	835	0.338362008429442
RASA4	0.657	0.716	0.847	803	0.33811991399968
RASA4B	0.657	0.716	0.847	803	0.33811991399968
AASS	0.214	-0.212	0.348	926	0.32179503048637
PDZK1IP1	0.473	0.437	0.701	114	0.321734505747941
ATP6AP2	0.235	-0.128	0.391	350	0.321077842858365
CDH18	0.25	-0.134	0.395	790	0.318752048139921
FARP1	0.419	0.324	0.638	1076	0.330064477950202
LPAR6	0.199	-0.244	0.331	344	0.323508640635858
LPCAT3	0.4	0.322	0.632	487	0.350983684007592
WASF2	0.307	-0.07	0.438	498	0.307499770500673
CHST4	0.454	0.394	0.671	386	0.342799756275358
SLC25A13	0.23	-0.189	0.366	676	0.325058587661863
SLC25A15	0.308	0.076	0.507	301	0.34292241920503
ZNF197	0.255	-0.129	0.4	1029	0.3305685907519
SERF2	0.336	0.114	0.524	170	0.29370486574623
CDK2	0.352	0.175	0.554	298	0.333237189676338
DHRS9	0.245	-0.112	0.401	379	0.321771781668499
RCL1	0.279	0.035	0.475	373	0.309716614641598
ZNF256	0.249	-0.159	0.388	627	0.315058919726972
SORBS3	0.514	0.471	0.718	671	0.312099889721205
CNIH1	0.283	0.012	0.462	144	0.327146508087605
TENM1	0.267	-0.069	0.429	2732	0.318314860262735
RBM7	0.215	-0.308	0.311	267	0.286199574070495
CDK3	0.548	0.518	0.738	305	0.343516562880865
RBM6	0.252	-0.184	0.371	1123	0.309000230267368
RBM5	0.3	-0.023	0.458	815	0.334980656096129
LHFPL2	0.413	0.331	0.641	228	0.350255754398676
LHFPL6	0.404	0.266	0.608	200	0.34767642069179
TNK2	0.597	0.601	0.786	1086	0.31826250893704
ALYREF	0.426	0.327	0.639	264	0.317428797101645
CDK4	0.328	0.084	0.507	303	0.307539295022561
TXNDC9	0.215	-0.248	0.332	226	0.318618409791253
PANO1	0.435	0.387	0.665	215	0.258310737089375
CCDC182	0.482	0.467	0.709	153	0.351056426397937
HSFX4	0.337	0.071	0.508	333	0.327727319268046
C21orf140	0.253	-0.087	0.413	251	0.331529060347055
PIGBOS1	0.157	-0.482	0.212	54	0.344228521673183
MEI4	0.195	-0.278	0.309	385	0.319994088772938
ARMH2	0.238	-0.173	0.372	230	0.351865722717018
ETDA	0.38	0.238	0.582	59	0.314339449401238
HSFX3	0.335	0.065	0.505	333	0.325752835282818
MYMX	0.478	0.497	0.707	84	0.296202642410636
TEX51	0.322	0.12	0.519	166	0.323127808231668
PRAMEF27	0.361	0.246	0.586	478	0.336502928651375
RNF41	0.411	0.292	0.621	317	0.353798451707702
TSHZ1	0.551	0.537	0.757	1077	0.342116702942002
ALG3	0.515	0.527	0.74	438	0.330633462897581
PRMT3	0.22	-0.217	0.355	531	0.321894799657125
PSME3	0.291	0.025	0.469	267	0.330408821369034
MPHOSPH9	0.193	-0.332	0.293	1183	0.307143338283143
MPHOSPH10	0.209	-0.266	0.329	681	0.33080341089126
ADAM10	0.206	-0.337	0.292	748	0.321938275024816
CDK5	0.44	0.349	0.649	292	0.341222916754735
MPHOSPH6	0.212	-0.22	0.344	160	0.327141036378601
NME6	0.361	0.187	0.559	194	0.313912230763492
DHRS2	0.434	0.36	0.655	300	0.33566704666532
CALCRL	0.22	-0.182	0.362	461	0.337829260908635
NUTF2	0.366	0.244	0.597	127	0.365954431044278
MPZL2	0.306	0.111	0.522	215	0.325985987206889
TRIM13	0.251	-0.109	0.405	410	0.342864428836217
PATJ	0.216	-0.225	0.346	1882	0.312356906779545
USPL1	0.182	-0.39	0.264	1092	0.3164171882823
EIF1	0.285	-0.006	0.464	113	0.357462258250292
CDK6	0.334	0.145	0.539	326	0.314036493232331
TOPORS	0.199	-0.344	0.283	1045	0.29158689742577
FLOT1	0.449	0.374	0.666	427	0.37479763051663
DDX39A	0.555	0.547	0.757	427	0.358048828870548
PSMD14	0.197	-0.287	0.315	310	0.325772813408111
SSX3	0.317	0.03	0.489	188	0.345208005365809
OLIG2	0.633	0.713	0.849	323	0.303100519987307
AK6	0.193	-0.305	0.299	172	0.323869013282405
PRG4	0.298	-0.137	0.414	1404	0.296482281554795
CTDSPL	0.407	0.303	0.626	276	0.336325753039104
ANGPTL7	0.52	0.483	0.725	346	0.366960215295564
KLRG1	0.27	-0.061	0.435	195	0.341286672938702
CDK7	0.183	-0.283	0.302	346	0.29698775420674
GDF11	0.561	0.59	0.78	407	0.319649927773855
TRIB1	0.488	0.492	0.726	372	0.318480453138672
GPA33	0.448	0.376	0.667	319	0.34477013293674
ZNF443	0.206	-0.364	0.287	671	0.315554013236033
CD96	0.238	-0.173	0.379	585	0.306903456836705
PLIN3	0.582	0.621	0.8	434	0.347854209947229
MFSD10	0.552	0.602	0.783	455	0.316674430471565
STX6	0.307	0.099	0.512	255	0.3192098541864
C11orf98	0.405	0.332	0.633	123	0.326905517226129
COQ7	0.31	0.171	0.549	217	0.307861424848956
RCAN2	0.311	0.043	0.494	243	0.318547814218122
MSLN	0.552	0.592	0.778	630	0.322588713893932
LRRC23	0.427	0.32	0.63	343	0.354079212333424
LRRC17	0.257	-0.035	0.442	441	0.341783785144865
RASGRP2	0.589	0.622	0.796	609	0.333393894370198
HNRNPR	0.225	-0.241	0.345	636	0.330910222737812
SLC35B1	0.382	0.298	0.619	359	0.330281091443183
DCAF7	0.392	0.259	0.602	342	0.332596226706572
AP3S2	0.344	0.157	0.543	193	0.374209138559287
CDK8	0.229	-0.19	0.366	464	0.318988048921224
MRPS31	0.226	-0.22	0.346	395	0.307450271164598
CALCOCO2	0.313	0.045	0.493	470	0.36760471628793
KCNMB2	0.32	0.09	0.509	235	0.334698404686017
GPHN	0.224	-0.211	0.35	769	0.294536072738302
RABEPK	0.29	-0.054	0.446	372	0.310736186875954
TIMM17B	0.403	0.262	0.602	222	0.325265804371584
SLC17A2	0.283	0.033	0.471	478	0.304325457083934
RIDA	0.224	-0.203	0.358	137	0.35054952721371
POP7	0.517	0.483	0.717	140	0.346774684089023
GLYAT	0.285	-0.006	0.466	296	0.33917998737957
CDK9	0.57	0.59	0.778	372	0.368998769796083
SRRM1	0.241	-0.226	0.344	904	0.273127076243136
SPRY3	0.374	0.171	0.559	288	0.331985736790109
SPRY1	0.286	-0.017	0.457	319	0.332987995587153
SPRY2	0.357	0.159	0.553	315	0.327263477928718
STAM2	0.194	-0.367	0.282	525	0.327336956803306
CNKSR1	0.461	0.393	0.674	720	0.311624453339958
ABCC4	0.234	-0.101	0.403	1325	0.315413775800591
CDKN1A	0.46	0.37	0.66	164	0.300602024206432
DENND4A	0.185	-0.376	0.265	1906	0.302033458106552
IGSF6	0.287	0.017	0.475	241	0.329777473196866
SF3B4	0.312	-0.045	0.453	424	0.299577522325382
CDK2AP2	0.53	0.497	0.736	126	0.297986184656501
IRX5	0.552	0.589	0.786	483	0.31420917807765
RAMP2	0.432	0.349	0.647	175	0.31362012348376
RAMP1	0.671	0.735	0.855	148	0.325078035237042
RAMP3	0.573	0.612	0.79	148	0.340345930868314
ZMPSTE24	0.213	-0.22	0.341	475	0.325892027159029
CDKN1B	0.412	0.339	0.653	198	0.32517086637497
AKAP8	0.424	0.286	0.626	692	0.336434849221753
FSTL3	0.668	0.752	0.87	263	0.339139923960626
SMIM11	0.24	-0.133	0.382	58	0.36650674951292
SPDYE16	0.456	0.401	0.676	312	0.331629723939877
CT45A10	0.226	-0.273	0.322	189	0.331431170390932
CT45A9	0.223	-0.283	0.317	189	0.328235927083973
CT45A8	0.223	-0.283	0.317	189	0.328235927083973
TBC1D3K	0.414	0.329	0.64	549	0.318456246046928
TBC1D3E	0.414	0.329	0.64	549	0.318456246046928
ICOSLG	0.473	0.449	0.705	302	0.33347341229456
TP53TG3E	0.28	-0.078	0.43	124	0.277521760907314
TP53TG3F	0.28	-0.078	0.43	124	0.277521760907314
GAGE10	0.263	-0.238	0.36	116	0.315201760412914
CBS	0.607	0.635	0.805	565	0.352433231513466
U2AF1	0.351	0.156	0.545	240	0.327240820684319
POTEB3	0.232	-0.16	0.382	581	0.342689113362134
CRYAA	0.71	0.769	0.876	173	0.328878615800213
TBC1D3I	0.411	0.321	0.635	549	0.31674860721225
STUB1	0.666	0.697	0.837	303	0.373501340227373
STAG1	0.202	-0.267	0.316	1258	0.319382156627383
NET1	0.295	0.07	0.495	596	0.303792425999594
UBE4B	0.31	0.075	0.503	1302	0.315404741338658
EFS	0.457	0.32	0.639	561	0.319780936730146
PRSS16	0.406	0.36	0.654	514	0.314038472139053
CDKN1C	0.626	0.719	0.852	316	0.301542746795063
SIGMAR1	0.569	0.634	0.803	223	0.311393659926257
BET1	0.186	-0.319	0.286	118	0.319407155752447
CWC27	0.192	-0.381	0.268	472	0.317521303799207
SAP18	0.327	0.114	0.524	172	0.301025802616356
SMNDC1	0.202	-0.35	0.293	238	0.348808196517634
BCAS2	0.216	-0.211	0.352	225	0.344569792487141
RGS19	0.632	0.661	0.82	217	0.328104385795254
LILRB2	0.438	0.339	0.647	598	0.311544779968109
EIF1B	0.257	-0.073	0.429	113	0.36711230221874
CDKN2A	0.53	0.568	0.766	167	0.291278419206353
SPEG	0.54	0.528	0.748	3267	0.304512960397851
SF3A1	0.437	0.28	0.621	793	0.346744451252468
TRAIP	0.408	0.291	0.619	469	0.345697798876613
DNAJA2	0.234	-0.185	0.373	412	0.332048135975213
BCKDK	0.498	0.492	0.723	412	0.31341420814043
MAEA	0.623	0.669	0.822	396	0.362357733392309
APC2	0.66	0.728	0.854	2303	0.306994804914022
PAK4	0.612	0.638	0.806	591	0.325056879260555
MARCHF6	0.214	-0.174	0.361	910	0.312996388337864
ADAR	0.321	0.089	0.515	1226	0.323086503883642
CDKN2B	0.592	0.65	0.811	138	0.30691836832412
KATNB1	0.614	0.625	0.799	655	0.33771279532197
SNAPC5	0.328	0.154	0.543	98	0.304397257108426
APBB3	0.428	0.301	0.627	493	0.324929182522824
ZNF267	0.202	-0.365	0.279	743	0.330897713067725
CCNO	0.617	0.694	0.835	350	0.318982913651701
CDKN2C	0.272	0.004	0.463	168	0.342421938101574
VPS26C	0.383	0.251	0.599	297	0.347504997803998
TCIRG1	0.661	0.719	0.848	830	0.341408202220452
RTN3	0.227	-0.24	0.346	1032	0.314023947232074
LANCL1	0.28	-0.019	0.455	399	0.356609175771365
NMUR1	0.584	0.622	0.794	426	0.326544986933227
B3GALT5	0.397	0.275	0.611	314	0.336898107637166
TNIP1	0.478	0.395	0.678	636	0.34111049734567
LAMC3	0.554	0.533	0.752	1575	0.340888429946918
CDKN2D	0.499	0.487	0.722	166	0.306804647591398
IKZF1	0.48	0.468	0.718	519	0.334892592751873
CRISP3	0.233	-0.24	0.352	268	0.342704230916341
SMYD5	0.395	0.242	0.596	418	0.342462374838981
KLHL41	0.213	-0.253	0.328	606	0.326937175580932
RRAGB	0.262	-0.092	0.409	374	0.332540288119811
SIRPB1	0.419	0.307	0.631	398	0.325272504818479
AKR1A1	0.391	0.219	0.581	325	0.352435798253266
EMC8	0.519	0.504	0.736	210	0.353273064761429
RXYLT1	0.224	-0.115	0.399	443	0.32826698403041
CDKN3	0.178	-0.306	0.292	212	0.283948497343298
CNPY2	0.358	0.176	0.554	182	0.324879338365101
B3GNT3	0.579	0.611	0.789	372	0.328020314607658
CLEC4M	0.449	0.356	0.656	399	0.361629187553636
TLR6	0.21	-0.159	0.372	796	0.323450132903855
IRAG1	0.362	0.165	0.558	912	0.324211337688026
PCGF3	0.526	0.534	0.748	242	0.356010151673217
TFG	0.208	-0.376	0.279	400	0.325800256954768
PKDREJ	0.286	0.036	0.479	2253	0.316263740956535
CCL26	0.334	0.185	0.562	94	0.319754632348002
TRDN	0.206	-0.398	0.278	729	0.337216560098849
TRIM22	0.31	0.054	0.497	498	0.339601273807407
ABCA7	0.544	0.556	0.76	2146	0.317921651969838
ABCA10	0.193	-0.261	0.317	1543	0.315571431533854
ABCA9	0.227	-0.157	0.373	1624	0.317651373937873
ABCA8	0.227	-0.137	0.385	1621	0.3212943958602
WARS2	0.32	0.163	0.552	360	0.329606870343397
CDO1	0.32	0.048	0.495	200	0.329483963711335
NPM3	0.411	0.343	0.653	178	0.314091392282082
NPM2	0.388	0.255	0.607	214	0.333314559060029
HMG20B	0.643	0.707	0.844	317	0.343746058815465
HMG20A	0.284	-0.043	0.443	347	0.310650669691251
KLF2	0.662	0.717	0.85	355	0.281471349381635
MICU1	0.272	-0.099	0.414	482	0.328466849015685
CACNG3	0.372	0.244	0.593	315	0.311885384385794
CACNG2	0.493	0.48	0.721	323	0.335571762173841
CITED2	0.588	0.599	0.792	275	0.331092472958307
SEMA3A	0.237	-0.18	0.37	771	0.314396865914399
TUBA1B	0.413	0.267	0.611	451	0.362080799605398
IRF9	0.457	0.334	0.647	393	0.331389447318457
BPNT1	0.223	-0.225	0.346	308	0.343219656538245
TUBB3	0.738	0.805	0.897	450	0.368747320310259
TUBB4A	0.714	0.771	0.879	444	0.359849345225884
TUBB4B	0.604	0.619	0.799	445	0.361896962390666
BTN3A3	0.322	0.077	0.505	584	0.322963863073833
BTN2A2	0.389	0.274	0.608	523	0.333308277574789
SYCP2	0.17	-0.44	0.232	1530	0.312525976476975
SCML2	0.226	-0.251	0.34	700	0.30764538255445
CDR2	0.376	0.215	0.582	454	0.350998273354364
CEPT1	0.198	-0.293	0.302	416	0.299383566307869
CORO2B	0.535	0.559	0.761	480	0.348985521000227
MYL12B	0.348	0.083	0.515	172	0.349344242294486
NOD1	0.524	0.54	0.751	953	0.342333052034441
ANAPC10	0.19	-0.342	0.282	185	0.301568431806943
PRG3	0.363	0.189	0.569	225	0.354904458704304
DLC1	0.327	0.118	0.53	1528	0.319592477216687
ATP8A1	0.223	-0.172	0.369	1164	0.322787308437216
NDRG1	0.518	0.5	0.736	394	0.339424324971962
MYL9	0.611	0.602	0.79	172	0.364358383377848
RACK1	0.436	0.33	0.642	317	0.328208362890176
ADARB1	0.388	0.268	0.61	741	0.3244371712668
CDS1	0.227	-0.16	0.372	461	0.303301284908471
PEMT	0.565	0.614	0.792	236	0.33397787127491
PIAS3	0.369	0.209	0.577	628	0.308601037930512
ST3GAL6	0.228	-0.166	0.372	384	0.321107480852429
NDC80	0.197	-0.266	0.322	642	0.337443110935638
CPQ	0.273	-0.026	0.451	472	0.335532188649557
WFDC2	0.539	0.531	0.754	124	0.381952560425496
SPAG11B	0.273	-0.002	0.457	133	0.304301642272095
BASP1	0.621	0.594	0.796	227	0.37382432859795
CDSN	0.411	0.271	0.623	529	0.300851547110715
IFITM3	0.621	0.658	0.817	133	0.35835799144669
RAPGEF3	0.501	0.475	0.715	923	0.325873631598768
NSA2	0.206	-0.29	0.312	260	0.334386604748633
YAP1	0.348	0.112	0.533	508	0.311334716177088
SPON2	0.648	0.717	0.85	331	0.326493576809882
SPON1	0.423	0.299	0.628	807	0.331524285716045
PRMT5	0.364	0.175	0.558	637	0.334957616950849
TESK2	0.32	0.057	0.494	571	0.31244051448528
CD2BP2	0.416	0.295	0.625	341	0.326446841178412
UBAC1	0.448	0.396	0.675	405	0.342884405058887
CDIPT	0.496	0.502	0.728	213	0.346075808789036
PGRMC2	0.364	0.229	0.589	247	0.300985399920536
ARIH2	0.354	0.149	0.551	493	0.364944092782274
TUBGCP3	0.272	-0.006	0.454	907	0.316179072564018
SEC24B	0.201	-0.309	0.308	1298	0.30331412347937
CFDP1	0.275	-0.09	0.43	299	0.336628066684319
CD52	0.371	0.378	0.661	61	0.290300858000798
TMEM147	0.462	0.47	0.715	224	0.347444680014625
RBM14	0.421	0.274	0.621	669	0.354391735745151
LYPLA1	0.229	-0.209	0.353	230	0.328446298822408
CDC42EP2	0.598	0.597	0.783	210	0.311298422722622
EMG1	0.295	0.053	0.492	244	0.312997589235244
IFI30	0.443	0.413	0.685	250	0.335658864687259
C1D	0.179	-0.408	0.256	141	0.335470209411429
OLFM1	0.541	0.546	0.758	485	0.360818350855774
CDX1	0.616	0.628	0.805	265	0.316654986771973
TIMM17A	0.214	-0.235	0.34	171	0.299670555559862
N4BP2L2	0.182	-0.354	0.273	752	0.314545476231542
ZER1	0.566	0.596	0.78	766	0.353970160145194
MCRS1	0.492	0.433	0.693	475	0.334172617697828
LRRN2	0.49	0.488	0.721	713	0.322134346393595
FAM3C	0.193	-0.343	0.29	227	0.323665574552379
ACAA2	0.212	-0.288	0.316	397	0.334203898025588
CDX2	0.542	0.525	0.751	313	0.334258816175902
PPIE	0.34	0.078	0.513	314	0.340170813987972
VAV3	0.225	-0.179	0.367	847	0.326206088131931
TOMM40	0.52	0.519	0.746	361	0.329271863896946
TAB1	0.499	0.481	0.724	504	0.339151562461354
ECI2	0.252	-0.136	0.397	394	0.325086423316354
HAX1	0.302	-0.016	0.461	279	0.269649978704368
GPNMB	0.306	0.039	0.49	572	0.326290916858698
BAIAP2	0.624	0.628	0.803	552	0.358683575306332
MAD2L2	0.534	0.545	0.755	211	0.348677152885961
CDX4	0.364	0.167	0.565	284	0.312388824455676
TACC3	0.417	0.25	0.606	838	0.331616539988512
MERTK	0.281	0.01	0.47	999	0.316537194974324
CLEC10A	0.459	0.371	0.669	316	0.354426784156263
SLC30A9	0.172	-0.345	0.274	568	0.293471381807056
PIBF1	0.164	-0.376	0.254	757	0.328277355889821
PPIH	0.306	0.004	0.476	177	0.325680061090866
COG5	0.186	-0.304	0.297	860	0.316133500686036
ZNHIT1	0.501	0.433	0.697	154	0.340726085399967
FST	0.404	0.271	0.616	344	0.365997415288968
TIMM44	0.497	0.511	0.737	452	0.343179122750237
CLGN	0.172	-0.485	0.216	610	0.312111320235757
PFDN6	0.35	0.212	0.575	129	0.363925452065996
ZBTB18	0.41	0.275	0.617	531	0.330922171568341
HMGN4	0.29	-0.148	0.404	90	0.362702596601161
TADA3	0.492	0.412	0.684	432	0.345761514433437
TRIM38	0.32	0.06	0.5	465	0.337846680979211
ATP5PD	0.287	-0.048	0.447	161	0.387380371863639
UBE2E3	0.258	-0.146	0.389	207	0.313510453892032
SLC25A17	0.244	-0.078	0.414	307	0.314287186420552
SLC9A6	0.249	-0.084	0.413	701	0.303206118735723
CEACAM5	0.368	0.213	0.582	702	0.320866317986972
EIF3M	0.207	-0.239	0.333	374	0.33807321627904
HOXB13	0.483	0.386	0.678	284	0.339260304184062
NXF1	0.335	0.137	0.535	619	0.331266255032282
SEC23B	0.269	-0.082	0.419	767	0.323498069504969
SEC23A	0.197	-0.319	0.292	765	0.312156083708992
MIR9-1HG	0.324	0.116	0.527	156	0.288470942377455
CAP2	0.288	-0.02	0.459	477	0.337806257637958
CAP1	0.314	0.007	0.477	475	0.339724458629882
CREB3	0.341	0.172	0.55	371	0.309679293305241
LRRC41	0.387	0.254	0.595	812	0.305423297886156
VTI1B	0.322	0.153	0.536	232	0.314420562991113
CRTAP	0.497	0.453	0.707	401	0.348364686848923
SYNCRIP	0.186	-0.409	0.257	623	0.3198691990533
VAT1	0.514	0.489	0.73	393	0.346739171304801
STK25	0.615	0.642	0.808	426	0.33960878324354
ENOX2	0.266	-0.084	0.419	610	0.334249415663453
UNC13B	0.36	0.157	0.551	1610	0.334633888386087
CARM1	0.561	0.593	0.785	608	0.341931219458688
NCOA2	0.28	-0.055	0.442	1464	0.31743109909877
ADARB2	0.629	0.705	0.841	739	0.311380886448155
CEBPA	0.801	0.892	0.943	358	0.320558689826739
SEMA6C	0.441	0.385	0.671	962	0.305988432687184
SEMA6B	0.613	0.683	0.83	888	0.313571115551766
SEMA4F	0.363	0.193	0.568	770	0.312697742434937
SEMA4D	0.459	0.392	0.678	862	0.339273977356408
SEMA4B	0.539	0.546	0.756	837	0.322341666398588
CEBPB	0.777	0.899	0.947	345	0.3311034887854
SEMA3C	0.254	-0.117	0.405	751	0.326796572269148
APPBP2	0.202	-0.282	0.313	585	0.339585509112266
MYBBP1A	0.556	0.564	0.765	1332	0.338641960198976
FBLN5	0.394	0.235	0.594	448	0.36204692836835
FBXW10	0.317	0.106	0.519	1052	0.335984987386662
CIB2	0.591	0.608	0.79	187	0.37896073205153
CIB1	0.459	0.419	0.686	231	0.324458737538656
CEBPD	0.753	0.843	0.916	269	0.321770752208147
ZNF211	0.268	-0.081	0.428	629	0.31389674309597
DDX17	0.274	-0.071	0.429	731	0.311873601395572
DEAF1	0.492	0.444	0.71	565	0.329536677755911
CHERP	0.607	0.602	0.79	916	0.337332057038706
KAT5	0.495	0.465	0.712	546	0.331953298250446
HYOU1	0.414	0.273	0.613	999	0.346161982077615
IPO8	0.211	-0.209	0.346	1037	0.327304548375291
IPO7	0.196	-0.292	0.305	1038	0.33257984378682
NOP56	0.383	0.238	0.592	594	0.346091828036667
NEBL	0.248	-0.173	0.382	1014	0.342172253530018
CEBPE	0.548	0.541	0.755	281	0.332644919426859
PITRM1	0.342	0.146	0.544	1038	0.326343067866733
ATG7	0.271	-0.045	0.441	703	0.329575838112492
ZNRD2	0.461	0.373	0.663	199	0.335776409882127
RNASEH2A	0.458	0.39	0.675	299	0.321850727782333
P3H3	0.492	0.481	0.719	736	0.314320404576705
UBD	0.335	0.16	0.547	165	0.33807163503942
CPHXL	0.264	-0.116	0.413	405	0.33695849282368
GNG14	0.551	0.547	0.76	107	0.386409253074079
FAM236D	0.34	0.084	0.506	79	0.319455249722333
PNMA6F	0.381	0.191	0.571	578	0.313338559488615
UPK3B	0.581	0.615	0.792	276	0.303347687813364
TEX53	0.369	0.183	0.561	70	0.303090411069935
MARCOL	0.204	-0.285	0.331	285	0.312789572362806
TMEM275	0.692	0.838	0.914	177	0.300350885312706
KLF18	0.412	0.3	0.638	1052	0.33436061251511
BATF	0.556	0.511	0.742	125	0.325160646737069
GLRX3	0.222	-0.221	0.35	335	0.327790581394841
CEBPG	0.3	0.036	0.49	150	0.341938583554146
DCTN2	0.339	0.114	0.528	406	0.33381926174586
ANP32B	0.239	-0.15	0.387	251	0.325061267717058
LAMTOR5	0.318	0.093	0.518	173	0.302046793498155
PROCR	0.489	0.473	0.716	238	0.323035689462798
TM9SF1	0.388	0.272	0.606	606	0.327337176445376
PRDX4	0.274	-0.028	0.444	271	0.302894748720708
ARL6IP5	0.387	0.288	0.613	188	0.339832342954918
AGR2	0.257	-0.108	0.402	175	0.337473702525747
ARPC1A	0.37	0.188	0.569	370	0.326961710760289
HTATIP2	0.293	0.06	0.498	276	0.329736172663302
AGPAT1	0.477	0.472	0.713	283	0.328363335237823
AGPAT2	0.685	0.769	0.875	278	0.345304218895262
RPP30	0.209	-0.227	0.334	322	0.31419649979739
RPP38	0.257	-0.03	0.44	283	0.329246441955708
SPTLC1	0.221	-0.166	0.37	473	0.33681396155062
SLC35A1	0.18	-0.231	0.336	337	0.324700389770435
CEL	0.586	0.603	0.793	756	0.341376178752731
SLC19A2	0.3	0.079	0.503	497	0.325319795250145
IFI44	0.207	-0.235	0.328	444	0.321806854700267
OLFM4	0.295	0.022	0.479	510	0.342288421398545
CXCL13	0.23	-0.091	0.398	109	0.300375680844254
ARFGEF2	0.306	0.061	0.496	1785	0.335664754603546
ARFGEF1	0.193	-0.311	0.298	1849	0.316157585644405
AKAP3	0.297	-0.001	0.471	853	0.331682708457472
RABAC1	0.592	0.615	0.792	185	0.345373282490943
SLC34A2	0.444	0.417	0.685	690	0.345118496502523
SLU7	0.235	-0.254	0.34	586	0.345814110014889
DPYSL4	0.57	0.577	0.775	572	0.346359197678791
SIVA1	0.549	0.543	0.757	175	0.352410378967447
MRPL28	0.608	0.641	0.805	256	0.353931988121719
CCT7	0.351	0.128	0.532	543	0.36048046405206
CCT4	0.216	-0.194	0.353	539	0.329554987529098
CCT2	0.185	-0.332	0.281	535	0.314380714581881
NPC2	0.351	0.119	0.536	174	0.342101717109436
GNLY	0.399	0.277	0.607	172	0.31887328971469
TACC2	0.34	0.067	0.513	2948	0.318517391510997
CENPA	0.337	0.262	0.591	140	0.263920921902276
SORBS1	0.291	-0.035	0.45	1292	0.302502143976306
IFITM2	0.611	0.635	0.805	132	0.374666820705282
COLEC10	0.285	-0.052	0.44	277	0.338475182177058
POMT1	0.428	0.399	0.674	747	0.326606757161032
MAB21L2	0.602	0.668	0.82	359	0.345619571367147
TXNRD2	0.467	0.429	0.695	523	0.327176837577923
MTHFS	0.367	0.233	0.585	203	0.33531783684787
DRAP1	0.556	0.548	0.764	205	0.332514536218266
CENPB	0.548	0.543	0.758	599	0.334659728664392
SCGN	0.305	0.046	0.485	276	0.342125531567599
DNPH1	0.55	0.525	0.744	174	0.33092307848257
SMC2	0.191	-0.328	0.291	1197	0.352032207879334
PRPF8	0.416	0.31	0.627	2335	0.345993133467449
ERN2	0.468	0.418	0.687	926	0.306473319213128
TRAPPC2B	0.215	-0.226	0.351	140	0.31705342083795
AHSA1	0.329	0.077	0.512	338	0.330180197677646
SLCO1B1	0.171	-0.399	0.248	691	0.31230546540441
CENPC	0.174	-0.444	0.234	943	0.298661594172093
USP16	0.187	-0.362	0.279	823	0.335254328789273
CDC42EP3	0.375	0.225	0.589	254	0.320859164699146
SH2B2	0.606	0.639	0.809	675	0.314843759033991
PAIP1	0.234	-0.202	0.362	479	0.314309901653178
PAICS	0.203	-0.3	0.306	432	0.32838275134168
TBL3	0.579	0.589	0.78	808	0.341659682023805
MXD4	0.635	0.671	0.821	209	0.319304913594184
P3H4	0.676	0.727	0.854	437	0.356650886012958
ST6GALNAC2	0.439	0.356	0.653	374	0.326173835338436
PDLIM5	0.267	-0.14	0.401	625	0.322946566406172
TRIM3	0.475	0.411	0.686	744	0.334557457480072
ERLIN1	0.266	-0.088	0.419	348	0.360894571703584
HEXIM1	0.526	0.512	0.741	359	0.338023729140217
SPAG5	0.297	0.04	0.484	1193	0.317568359882633
RBCK1	0.619	0.623	0.8	510	0.356655932818573
STAMBP	0.308	0.051	0.493	424	0.327913190548139
TGOLN2	0.386	0.206	0.591	453	0.314121306291793
CENPE	0.169	-0.368	0.264	2701	0.331217675945281
ARID3B	0.404	0.238	0.594	561	0.328924091010183
POLR3F	0.234	-0.156	0.381	316	0.332047903410857
POLR3G	0.188	-0.5	0.217	223	0.331408589666188
POLR3C	0.277	-0.023	0.449	534	0.324464730148323
IVNS1ABP	0.21	-0.294	0.313	642	0.32784935570419
TRIM16	0.444	0.361	0.662	564	0.35610303991507
MYL12A	0.317	0.017	0.479	177	0.338477486199694
TXNIP	0.334	0.084	0.513	391	0.346037435812213
TAF6L	0.468	0.446	0.702	622	0.309396530918592
CENPF	0.212	-0.2	0.357	3114	0.338244786780875
PDPN	0.329	0.123	0.533	238	0.284074648841946
POSTN	0.213	-0.218	0.341	836	0.329248320479942
ATP5MG	0.325	0.091	0.515	103	0.365622593175386
RASL10A	0.672	0.777	0.878	203	0.308145685375546
GAS2L1	0.52	0.471	0.716	681	0.288580941396563
RAD51AP1	0.205	-0.349	0.294	352	0.317832350242141
RGS14	0.551	0.554	0.76	566	0.326069959654768
LEFTY1	0.691	0.752	0.865	366	0.324462065848724
EXOC5	0.185	-0.315	0.292	708	0.338132947834799
NPRL2	0.503	0.467	0.712	380	0.36047180531291
IGF2BP1	0.424	0.316	0.637	577	0.362644115034197
IGF2BP3	0.267	-0.062	0.432	579	0.341852954970628
IGF2BP2	0.38	0.232	0.589	605	0.344707632380947
CAMKK2	0.489	0.456	0.709	588	0.325680722140717
SCGB1D2	0.318	0.203	0.568	90	0.367732830694139
SCGB1D1	0.268	-0.021	0.448	90	0.362372353179364
PRELID3A	0.371	0.231	0.584	172	0.312304272333466
MTX2	0.2	-0.309	0.303	263	0.346832610441901
YKT6	0.349	0.168	0.557	198	0.33761701477535
SPINT2	0.511	0.476	0.719	252	0.345373001926032
PMVK	0.471	0.45	0.703	192	0.335164921731436
DMRT2	0.373	0.233	0.593	561	0.319921401202599
KHDRBS3	0.259	-0.107	0.413	346	0.315393891516938
KHDRBS1	0.33	0.069	0.508	443	0.307676791961526
CELF1	0.307	0.035	0.49	514	0.348978752646793
CELF2	0.354	0.141	0.544	533	0.353546073306819
CES1	0.355	0.182	0.565	568	0.34232712747811
LBX1	0.633	0.715	0.848	281	0.333909723586201
KLF1	0.554	0.589	0.783	362	0.300086236807219
CXCR6	0.44	0.388	0.671	342	0.353320558635712
CTCF	0.303	-0.015	0.468	727	0.336202877248225
TSBP1	0.202	-0.302	0.313	563	0.310614410004063
CD226	0.266	-0.033	0.447	336	0.319575116158969
FARS2	0.382	0.249	0.597	451	0.329451385535113
CGRRF1	0.214	-0.201	0.359	332	0.332564805958324
CGREF1	0.335	0.137	0.541	318	0.336586443354002
RRAGA	0.458	0.388	0.668	313	0.362916225488022
DCTN6	0.242	-0.169	0.375	190	0.339672563846023
GNA13	0.33	0.175	0.552	377	0.330704314274212
TNFSF13B	0.259	-0.099	0.411	285	0.317643465046069
CSPG5	0.452	0.364	0.665	566	0.32391840991235
AVIL	0.383	0.221	0.586	819	0.34666133902608
B3GNT2	0.316	0.114	0.522	397	0.332265143300666
CETN1	0.54	0.528	0.75	172	0.375626067189209
GNB5	0.405	0.263	0.612	395	0.33841657083254
EBP	0.413	0.35	0.648	230	0.326192872651982
DLL3	0.512	0.517	0.742	618	0.309254764653963
CLDN16	0.251	-0.108	0.405	305	0.326540282721032
PNMA2	0.347	0.232	0.585	364	0.31240788229466
CETN2	0.29	-0.06	0.438	172	0.345675501886719
FUT9	0.255	-0.158	0.384	359	0.333127281903797
GMEB1	0.312	0.05	0.498	573	0.329077881750104
RRH	0.246	-0.13	0.391	337	0.330533668148968
CCT6B	0.176	-0.35	0.275	530	0.328799315393472
CCT8	0.185	-0.373	0.269	548	0.328330340922226
CNPY3	0.497	0.43	0.696	278	0.346158206793117
CORIN	0.308	0.025	0.483	1042	0.337620929914287
ADCY1	0.489	0.507	0.732	1119	0.332806000123335
CETN3	0.162	-0.415	0.228	191	0.311902854390438
CETP	0.512	0.494	0.728	493	0.350959879699808
ENTREP3	0.454	0.403	0.678	668	0.292715235907
USP39	0.384	0.229	0.586	565	0.346176599223224
POLD3	0.27	-0.14	0.406	466	0.345078162390119
CERS1	0.633	0.716	0.846	350	0.322476587240242
TBR1	0.522	0.513	0.744	682	0.334566407781947
AP4B1	0.263	-0.048	0.433	739	0.333854429634631
NRG3	0.357	0.177	0.566	696	0.301834360034511
CFL1	0.582	0.565	0.77	166	0.382725701110628
UGT2B11	0.216	-0.224	0.344	529	0.314021968336592
POLQ	0.193	-0.303	0.301	2590	0.311921199865994
SLC12A7	0.643	0.717	0.848	1083	0.349396189157162
OGA	0.23	-0.196	0.366	916	0.324744538566358
NFAT5	0.225	-0.245	0.35	1549	0.324624388068015
NUDC	0.51	0.469	0.717	331	0.358322065981505
PTGES3	0.174	-0.478	0.222	164	0.309963260444981
CFL2	0.189	-0.357	0.28	166	0.332185462357117
YME1L1	0.186	-0.331	0.285	773	0.30181873789448
TCFL5	0.386	0.278	0.617	500	0.313771101556964
PLK4	0.188	-0.393	0.26	970	0.31109039674242
STAG3	0.368	0.232	0.586	1226	0.322772513542584
STAG2	0.187	-0.343	0.278	1268	0.312902050553126
SIX2	0.685	0.741	0.862	291	0.327240362148535
RFPL3	0.337	0.128	0.53	317	0.318915317124648
RFPL2	0.344	0.153	0.543	378	0.320004743970444
RBBP9	0.335	0.065	0.506	186	0.34114781303816
RAI2	0.463	0.363	0.664	530	0.335463317758165
RAI1	0.535	0.501	0.738	1906	0.332248273673883
PTTG2	0.256	-0.147	0.392	191	0.319396944555835
PHTF1	0.189	-0.25	0.319	762	0.302145458866243
MAP3K2	0.201	-0.31	0.297	619	0.293331990053857
MASP2	0.345	0.121	0.535	686	0.318225841519592
KIF1C	0.462	0.38	0.668	1103	0.325358773091216
CTSC	0.316	0.028	0.486	463	0.350031028135275
GRAP	0.641	0.679	0.828	217	0.352611059310666
CHL1	0.208	-0.27	0.325	1224	0.315326195678549
CAPN9	0.403	0.274	0.611	690	0.342976764783927
GIPC1	0.619	0.651	0.812	333	0.33746200497359
TRAF3IP2	0.325	0.037	0.487	574	0.319935372719591
PLAC1	0.34	0.081	0.52	212	0.329912888662503
NUP50	0.246	-0.192	0.378	468	0.325717647217807
NES	0.367	0.2	0.574	1621	0.31797090103629
KDM5B	0.261	-0.072	0.424	1580	0.325739140057634
TOB2	0.539	0.482	0.728	344	0.347800725117162
HBS1L	0.196	-0.332	0.293	684	0.314050362975585
AHCYL1	0.347	0.132	0.539	530	0.349587721040599
PLK2	0.267	-0.067	0.428	685	0.320174524332095
ZMYND11	0.303	0.006	0.472	602	0.34676117537426
SRSF10	0.22	-0.269	0.315	262	0.287850022381855
ZBTB6	0.22	-0.227	0.345	424	0.332456314015248
POP4	0.42	0.325	0.634	220	0.347913296339541
ARPP19	0.255	-0.133	0.408	131	0.328947295225669
ARPP21	0.306	0.003	0.477	813	0.319753145669306
ZNF234	0.253	-0.167	0.388	700	0.325931049053864
ZNF266	0.24	-0.201	0.371	549	0.323373688889832
ZNF274	0.351	0.13	0.538	653	0.332922489020232
NEK6	0.539	0.513	0.739	347	0.354767418020662
WDR4	0.483	0.463	0.712	412	0.335718744306248
SLC17A3	0.225	-0.102	0.401	498	0.298501963102829
NCKAP1	0.189	-0.293	0.302	1134	0.312947363945232
IQGAP2	0.233	-0.142	0.385	1575	0.341346065826857
VAMP5	0.487	0.474	0.714	116	0.36029888864068
ZNF273	0.208	-0.348	0.293	569	0.331516403977464
ZNF460	0.342	0.101	0.526	562	0.331723027947609
ZNF268	0.226	-0.253	0.34	947	0.322183275434118
MTHFD2	0.226	-0.199	0.354	350	0.318974801907197
OR5I1	0.271	-0.014	0.444	314	0.329649884960676
UPK3BL2	0.494	0.491	0.725	263	0.320130914667367
LBHD2	0.476	0.305	0.638	108	0.330186446873287
RPP40	0.237	-0.137	0.391	363	0.322506172358445
ADCY2	0.396	0.315	0.629	1091	0.340258025789611
CFTR	0.211	-0.17	0.363	1480	0.313594449087724
CYSLTR1	0.224	-0.188	0.362	337	0.325973738184161
SEPTIN9	0.607	0.628	0.801	586	0.338835112151371
SEC24A	0.202	-0.274	0.32	1093	0.307490877112347
CCR9	0.397	0.289	0.617	369	0.366684235204778
GJB6	0.403	0.269	0.607	261	0.347661699258606
SDCCAG8	0.242	-0.112	0.403	713	0.343196830175695
ENTR1	0.408	0.29	0.623	435	0.324287476890469
HSPH1	0.205	-0.325	0.301	860	0.336361101490916
STARD10	0.561	0.568	0.771	291	0.342166483193926
CGA	0.312	0.022	0.49	147	0.337687817849995
WASF3	0.355	0.113	0.532	502	0.320206367279831
NOXA1	0.562	0.569	0.77	483	0.332445968423813
UTP14A	0.288	-0.01	0.459	771	0.330597576134767
CPLX2	0.69	0.763	0.875	134	0.376572014536552
CPLX1	0.796	0.881	0.937	134	0.393462052407571
SPINT3	0.281	-0.007	0.459	89	0.350056734133533
FRS3	0.514	0.456	0.71	492	0.318333249736487
FRS2	0.205	-0.319	0.298	508	0.295354882779908
CGB3	0.616	0.651	0.812	165	0.322635683762917
NEU3	0.379	0.197	0.569	461	0.305898542546361
FAXDC2	0.405	0.307	0.626	333	0.318389044296
FAM114A2	0.228	-0.179	0.374	505	0.309653367516423
ZNF275	0.446	0.368	0.667	329	0.324540372941152
CEACAM3	0.338	0.197	0.571	252	0.320128357419753
ALDH1L1	0.47	0.399	0.681	912	0.353421744538867
FTCD	0.578	0.596	0.783	572	0.337521628147712
PPP1R17	0.264	-0.091	0.413	155	0.314296437712818
TUBGCP2	0.538	0.549	0.756	930	0.3479568756659
CLPX	0.19	-0.329	0.29	633	0.315154529367845
PDE10A	0.275	-0.019	0.453	789	0.331860117120728
SRCAP	0.337	0.079	0.509	3230	0.301815921908298
PPP1R13L	0.599	0.61	0.793	828	0.302459699507263
POLR1G	0.437	0.264	0.616	512	0.33493673833179
CCL27	0.452	0.39	0.667	112	0.324019056977575
HPSE	0.267	-0.003	0.458	543	0.317848032838617
RUVBL2	0.608	0.649	0.81	463	0.337944081650019
PGRMC1	0.523	0.493	0.729	195	0.333077479072103
CYP46A1	0.519	0.513	0.737	500	0.327142127762324
LILRB1	0.443	0.346	0.652	652	0.319003999917682
SLC26A1	0.638	0.721	0.848	701	0.32889544414041
ADAM28	0.251	-0.171	0.384	775	0.33968980052012
SLC22A7	0.476	0.426	0.688	548	0.324426533055385
ARID5A	0.567	0.544	0.76	594	0.33386169154546
TSPAN9	0.566	0.641	0.805	239	0.383719902273772
USP20	0.552	0.555	0.764	914	0.348805895652995
USP19	0.423	0.289	0.622	1419	0.32794047290317
CEACAM7	0.309	0.125	0.533	265	0.320903310076241
HCST	0.389	0.253	0.593	93	0.308663216896066
CD300C	0.47	0.411	0.684	224	0.296423474516773
ME3	0.463	0.398	0.676	604	0.352161007132367
NMU	0.26	-0.026	0.443	174	0.300677384833052
FGL2	0.257	-0.079	0.428	439	0.334138358940196
EDDM3A	0.267	-0.002	0.453	147	0.340108171588116
CFHR4	0.19	-0.439	0.246	577	0.320260594751027
CFHR3	0.177	-0.464	0.228	330	0.320309306247389
SMR3B	0.225	-0.431	0.25	79	0.262604253978046
CEACAM8	0.332	0.129	0.537	349	0.311019897609015
ACTL7B	0.675	0.733	0.858	415	0.343170154232705
ACTL7A	0.495	0.445	0.704	435	0.344591113391923
C1QL1	0.7	0.749	0.869	258	0.347201339674684
MRPS30	0.291	0.029	0.477	439	0.313564640502481
WDR3	0.232	-0.164	0.374	943	0.320537996136893
NPFFR2	0.309	0.085	0.503	522	0.330992476854401
PROKR1	0.562	0.572	0.769	393	0.365655327250295
GPR83	0.494	0.485	0.721	423	0.342308921412699
CEACAM4	0.347	0.174	0.558	244	0.316917144755137
RAB10	0.266	-0.019	0.453	200	0.317690512814501
PPARGC1A	0.28	-0.075	0.429	798	0.308600705762804
MALT1	0.218	-0.202	0.357	824	0.313188426360548
MMP24	0.543	0.52	0.744	645	0.326509722569632
LYVE1	0.281	-0.097	0.422	322	0.341980637940072
YIF1A	0.517	0.492	0.728	293	0.334809059847006
CPSF4	0.48	0.428	0.699	269	0.35325272938013
JTB	0.32	0.116	0.525	146	0.346437906260258
ADCY3	0.563	0.6	0.785	1145	0.35576599976879
RUNDC3A	0.612	0.652	0.814	446	0.327079587189968
DHRS4	0.443	0.375	0.665	278	0.331637013414819
BRD8	0.261	-0.12	0.408	1235	0.314534360016214
MTMR11	0.309	0.088	0.506	709	0.300157959135938
BLCAP	0.514	0.545	0.753	87	0.336759202912882
MAN1A2	0.204	-0.273	0.313	641	0.308957289416066
TRAFD1	0.312	0.02	0.479	582	0.336180632964472
TXNL4A	0.559	0.566	0.769	142	0.384409015128288
PNPLA6	0.556	0.586	0.777	1375	0.321216890988749
SUGT1	0.199	-0.341	0.293	365	0.337007209509292
UTS2	0.208	-0.175	0.358	139	0.296667865412376
GADD45G	0.575	0.602	0.787	159	0.350378019749348
EDAR	0.527	0.479	0.725	448	0.352748588555048
PAPOLA	0.191	-0.35	0.279	745	0.301094301819419
TCERG1	0.233	-0.249	0.342	1098	0.317245117014678
MAGED2	0.35	0.111	0.53	606	0.337480159623546
BTNL3	0.323	0.13	0.536	466	0.32546921255934
EHMT2	0.472	0.415	0.688	1267	0.324936062227391
COPS8	0.223	-0.17	0.372	209	0.321734267770925
RNPS1	0.385	0.178	0.558	305	0.25874277749752
FASTK	0.46	0.412	0.677	549	0.31460062329912
SUB1	0.197	-0.354	0.283	127	0.321104934294372
SMPDL3A	0.238	-0.191	0.366	453	0.326492437463561
DBF4	0.181	-0.391	0.262	674	0.312809511168955
SPIN1	0.248	-0.163	0.387	262	0.311459608184043
RALBP1	0.306	0.034	0.483	655	0.338678988322386
SRSF8	0.522	0.481	0.718	282	0.267030017152086
APOBEC2	0.484	0.393	0.677	224	0.382480066878958
MORF4L1	0.239	-0.17	0.382	362	0.335996202361699
PRDX3	0.249	-0.104	0.414	256	0.311861955413382
GPR75	0.351	0.182	0.564	540	0.336021253031019
EHD1	0.723	0.805	0.895	548	0.358671570423743
AFG3L2	0.252	-0.091	0.415	797	0.324859628981742
POP1	0.277	-0.034	0.446	1024	0.319029137773807
UGT2A1	0.204	-0.239	0.334	693	0.31494391925946
PRSS21	0.452	0.416	0.687	314	0.316792625617099
MSL3	0.269	-0.076	0.424	521	0.323559441607117
C11orf58	0.204	-0.394	0.277	183	0.304637159082146
KDELR1	0.494	0.541	0.75	212	0.33990508641685
SF3A3	0.296	0.012	0.469	501	0.346688553193687
AP3M2	0.308	0.042	0.489	418	0.32514014214828
STARD3	0.48	0.463	0.709	445	0.32853372739676
HNRNPA0	0.546	0.525	0.754	305	0.350767583569647
BTG3	0.24	-0.244	0.34	296	0.317333013718033
CBX1	0.343	0.074	0.517	185	0.350812447324932
SEC61B	0.31	0.053	0.5	96	0.276456599887579
TOMM34	0.371	0.193	0.57	309	0.365823838908604
PDIA5	0.393	0.246	0.603	519	0.347609764263348
SERINC3	0.313	0.079	0.504	473	0.324225797777496
OS9	0.376	0.213	0.578	667	0.327577801629908
PNRC1	0.347	0.193	0.572	327	0.299891243673778
TMED2	0.321	0.117	0.529	201	0.340579451074048
LMAN2	0.58	0.628	0.801	356	0.332467417240188
ERP29	0.481	0.474	0.719	261	0.366958128537874
MLLT11	0.405	0.253	0.6	90	0.321521418703059
STIP1	0.397	0.245	0.598	590	0.366691131078806
IFI44L	0.187	-0.303	0.289	452	0.315229606382835
ACOT2	0.44	0.369	0.66	483	0.328508420035215
RAB40B	0.615	0.692	0.833	278	0.323519464592266
EBNA1BP2	0.331	0.092	0.52	361	0.336910236986429
CKAP4	0.536	0.58	0.776	602	0.337419855293986
HTD2	0.212	-0.233	0.338	168	0.311844565159374
YWHAQ	0.365	0.204	0.574	245	0.3614362316314
TMED10	0.338	0.185	0.557	219	0.32178376579129
FAM236C	0.34	0.084	0.506	79	0.319455249722333
ASCC3	0.19	-0.303	0.296	2202	0.314548386753479
ADIRF	0.524	0.476	0.73	76	0.412715340225234
UQCR11	0.618	0.627	0.8	56	0.347773331680018
CLP1	0.335	0.083	0.511	425	0.327761052277289
FERMT2	0.246	-0.134	0.392	687	0.335959593132289
COPS6	0.445	0.376	0.668	327	0.337334865414188
RAB32	0.386	0.268	0.612	225	0.341744334837089
MAPRE2	0.281	-0.042	0.451	327	0.33848813612011
CCNI	0.234	-0.164	0.373	377	0.324024161542241
GCN1	0.435	0.379	0.663	2671	0.339676119667819
COPS5	0.255	-0.131	0.4	334	0.351975334207173
METAP2	0.191	-0.38	0.271	478	0.315421682600171
IMMT	0.234	-0.155	0.383	758	0.326852763572378
LILRB5	0.461	0.386	0.672	591	0.32116339476236
SLC38A3	0.569	0.589	0.778	504	0.352838869927295
SF3B2	0.402	0.199	0.577	895	0.337767066415888
SDS	0.527	0.528	0.749	328	0.354991955072107
ILVBL	0.491	0.471	0.716	632	0.343253507160258
SLC27A5	0.485	0.483	0.72	690	0.328504471187901
SLC27A4	0.573	0.575	0.77	643	0.346413627116848
SLC27A3	0.451	0.391	0.672	811	0.314985473655096
SLC27A2	0.305	0.055	0.492	620	0.33050792289697
KIF2C	0.336	0.124	0.531	725	0.34406383196373
SPINK5	0.237	-0.247	0.343	1094	0.345775387228245
LILRB4	0.426	0.299	0.626	448	0.308349447388856
CCDC85B	0.608	0.684	0.827	202	0.304431527621193
IL24	0.338	0.184	0.561	207	0.344082286696344
CHAD	0.623	0.692	0.832	359	0.35459455548534
GLIPR1	0.251	-0.126	0.402	266	0.334048700351455
TLK2	0.224	-0.169	0.374	772	0.315098785553062
P3R3URF	0.336	0.14	0.523	95	0.272855510505179
P3R3URF-PIK3R3	0.271	-0.086	0.417	507	0.333204900728793
KLK11	0.507	0.522	0.743	282	0.336365957337429
TMSB15A	0.243	-0.27	0.341	45	0.343259888103149
KDELR2	0.401	0.312	0.624	212	0.343461493751813
KDELR3	0.422	0.332	0.635	220	0.34843412317528
ATF7	0.319	0.039	0.491	483	0.303852084978183
SNRNP27	0.257	-0.087	0.4	155	0.269629757287432
TMED1	0.569	0.613	0.793	227	0.337627277126426
LIAS	0.188	-0.354	0.276	372	0.303228165133236
RCBTB2	0.261	-0.057	0.439	556	0.331668227227265
IFT27	0.404	0.25	0.603	186	0.351711604821504
RAB35	0.518	0.541	0.755	201	0.374930624211021
TDRKH	0.264	-0.065	0.428	561	0.311533973803935
VAX1	0.556	0.612	0.793	334	0.32444614539608
LILRA1	0.444	0.365	0.661	489	0.311175115501948
LILRB3	0.473	0.385	0.673	632	0.318340080806597
LILRA2	0.439	0.36	0.66	483	0.31443283984183
CHAT	0.468	0.408	0.683	748	0.335712909335573
RBPMS	0.312	0.02	0.481	219	0.323338935065648
RAB31	0.299	-0.003	0.465	195	0.34566719351119
ADAP1	0.57	0.575	0.774	385	0.352654765133484
DSTN	0.188	-0.399	0.258	165	0.335040727301384
RIPK3	0.364	0.204	0.579	518	0.319212483083338
GTF2A1L	0.184	-0.381	0.269	478	0.305143122862789
STON1	0.24	-0.188	0.371	735	0.321656237509808
RCC1	0.426	0.329	0.647	452	0.332082194643859
PIM2	0.397	0.279	0.61	311	0.297220198681699
B4GAT1	0.595	0.626	0.799	415	0.349927255444614
MID2	0.313	0.042	0.487	735	0.33641652612134
TENT4A	0.33	0.139	0.538	542	0.314847616733302
UPK1A	0.495	0.474	0.719	273	0.325061398473317
SLC35D2	0.284	0.116	0.518	337	0.33402653700476
ADRM1	0.54	0.541	0.758	407	0.332301150537092
CHD1	0.179	-0.396	0.255	1710	0.30697310959962
NUDT21	0.262	-0.083	0.416	227	0.318360984235475
CPSF6	0.192	-0.442	0.234	588	0.277431658078711
OGFR	0.539	0.497	0.735	677	0.308795847130211
ZPBP	0.2	-0.254	0.324	351	0.31830292358214
DDX52	0.212	-0.236	0.337	599	0.322099968882496
ABHD2	0.425	0.301	0.626	425	0.361277835910922
WWP1	0.176	-0.409	0.251	922	0.306815646145175
LY6G6D	0.377	0.216	0.58	382	0.324138554009957
LY6G6F-LY6G6D	0.377	0.216	0.58	382	0.324138554009957
EEF1AKMT4	0.439	0.364	0.661	255	0.31925042680014
EEF1AKMT4-ECE2	0.474	0.43	0.695	883	0.348516590856107
ASDURF	0.277	-0.01	0.457	96	0.342835909971596
CHD2	0.273	-0.07	0.43	1828	0.326215616162355
WWP2	0.451	0.362	0.66	870	0.328860816685038
CNMD	0.32	0.071	0.506	334	0.348786389494481
DUS4L	0.179	-0.378	0.262	317	0.320067566498535
SOX30	0.334	0.102	0.526	753	0.297671579667317
CNTRL	0.221	-0.163	0.373	2325	0.336387856434879
UBE2C	0.405	0.276	0.616	179	0.340442762675848
SNRNP35	0.325	0.134	0.525	251	0.304465031129795
DEPP1	0.438	0.332	0.639	212	0.290522142980604
CYB561D2	0.433	0.397	0.668	222	0.324382361123441
RAPGEF4	0.275	-0.012	0.456	1011	0.325881978583809
CHD3	0.415	0.29	0.622	2059	0.337340213785263
TMEM115	0.52	0.546	0.754	351	0.330044029823926
DUSP14	0.402	0.297	0.62	198	0.328707766626242
TOPBP1	0.199	-0.315	0.301	1522	0.316468006171759
TRIM31	0.331	0.105	0.525	425	0.336877491953343
STMN2	0.332	0.075	0.5	187	0.396089045563189
TPPP	0.643	0.665	0.824	219	0.357970586598837
HSF2BP	0.3	0.1	0.512	334	0.325386833992289
TRIOBP	0.448	0.345	0.651	2365	0.302155714080049
RER1	0.37	0.237	0.59	196	0.337574143414336
CHD4	0.347	0.114	0.529	1912	0.342626368461695
DNAJB4	0.182	-0.445	0.228	337	0.306414050279576
C17orf113	0.529	0.524	0.744	675	0.329141773923907
ETDC	0.35	0.153	0.545	59	0.334014688384408
KERA	0.209	-0.191	0.35	352	0.320173741769279
ESM1	0.374	0.177	0.568	184	0.344586642777982
DIDO1	0.39	0.209	0.583	2240	0.314241245247377
ADAM30	0.221	-0.209	0.355	790	0.322875882650396
ADAM29	0.239	-0.195	0.366	820	0.323182251329278
AKR1C4	0.273	-0.023	0.453	323	0.335428268963568
WDR5	0.354	0.152	0.554	334	0.339104461170932
SPACA9	0.495	0.473	0.718	222	0.345243678652898
ADAMTS13	0.502	0.456	0.71	1427	0.329355046862359
CACFD1	0.48	0.444	0.702	233	0.320973852621976
ADAMTS8	0.569	0.582	0.778	889	0.33940157819164
ADAMTS5	0.413	0.287	0.622	930	0.327937349374314
NUP42	0.206	-0.383	0.278	423	0.2979471583721
PRSS23	0.358	0.171	0.56	383	0.34712613303136
PTPN21	0.377	0.241	0.593	1174	0.315967986491344
ADCY5	0.637	0.704	0.841	1261	0.355456293427377
HNRNPUL1	0.438	0.304	0.633	856	0.344180185388905
ATE1	0.266	-0.107	0.416	518	0.336568624729532
RPP14	0.212	-0.179	0.364	124	0.335305292034562
KRR1	0.206	-0.301	0.305	381	0.343503977467995
KATNA1	0.196	-0.315	0.296	491	0.308781905348872
PRDM7	0.31	0.005	0.472	492	0.32934409357396
PRDM5	0.28	-0.072	0.433	630	0.340354716237315
PRDM4	0.28	-0.065	0.437	801	0.310291198178821
CHEK1	0.25	-0.119	0.401	492	0.314163951640283
HIBADH	0.245	-0.139	0.394	336	0.33095404261655
CIT	0.371	0.228	0.585	2069	0.343027801643705
CEP43	0.215	-0.215	0.353	399	0.298238866381108
EMILIN1	0.489	0.457	0.709	1016	0.318745365361223
BTN3A2	0.335	0.143	0.539	334	0.325061223553619
LYNX1-SLURP2	0.549	0.592	0.782	131	0.344557079954411
BTN3A1	0.333	0.123	0.53	513	0.327659288495057
FOXN3	0.419	0.288	0.625	490	0.318707990675022
BTN2A1	0.364	0.226	0.583	527	0.324746466345074
PTPRT	0.469	0.397	0.679	1460	0.34571218337228
RCAN3	0.284	-0.03	0.457	241	0.310975921990961
FAF1	0.224	-0.189	0.363	650	0.315311746463892
CD160	0.271	0.021	0.472	181	0.317154094523346
KIF3A	0.189	-0.345	0.278	726	0.325630268095948
POLR3A	0.361	0.173	0.555	1390	0.348508936837452
CLASRP	0.53	0.502	0.732	674	0.297604765695981
CHGA	0.491	0.454	0.712	457	0.339716287265222
ZWINT	0.39	0.229	0.589	277	0.363235871690213
CAPN11	0.453	0.384	0.67	739	0.341758889979635
CAPN10	0.556	0.589	0.779	672	0.311720553809705
KPTN	0.505	0.527	0.745	436	0.338691909188599
CDC42EP1	0.497	0.419	0.694	391	0.297468909408401
SLC7A9	0.428	0.384	0.665	487	0.346713913548983
PWP1	0.223	-0.246	0.339	501	0.305634030964634
TBC1D8	0.406	0.318	0.632	1155	0.331374093379416
CHGB	0.338	0.093	0.523	677	0.327948423567397
CDC37	0.639	0.652	0.816	378	0.371478038256318
IL1RAPL1	0.24	-0.127	0.391	696	0.323111455296504
PKIG	0.512	0.447	0.712	76	0.333600789433096
KAT7	0.278	-0.061	0.432	611	0.315712449241133
DMC1	0.211	-0.277	0.315	340	0.320537488216799
PLAAT3	0.404	0.279	0.615	162	0.347752758641982
GLMN	0.161	-0.361	0.257	594	0.331437621310135
HHLA3	0.223	-0.161	0.374	121	0.280984824611544
HHLA2	0.217	-0.227	0.343	414	0.317922602268067
BVES	0.216	-0.189	0.355	360	0.304267756370133
CORO1A	0.587	0.586	0.778	461	0.325295143815939
WDR45	0.481	0.414	0.688	361	0.348236549436452
FICD	0.55	0.565	0.765	458	0.340048453874174
AP4S1	0.243	-0.153	0.39	159	0.34331099189236
LDB3	0.531	0.458	0.716	732	0.338977725880538
PTP4A3	0.629	0.66	0.819	173	0.360611137220572
LSM6	0.248	-0.056	0.429	80	0.346376917958899
RABL2B	0.443	0.32	0.642	238	0.359523493764239
RABL2A	0.447	0.328	0.646	238	0.362641967400677
CHI3L1	0.434	0.344	0.649	383	0.331297132453712
ERLIN2	0.372	0.191	0.571	339	0.381312985669375
ERG28	0.352	0.3	0.614	140	0.316562472924569
NUDT6	0.27	-0.038	0.44	316	0.305538096651169
NUDT4	0.284	-0.002	0.469	181	0.320122477562257
NUDT5	0.265	-0.106	0.413	219	0.325237921884082
NUDT3	0.338	0.131	0.539	172	0.321162273548586
SOX21	0.735	0.862	0.928	276	0.342208466936085
FSTL1	0.364	0.143	0.547	308	0.356612032192845
PSIP1	0.213	-0.332	0.306	530	0.334483280674268
WDHD1	0.19	-0.384	0.266	1129	0.313539058410678
CHI3L2	0.368	0.201	0.575	390	0.349625915872255
FAM107A	0.484	0.442	0.694	175	0.34407933220677
STRAP	0.195	-0.398	0.262	350	0.311720903951165
INSL6	0.247	-0.114	0.398	213	0.31124157534248
ADAMTS7	0.554	0.527	0.749	1686	0.317374658588293
ADAMTS6	0.249	-0.189	0.371	1117	0.329727184183659
BAZ2A	0.343	0.116	0.529	1905	0.315827567345736
BAZ1A	0.185	-0.362	0.269	1556	0.307241546853945
LZTS1	0.691	0.754	0.868	596	0.346489714287621
ZNF277	0.214	-0.227	0.341	450	0.343661944753022
CHIT1	0.471	0.397	0.682	466	0.355212107117512
WDR6	0.372	0.237	0.59	1151	0.31239961589607
TREH	0.463	0.406	0.681	583	0.344207192935348
SLC2A6	0.6	0.669	0.82	507	0.319059515746042
MAP4K1	0.444	0.386	0.669	833	0.319230128853115
INMT	0.494	0.457	0.711	263	0.362838204256418
RASSF1	0.551	0.562	0.762	344	0.33041041306139
PKP3	0.64	0.703	0.839	797	0.329842249989909
NISCH	0.536	0.538	0.753	1504	0.334026996007283
CELF3	0.558	0.522	0.749	465	0.365571710458392
CHKA	0.329	0.127	0.53	457	0.326899068966403
CEP250	0.395	0.292	0.616	2442	0.347310621542832
WBP4	0.199	-0.395	0.276	376	0.317386190847371
ABCB8	0.493	0.502	0.73	735	0.320828858077328
SEC23IP	0.227	-0.213	0.359	1000	0.318183475503325
WIF1	0.296	-0.055	0.443	379	0.336663978017787
SUPT16H	0.277	-0.075	0.43	1047	0.352581305913118
ANXA10	0.265	-0.076	0.421	324	0.344402453866112
ADCY6	0.521	0.51	0.734	1168	0.344495193453571
CHKB	0.436	0.373	0.663	395	0.326839802378767
CHEK2	0.249	-0.121	0.403	586	0.323877897094091
POLI	0.183	-0.354	0.281	740	0.309594395136393
KLK8	0.402	0.268	0.613	305	0.325969826463972
CHM	0.203	-0.306	0.305	653	0.317270041932171
FZD10	0.747	0.852	0.921	581	0.358203533199095
PLPBP	0.352	0.187	0.567	275	0.325882959014171
IRAK3	0.232	-0.132	0.39	596	0.307536566781001
AKAP13	0.282	-0.053	0.444	2817	0.316403521782721
AKAP11	0.196	-0.362	0.283	1901	0.313969709374
AKAP10	0.237	-0.176	0.376	662	0.313709281639348
DDX20	0.233	-0.169	0.375	824	0.327705307199994
TREX2	0.633	0.682	0.827	236	0.309816268668829
CHML	0.197	-0.336	0.291	656	0.317701792442833
DUSP10	0.408	0.299	0.626	482	0.347100541446781
MRPL3	0.202	-0.319	0.299	348	0.305408299385077
RPL35	0.579	0.623	0.793	123	0.374914004180177
GALNT6	0.508	0.459	0.71	622	0.340262333744115
GALNT5	0.246	-0.123	0.399	940	0.318470599996653
RASSF8	0.217	-0.17	0.365	419	0.32830049813256
CHN1	0.259	-0.08	0.417	459	0.331858902275831
PRAF2	0.519	0.592	0.775	178	0.326671414038876
SEC63	0.199	-0.284	0.315	760	0.327541326098583
POLG2	0.23	-0.082	0.416	485	0.307732890087322
HPS5	0.212	-0.23	0.336	1129	0.308470682037168
PDCD10	0.233	-0.172	0.371	212	0.339679425649415
RNF139	0.197	-0.22	0.335	664	0.31077960712727
RNF24	0.251	-0.024	0.445	169	0.340880824579741
CA5B	0.323	0.107	0.523	317	0.313945644042493
EGLN2	0.469	0.41	0.685	407	0.320531976105057
EGLN3	0.475	0.416	0.684	239	0.347826451747203
CHN2	0.288	0.032	0.479	543	0.325046976424564
PADI2	0.592	0.615	0.794	665	0.347502737422919
BIRC8	0.207	-0.264	0.326	236	0.327507995314942
PMF1	0.405	0.28	0.615	207	0.332514604497422
ZHX1	0.192	-0.375	0.274	873	0.307098496791993
GPR176	0.459	0.406	0.683	515	0.334307401688262
CAVIN3	0.55	0.567	0.767	261	0.310059732775989
NXPH4	0.545	0.597	0.785	308	0.317161785114806
PRRT2	0.384	0.221	0.591	394	0.318821043676965
ERI2	0.186	-0.345	0.283	691	0.321318421637273
NXPH3	0.554	0.544	0.759	252	0.346678102058374
SAT2	0.358	0.198	0.567	170	0.352266991926355
DTD2	0.241	-0.089	0.415	168	0.346434344776761
NXPH2	0.353	0.142	0.545	264	0.334469617105171
GTF3C6	0.227	-0.224	0.353	213	0.330402516158791
GPR45	0.66	0.764	0.871	372	0.344353808840743
PTGDR2	0.725	0.847	0.916	395	0.31167669452709
PACSIN2	0.533	0.509	0.743	486	0.360576102637663
MAN1B1	0.487	0.436	0.697	699	0.324218418952575
SLC6A14	0.194	-0.274	0.311	642	0.325348453893997
HRH3	0.665	0.759	0.87	445	0.324572750573103
SNX18	0.63	0.691	0.837	628	0.337765471323485
DCTN3	0.453	0.401	0.674	186	0.376254345058308
FILIP1L	0.225	-0.165	0.376	1135	0.320739181165696
XPOT	0.19	-0.291	0.305	962	0.322356121001398
MRAP2	0.314	0.038	0.487	205	0.335452949803344
CHP1	0.34	0.155	0.542	195	0.319448734687729
RWDD2A	0.241	-0.13	0.393	292	0.318857969687499
CMTM7	0.52	0.604	0.784	175	0.312379554721142
SP140	0.269	-0.086	0.424	867	0.327062301528725
PXMP4	0.507	0.528	0.743	212	0.329061486452865
DUSP12	0.262	-0.05	0.44	340	0.318741159040333
SNF8	0.412	0.317	0.633	258	0.359625062378764
DDX19B	0.37	0.213	0.577	484	0.362438150910084
NRM	0.431	0.43	0.683	262	0.314220588453288
GARIN5A	0.456	0.454	0.704	247	0.300239965694119
TUBA3E	0.509	0.458	0.713	450	0.357401825567669
PRR4	0.254	-0.177	0.371	134	0.267425334449869
RDH13	0.526	0.542	0.752	331	0.337894389401264
ATXN2L	0.399	0.213	0.589	1097	0.315449643188527
USP18	0.424	0.337	0.642	372	0.364257037204343
IL17F	0.392	0.277	0.615	163	0.337305121782606
KLHL2	0.198	-0.263	0.327	597	0.31190344426558
IFT43	0.382	0.244	0.595	213	0.327526167884586
STX1B	0.519	0.483	0.722	288	0.354760193843267
SYNRG	0.238	-0.215	0.364	1314	0.310613903578942
TREX1	0.455	0.339	0.644	314	0.306264430718517
GLMP	0.425	0.32	0.636	406	0.314194878249003
KLF12	0.252	-0.105	0.414	402	0.283615186823465
KLF8	0.312	0.022	0.48	359	0.304333087023329
CHRM1	0.562	0.562	0.763	460	0.333599225461534
SCN11A	0.282	0.02	0.47	1791	0.335291184846184
KRT71	0.566	0.563	0.766	523	0.360927520075242
POU6F2	0.378	0.222	0.588	691	0.331530202712364
FDX2	0.503	0.506	0.737	186	0.317840458781256
HOGA1	0.49	0.434	0.699	327	0.343371961595404
MGAT4B	0.592	0.609	0.789	563	0.330354481389181
CYP4F8	0.473	0.436	0.692	520	0.321054681574881
PNKP	0.538	0.54	0.754	521	0.327510473181612
WDR89	0.175	-0.443	0.234	387	0.310396275034868
L3HYPDH	0.355	0.199	0.574	354	0.304138348333672
B4GALT7	0.602	0.633	0.803	327	0.329870799414887
TP53RK	0.386	0.313	0.628	253	0.313432382647298
SGF29	0.497	0.459	0.709	293	0.354619747503289
PHF21B	0.551	0.565	0.768	531	0.325401724276802
CHRM2	0.337	0.099	0.52	466	0.353805205172289
VPS26B	0.535	0.558	0.762	336	0.356409487274196
GLB1L3	0.37	0.218	0.579	653	0.327253476129143
NACC1	0.671	0.714	0.85	527	0.357621757366944
CFAP36	0.209	-0.246	0.335	367	0.325200413614862
MED8	0.328	0.091	0.514	301	0.335852308298816
KTI12	0.424	0.369	0.66	354	0.310898900776931
ADCY7	0.589	0.642	0.806	1080	0.346010385904479
LYST	0.191	-0.284	0.308	3801	0.312140251239421
RPUSD1	0.633	0.656	0.815	312	0.317062444955056
PLCD3	0.619	0.666	0.819	789	0.33281701522194
SLCO2B1	0.52	0.505	0.734	709	0.340205774395007
PTH2	0.644	0.757	0.863	100	0.262278046194163
CHRM3	0.423	0.33	0.641	590	0.344078671802875
VPS45	0.24	-0.121	0.396	570	0.327772527541883
MTFR2	0.189	-0.406	0.245	385	0.309667393255172
LYPLA2	0.454	0.382	0.67	231	0.335061102020704
CDCA5	0.397	0.232	0.59	252	0.308229929273982
CD300A	0.382	0.168	0.556	299	0.313419476883308
AHNAK2	0.46	0.374	0.672	5795	0.337008139630444
PARK7	0.263	-0.104	0.413	189	0.341351728359497
COPE	0.624	0.656	0.815	331	0.349219632477985
RBPJL	0.545	0.546	0.758	517	0.321260082800613
SAAL1	0.235	-0.116	0.402	474	0.336565307843836
IZUMO4	0.628	0.668	0.823	232	0.367314812016331
SCAMP4	0.648	0.668	0.825	229	0.371246399625467
ADAT3	0.724	0.822	0.904	367	0.324196801464597
GPR182	0.559	0.59	0.778	404	0.31924773401689
CHST14	0.581	0.588	0.775	376	0.319728253724941
ECD	0.237	-0.187	0.365	677	0.316305065391474
CHRM4	0.622	0.641	0.807	479	0.355837873488185
MGAT4A	0.188	-0.306	0.296	535	0.317596937043824
GOLM2	0.262	-0.045	0.443	436	0.335702078416909
GPN1	0.266	-0.088	0.422	388	0.323542346771626
TMC6	0.653	0.723	0.849	805	0.339302562556382
KIF12	0.475	0.416	0.683	513	0.319993750823207
MISP3	0.682	0.796	0.889	219	0.276832871544427
SLC46A1	0.494	0.525	0.741	459	0.329217792529018
C12orf57	0.525	0.512	0.744	126	0.365294438545061
DDX42	0.268	-0.12	0.409	938	0.321073226768954
LARP4	0.2	-0.377	0.274	730	0.312722855965474
VSIG4	0.376	0.215	0.583	399	0.327834315226432
GLCCI1	0.346	0.14	0.547	547	0.293266517034773
TMEM106A	0.449	0.366	0.661	262	0.351976165812043
SLC52A3	0.552	0.638	0.804	469	0.32359717798661
FKBP9	0.374	0.228	0.588	623	0.337813945177019
STK38	0.25	-0.133	0.393	465	0.320394363107791
CHRM5	0.391	0.243	0.594	532	0.348668767338329
CTRC	0.553	0.568	0.769	268	0.355610638602924
PHB2	0.451	0.379	0.662	299	0.367345193074402
ACOT7	0.561	0.55	0.76	380	0.352806207770564
PDAP1	0.373	0.172	0.559	181	0.355573950315083
TUSC2	0.501	0.423	0.692	110	0.339633942937691
CBX3	0.181	-0.467	0.23	183	0.334623424973255
EXOC3	0.453	0.423	0.688	745	0.347952324139369
GABARAP	0.378	0.22	0.583	117	0.346154285934244
U2AF2	0.571	0.578	0.775	475	0.347402805579033
OIP5	0.32	0.151	0.548	229	0.320313078426824
CHRNA1	0.433	0.356	0.654	482	0.333536789777897
EXOSC8	0.187	-0.347	0.281	276	0.315258816118556
SFT2D1	0.254	-0.018	0.443	159	0.320982520165931
SCRG1	0.274	-0.003	0.462	98	0.357362703299877
TEX261	0.41	0.364	0.656	196	0.322309791332511
RNF13	0.197	-0.266	0.321	381	0.320198642963407
MGLL	0.426	0.355	0.654	313	0.324844438193344
TWF2	0.575	0.599	0.785	349	0.35676864021884
SMIM12	0.445	0.336	0.648	92	0.343060638361876
GABARAPL2	0.361	0.172	0.559	117	0.35817077543109
AZIN2	0.478	0.383	0.673	480	0.356318314347206
TMEM54	0.546	0.526	0.742	222	0.328444401461606
TUBA3D	0.515	0.468	0.718	450	0.359738723241316
SYNPO	0.486	0.413	0.69	929	0.307226993680769
CHRNA2	0.585	0.61	0.79	529	0.330127996660805
HELQ	0.193	-0.275	0.314	1101	0.319683373429692
CMTM1	0.317	0.146	0.539	286	0.296012765799723
CHRNA3	0.455	0.396	0.673	505	0.347733350278554
CYP2U1	0.339	0.197	0.563	544	0.308646293541027
ADPRHL1	0.451	0.381	0.669	354	0.338421979737171
MFSD3	0.534	0.585	0.771	412	0.32439918728716
SDSL	0.511	0.47	0.717	329	0.358774214944558
CHRNA4	0.667	0.746	0.863	627	0.32509602125848
ODF3	0.525	0.455	0.714	254	0.315507577378957
PIK3IP1	0.503	0.453	0.71	263	0.349119242041674
CHRNA5	0.201	-0.212	0.345	468	0.28936929232125
HENMT1	0.226	-0.182	0.369	393	0.315144597011175
FAM83F	0.592	0.611	0.792	500	0.334738763084197
SLC35A4	0.416	0.382	0.659	324	0.311722717100418
ZNF257	0.229	-0.257	0.338	563	0.346386095030897
DTX2	0.544	0.537	0.756	622	0.32628156516487
CHRNA7	0.516	0.521	0.744	531	0.335724151798578
ADCY8	0.398	0.302	0.621	1251	0.329468974647561
CHRNB1	0.452	0.412	0.68	501	0.308977223827051
ZIM3	0.254	-0.151	0.394	472	0.346262820754984
TOE1	0.369	0.176	0.563	510	0.344151767895762
BUD23	0.387	0.201	0.568	298	0.321330015603028
TRIM9	0.481	0.44	0.703	710	0.342415551708919
CHRNB2	0.589	0.642	0.807	502	0.32531354230919
TXNRD3	0.25	-0.104	0.411	642	0.322862537995748
UCN3	0.603	0.633	0.801	161	0.342337601343697
SIGLEC11	0.493	0.475	0.72	698	0.317872305987939
SLC2A13	0.313	0.099	0.517	648	0.323522910987852
CHRNB3	0.265	0.014	0.468	458	0.314387615773837
LACTB	0.249	-0.107	0.412	547	0.323025186720591
CHRNB4	0.579	0.602	0.786	498	0.339946825859124
EFHC1	0.26	-0.099	0.413	640	0.340510545150716
CGB1	0.604	0.619	0.795	155	0.322260179106046
CGB2	0.6	0.626	0.799	163	0.32079711196497
CHRND	0.588	0.612	0.79	517	0.343428111610484
CHRNE	0.546	0.603	0.785	493	0.338698635964472
NLRP3	0.408	0.328	0.636	1036	0.346864109162806
MAL2	0.315	0.149	0.545	176	0.298456002209596
SLC22A9	0.293	0.047	0.48	553	0.317620791845479
CHRNG	0.56	0.599	0.782	517	0.34932691972737
TIRAP	0.433	0.321	0.639	235	0.30591663959904
ERMAP	0.322	0.13	0.531	475	0.317433582644011
LRRC37B	0.258	-0.091	0.418	947	0.30862201514078
CHUK	0.203	-0.247	0.326	745	0.31278839483956
CYGB	0.643	0.686	0.834	190	0.367223235498778
CARD16	0.218	-0.157	0.369	197	0.320301953533761
PGLYRP2	0.469	0.403	0.68	634	0.312771947040776
PGLYRP3	0.427	0.324	0.638	341	0.35593133170883
PKD1L2	0.413	0.287	0.621	306	0.328832867700848
BTBD9	0.257	-0.054	0.433	612	0.318111982920213
LMTK3	0.577	0.609	0.792	1489	0.298795121611736
CSMD2	0.457	0.372	0.668	3631	0.330058051743822
MBD6	0.35	0.126	0.534	1003	0.283373352213864
XKR4	0.432	0.364	0.66	650	0.33701620138476
GPRIN1	0.402	0.241	0.606	1008	0.303943383009228
CSMD3	0.198	-0.358	0.282	3707	0.302921086546698
SLC25A25	0.49	0.493	0.726	515	0.334781593441164
STK11IP	0.423	0.329	0.636	1088	0.307436703452825
TUBGCP5	0.238	-0.109	0.404	1024	0.317571089505919
KLHL32	0.292	0.037	0.481	620	0.329283336391355
FMNL2	0.251	-0.114	0.403	1092	0.329250532156351
ELFN2	0.712	0.799	0.893	820	0.347350710094037
TMEM132B	0.378	0.233	0.592	1078	0.329498998595065
SLITRK1	0.397	0.317	0.63	696	0.347476834013614
ESCO1	0.188	-0.396	0.263	840	0.323515339248074
CCDC85A	0.439	0.353	0.657	553	0.303541208116467
TMEM200A	0.25	-0.106	0.405	491	0.31177957531347
MYSM1	0.191	-0.343	0.284	828	0.323708142244414
RNF157	0.38	0.205	0.581	679	0.326205748034033
GALNT13	0.203	-0.254	0.323	561	0.319575583637651
SORCS1	0.331	0.138	0.539	1168	0.317102177400767
KLHL29	0.539	0.546	0.76	875	0.337681415063207
SCAND3	0.181	-0.356	0.273	1325	0.317318707369224
RHPN1	0.609	0.648	0.81	670	0.332201635846407
LENG8	0.566	0.544	0.76	800	0.343392153512773
PNMA5	0.346	0.175	0.556	448	0.315320715037211
PWWP2A	0.296	-0.013	0.469	755	0.312021260003052
SMYD4	0.311	0.079	0.505	804	0.330084681390752
SLAMF6	0.267	-0.021	0.452	332	0.308935004436607
OSBPL1A	0.233	-0.175	0.373	950	0.330661151459293
OSBPL5	0.63	0.665	0.821	879	0.32448173045987
OSBPL6	0.256	-0.094	0.417	959	0.311139805687221
OSBPL7	0.513	0.496	0.729	842	0.322208995402272
OSBPL8	0.186	-0.384	0.264	889	0.31077683388169
OSBPL9	0.229	-0.205	0.36	746	0.313524661933464
OSBPL10	0.392	0.271	0.613	764	0.326074563774589
OSBPL11	0.226	-0.217	0.355	747	0.305321895117798
C1QTNF1	0.585	0.608	0.793	281	0.359403903784697
C1QTNF2	0.51	0.454	0.712	330	0.335405547303531
C1QTNF3	0.333	0.07	0.511	319	0.321508429590318
CIDEA	0.498	0.479	0.718	219	0.316584053490351
C1QTNF4	0.736	0.841	0.915	329	0.323367355604791
C1QTNF5	0.571	0.593	0.786	243	0.316373231728689
C1QTNF6	0.587	0.593	0.783	278	0.340885030856542
C1QTNF7	0.269	-0.066	0.435	296	0.311443635407177
FBXO32	0.408	0.341	0.643	355	0.354493062680738
TMEM123	0.232	-0.215	0.362	208	0.275444463934483
SMIM19	0.216	-0.196	0.356	107	0.338737666286642
GPRASP2	0.249	-0.166	0.382	838	0.315327036980698
MRFAP1L1	0.54	0.596	0.782	127	0.328940863093097
TSGA13	0.305	0.049	0.494	275	0.328330663200093
PTPMT1	0.495	0.498	0.727	201	0.32713840873002
FLYWCH2	0.536	0.501	0.739	140	0.328314885222809
WDR31	0.268	-0.051	0.44	367	0.323562267847063
VASN	0.618	0.665	0.818	673	0.31609155600631
ZNF618	0.522	0.495	0.734	954	0.357240702127734
ADCY9	0.524	0.531	0.749	1353	0.341875834940126
CGAS	0.307	0.052	0.494	522	0.329669492571384
SLC26A9	0.485	0.442	0.702	887	0.352211272096162
NT5C3B	0.434	0.354	0.652	300	0.357341118969843
CCDC124	0.653	0.698	0.838	223	0.345904420978419
HAUS1	0.205	-0.199	0.352	278	0.314038659047295
SLC26A7	0.216	-0.21	0.351	663	0.326610075204453
MARCHF3	0.405	0.309	0.627	253	0.305904708466051
ZNF554	0.33	0.125	0.537	538	0.339293467286859
CKB	0.749	0.826	0.907	381	0.352142155953981
ATG4A	0.222	-0.203	0.358	398	0.322394399509944
KCTD12	0.719	0.842	0.916	325	0.314796421669739
OMA1	0.186	-0.32	0.285	524	0.31040292859553
DDIT4L	0.266	-0.059	0.431	193	0.318566291391162
RAB42	0.602	0.647	0.811	218	0.33557378964679
SLC25A26	0.227	-0.193	0.364	274	0.312513052892345
FBXO17	0.556	0.582	0.774	278	0.331047311051366
PCMTD1	0.192	-0.318	0.293	357	0.34177576015645
CIRBP	0.369	0.217	0.585	297	0.315557370138283
GPR146	0.667	0.744	0.861	333	0.333171391223669
FCRL1	0.338	0.142	0.54	429	0.314373217612884
FCRL3	0.31	0.054	0.494	742	0.313269558723948
LRRC42	0.315	0.082	0.507	428	0.341079486246177
GBP4	0.32	0.098	0.517	640	0.349292102026419
GBP5	0.285	0.014	0.473	586	0.351308012920446
LRRC56	0.519	0.474	0.715	542	0.311847574394196
CISH	0.458	0.363	0.658	275	0.307973151382826
MALSU1	0.281	0.043	0.486	234	0.301924210494981
UHRF2	0.212	-0.299	0.308	802	0.318473923775564
TBCB	0.535	0.536	0.754	244	0.344544420827285
ZNF689	0.527	0.493	0.728	500	0.318279537472537
FCHO2	0.191	-0.386	0.269	810	0.309894144682115
ARHGEF25	0.382	0.231	0.586	619	0.323512452901299
ZNF501	0.216	-0.329	0.3	271	0.328392172810117
TENT5B	0.589	0.612	0.791	425	0.322862759014866
SLC5A11	0.437	0.39	0.67	675	0.333414497803299
TNFRSF13C	0.569	0.579	0.773	184	0.2903932629126
KIR3DL3	0.355	0.19	0.57	410	0.302567588915408
NOSTRIN	0.233	-0.138	0.392	563	0.338651318249781
ALPK2	0.266	-0.107	0.418	2170	0.322707015464523
ARHGAP33	0.486	0.431	0.695	1126	0.295463677989467
EVI5L	0.681	0.768	0.874	805	0.345005365800416
TRMT61A	0.643	0.67	0.824	289	0.313805336943245
RASGRP4	0.511	0.48	0.721	673	0.320694452636614
C12orf56	0.255	-0.066	0.422	622	0.319507721783514
DIS3L	0.268	-0.048	0.436	1054	0.328714576928819
ARL11	0.475	0.474	0.717	196	0.33264819362308
FANCD2OS	0.385	0.213	0.581	177	0.308456532418175
CKM	0.582	0.583	0.779	381	0.360038536398075
IQCD	0.415	0.335	0.638	449	0.35831451016598
DHRS1	0.386	0.238	0.593	313	0.340615337328773
WDFY2	0.36	0.189	0.569	400	0.314276770825454
RAB3C	0.285	-0.034	0.454	227	0.345770115560861
NXNL1	0.655	0.707	0.841	212	0.343632741416468
CKMT1B	0.334	0.104	0.512	417	0.311204412675759
CTHRC1	0.253	-0.111	0.402	243	0.315618909878557
TSR3	0.57	0.59	0.78	312	0.331440257340721
ODAD3	0.574	0.601	0.784	595	0.351938254395154
ZNF653	0.601	0.615	0.797	615	0.330944046857031
RNF166	0.703	0.737	0.861	237	0.377426086678712
ADCYAP1	0.503	0.553	0.76	176	0.320255557730204
CKMT2	0.377	0.226	0.582	419	0.328266901750082
RMI2	0.488	0.512	0.737	147	0.288309466364048
OSR2	0.44	0.367	0.661	433	0.300145771532865
LRRC58	0.329	0.217	0.569	371	0.314310485988439
LYSMD3	0.162	-0.448	0.227	306	0.298494587557589
BATF2	0.488	0.434	0.698	274	0.325445489590731
SLC22A12	0.547	0.552	0.756	553	0.32948373302063
DNTTIP1	0.377	0.221	0.58	329	0.31841556011486
ERCC8	0.175	-0.395	0.261	396	0.297395412287404
FOXP4	0.572	0.571	0.774	680	0.339717056340772
ZNF526	0.452	0.329	0.646	670	0.319323822753933
LRRC3B	0.282	0.005	0.464	259	0.337657257715187
KLHDC3	0.377	0.221	0.584	382	0.315386084825329
DNAAF10	0.25	-0.119	0.405	357	0.329125480686451
NUS1	0.319	0.185	0.557	293	0.307416590590346
FAM210B	0.383	0.269	0.604	192	0.302733023114975
PHACTR3	0.367	0.22	0.581	559	0.310837234443834
CMTM5	0.492	0.478	0.718	223	0.323798549923253
TGM7	0.454	0.405	0.68	710	0.338566612495609
TM4SF19	0.336	0.206	0.566	209	0.323544849399033
PABIR1	0.391	0.24	0.594	329	0.287524736621198
ZMYND19	0.484	0.421	0.691	227	0.362630636558957
COX20	0.192	-0.226	0.339	130	0.299312827568904
ABHD15	0.55	0.602	0.783	468	0.302276912208318
TLCD1	0.473	0.511	0.73	247	0.31020476645516
GINM1	0.212	-0.167	0.372	330	0.313279723689177
MOGAT1	0.276	-0.029	0.446	335	0.32115288273792
ACSM1	0.371	0.206	0.576	577	0.328370764266497
CKS1B	0.325	0.077	0.507	79	0.317215003893404
C8orf34	0.238	-0.173	0.372	538	0.298094713661729
PANX3	0.368	0.276	0.602	392	0.312592714991498
RBP7	0.361	0.176	0.559	134	0.353848095560513
SLC26A8	0.287	0.022	0.472	970	0.325879004891603
LYPD1	0.415	0.338	0.647	141	0.367081893802858
IL22RA2	0.224	-0.194	0.365	263	0.321366072794978
CKS2	0.226	-0.119	0.397	79	0.311345423777388
ZNF837	0.664	0.718	0.85	531	0.325780637217392
TM4SF18	0.252	-0.016	0.443	201	0.333486336217955
RAB39B	0.361	0.212	0.575	213	0.327561370998917
GRIN3A	0.337	0.163	0.548	1115	0.310282494077858
GRIN3B	0.669	0.76	0.87	1043	0.308761328217368
TOP1MT	0.525	0.522	0.743	601	0.350558694025347
OLIG1	0.734	0.868	0.929	271	0.314190014397001
CLNK	0.276	-0.041	0.443	428	0.315497272405134
TSEN15	0.255	-0.042	0.442	175	0.296667059741903
NIBAN1	0.335	0.123	0.537	928	0.337266630117473
MAS1L	0.33	0.199	0.565	378	0.330391024364712
MRGPRD	0.562	0.614	0.789	321	0.317899336278319
APOA5	0.576	0.583	0.776	366	0.343736325731935
MRGPRE	0.66	0.783	0.88	312	0.33333008449685
MRGPRF	0.742	0.87	0.929	343	0.35143396533451
MRPL53	0.475	0.436	0.697	112	0.323051758794165
MRPL54	0.481	0.461	0.711	138	0.3274505205867
PPP1R27	0.522	0.513	0.733	154	0.322774614286553
RPL39L	0.315	0.032	0.468	51	0.329486466441547
HSPA12B	0.613	0.648	0.811	686	0.324728765897869
CNTROB	0.377	0.23	0.585	925	0.314314335908484
SNAP47	0.397	0.278	0.607	464	0.295108993503991
LEAP2	0.254	0.008	0.444	77	0.275322145393036
SLC18B1	0.193	-0.269	0.312	456	0.288656804857749
LRG1	0.475	0.483	0.717	347	0.325526889577743
MED12L	0.274	-0.021	0.454	2145	0.329783978028651
WDR17	0.177	-0.386	0.257	1322	0.311848160537987
ART5	0.442	0.359	0.656	291	0.323681276225207
ACAP3	0.634	0.667	0.821	834	0.345590581273499
ARAP2	0.196	-0.302	0.304	1704	0.316648019432629
ARAP1	0.534	0.508	0.736	1450	0.325684590508033
AGAP2	0.478	0.429	0.696	1192	0.304750168718479
AGAP1	0.493	0.474	0.719	857	0.335414712969352
AGAP3	0.574	0.598	0.785	911	0.340071784199224
ADCYAP1R1	0.464	0.388	0.673	496	0.352633946755033
TADA1	0.27	-0.072	0.429	335	0.338021711332994
CATSPER1	0.465	0.417	0.689	780	0.313609804128305
THEM4	0.264	-0.076	0.422	240	0.315687696766616
DACH2	0.283	-0.009	0.459	599	0.322418133663425
CATSPER2	0.267	0.032	0.466	534	0.31582855861915
SCGB3A2	0.293	0.083	0.495	93	0.342613388939698
SH2D1B	0.262	0.012	0.465	132	0.314387783431331
DCD	0.259	-0.124	0.403	121	0.314222734761679
WFIKKN1	0.699	0.756	0.87	548	0.34559694132323
RAB3IP	0.194	-0.325	0.295	476	0.322610976571468
SSX2IP	0.187	-0.337	0.285	614	0.328185508165272
MRGPRX2	0.42	0.386	0.661	330	0.313465907429173
MRGPRX3	0.415	0.386	0.659	322	0.305588141288309
MRGPRX4	0.407	0.349	0.638	322	0.30905770441246
PLAAT5	0.352	0.204	0.575	279	0.322133276797577
FTSJ3	0.346	0.143	0.541	847	0.336690354996065
SLC16A10	0.318	0.117	0.529	515	0.320111652211067
GALNT15	0.434	0.342	0.643	639	0.33527247331305
IP6K3	0.479	0.435	0.699	410	0.328975209442004
DEFB118	0.232	-0.228	0.345	123	0.304351234412962
CIB3	0.516	0.454	0.708	187	0.353437499844771
TAGAP	0.4	0.273	0.612	731	0.317144451803532
AP2M1	0.46	0.374	0.664	460	0.35765266371174
AP1S1	0.476	0.492	0.723	158	0.35644863283339
AP2S1	0.53	0.517	0.739	158	0.388487108404354
TMC1	0.262	-0.085	0.417	760	0.337746939739156
TMC2	0.397	0.25	0.597	906	0.333824402787737
RLN3	0.427	0.357	0.652	142	0.303930020422309
TWIST2	0.824	0.914	0.954	160	0.327365629226007
PARD3B	0.277	-0.083	0.424	1205	0.312605257806265
RFFL	0.414	0.275	0.616	363	0.347246331540548
AP3S1	0.203	-0.22	0.342	193	0.342174095913587
ZNF354B	0.204	-0.305	0.305	612	0.325188588589756
CLC	0.336	0.094	0.522	142	0.351072665748793
TRIM6	0.326	0.093	0.513	516	0.332195756472858
CLCA1	0.245	-0.151	0.386	914	0.325623721945928
ADD1	0.342	0.13	0.541	768	0.334087746805957
CLCN1	0.402	0.282	0.616	988	0.326159977700459
CLCN2	0.453	0.397	0.675	898	0.321033775978121
CLCN3	0.212	-0.24	0.332	866	0.310979810526096
CLCN4	0.447	0.402	0.677	760	0.328198017785947
CLCN5	0.277	0.004	0.462	816	0.315384870452076
UBE2J2	0.385	0.284	0.617	275	0.31867152959843
BORCS5	0.427	0.329	0.638	196	0.348138251480526
OLFM3	0.285	-0.003	0.463	478	0.339767222391609
ANTXR2	0.218	-0.209	0.348	489	0.313004278389494
MUCL1	0.23	-0.287	0.33	90	0.320987840612307
GPR62	0.55	0.611	0.787	368	0.300293428682128
EXOSC6	0.731	0.834	0.91	272	0.308849679853962
C10orf71	0.381	0.177	0.567	1435	0.313306002192827
PRAP1	0.557	0.523	0.746	151	0.312365554203303
ZNF511	0.512	0.468	0.718	252	0.335810326571371
CHCHD1	0.366	0.264	0.598	118	0.327426840219027
MSS51	0.272	-0.053	0.435	460	0.295488888357933
CFAP70	0.237	-0.175	0.374	1121	0.335372516895572
CLCN6	0.43	0.376	0.664	869	0.33140133844474
CLCN7	0.596	0.655	0.814	805	0.342790607910824
C10orf90	0.303	0.061	0.497	699	0.310730515605163
BTBD16	0.394	0.284	0.612	506	0.340257283943803
FAM24A	0.319	0.052	0.5	105	0.356718569944637
PSTK	0.258	-0.062	0.429	358	0.334514698892923
CLCNKA	0.541	0.538	0.752	687	0.338825558225855
ZNF488	0.415	0.273	0.612	340	0.304594550803966
PIK3AP1	0.389	0.229	0.59	805	0.322808923360902
CLCNKB	0.547	0.533	0.75	687	0.336764551607909
MORN4	0.329	0.069	0.507	146	0.314568125900864
ZFYVE27	0.463	0.384	0.67	416	0.337868566677068
MMP21	0.396	0.281	0.614	569	0.309172135663848
COMTD1	0.668	0.764	0.87	262	0.324921638966108
FRA10AC1	0.167	-0.475	0.219	315	0.320396805118978
ANKRD22	0.224	-0.112	0.393	191	0.339470139649795
SFXN2	0.437	0.373	0.664	322	0.355967704582226
PDZD8	0.262	-0.045	0.44	1154	0.312552676474456
ADD2	0.499	0.45	0.71	726	0.334933604935412
AGAP4	0.382	0.245	0.598	663	0.324748400857486
BORCS7	0.287	0.088	0.51	106	0.316492942102055
CLU	0.524	0.523	0.745	449	0.340349367493378
LYZL2	0.436	0.322	0.639	194	0.355645678614581
CLIC1	0.392	0.258	0.605	241	0.360796722382096
CLIC2	0.266	-0.101	0.413	247	0.347659169992251
GSTO2	0.354	0.18	0.556	243	0.335313942946891
SFR1	0.183	-0.33	0.292	245	0.32191708569451
CALHM3	0.606	0.646	0.807	344	0.32449245314728
CLRN3	0.306	0.143	0.537	226	0.317019016122781
CLK1	0.205	-0.273	0.315	526	0.29072430385896
ANAPC16	0.257	-0.099	0.425	110	0.306519328926612
PNLIPRP3	0.21	-0.28	0.318	467	0.325750610663318
SFXN4	0.254	-0.035	0.439	337	0.3074572512495
CPXM2	0.452	0.371	0.664	756	0.330195777855889
CLK2	0.378	0.236	0.585	499	0.302282479768452
OR52E2	0.278	0.05	0.479	325	0.328003854296165
OR52J3	0.275	0.017	0.462	311	0.334439407398124
OR51L1	0.255	-0.017	0.439	315	0.308704514565729
OR51A7	0.273	0.067	0.483	312	0.345022014325048
OR51S1	0.319	0.141	0.526	323	0.311616240272087
OR51F2	0.311	0.116	0.514	342	0.331013795349526
IFTAP	0.211	-0.281	0.322	221	0.315982811100604
OR4C46	0.3	0.091	0.507	309	0.340576204362
OR4B1	0.341	0.186	0.557	309	0.356002248053319
OR52M1	0.34	0.188	0.553	317	0.332865754080822
OR52K2	0.374	0.267	0.597	314	0.341612925254802
CLK3	0.473	0.419	0.686	638	0.306559390168643
SERPINA3	0.43	0.356	0.653	423	0.342700085511596
ADD3	0.227	-0.234	0.344	706	0.320490447153136
TPP1	0.39	0.235	0.593	563	0.313239063502165
OR5P2	0.284	0.061	0.49	322	0.327977822658606
OR5P3	0.301	0.111	0.518	311	0.33418162825324
LARGE2	0.538	0.539	0.75	721	0.333377407556623
CLN3	0.473	0.46	0.707	438	0.323226805725644
SLC36A4	0.178	-0.313	0.289	504	0.305360667466975
TRIM64	0.283	-0.003	0.464	449	0.323991768393494
TMEM45B	0.38	0.288	0.614	275	0.328952584465559
CYP2R1	0.213	-0.195	0.356	501	0.311491059491534
DBX1	0.624	0.679	0.829	343	0.304329382691154
CLN5	0.253	-0.099	0.415	407	0.313513527708328
POU2AF3	0.367	0.136	0.55	251	0.328470296223775
PIH1D2	0.206	-0.256	0.321	315	0.317573800315506
NXPE1	0.282	-0.026	0.447	405	0.334083980037984
NXPE2	0.275	-0.033	0.439	559	0.33708261490825
JAML	0.328	0.118	0.526	394	0.330404447132224
DNAJC24	0.174	-0.43	0.241	149	0.308642537687641
ARL14EP	0.182	-0.397	0.253	260	0.322279875023064
OR8I2	0.262	-0.004	0.455	310	0.314939373749215
CLNS1A	0.233	-0.207	0.367	237	0.303991229966183
OR2D3	0.286	0.049	0.481	330	0.325404027587904
OR2D2	0.27	0.029	0.47	308	0.310626159898085
OR52W1	0.341	0.166	0.545	320	0.315136268477501
OR56A4	0.378	0.307	0.616	365	0.33914363495974
OR56A1	0.418	0.401	0.669	318	0.341884127094378
CLPS	0.544	0.521	0.743	112	0.381485622214439
DEPDC4	0.182	-0.3	0.294	294	0.317938130003554
LRRK2	0.194	-0.247	0.323	2527	0.319226709481193
CLPTM1	0.593	0.62	0.798	669	0.34034849016144
CCDC38	0.198	-0.299	0.304	563	0.320001814432469
TMEM52B	0.344	0.155	0.545	183	0.311560308041213
FAM186A	0.27	-0.03	0.448	2351	0.332774431954861
NOPCHAP1	0.25	-0.12	0.408	185	0.294247641014298
CLTA	0.357	0.15	0.554	248	0.347919433054181
OR2AP1	0.316	0.119	0.519	309	0.336713913874839
OR10P1	0.518	0.535	0.744	313	0.310946827482604
CLTB	0.546	0.491	0.734	229	0.360879983336975
SDR9C7	0.437	0.369	0.659	313	0.33911698017601
LRIG3	0.276	-0.03	0.448	1119	0.315743870440007
TMEM132D	0.434	0.361	0.658	1099	0.335940284475429
SLC15A4	0.409	0.325	0.635	577	0.32661637464181
RHEBL1	0.328	0.128	0.536	183	0.318247947014682
C12orf54	0.315	0.037	0.487	127	0.308509070098597
ZNF641	0.322	0.067	0.506	438	0.302009268532393
OR10AD1	0.418	0.339	0.641	317	0.333829391450615
TPH2	0.271	-0.074	0.429	490	0.331361384166025
CLTC	0.217	-0.228	0.34	1679	0.343813234295727
SP7	0.416	0.24	0.602	431	0.301274839754451
GTSF1	0.28	-0.115	0.412	167	0.332785449768102
OR10A7	0.276	-0.006	0.456	316	0.318553369607937
KRT74	0.53	0.483	0.722	529	0.361548148926402
NEDD1	0.182	-0.381	0.269	667	0.306543107795287
IKBIP	0.225	-0.163	0.378	377	0.325953333552979
CMA1	0.328	0.132	0.531	247	0.324544065189154
H4C16	0.47	0.474	0.713	103	0.31995438633708
ERP27	0.29	0.04	0.487	273	0.339228620957343
FGD4	0.224	-0.243	0.338	878	0.32530844911419
AEBP2	0.337	0.16	0.558	517	0.298609825659689
ASCL4	0.661	0.759	0.868	173	0.301907894598879
ABTB3	0.496	0.472	0.717	1104	0.329981902831016
SPIC	0.246	-0.133	0.396	248	0.347321635010929
ANO4	0.248	-0.105	0.402	955	0.328257997748866
ALKBH2	0.352	0.163	0.551	261	0.315202014236696
FOXN4	0.53	0.488	0.729	517	0.32438999621785
SPPL3	0.312	0.158	0.545	384	0.314929161660806
TEX29	0.421	0.329	0.644	151	0.364013301244544
CSNK1A1L	0.306	0.077	0.506	337	0.344800557007922
RXFP2	0.226	-0.129	0.386	754	0.328762394714485
TEX26	0.246	-0.158	0.382	289	0.330740382975171
SLAIN1	0.331	0.108	0.527	590	0.295043611899115
PRR20A	0.359	0.16	0.558	221	0.307976352887775
SPACA7	0.218	-0.21	0.356	195	0.315509587786153
TDRD9	0.265	-0.026	0.449	1382	0.32397279897977
ANKRD9	0.711	0.817	0.9	317	0.298261010767919
AK7	0.266	-0.044	0.44	723	0.339431084867151
IFI27L1	0.305	0.023	0.49	104	0.333720408540088
C14orf28	0.184	-0.31	0.293	310	0.322304425019229
TRAPPC6B	0.227	-0.153	0.38	158	0.337332014738636
CLBA1	0.327	0.115	0.527	325	0.305242669532079
PLD4	0.57	0.585	0.779	513	0.332430723348318
ADSS1	0.451	0.371	0.663	500	0.332519609461488
RNASE11	0.273	0.002	0.468	199	0.307442816808603
TPPP2	0.437	0.249	0.612	170	0.346266941795354
RNASE8	0.452	0.355	0.66	154	0.350918941809671
MRPL52	0.275	0.008	0.466	123	0.324689314383946
PSMB11	0.442	0.325	0.641	300	0.324330549448214
OR4K14	0.312	0.088	0.503	310	0.336672909423936
OR4L1	0.243	-0.042	0.429	312	0.308409783991866
OR11H6	0.281	0.028	0.471	330	0.324405242725625
LRR1	0.212	-0.168	0.364	414	0.314638049980051
KLHDC1	0.181	-0.367	0.267	406	0.301556073136337
FRMD6	0.328	0.129	0.531	622	0.334465386012734
SOCS4	0.2	-0.307	0.3	440	0.306032009767953
NAA30	0.367	0.265	0.608	362	0.305613735553047
GPHB5	0.496	0.434	0.698	130	0.344282564665916
NOXRED1	0.299	0.06	0.491	359	0.330506636369633
JDP2	0.537	0.527	0.743	174	0.326891638173227
ISCA2	0.36	0.242	0.596	154	0.31736416626818
ACOT4	0.392	0.301	0.621	421	0.328441317030199
PLIN2	0.341	0.12	0.536	437	0.348955501415346
CCR1	0.398	0.311	0.623	355	0.338653726790831
TTC8	0.236	-0.173	0.37	531	0.331810161318716
TC2N	0.189	-0.348	0.279	490	0.3031050458619
SLC24A4	0.43	0.371	0.662	622	0.341389581804803
SLC25A29	0.669	0.787	0.886	303	0.332834999909493
DEGS2	0.762	0.842	0.915	323	0.34681786228235
KLHL33	0.35	0.162	0.546	533	0.312206481277602
LEO1	0.208	-0.351	0.29	666	0.303753815250572
CCR3	0.365	0.232	0.578	376	0.31487666398025
C15orf40	0.259	-0.049	0.436	167	0.307876191536433
SENP8	0.296	0.035	0.488	212	0.330429668134492
MTFMT	0.239	-0.118	0.396	389	0.31499604062102
SLC51B	0.279	0.008	0.467	128	0.313145912018185
TARS3	0.29	0.008	0.467	802	0.336647750715443
CCR4	0.372	0.26	0.599	360	0.341255330028988
HIGD2B	0.452	0.407	0.686	106	0.329222757159764
LRRC28	0.263	0.025	0.464	367	0.321696317085533
CCR5	0.357	0.22	0.575	352	0.352702620853648
CCR6	0.347	0.195	0.565	374	0.347434920685501
TMEM266	0.472	0.446	0.703	531	0.335279314350094
CCR7	0.555	0.611	0.788	378	0.35270187529983
NIPA1	0.508	0.569	0.767	329	0.349406204070658
AGBL1	0.338	0.127	0.532	1112	0.330948223407993
HYKK	0.253	-0.092	0.419	373	0.335263620366318
CCR8	0.346	0.187	0.56	355	0.349124310504846
WHAMM	0.297	0.058	0.494	809	0.316532796755219
FSD2	0.29	-0.027	0.457	749	0.327758721389187
PLA2G4E	0.493	0.419	0.689	868	0.342708497549964
C16orf46	0.327	0.066	0.504	395	0.334975918450225
ACKR2	0.403	0.319	0.631	384	0.342406966196253
NTAN1	0.237	-0.114	0.399	310	0.303483705786013
CEP20	0.183	-0.268	0.311	198	0.300459933963159
DNAAF1	0.335	0.101	0.521	725	0.315593339518994
ACSM2A	0.335	0.13	0.533	577	0.329058302287458
DCUN1D3	0.359	0.167	0.556	304	0.324721357293556
NRN1L	0.436	0.344	0.642	165	0.316328352710305
CMTM3	0.511	0.475	0.72	182	0.338767677933798
C16orf78	0.383	0.26	0.604	265	0.335252660276412
ADH1A	0.273	-0.07	0.434	375	0.331842788197484
CMKLR1	0.485	0.47	0.713	373	0.343501058082775
SPATA2L	0.59	0.611	0.789	424	0.320736480310315
SPATA33	0.397	0.262	0.613	140	0.312276297215854
NOXO1	0.558	0.57	0.766	376	0.288437216152997
CCDC78	0.483	0.418	0.688	438	0.315711481654806
LTB4R	0.574	0.635	0.8	352	0.316771198932504
IQCK	0.327	0.08	0.513	287	0.317676959907413
ZG16B	0.403	0.312	0.635	208	0.321426225088965
PAQR4	0.573	0.614	0.79	273	0.325643906080735
ZC3H18	0.415	0.261	0.61	977	0.300875850572831
GPR139	0.459	0.464	0.707	353	0.343102136724267
CDYL2	0.448	0.385	0.671	506	0.34053921468339
ABCC2	0.314	0.112	0.518	1545	0.327059290065252
ANKS3	0.501	0.46	0.711	656	0.33833006193349
UBALD1	0.618	0.599	0.794	177	0.313675468356903
SEPTIN12	0.595	0.62	0.794	358	0.348336531527122
KRBOX5	0.254	0.003	0.458	126	0.316703806452191
TMEM219	0.391	0.281	0.608	240	0.296500290677645
EARS2	0.479	0.433	0.692	534	0.33725674376331
SNX20	0.623	0.656	0.812	316	0.332673969838254
TMEM170A	0.324	0.181	0.555	144	0.310430697017531
METTL23	0.204	-0.269	0.315	190	0.310254802003398
HSF5	0.357	0.168	0.563	596	0.310768070581551
OR4D2	0.418	0.404	0.674	307	0.316189102317863
MSI2	0.313	0.049	0.506	328	0.307190512536732
SLC38A10	0.518	0.496	0.732	1119	0.33919438670064
CANT1	0.614	0.641	0.809	401	0.345001078422039
USH1G	0.648	0.718	0.847	461	0.315073416191735
CD300LB	0.383	0.257	0.601	201	0.333416312334319
KIF19	0.605	0.629	0.799	998	0.326004631856033
ZPBP2	0.195	-0.323	0.299	338	0.310935542479969
CYB5D1	0.423	0.355	0.651	228	0.316363338605906
OVCA2	0.452	0.408	0.682	227	0.312550989518509
USP43	0.432	0.349	0.652	1123	0.310184592220279
KRBA2	0.243	-0.107	0.412	492	0.314215121391878
CHCT1	0.435	0.374	0.664	236	0.330887822320732
SPATA32	0.437	0.336	0.647	384	0.324763519093306
HEXIM2	0.541	0.497	0.732	286	0.319154057852919
LSM12	0.299	0.069	0.508	195	0.340225337527697
CCDC43	0.329	0.098	0.516	224	0.353077578004762
CNTD1	0.305	0.069	0.494	330	0.337913919671498
TMEM132E	0.598	0.651	0.813	1074	0.306413995079367
WFIKKN2	0.601	0.596	0.786	576	0.346737750558167
B4GALNT2	0.401	0.306	0.627	566	0.327626817930412
SPACA3	0.392	0.25	0.595	215	0.330900871863106
SEZ6	0.465	0.365	0.664	994	0.312548602658072
ANKRD13B	0.605	0.622	0.797	626	0.32508694332186
SLC43A2	0.606	0.677	0.825	573	0.350926074374321
CYB5D2	0.4	0.285	0.617	264	0.310884433809402
C17orf49	0.391	0.227	0.594	192	0.330455744525816
ZFP3	0.229	-0.236	0.346	502	0.324273347334599
GGT6	0.449	0.352	0.654	499	0.306912702948895
SPNS2	0.6	0.663	0.818	549	0.336551405112382
EFCAB13	0.178	-0.366	0.269	973	0.332531703409968
MRPL10	0.446	0.418	0.683	271	0.320414811915395
WDR81	0.544	0.546	0.757	1941	0.324423625500882
ADH1B	0.295	0.009	0.477	375	0.332736751399461
TBC1D16	0.635	0.694	0.836	767	0.326899280504806
AFMID	0.458	0.371	0.668	308	0.34346964171403
GJD3	0.754	0.877	0.934	294	0.309723060111928
KRT222	0.218	-0.191	0.355	295	0.321416898955116
KRT40	0.41	0.282	0.615	431	0.362943553901395
ZSWIM7	0.275	0.045	0.485	140	0.300588891901417
MIEF2	0.537	0.552	0.755	465	0.326288173640367
SLC5A10	0.535	0.555	0.759	612	0.331430905730668
FAM210A	0.202	-0.299	0.309	272	0.311978313471234
LOXHD1	0.466	0.406	0.683	2211	0.348087055185566
INO80C	0.382	0.165	0.559	228	0.332764985739784
TTC39C	0.257	-0.064	0.427	583	0.34682645358467
DIPK1C	0.547	0.586	0.777	419	0.32766323986706
CNGB1	0.48	0.41	0.688	1251	0.341360638746502
CLDND2	0.593	0.689	0.832	167	0.339886204092577
ZNF816	0.221	-0.268	0.329	651	0.327369583185548
CNGA1	0.232	-0.178	0.368	759	0.334576672363793
ZNF543	0.317	0.047	0.496	600	0.3344956692611
CEACAM20	0.402	0.285	0.616	596	0.313694311119389
RAVER1	0.566	0.594	0.782	756	0.314347535201175
OR7D4	0.418	0.377	0.663	312	0.331985568259637
OR7G1	0.302	0.09	0.505	311	0.334984246371814
OR1M1	0.497	0.514	0.735	313	0.34152189689164
COX6B2	0.738	0.799	0.893	88	0.376699061787108
CALR3	0.321	0.077	0.51	384	0.342857454002618
ACER1	0.563	0.615	0.79	264	0.34117477611077
MICOS13	0.544	0.526	0.75	140	0.360640672887147
MBD3L2	0.349	0.178	0.55	208	0.301060935869875
ADH1C	0.279	-0.041	0.449	375	0.329143786466967
CNGA2	0.438	0.318	0.632	664	0.35223469473765
TRAPPC5	0.737	0.86	0.924	188	0.31895089695034
PCP2	0.595	0.6	0.791	136	0.309259935677019
OSCAR	0.528	0.503	0.735	286	0.304590974086622
ZNF813	0.225	-0.265	0.331	617	0.32890422792334
ZNF441	0.201	-0.372	0.281	693	0.30835556072265
ZNF491	0.215	-0.337	0.298	437	0.311840744881603
ZNF440	0.222	-0.294	0.318	595	0.318005235539213
SWSAP1	0.385	0.272	0.607	229	0.290071446612041
CCDC159	0.532	0.527	0.747	297	0.358771309454809
CNGA3	0.504	0.485	0.722	694	0.352388940523405
JOSD2	0.647	0.689	0.83	188	0.338970147339551
IZUMO2	0.431	0.413	0.679	221	0.361319116956598
CPT1C	0.494	0.479	0.719	803	0.315906400003082
ALDH16A1	0.531	0.535	0.75	802	0.325979434931934
NTN5	0.537	0.513	0.738	489	0.314522248848646
CNGA4	0.482	0.418	0.684	575	0.335885988751234
NLRP13	0.29	0.036	0.48	1043	0.330878045398158
NLRP8	0.321	0.127	0.528	1048	0.329913631380485
NLRP5	0.349	0.197	0.566	1200	0.328064248870819
ZNF787	0.746	0.858	0.925	382	0.330331319386918
ZNF573	0.212	-0.307	0.309	665	0.331343834923917
WDR88	0.386	0.207	0.578	472	0.320594752113689
TMIGD2	0.517	0.506	0.737	282	0.318484328857067
EID2B	0.439	0.433	0.697	161	0.29255753665721
TNFAIP8L1	0.787	0.859	0.923	186	0.334115743209726
ZNF57	0.281	-0.098	0.428	555	0.327496387878702
IRGQ	0.439	0.372	0.664	623	0.306548682610228
ZNF428	0.436	0.278	0.624	188	0.322352930339734
PLK3	0.477	0.42	0.687	646	0.322675980938157
JSRP1	0.567	0.563	0.767	331	0.295678233018013
MOB3A	0.734	0.809	0.899	217	0.358907395174617
MFSD12	0.688	0.782	0.882	480	0.333716462186001
GIPC3	0.593	0.644	0.81	312	0.331307496423992
NDUFA11	0.387	0.283	0.621	228	0.304011863140221
MISP	0.528	0.486	0.726	679	0.313630858694736
LRRC25	0.524	0.513	0.738	305	0.350473155886464
OR1I1	0.423	0.39	0.67	355	0.326711180452336
WTIP	0.576	0.635	0.805	430	0.313520118585675
ZNF792	0.34	0.114	0.532	632	0.331814220982952
NR2C2AP	0.431	0.304	0.628	167	0.332740941949529
HSPB6	0.624	0.679	0.829	160	0.304462916478383
CNN1	0.616	0.629	0.804	297	0.385826532300791
CCDC105	0.539	0.577	0.771	499	0.322677899183998
CYP4F22	0.478	0.45	0.698	531	0.320309377178475
RINL	0.442	0.398	0.675	566	0.298506155194229
FBXO27	0.508	0.506	0.732	283	0.321834536052031
CNN2	0.619	0.697	0.84	330	0.366412380773613
PLK5	0.57	0.588	0.779	336	0.303629513011743
C19orf47	0.472	0.402	0.682	422	0.315941164074725
OR10H4	0.394	0.296	0.617	316	0.331214779457404
ANKLE1	0.44	0.346	0.648	669	0.303026393228922
C2CD4C	0.705	0.779	0.882	421	0.328878527973294
CNN3	0.269	-0.094	0.424	329	0.34637337855889
GABPB2	0.247	-0.129	0.401	448	0.311522035704152
TCHHL1	0.237	-0.228	0.358	904	0.309518285938671
RPTN	0.273	-0.063	0.445	784	0.322040367524528
CCDC163	0.379	0.24	0.589	118	0.363706532251246
TDRD10	0.381	0.21	0.574	366	0.33832954349271
SHE	0.475	0.418	0.692	495	0.330845264663469
KDF1	0.484	0.367	0.663	398	0.304385032816282
CNP	0.539	0.567	0.768	421	0.353162464299469
CCSAP	0.397	0.294	0.629	270	0.306480766027593
LRRC38	0.695	0.766	0.872	294	0.349932440833101
AADACL3	0.348	0.187	0.562	407	0.326650138418171
PUSL1	0.574	0.629	0.801	303	0.317185038774659
B3GALT6	0.805	0.931	0.962	329	0.306101366975108
CNR1	0.483	0.459	0.707	472	0.344002933821768
DNAI3	0.221	-0.235	0.343	891	0.321027308479135
KLHDC9	0.344	0.15	0.545	349	0.291986380933912
AXDND1	0.196	-0.264	0.318	1012	0.327278966733824
MAB21L3	0.423	0.318	0.634	362	0.346042611838135
CNR2	0.421	0.331	0.636	360	0.329965959825805
IFFO2	0.661	0.715	0.848	517	0.346846407493204
H3C14	0.746	0.821	0.902	136	0.344612201988431
SLC44A3	0.274	0.008	0.465	653	0.32944979892308
ADH4	0.241	-0.192	0.366	399	0.324074993249564
CNTF	0.3	0.075	0.497	200	0.318096714556493
ATXN7L2	0.466	0.361	0.664	722	0.32645201857074
CFAP276	0.357	0.171	0.556	157	0.313007940772961
LYPLAL1	0.172	-0.334	0.284	237	0.29971533194846
OR2M5	0.345	0.198	0.564	312	0.330010097820287
OR2M3	0.347	0.203	0.567	312	0.326539246289312
OR2T12	0.375	0.275	0.606	320	0.325130186298597
OR14C36	0.327	0.134	0.53	312	0.322853067778313
OR2T34	0.434	0.392	0.668	318	0.336172469626675
OR2T10	0.366	0.224	0.578	312	0.343713145320895
OR2T4	0.372	0.266	0.604	348	0.327464802215201
CNTFR	0.524	0.473	0.721	372	0.327794022315854
ATP6V1G3	0.264	-0.038	0.448	124	0.370113953699341
CNTN1	0.223	-0.243	0.339	1018	0.314776347197995
ASB17	0.175	-0.306	0.281	295	0.30419756772631
TYW3	0.234	-0.164	0.376	259	0.329369286431121
ERICH3	0.235	-0.207	0.364	1530	0.316371780586783
LRRIQ3	0.155	-0.451	0.216	624	0.322468099368517
TPRG1L	0.492	0.489	0.725	272	0.332001937148476
MYOM3	0.461	0.399	0.678	1437	0.327349756932203
DMBX1	0.545	0.487	0.728	377	0.349040773573683
OR10J5	0.294	0.076	0.498	309	0.333706343106123
TMCO2	0.203	-0.206	0.341	182	0.321363455852151
ZNF684	0.246	-0.197	0.371	378	0.336513705185225
TCEANC2	0.231	-0.083	0.416	208	0.320342371515021
PODN	0.606	0.64	0.802	661	0.334729455282999
LRRC39	0.197	-0.215	0.331	339	0.317240340692685
GJB4	0.601	0.625	0.799	266	0.352130823155096
HMGB4	0.337	0.126	0.534	186	0.368951756776617
RNF19B	0.368	0.196	0.573	732	0.314317560570517
A3GALT2	0.603	0.684	0.829	340	0.305651423610916
DCST2	0.426	0.365	0.655	773	0.328119835833212
DNAH14	0.163	-0.434	0.227	453	0.31687407339549
OR2B11	0.482	0.479	0.716	317	0.349597864882597
ZNF648	0.525	0.49	0.731	568	0.326548368119907
TEDDM1	0.347	0.195	0.56	273	0.327439201063539
C1orf122	0.542	0.575	0.774	110	0.309779942029215
COL1A1	0.329	-0.041	0.462	1464	0.316381371562373
OSCP1	0.337	0.172	0.551	389	0.331326943741603
C1orf216	0.453	0.348	0.653	229	0.338491251475856
KLHDC7A	0.529	0.513	0.74	777	0.327317541808322
UBXN10	0.316	0.023	0.48	280	0.322349008046648
C1orf87	0.27	-0.058	0.431	546	0.32200190331464
COL1A2	0.231	-0.334	0.306	1366	0.308175555592182
ARL8A	0.493	0.503	0.73	186	0.372688980535855
SYT2	0.529	0.492	0.731	419	0.390856359786511
GOLT1A	0.506	0.554	0.754	132	0.316807758496608
UHMK1	0.258	-0.086	0.418	419	0.320343577768544
FCRLB	0.493	0.502	0.733	426	0.301171915260859
ADH5	0.242	-0.2	0.367	374	0.335874676792125
COL2A1	0.308	-0.086	0.437	1487	0.314461382734658
C1orf131	0.255	-0.126	0.401	293	0.340065342718632
LIX1L	0.4	0.256	0.604	337	0.327074290714573
COL3A1	0.21	-0.45	0.251	1466	0.296174321763516
SPATA17	0.214	-0.205	0.349	361	0.325094486239122
EDARADD	0.332	0.084	0.51	215	0.324165841314464
COL4A1	0.277	-0.108	0.424	1669	0.291526244501794
KLF17	0.338	0.079	0.516	389	0.316735986880964
TMEM125	0.526	0.528	0.743	219	0.323647679492999
TSACC	0.252	-0.108	0.41	125	0.332819048567302
IQGAP3	0.439	0.366	0.658	1631	0.357032830169678
NAXE	0.467	0.394	0.675	288	0.328651346304406
ARHGEF19	0.528	0.521	0.742	802	0.314897723143799
MRPL55	0.544	0.527	0.739	164	0.298248789034413
H2BC26	0.721	0.753	0.87	126	0.367027541111874
DRAM2	0.188	-0.25	0.323	266	0.310313539039539
PIFO	0.265	-0.175	0.382	191	0.332012088301912
C1orf162	0.278	-0.053	0.434	155	0.306340175983481
OR10T2	0.346	0.202	0.564	314	0.335551290247437
OR6P1	0.326	0.147	0.533	317	0.330926358545329
OR10Z1	0.353	0.202	0.564	313	0.329984380131307
OR6K6	0.325	0.112	0.517	343	0.337283201721488
OR6N1	0.371	0.28	0.604	312	0.340887951575369
TATDN3	0.207	-0.195	0.354	281	0.321616596511346
COL4A2	0.343	0.094	0.525	1712	0.298988453888616
BHLHE23	0.646	0.763	0.873	241	0.311974110624634
NKAIN4	0.515	0.535	0.749	208	0.3274500033998
VSTM2L	0.652	0.729	0.857	204	0.324168328214307
FITM2	0.504	0.516	0.738	262	0.343964964708993
WFDC12	0.361	0.095	0.528	111	0.358963097234946
SPATA25	0.397	0.206	0.579	227	0.319332098179033
COL4A3	0.225	-0.315	0.313	1670	0.280536829281559
OCSTAMP	0.444	0.384	0.665	566	0.312220533690432
TSHZ2	0.383	0.203	0.582	1034	0.330536683832086
COL4A4	0.243	-0.237	0.355	1690	0.280051662490901
C20orf85	0.44	0.338	0.646	137	0.330514477010821
ZNF831	0.412	0.273	0.615	1677	0.300637922902889
TBC1D20	0.381	0.246	0.591	403	0.325422812080084
SIRPD	0.321	0.107	0.521	197	0.315774208072465
C20orf141	0.353	0.238	0.58	165	0.273385137233773
PROKR2	0.533	0.546	0.755	384	0.361510219252697
COL4A5	0.204	-0.424	0.257	1691	0.280773312067797
SLX4IP	0.215	-0.203	0.357	408	0.303546312252511
COL4A6	0.252	-0.166	0.388	1707	0.291795098125109
CSTL1	0.408	0.376	0.659	145	0.358338341782031
CST9L	0.448	0.381	0.667	147	0.343054735066834
CST9	0.365	0.154	0.548	159	0.340374142930079
DUSP15	0.435	0.328	0.639	295	0.321485584058387
BPIFB6	0.471	0.425	0.69	453	0.347510798656973
BPIFA3	0.362	0.21	0.572	254	0.337093745521539
C20orf144	0.524	0.554	0.755	153	0.300596942017155
CHMP4B	0.416	0.347	0.654	224	0.36366272309659
PIGU	0.355	0.247	0.589	435	0.341299080048775
FAM83C	0.485	0.455	0.706	747	0.305029410321666
COL5A1	0.399	0.204	0.586	1838	0.311048275293525
GAB4	0.462	0.355	0.66	574	0.311987091084545
C22orf39	0.552	0.564	0.765	142	0.304054307027526
TANGO2	0.477	0.427	0.693	317	0.337929811310985
COL5A2	0.202	-0.414	0.265	1499	0.285411886582216
ZNF280A	0.244	-0.174	0.383	542	0.310403581201325
SGSM1	0.509	0.472	0.718	1148	0.339854930048724
EMID1	0.413	0.276	0.618	443	0.298983075513594
COL6A1	0.573	0.572	0.774	1028	0.344333351174574
ANKRD54	0.517	0.503	0.731	300	0.320328337148979
COL6A2	0.602	0.611	0.794	1019	0.338421736620339
PPP1R21	0.229	-0.169	0.372	780	0.340747841618545
TRABD2A	0.436	0.377	0.663	505	0.318510880964644
COL6A3	0.361	0.19	0.568	3177	0.33012414565428
TMEM150A	0.489	0.451	0.708	271	0.342483401726331
COL7A1	0.361	0.142	0.547	2944	0.298383433928899
NUP35	0.164	-0.5	0.208	326	0.283105273531981
XIRP2	0.198	-0.341	0.291	3549	0.314388347026915
TYW5	0.199	-0.266	0.324	315	0.323247501817646
COL8A1	0.285	-0.07	0.44	744	0.309047915631144
NMS	0.29	-0.025	0.445	153	0.325224016906923
LYG1	0.326	0.073	0.5	194	0.337653262306373
MITD1	0.213	-0.234	0.333	249	0.318791654195723
DIS3L2	0.393	0.256	0.602	885	0.327891749811005
COL8A2	0.415	0.275	0.621	703	0.310303406642416
CMPK2	0.476	0.456	0.706	449	0.321836212475995
MBOAT2	0.213	-0.189	0.357	520	0.323928019401742
CNTNAP5	0.338	0.131	0.536	1306	0.327289683982367
TAF8	0.414	0.264	0.609	310	0.323709473911054
COL9A1	0.234	-0.244	0.344	921	0.295191509476565
TMEM18	0.325	0.215	0.569	143	0.327039857881421
COL9A2	0.392	0.19	0.58	689	0.31065785974061
FBLN7	0.559	0.553	0.763	439	0.347437835971099
NEU4	0.596	0.597	0.785	497	0.306337573554392
RBM45	0.228	-0.218	0.354	474	0.329176027796423
C2orf73	0.202	-0.343	0.294	287	0.299742985528097
TRIM43	0.29	0.026	0.476	446	0.325448729523411
BBS5	0.157	-0.414	0.237	341	0.296432369424465
CFAP210	0.176	-0.4	0.249	552	0.341287650419437
COL9A3	0.405	0.281	0.624	684	0.295512771079381
AADAC	0.191	-0.262	0.318	399	0.300764523711329
ADH6	0.244	-0.152	0.388	375	0.331522427759799
COL10A1	0.232	-0.311	0.318	680	0.288509986582902
ACMSD	0.299	0.044	0.49	336	0.319278555595548
ICA1L	0.211	-0.263	0.332	482	0.3162504404909
FAM168B	0.402	0.132	0.559	195	0.330105653354178
OR9A4	0.292	0.09	0.507	314	0.337850412319995
COL11A1	0.2	-0.431	0.257	1806	0.292576804562029
CIB4	0.489	0.411	0.682	185	0.350376780247566
REG3G	0.368	0.166	0.558	175	0.328635577745763
RFTN2	0.209	-0.278	0.321	501	0.304894232465865
CLHC1	0.176	-0.373	0.258	586	0.330460528803153
COL11A2	0.344	0.075	0.515	1650	0.296254639489925
PLEKHH2	0.207	-0.24	0.336	1493	0.30845680990063
COL12A1	0.231	-0.225	0.353	3063	0.306398887293646
AP1S3	0.236	-0.099	0.399	154	0.335347761493994
C2orf76	0.222	-0.26	0.323	126	0.330500927765658
SGPP2	0.375	0.297	0.62	399	0.329659353315768
ACVR1C	0.24	-0.136	0.388	493	0.32785100089542
OSR1	0.488	0.44	0.702	266	0.323149116925678
COL13A1	0.336	0.086	0.52	717	0.301630108632538
TTC32	0.252	-0.101	0.416	151	0.354359388573258
UBR3	0.212	-0.212	0.352	1888	0.320060976178122
KCTD18	0.277	-0.031	0.449	426	0.320210001728605
FLACC1	0.264	-0.059	0.434	445	0.349922763707168
ZNF513	0.444	0.326	0.643	541	0.307702765548881
SPATA3	0.364	0.15	0.548	192	0.298833164317957
LYPD6	0.313	0.034	0.485	171	0.327493714807839
LYPD6B	0.296	-0.035	0.452	207	0.316566595842599
GALM	0.368	0.188	0.571	342	0.331637436292465
COL15A1	0.322	0.049	0.499	1388	0.304882148952803
TMEM198	0.494	0.471	0.709	360	0.310607390705746
ZFAND2B	0.376	0.156	0.554	257	0.3366759895275
COL16A1	0.359	0.113	0.538	1604	0.309967407811039
TMEM178A	0.48	0.542	0.748	297	0.309679951066682
CPO	0.272	-0.055	0.436	374	0.326168490891755
MDH1B	0.251	-0.093	0.412	518	0.321039716192189
COL17A1	0.332	0.06	0.507	1497	0.290678294664926
C2orf50	0.513	0.451	0.708	162	0.33895420626782
SLC66A3	0.37	0.311	0.62	202	0.315615460193701
TMEM182	0.272	-0.007	0.46	229	0.331429585351026
FBXO36	0.262	-0.002	0.453	188	0.3039027255963
MTERF4	0.305	0.074	0.499	381	0.33686486631121
CCDC148	0.186	-0.314	0.287	591	0.342329289015827
M1AP	0.34	0.151	0.542	530	0.315162000793048
ADH7	0.273	-0.094	0.421	394	0.323540219975394
COL19A1	0.21	-0.332	0.299	1142	0.295019249122113
CPNE4	0.346	0.127	0.537	575	0.353203085253184
MIX23	0.214	-0.151	0.384	144	0.330425115973593
KCNH8	0.264	-0.04	0.441	1107	0.320281256105666
COMP	0.613	0.628	0.805	757	0.363691859926036
DNAJC19	0.15	-0.508	0.198	116	0.304161695330888
OTOL1	0.254	-0.169	0.39	477	0.330681192694738
FAM3D	0.41	0.288	0.62	224	0.337878598782761
COMT	0.628	0.653	0.812	271	0.368140842439411
ZPLD1	0.266	-0.053	0.433	431	0.320511880499845
LYZL4	0.388	0.241	0.596	146	0.351790431383274
KLHL40	0.574	0.594	0.782	621	0.342203936050179
COPA	0.31	0.059	0.495	1233	0.333722663327998
TRIM71	0.561	0.59	0.782	868	0.331137053672745
FAM131A	0.453	0.368	0.663	366	0.314187330644959
CD200R1	0.238	-0.12	0.401	348	0.334413045983504
CHCHD4	0.316	-0.017	0.473	155	0.343648721736919
COPB1	0.191	-0.291	0.302	953	0.328733423435312
ZDHHC19	0.514	0.516	0.741	309	0.332909644522831
CRYBG3	0.196	-0.334	0.294	2970	0.316888791700902
DCBLD2	0.25	-0.152	0.389	775	0.31221102382276
LRRC15	0.499	0.514	0.735	587	0.350044020123771
FAM43A	0.666	0.751	0.867	423	0.323443765844989
KLF6	0.422	0.307	0.633	283	0.313957556986172
TPRA1	0.581	0.602	0.783	373	0.341569058646601
TMEM42	0.472	0.468	0.716	159	0.31395827038285
UROC1	0.504	0.468	0.714	736	0.354638902892281
SLC31A1	0.332	0.11	0.529	190	0.306927117077536
SLC31A2	0.385	0.272	0.607	143	0.334353277541465
ERICH6	0.249	-0.093	0.415	663	0.312750208035564
NUDT16	0.408	0.331	0.637	227	0.294780850340576
COL6A6	0.285	-0.018	0.457	2263	0.327734677148836
GRK7	0.416	0.302	0.629	553	0.355505029979472
TMEM207	0.222	-0.168	0.364	146	0.303623865565556
METTL6	0.216	-0.231	0.344	284	0.335411668453767
ADK	0.245	-0.2	0.364	362	0.355297431226373
TAMM41	0.288	0.036	0.481	337	0.33299568561106
IL17RE	0.446	0.405	0.674	667	0.294338386013897
RTP1	0.626	0.667	0.82	263	0.32735789284819
IQCF1	0.416	0.319	0.631	205	0.34266230362048
GLYCTK	0.439	0.353	0.649	523	0.329536626258602
PPM1M	0.43	0.35	0.649	247	0.324175964960141
C3orf49	0.24	-0.118	0.401	292	0.318819814541657
SNTN	0.232	-0.221	0.34	147	0.3258551573378
SYNPR	0.329	0.111	0.531	285	0.329215247869546
LSMEM2	0.433	0.394	0.667	164	0.291692249601913
H1-8	0.474	0.35	0.66	346	0.340293356158014
OCIAD2	0.217	-0.253	0.333	154	0.313156531047733
SCLT1	0.178	-0.309	0.294	688	0.334045342126642
C4orf33	0.183	-0.412	0.25	199	0.307506102961492
SMIM43	0.22	-0.165	0.36	130	0.307425807518895
CORT	0.494	0.491	0.724	105	0.2972917709153
MAP3K8	0.27	-0.036	0.441	467	0.314083957239968
ADAD1	0.183	-0.353	0.276	576	0.320175374567153
ZFP42	0.281	-0.012	0.461	310	0.329500906114716
LIN54	0.214	-0.298	0.315	749	0.319114467981361
SPATA18	0.293	0.046	0.486	538	0.320277830251602
COX4I1	0.449	0.388	0.677	169	0.352746561565181
FAM241A	0.329	0.205	0.573	132	0.313811507235136
TMPRSS11B	0.203	-0.32	0.299	416	0.336286752663468
GNPDA2	0.172	-0.429	0.24	276	0.314556575021252
SPATA4	0.199	-0.193	0.353	305	0.308609084267383
CPEB2	0.371	0.223	0.591	1034	0.295240177295258
EVC2	0.372	0.259	0.598	1308	0.329283579342247
COX5B	0.377	0.225	0.585	129	0.319543329571174
ARL9	0.315	0.046	0.494	265	0.349699501434407
AASDH	0.187	-0.323	0.292	1098	0.315028971176655
PDCL2	0.164	-0.434	0.232	241	0.334013838833671
C4orf36	0.222	-0.251	0.316	117	0.332906693118724
ADM	0.525	0.518	0.742	185	0.32422872691395
PACRGL	0.185	-0.35	0.273	248	0.295161353770476
TRAM1L1	0.255	-0.054	0.433	369	0.344335751620105
OTOP1	0.437	0.399	0.675	612	0.328399854270804
ENPP6	0.413	0.289	0.619	440	0.335416396599642
SLC9B2	0.2	-0.234	0.329	537	0.31039899311686
SETD9	0.217	-0.197	0.357	299	0.322977406095508
IL31RA	0.28	-0.041	0.446	764	0.33422850709997
EMB	0.229	-0.184	0.368	327	0.320174351600882
SLCO6A1	0.189	-0.306	0.295	719	0.31886764003893
C5orf47	0.296	0.108	0.524	176	0.3068348292219
PPARGC1B	0.469	0.385	0.673	1023	0.316591956703548
MROH2B	0.272	0.014	0.461	1585	0.328271445228968
EGFLAM	0.361	0.172	0.557	1017	0.330391315995302
PRRC1	0.219	-0.319	0.305	462	0.299352100225016
NADK2	0.241	-0.092	0.408	442	0.301203870855753
UGT3A1	0.282	0.005	0.465	523	0.317195285088918
CAPSL	0.249	-0.101	0.408	208	0.325494929668739
COX6A1	0.405	0.307	0.631	109	0.281457707220056
JMY	0.293	0.048	0.488	988	0.310313530996219
COX6A2	0.574	0.567	0.766	97	0.302906845930708
ZNF474	0.263	-0.087	0.419	364	0.314787188953618
CCDC127	0.261	-0.026	0.439	260	0.336736586901011
ADORA1	0.626	0.716	0.845	326	0.363276781988095
COX6B1	0.538	0.466	0.722	86	0.383151875088261
OR2Y1	0.35	0.197	0.562	311	0.323138720488141
UBE2QL1	0.662	0.716	0.849	161	0.345231315783781
CFAP90	0.444	0.376	0.664	147	0.313676860113541
ATPSCKMT	0.225	-0.153	0.385	233	0.303872970943636
CMBL	0.27	-0.059	0.436	245	0.359372146298388
POU5F2	0.414	0.327	0.635	328	0.316971552466503
DNAJC21	0.241	-0.213	0.365	576	0.341370477665666
AFAP1L1	0.493	0.438	0.7	768	0.338050027283331
GRPEL2	0.288	0.053	0.486	225	0.324398398005939
TMEM171	0.319	0.074	0.508	324	0.331461178231434
TMEM174	0.385	0.201	0.581	243	0.332987075448178
LSM11	0.399	0.292	0.618	360	0.287627313845442
POC5	0.181	-0.401	0.259	575	0.303608010297813
GPR151	0.312	0.046	0.491	419	0.322339067243039
STARD4	0.183	-0.346	0.278	205	0.317094661952993
WDR36	0.194	-0.292	0.304	951	0.304754050831366
NUDCD2	0.291	0.025	0.483	157	0.312179127748408
COX6C	0.25	-0.137	0.386	75	0.341921353413655
UBLCP1	0.177	-0.349	0.272	318	0.31264314275125
ACOT12	0.259	-0.079	0.424	555	0.308488953594834
SOWAHA	0.574	0.611	0.791	549	0.294075746410697
SHROOM1	0.446	0.39	0.673	852	0.297883891122053
C5orf24	0.25	-0.185	0.379	188	0.302556060472877
COX7A1	0.593	0.64	0.803	79	0.356819906070795
ADAT2	0.259	-0.119	0.417	191	0.349937171653076
COX7A2	0.274	-0.02	0.455	115	0.316857934037303
RIPPLY2	0.302	-0.026	0.467	128	0.314013783787632
IRAK1BP1	0.252	-0.062	0.437	260	0.31122946728822
CLVS2	0.321	0.097	0.51	327	0.322901994384594
TAAR9	0.233	-0.153	0.388	348	0.337363535202645
TAAR1	0.217	-0.211	0.344	339	0.33038305266519
COX7B	0.195	-0.331	0.293	80	0.293675036510294
STXBP5	0.208	-0.252	0.331	1151	0.308851742847645
ADORA2A	0.561	0.586	0.776	412	0.355273176839737
COX7C	0.262	-0.052	0.433	63	0.308262329311596
COX8A	0.509	0.593	0.773	69	0.28244097732005
NCOA7	0.249	-0.148	0.394	942	0.326164500609027
HINT3	0.305	0.053	0.497	182	0.328436169114349
PACRG	0.352	0.16	0.549	296	0.348303250582684
B3GAT2	0.504	0.513	0.736	323	0.304833760933349
SDHAF4	0.206	-0.309	0.301	108	0.27069371681789
COX10	0.344	0.179	0.556	443	0.308145353645369
CD109	0.208	-0.271	0.322	1445	0.319586686430798
RAET1E	0.269	0.025	0.469	263	0.306671359737175
PM20D2	0.298	0.036	0.488	436	0.325226726163504
SRSF12	0.203	-0.316	0.289	261	0.263032932070306
COX11	0.263	-0.126	0.399	276	0.317271476329031
C6orf141	0.37	0.244	0.596	244	0.284511446129262
HUS1B	0.474	0.476	0.714	278	0.307154812621519
COX15	0.28	0.016	0.461	410	0.303122149246437
CP	0.233	-0.206	0.363	1065	0.325789470230115
TRIM40	0.404	0.317	0.63	258	0.356797983349288
MUCL3	0.28	-0.204	0.375	1393	0.283602180952071
CPA1	0.562	0.57	0.77	419	0.34871612497112
CPA2	0.318	0.066	0.502	419	0.334642047220402
TMEM270	0.43	0.402	0.672	265	0.328056427480208
TRIM50	0.674	0.741	0.86	487	0.341502066903731
CPA3	0.265	-0.106	0.408	417	0.342023898818816
OR9A2	0.291	0.105	0.512	310	0.326549619796336
LLCFC1	0.449	0.338	0.652	147	0.339732326855661
TMEM139	0.326	0.126	0.531	216	0.305649217807178
NOBOX	0.386	0.201	0.578	691	0.31045089943313
OR2A14	0.422	0.374	0.657	310	0.345587147115463
OR6B1	0.377	0.266	0.598	311	0.354673985582011
OR2F2	0.346	0.23	0.579	317	0.329914102118659
ADORA2B	0.432	0.39	0.671	332	0.355920989204954
CPB1	0.311	0.029	0.483	417	0.344149169787982
ZNF786	0.466	0.388	0.673	782	0.316584994178624
CPB2	0.224	-0.197	0.36	423	0.322480785758087
CPD	0.26	-0.1	0.414	1380	0.315357827070599
COL26A1	0.482	0.406	0.686	441	0.312190087791713
PRSS37	0.348	0.17	0.56	235	0.354068523296667
KLF14	0.599	0.637	0.811	323	0.298913615560165
SSMEM1	0.261	-0.145	0.4	244	0.315067791843281
C7orf57	0.327	0.034	0.493	295	0.317099684088264
CPE	0.346	0.132	0.537	476	0.33656238219315
SVOPL	0.356	0.271	0.601	492	0.322799677779458
MTPN	0.268	-0.141	0.391	118	0.352670821829416
LRGUK	0.238	-0.122	0.395	825	0.313963858571287
ASB10	0.476	0.423	0.686	467	0.307582062367777
CLDN4	0.648	0.73	0.855	209	0.38274228045624
CLDN3	0.783	0.893	0.942	220	0.367215117313961
PRSS58	0.289	-0.005	0.459	241	0.36041113675686
CLDN7	0.472	0.437	0.699	211	0.36880381290886
MPLKIP	0.336	0.079	0.523	179	0.283398338394324
CPM	0.235	-0.15	0.386	443	0.330163177854298
SSC4D	0.506	0.462	0.712	575	0.318127303409075
C7orf31	0.231	-0.217	0.353	590	0.313754023368761
CPN1	0.427	0.353	0.654	458	0.337102462035358
ASZ1	0.171	-0.368	0.26	475	0.311806566941009
CPN2	0.588	0.625	0.796	545	0.347356332827555
CLDN23	0.747	0.886	0.939	292	0.319479810324086
CPOX	0.358	0.179	0.562	454	0.319360433304963
ZNF572	0.245	-0.236	0.355	529	0.310722630752613
CPS1	0.269	-0.079	0.425	1506	0.338175666819751
GOT1L1	0.336	0.198	0.57	421	0.34436663051018
CIBAR1	0.2	-0.271	0.316	289	0.325973660173544
CPT1A	0.399	0.297	0.622	773	0.335040588618023
VPS37A	0.206	-0.258	0.328	397	0.302700534479153
CPT1B	0.497	0.451	0.705	772	0.342600410207954
CPT2	0.381	0.218	0.582	658	0.326917271569727
NDUFAF6	0.24	-0.111	0.397	333	0.310534351217535
TMEM68	0.158	-0.427	0.223	324	0.304108460057605
ABRA	0.362	0.153	0.549	381	0.322182865052147
LYPD2	0.591	0.682	0.829	125	0.331694534751195
CR1	0.283	-0.058	0.441	2489	0.319571944156937
TMEM71	0.262	-0.086	0.419	276	0.306588674475695
SGCZ	0.248	-0.078	0.419	312	0.311117604007337
ADHFE1	0.3	-0.019	0.459	467	0.327113580799574
UBXN2B	0.2	-0.296	0.302	331	0.301631507128125
CR1L	0.274	-0.084	0.425	569	0.321548496706278
PXDNL	0.318	0.102	0.518	1463	0.318665369397326
GPAT4	0.384	0.248	0.592	456	0.341024974513561
UNC5D	0.334	0.11	0.526	953	0.324658755822657
LETM2	0.253	-0.096	0.412	491	0.313384433329494
CR2	0.242	-0.197	0.369	1092	0.320840498980247
DCAF4L2	0.377	0.238	0.59	395	0.320276705040972
RALYL	0.257	-0.09	0.419	304	0.3201447919142
HGSNAT	0.312	0.093	0.507	635	0.330650277179693
RNF183	0.551	0.571	0.768	192	0.330492523504708
CRABP1	0.512	0.498	0.733	137	0.347420378481558
NACC2	0.727	0.799	0.893	587	0.35010598989848
PIERCE1	0.492	0.423	0.697	136	0.347683160604152
CARNMT1	0.24	-0.156	0.38	409	0.31990705845677
CRABP2	0.482	0.41	0.687	138	0.352099938527774
C9orf57	0.221	-0.06	0.42	161	0.322813700728862
C9orf85	0.193	-0.354	0.288	157	0.342994369435643
CFAP95	0.244	-0.176	0.376	229	0.308838977524688
LCN8	0.462	0.411	0.682	175	0.320517033331782
DIPK1B	0.681	0.756	0.867	431	0.336095276100012
CRAT	0.623	0.651	0.813	626	0.35265057180517
PTRH1	0.507	0.524	0.738	214	0.308213828256358
PIP5KL1	0.625	0.71	0.842	394	0.308216833086339
TAF1L	0.264	-0.12	0.404	1826	0.327032397790546
CREB1	0.221	-0.243	0.344	341	0.325068763556889
ATF2	0.206	-0.338	0.296	505	0.290606666353952
PTPDC1	0.276	-0.022	0.453	808	0.31436306076109
CREBBP	0.403	0.25	0.607	2442	0.339410311800354
ARID3C	0.473	0.374	0.667	412	0.319781129765906
RPP25L	0.378	0.224	0.58	163	0.280110502290084
C9orf131	0.307	0.033	0.488	1079	0.305106584593402
OR13C5	0.291	0.095	0.503	318	0.333024527287552
ATF6B	0.425	0.333	0.643	703	0.309217453645987
OR13C8	0.284	0.02	0.47	320	0.344811834708526
OR13C3	0.241	-0.08	0.41	347	0.334512783120985
OR13C4	0.256	-0.022	0.44	318	0.338555231205
OR13F1	0.328	0.15	0.534	319	0.336043725129688
OR1L8	0.369	0.249	0.592	309	0.321293858293628
OR1N2	0.317	0.119	0.519	330	0.324885520222328
OR1N1	0.359	0.246	0.592	311	0.325570703624613
CREBL2	0.264	-0.079	0.421	120	0.343517117481014
CREM	0.212	-0.338	0.291	300	0.320727771026075
SLITRK4	0.249	-0.069	0.421	837	0.335668084773908
SPANXN3	0.253	-0.122	0.417	141	0.329785835814552
MAGEC3	0.317	0.084	0.508	643	0.310143556747102
BEND2	0.237	-0.218	0.357	799	0.312280571333595
PASD1	0.286	-0.006	0.468	773	0.352014041024089
DCAF12L1	0.547	0.555	0.76	463	0.328158434994153
DGKK	0.286	-0.032	0.449	1271	0.321629103459456
CRH	0.521	0.591	0.776	196	0.303064390169541
DNAAF6	0.2	-0.342	0.284	214	0.333722408863899
PWWP3B	0.198	-0.341	0.286	696	0.318190666587634
FAM199X	0.325	0.083	0.513	388	0.306730147378983
AMER1	0.334	0.048	0.501	1135	0.315638947429833
CRHBP	0.38	0.255	0.6	322	0.327352779739271
APOOL	0.214	-0.283	0.327	268	0.300209487174386
HDX	0.187	-0.366	0.275	690	0.313183037400047
FUNDC1	0.204	-0.287	0.318	155	0.3232855654907
ADGRG4	0.217	-0.287	0.319	3080	0.287224366882247
CRHR1	0.576	0.602	0.784	444	0.349678212046818
LINC02210-CRHR1	0.576	0.602	0.784	444	0.349678212046818
PTCHD1	0.334	0.175	0.556	888	0.329652075622112
PPP4R3C	0.194	-0.311	0.296	832	0.319467781679003
MAGEB10	0.275	-0.035	0.448	347	0.325902137525526
DCAF8L1	0.291	-0.006	0.467	600	0.315254135464773
CRHR2	0.567	0.605	0.786	438	0.351341860082354
OTUD6A	0.646	0.712	0.844	288	0.351057725109811
UPRT	0.293	0.047	0.488	309	0.317360366833482
MAGEE2	0.309	0.096	0.51	523	0.324946856299509
CRIP1	0.608	0.553	0.77	77	0.390541514249209
MAGEB16	0.351	0.118	0.534	324	0.335169143404599
FOXR2	0.332	0.111	0.527	311	0.328680078024846
CRIP2	0.599	0.63	0.807	282	0.335125295425037
GAB3	0.317	0.076	0.506	587	0.300165756512631
PNCK	0.549	0.576	0.771	426	0.332877425595974
ZFP92	0.599	0.649	0.813	416	0.317680257256567
ACTRT1	0.321	0.101	0.519	376	0.317905332216288
GPR119	0.423	0.361	0.653	335	0.342102838637011
PAGE3	0.205	-0.292	0.315	113	0.294251806525698
CRK	0.384	0.286	0.62	304	0.313797795721473
RBMXL3	0.5	0.438	0.704	1067	0.302847707010677
DOCK11	0.21	-0.242	0.334	2073	0.322757473791838
SPIN4	0.321	0.059	0.498	249	0.327417193442195
CRKL	0.358	0.157	0.553	303	0.315961253569352
AAMP	0.417	0.288	0.626	435	0.324386155515194
ADORA3	0.382	0.311	0.622	318	0.353011597025596
CRMP1	0.492	0.476	0.722	686	0.327011861861659
RPS4Y2	0.291	-0.023	0.447	263	0.329101794192918
CRP	0.343	0.165	0.558	224	0.327545305628733
KRTAP13-1	0.476	0.367	0.671	172	0.341615419848422
TCP10L	0.27	-0.051	0.435	215	0.309422393401427
HAPLN1	0.304	0.013	0.474	354	0.331934406600272
RNF113B	0.523	0.489	0.729	322	0.330531329950106
MUC17	0.256	-0.229	0.366	4493	0.257811022578928
ASB11	0.28	0.016	0.469	323	0.333827672949407
ASB5	0.201	-0.205	0.348	329	0.308027884408612
ASB6	0.54	0.555	0.758	421	0.334906543506924
ASB7	0.249	-0.042	0.43	318	0.320130848599813
ASB8	0.296	0.055	0.487	288	0.32742342983933
ASB9	0.302	0.044	0.486	294	0.331958004364115
MYL6B	0.494	0.417	0.695	208	0.364233504949875
ZNF358	0.537	0.512	0.744	568	0.309085875346412
MYO3B	0.263	-0.071	0.425	1341	0.329843390697151
RNF32	0.275	-0.023	0.449	362	0.334890347814519
APOBEC3D	0.401	0.253	0.6	386	0.337414908560095
S100A16	0.594	0.623	0.798	103	0.369660532091205
CHODL	0.278	-0.043	0.446	273	0.324221759404984
DEFB104A	0.191	-0.174	0.343	72	0.314087600142696
TCEAL2	0.258	-0.162	0.388	227	0.331181738458412
CRX	0.519	0.45	0.712	299	0.332523817040774
SELENOM	0.545	0.59	0.777	144	0.313255680966455
NEK7	0.182	-0.323	0.292	302	0.315627535371888
ZFP28	0.262	-0.111	0.413	868	0.321494018248053
ACTRT2	0.608	0.671	0.824	377	0.34337790422506
GATA5	0.62	0.663	0.823	397	0.319820529151827
SLC32A1	0.661	0.752	0.867	525	0.360231060253865
C20orf96	0.408	0.33	0.639	363	0.346071108052732
BPIFA2	0.369	0.26	0.598	249	0.350101865800629
ZBTB46	0.602	0.63	0.804	589	0.33262819947346
WFDC3	0.315	0.028	0.484	231	0.347909692547986
NOL4L	0.6	0.608	0.793	680	0.331065115573006
CBLN4	0.403	0.357	0.658	201	0.324763447769823
CTCFL	0.351	0.129	0.539	700	0.341800851146991
TRIM69	0.313	0.081	0.507	500	0.34402376314496
CRY1	0.221	-0.231	0.337	586	0.310277750731026
SAMD10	0.664	0.717	0.847	202	0.317911222254009
ABHD16B	0.715	0.79	0.886	469	0.318292147698464
CCM2L	0.543	0.552	0.758	433	0.303849098702592
BRI3BP	0.684	0.802	0.892	251	0.322828071480679
SOGA1	0.569	0.595	0.783	1661	0.329290599540169
TLDC2	0.476	0.409	0.684	215	0.3178777925618
RIMS4	0.597	0.619	0.795	270	0.343414172422919
ANKRD60	0.418	0.388	0.669	345	0.299123351239694
SUN5	0.47	0.407	0.683	379	0.354682678457639
MACROD2	0.233	-0.229	0.355	425	0.337997650183692
DYNLL2	0.422	0.273	0.619	89	0.398284321334241
TMEM37	0.549	0.624	0.794	190	0.335812827477085
UBE2F	0.227	-0.183	0.367	185	0.308811552847269
ADAMTS14	0.517	0.477	0.723	1226	0.326882395396106
NRSN1	0.322	0.062	0.505	195	0.33489219962054
SMCR8	0.411	0.263	0.608	937	0.337504359469641
CRY2	0.47	0.413	0.685	614	0.32242833601224
RPL10L	0.382	0.205	0.574	214	0.348623407064604
TRPM6	0.277	-0.023	0.452	2022	0.325777750759307
KRT72	0.578	0.59	0.78	511	0.366234504329071
SRXN1	0.583	0.655	0.815	137	0.31669148478589
ROMO1	0.51	0.479	0.725	79	0.336060551659961
NEURL2	0.562	0.591	0.777	285	0.297175894783785
ZSWIM3	0.422	0.323	0.638	696	0.338892689891187
WFDC10A	0.321	0.098	0.513	79	0.364358228863499
BANF2	0.422	0.301	0.622	97	0.365249059443505
NANP	0.218	-0.136	0.391	248	0.317446659433676
DEFB127	0.239	-0.177	0.365	99	0.344581156657865
SCP2D1	0.322	0.055	0.497	156	0.330451257167493
ISM1	0.499	0.438	0.702	464	0.330126258657731
WFDC6	0.295	0.096	0.512	86	0.354482107523105
C20orf173	0.387	0.253	0.597	202	0.320616622677506
RIPOR3	0.518	0.519	0.74	946	0.326090814144663
CST11	0.387	0.255	0.605	138	0.3568939243998
DEFB129	0.246	-0.174	0.375	183	0.333699903064852
ZNF280B	0.22	-0.276	0.331	543	0.308118272803626
SIRPA	0.471	0.409	0.688	508	0.335274969399015
PABPC5	0.312	0.059	0.496	382	0.338366492642704
SREK1	0.228	-0.215	0.349	624	0.298061451430734
RBBP8NL	0.567	0.537	0.753	664	0.311934013457309
CNBD2	0.369	0.205	0.567	572	0.339447830524601
CRYAA	0.718	0.78	0.882	173	0.329785647966418
STK35	0.445	0.393	0.674	534	0.320449712670702
R3HDML	0.526	0.484	0.726	253	0.347358521878479
DCANP1	0.324	0.095	0.517	244	0.28170801468653
ADPRH	0.323	0.077	0.51	357	0.344325013891371
CRYAB	0.419	0.27	0.608	175	0.295355247045047
CRYBA1	0.379	0.201	0.578	215	0.339826191645895
CRYBA2	0.577	0.599	0.788	197	0.330982754869494
CRYBA4	0.485	0.403	0.686	196	0.338910884134832
CRYBB1	0.52	0.477	0.724	252	0.324141509612321
CRYBB2	0.555	0.535	0.756	205	0.355441974497054
CRYBB3	0.514	0.478	0.721	211	0.325041162797666
CRYGA	0.448	0.431	0.691	174	0.333386387918408
CRYGB	0.471	0.417	0.683	175	0.348486101437493
PARP1	0.397	0.276	0.617	1014	0.358210114733967
CRYGC	0.547	0.575	0.768	174	0.34139034804159
CRYGD	0.591	0.666	0.818	174	0.336106123161627
MIB2	0.643	0.695	0.836	1070	0.333446411651386
DUSP19	0.208	-0.292	0.311	217	0.327525988081378
SLC34A3	0.616	0.695	0.834	599	0.321515078768858
ITLN2	0.385	0.21	0.585	325	0.343454954415779
RAB40A	0.5	0.489	0.723	277	0.326133961761861
ASB15	0.209	-0.245	0.33	588	0.314592651189557
ASB14	0.238	-0.135	0.387	587	0.325431939470944
ASB12	0.295	0.096	0.506	318	0.33199152656315
CRYGS	0.366	0.149	0.548	178	0.351884015214536
CRYM	0.406	0.272	0.615	314	0.323370311514353
ACSM6	0.305	0.038	0.486	480	0.332268073384604
SAMD8	0.218	-0.183	0.358	415	0.29668908149152
CRYZ	0.189	-0.324	0.292	329	0.328143735801306
LIPJ	0.188	-0.35	0.275	366	0.328318257996532
TRUB1	0.229	-0.2	0.362	349	0.30817371933846
PARP4	0.239	-0.148	0.387	1724	0.315529558121997
MPP7	0.231	-0.19	0.361	576	0.321113137860307
CS	0.302	0.064	0.498	466	0.320712353911735
FRMPD2	0.311	0.062	0.498	1309	0.316806268095024
VTI1A	0.28	0.051	0.476	217	0.305862393455662
MAPK14	0.293	-0.013	0.453	360	0.334772969385302
DYDC1	0.173	-0.268	0.303	177	0.325594654561348
EIF5AL1	0.376	0.192	0.571	154	0.353992247646169
HECTD2	0.199	-0.283	0.313	780	0.319813107630991
FGFBP3	0.622	0.71	0.845	258	0.303561825119541
C10orf82	0.386	0.166	0.559	234	0.344625567806676
CACUL1	0.301	0.076	0.509	369	0.332484881285431
CSE1L	0.191	-0.305	0.294	971	0.326235985306542
SYT9	0.345	0.185	0.56	491	0.329392746159819
LDLRAD3	0.543	0.508	0.74	345	0.355158763905486
PSMA8	0.17	-0.372	0.266	256	0.313157126763892
CSF1	0.426	0.298	0.627	554	0.309497399855976
C11orf40	0.269	-0.007	0.454	217	0.317547335813051
OR52I2	0.299	0.106	0.512	350	0.321807692499527
OR51E1	0.346	0.198	0.559	318	0.333696091577037
XRRA1	0.382	0.227	0.584	792	0.323245470270687
CSF1R	0.506	0.469	0.717	972	0.34699959577742
UBQLNL	0.32	0.073	0.504	475	0.33378447220028
MUC15	0.195	-0.355	0.278	361	0.291962938448165
FREY1	0.431	0.4	0.667	98	0.300159564395116
FAM76B	0.228	-0.203	0.366	339	0.331021686009792
SESN3	0.218	-0.211	0.347	492	0.316483355744312
PIWIL4	0.274	-0.023	0.449	852	0.329599710520143
CSF2	0.519	0.494	0.728	144	0.32717706895629
CSF2RA	0.317	0.109	0.519	434	0.319753353147976
KBTBD3	0.17	-0.414	0.249	612	0.309668978363044
CWF19L2	0.201	-0.323	0.299	894	0.321053330698722
POGLUT3	0.264	-0.036	0.443	507	0.320370620671957
CSF2RB	0.513	0.467	0.718	897	0.314560859303151
LAYN	0.312	0.038	0.488	382	0.329255419389996
TTC36	0.516	0.473	0.712	189	0.333101961558776
CSF3	0.57	0.596	0.782	207	0.337072079736836
SPINDOC	0.453	0.364	0.664	381	0.306440134354467
CSF3R	0.517	0.498	0.73	863	0.318793619938977
PLEKHA7	0.441	0.348	0.651	1271	0.316357794534876
SPTY2D1	0.253	-0.177	0.379	685	0.303305338180188
TMEM86A	0.484	0.462	0.71	240	0.334301562296455
OR10A5	0.348	0.197	0.564	317	0.336311532820464
OR2AG1	0.358	0.235	0.578	316	0.320673414741547
DNHD1	0.375	0.238	0.586	4753	0.317929238141158
PRICKLE1	0.287	-0.045	0.445	831	0.323910714346742
AMDHD1	0.306	0.071	0.498	426	0.329592609359203
SLC2A14	0.314	0.129	0.527	535	0.328638694458623
CSH1	0.502	0.511	0.736	217	0.33358126538052
BCDIN3D	0.315	0.144	0.535	292	0.301657308391727
ALG10B	0.202	-0.225	0.336	473	0.317508828064523
CSH2	0.484	0.484	0.721	217	0.330813231305545
GLIPR1L2	0.214	-0.228	0.341	344	0.318561140327464
RFLNA	0.702	0.744	0.863	135	0.311476627919921
ZNF664	0.296	-0.028	0.462	261	0.319016730460391
ETFRF1	0.193	-0.333	0.279	90	0.37675375774114
CSHL1	0.489	0.493	0.726	222	0.332273522274176
CPNE8	0.21	-0.273	0.324	564	0.319173221907997
TMEM120B	0.531	0.569	0.766	339	0.35636554138797
CFAP251	0.283	-0.002	0.464	1149	0.324746331130254
GLT1D1	0.286	0.015	0.473	266	0.334276287638788
TSPAN19	0.16	-0.365	0.258	248	0.326781838262203
BEST3	0.288	0.028	0.478	668	0.299929271250667
E2F7	0.253	-0.12	0.405	911	0.30632337257515
CSK	0.574	0.589	0.781	450	0.362314616188833
KRT80	0.617	0.635	0.805	452	0.358706644203736
CFAP54	0.189	-0.292	0.301	3096	0.319917021228376
A2ML1	0.327	0.098	0.522	1454	0.336559625142453
KICS2	0.385	0.241	0.596	468	0.340568021114556
CSN1S1	0.258	-0.1	0.411	185	0.358440327719278
C12orf60	0.225	-0.189	0.368	245	0.326494242038476
FBXL14	0.616	0.723	0.847	418	0.326434827906504
CSN2	0.297	0.004	0.466	226	0.345246022614573
RAD9B	0.198	-0.341	0.285	429	0.32417082309659
PHETA1	0.66	0.681	0.829	262	0.324441324658371
CSN3	0.24	-0.274	0.328	182	0.317772766101267
FAM216B	0.23	-0.096	0.398	139	0.319558362257671
LACC1	0.182	-0.374	0.259	430	0.317071527483703
HNRNPA1L2	0.249	-0.21	0.371	320	0.310315903443692
B3GLCT	0.25	-0.088	0.416	498	0.308725029929326
CSNK1A1	0.256	-0.055	0.434	365	0.333289160193234
RDH12	0.437	0.369	0.659	316	0.327576512068686
GSC	0.677	0.796	0.892	257	0.329919883790834
SERPINA12	0.374	0.226	0.581	414	0.34499863697813
PRIMA1	0.474	0.441	0.701	153	0.329563725602249
MIPOL1	0.196	-0.282	0.314	442	0.347361808459459
CSNK1D	0.51	0.507	0.732	427	0.329127820489879
PPP1R36	0.225	-0.207	0.353	422	0.317805631344673
SLC38A6	0.195	-0.235	0.329	521	0.299265446471427
CSNK1E	0.587	0.631	0.8	416	0.341841257231432
ARMH4	0.25	-0.152	0.394	774	0.305467995041632
ABHD12B	0.266	-0.044	0.439	362	0.320384241951128
PTGR2	0.196	-0.323	0.294	351	0.331225415945193
FAM161B	0.375	0.188	0.564	710	0.327524373598079
LRRC74A	0.391	0.276	0.611	488	0.35627711838717
CSNK1G2	0.705	0.792	0.888	415	0.34883330981736
ISM2	0.51	0.45	0.706	571	0.316769910809372
CEP128	0.231	-0.138	0.384	1094	0.318569029903193
MDP1	0.304	0.078	0.503	176	0.295128825268462
TTC7B	0.374	0.264	0.599	843	0.332724743002432
LRFN5	0.221	-0.234	0.335	719	0.319234263055873
CSNK1G3	0.183	-0.345	0.28	455	0.310050981616484
TERB2	0.211	-0.239	0.34	220	0.321789774003665
CSNK2A1	0.253	-0.106	0.407	391	0.325001149474403
C2CD4A	0.639	0.765	0.87	369	0.273081681460998
LYSMD4	0.325	0.092	0.518	297	0.315844508707758
FAM81A	0.282	0.068	0.491	368	0.334253013464178
GCOM1	0.261	-0.056	0.433	765	0.329871290115537
PIERCE2	0.206	-0.43	0.25	121	0.297125364887051
PGPEP1L	0.444	0.4	0.677	196	0.328928481656136
C15orf61	0.506	0.556	0.76	157	0.313997254895571
HAPLN3	0.544	0.532	0.75	422	0.339332121748308
MESP2	0.532	0.551	0.762	397	0.301264816736276
CSNK2A2	0.311	0.055	0.491	350	0.336937164940098
TMCO5A	0.259	-0.013	0.448	288	0.326112936074745
SPATA8	0.347	0.073	0.505	105	0.320756317853847
NRG4	0.28	-0.064	0.439	115	0.312627057768527
ADRA1D	0.679	0.784	0.885	572	0.31903149256128
CSNK2B	0.422	0.297	0.626	215	0.366915139446929
ZSCAN29	0.289	-0.02	0.459	852	0.314092415629341
TTBK2	0.246	-0.166	0.378	1244	0.304026822817754
CDAN1	0.419	0.337	0.641	1227	0.310741681592304
SLC38A8	0.521	0.541	0.752	435	0.331171616190158
VWA3A	0.37	0.232	0.587	1184	0.329333183877879
OTOA	0.372	0.252	0.595	1139	0.328452527966362
ZFP90	0.238	-0.225	0.356	636	0.315229512448862
VCAN	0.208	-0.34	0.298	3396	0.293257346094271
CARMIL2	0.472	0.431	0.692	1435	0.302499448899685
KCTD19	0.397	0.24	0.593	926	0.326961770612901
CMTM4	0.45	0.396	0.673	234	0.322383682768411
CMTM2	0.346	0.161	0.55	248	0.338149631508069
BEAN1	0.537	0.493	0.729	259	0.290013941116855
TEKT5	0.571	0.58	0.772	485	0.357563978894647
NCAN	0.442	0.32	0.642	1321	0.311985659967312
RNF151	0.511	0.505	0.733	245	0.345772797472753
PRR35	0.56	0.538	0.754	571	0.298644909864659
FBXL16	0.659	0.742	0.861	479	0.334765841995875
C16orf92	0.373	0.261	0.605	132	0.319889662170681
GSG1L	0.614	0.699	0.84	331	0.333267593463619
CSPG4	0.512	0.486	0.725	2322	0.318587304692955
SLC22A31	0.558	0.613	0.786	338	0.306259356891236
IL34	0.549	0.567	0.767	242	0.340075823035464
ZNF597	0.275	-0.067	0.438	424	0.327457275778888
BICDL2	0.588	0.647	0.807	508	0.316776134907142
TMED6	0.306	0.033	0.487	240	0.340290313394335
CSRP1	0.455	0.331	0.656	193	0.390561403924446
ZNF785	0.557	0.533	0.751	405	0.31679083585406
ZNF688	0.523	0.468	0.717	276	0.311226349435227
PRSS36	0.515	0.496	0.73	855	0.312874662580524
C16orf89	0.407	0.337	0.64	402	0.327949245343532
DNAAF8	0.404	0.259	0.607	520	0.322042061226271
CSRP2	0.302	-0.075	0.441	193	0.368898293847163
MGAT5B	0.648	0.702	0.84	801	0.345627535743401
TOM1L2	0.36	0.19	0.567	507	0.322123644728215
TEPSIN	0.53	0.501	0.733	593	0.305163038009568
B3GNTL1	0.493	0.462	0.712	361	0.334971520964268
RBFOX3	0.486	0.421	0.699	312	0.329506990192541
CD300LF	0.41	0.305	0.628	305	0.322063680724553
DNAH2	0.452	0.385	0.667	4427	0.346954172328097
RTN4RL1	0.675	0.747	0.863	441	0.331429422465216
EFCAB3	0.217	-0.226	0.345	490	0.326174534717507
SLC25A10	0.432	0.372	0.662	406	0.310669955626483
SLC47A2	0.419	0.361	0.655	602	0.33228890816486
CDRT15	0.351	0.167	0.546	188	0.29672175144135
CFAP52	0.32	0.078	0.505	620	0.328959701198786
CCDC42	0.594	0.62	0.793	316	0.375188249145148
PIK3R6	0.484	0.453	0.704	754	0.323239770290147
ODF4	0.385	0.277	0.609	257	0.302929023573068
C17orf50	0.587	0.659	0.818	174	0.309112249300251
SLFN13	0.269	-0.057	0.432	897	0.332498187379878
SLC35G3	0.439	0.381	0.664	338	0.326833226259475
UNC45B	0.485	0.441	0.698	931	0.364357043057722
CD300LG	0.457	0.362	0.658	332	0.316419050832557
CST1	0.423	0.351	0.65	141	0.348341299875274
KIF18B	0.507	0.456	0.709	852	0.322414333320803
RUNDC1	0.431	0.366	0.659	613	0.322701243507283
EME1	0.304	0.017	0.475	583	0.321468135096962
ADRA1B	0.615	0.681	0.827	520	0.326854449654746
CST2	0.469	0.418	0.684	141	0.358066447104291
TMEM199	0.353	0.25	0.588	208	0.316398899891881
PROCA1	0.446	0.333	0.65	336	0.322772561722317
DHRS13	0.457	0.388	0.668	377	0.32410277637299
KCTD11	0.507	0.49	0.722	232	0.298857108397496
CST3	0.622	0.627	0.801	146	0.355691574950971
NOTUM	0.701	0.786	0.885	496	0.337529505164992
TMC8	0.62	0.712	0.843	726	0.325585127341336
TRIM16L	0.454	0.397	0.68	348	0.356525442880333
WIPF2	0.32	-0.048	0.446	440	0.28339591536744
KRT25	0.342	0.148	0.544	450	0.342663967372123
KRT10-AS1	0.196	-0.2	0.355	258	0.302998973596706
SCGB1C1	0.504	0.503	0.733	95	0.352165497537166
CST4	0.45	0.371	0.662	141	0.35650242582686
CST5	0.504	0.411	0.689	142	0.401633051097985
STARD6	0.192	-0.364	0.275	220	0.303747693841742
C18orf25	0.244	-0.205	0.369	404	0.300555773178748
CCBE1	0.399	0.203	0.577	406	0.332719336702416
CBLN2	0.481	0.524	0.744	224	0.323404367225854
CST6	0.642	0.738	0.859	149	0.338444791484493
SLC25A52	0.227	-0.151	0.372	307	0.309770177102345
DSG4	0.226	-0.19	0.366	1059	0.323307057257215
ANKRD29	0.304	0.087	0.505	301	0.319316702303931
APCDD1	0.534	0.52	0.742	514	0.332997717480082
CSTA	0.214	-0.276	0.333	98	0.365232214559329
CSTB	0.541	0.537	0.76	98	0.384732712958654
VSIG10L	0.463	0.423	0.69	867	0.299533616541796
C19orf84	0.436	0.293	0.622	186	0.294198827282334
SPACA6	0.508	0.498	0.729	324	0.33527042790574
ZNF480	0.21	-0.322	0.3	535	0.32459728777186
ZNF534	0.23	-0.249	0.34	674	0.325302329107663
ZNF578	0.226	-0.284	0.322	590	0.331633739937927
ERVV-1	0.249	-0.079	0.423	477	0.30844110432384
SMIM17	0.371	0.209	0.582	118	0.309707754935521
C19orf18	0.224	-0.096	0.407	215	0.316972407190946
ZNF418	0.225	-0.267	0.333	697	0.312456368943951
ZNF417	0.244	-0.205	0.366	575	0.324956394213503
ZNF548	0.279	-0.067	0.435	545	0.329268937661132
PPM1N	0.496	0.481	0.718	430	0.314819476557311
CSTF1	0.269	-0.047	0.44	431	0.322747644904709
KLC3	0.568	0.571	0.769	504	0.342321749428914
IGSF23	0.417	0.301	0.622	192	0.312724557069624
LYPD4	0.316	0.12	0.529	246	0.334041927488668
ZNF560	0.226	-0.228	0.353	790	0.33114305125829
TMEM190	0.553	0.599	0.784	177	0.317998786020406
HIPK4	0.62	0.645	0.809	616	0.336472348038377
TMC4	0.495	0.516	0.735	712	0.325349829722397
CSTF2	0.25	-0.126	0.402	597	0.303957137035033
ZNF524	0.562	0.577	0.774	264	0.297071818350555
ZNF784	0.615	0.668	0.825	323	0.312635660024042
ZNF563	0.21	-0.296	0.318	476	0.307485863397694
SPC24	0.549	0.593	0.78	197	0.344181626044425
KASH5	0.434	0.343	0.644	562	0.325848362126649
CSTF3	0.201	-0.283	0.313	717	0.332635735736985
DACT3	0.568	0.611	0.793	629	0.278726813466748
SIX5	0.575	0.609	0.793	739	0.316552684399847
IGFL2	0.387	0.196	0.571	130	0.334213465728444
ZNF420	0.198	-0.348	0.286	688	0.330579528776392
ZNF565	0.269	-0.087	0.422	499	0.331180808061889
NLRP4	0.339	0.186	0.56	994	0.344937729058684
ZNF582	0.218	-0.255	0.337	517	0.326851022153746
ZNF583	0.206	-0.353	0.289	569	0.326544264526894
FAM98C	0.472	0.471	0.711	349	0.304764602199651
CAPN12	0.571	0.597	0.782	719	0.325129108474266
DPY19L3	0.234	-0.087	0.403	716	0.309932423287098
ADRA1A	0.502	0.523	0.742	475	0.333138423149481
LGALS16	0.29	0.037	0.481	142	0.332607478674125
TTC9B	0.638	0.701	0.839	239	0.319494689148026
TICAM1	0.498	0.44	0.703	712	0.320696215958736
ZNRF4	0.602	0.647	0.811	429	0.319134847838615
ZNF599	0.277	-0.101	0.42	588	0.325451500219344
FAM187B	0.512	0.513	0.737	369	0.340762925428837
CILP2	0.596	0.615	0.794	1156	0.321404732628627
PROSER3	0.428	0.297	0.626	480	0.299163988349771
ZNF558	0.272	-0.08	0.429	402	0.322753445955715
CDC42EP5	0.769	0.909	0.952	148	0.288050169818531
ZNF98	0.227	-0.276	0.332	572	0.351630211405258
NKX2-5	0.612	0.646	0.812	324	0.342661850198925
ZNF738	0.258	-0.106	0.405	137	0.335706511572721
ZNF714	0.214	-0.319	0.308	555	0.337156605264389
ZNF681	0.215	-0.316	0.308	645	0.341702382206447
C19orf25	0.59	0.589	0.781	118	0.341252052570543
ATP8B3	0.579	0.615	0.792	1300	0.350961048399132
DIRAS1	0.822	0.911	0.953	198	0.370272438794404
ZNF555	0.246	-0.156	0.391	628	0.324030801412909
ZNF569	0.211	-0.32	0.306	686	0.341225984023398
ZNF570	0.227	-0.216	0.358	592	0.33354090893427
SYT6	0.491	0.428	0.693	425	0.330911904416979
C1orf74	0.327	0.167	0.544	269	0.316721063398292
CREB3L4	0.373	0.198	0.569	395	0.313118319467328
C1orf127	0.359	0.166	0.555	823	0.294479555037448
BROX	0.18	-0.437	0.237	411	0.325267958900417
SAMD11	0.561	0.576	0.772	681	0.306802622262712
SAMD13	0.22	-0.217	0.358	116	0.338827077613391
C1orf52	0.361	0.123	0.542	182	0.310213338845667
PHF13	0.478	0.385	0.675	300	0.335873041203449
CTAG1B	0.428	0.329	0.64	180	0.310705461201485
CIART	0.274	-0.063	0.436	385	0.280880126369871
TLCD4	0.232	-0.138	0.383	263	0.333519700965261
NBPF4	0.335	0.117	0.531	638	0.331381628251287
UBE2U	0.208	-0.243	0.332	226	0.321552837744518
CTBS	0.221	-0.208	0.356	385	0.322376510978839
SLC35F3	0.422	0.386	0.666	490	0.329432477970481
CTBP1	0.614	0.658	0.816	440	0.339945758832261
HJV	0.335	0.165	0.551	426	0.308430787757115
ANKRD35	0.386	0.244	0.593	1001	0.337128142085646
FAM163A	0.472	0.41	0.689	167	0.326967706839337
B3GALNT2	0.273	-0.013	0.455	500	0.321030965162001
CTBP2	0.467	0.391	0.675	985	0.320480038925037
MFSD4A	0.526	0.529	0.746	514	0.337955379739434
PM20D1	0.37	0.212	0.577	502	0.325581628570269
GCSAML	0.25	-0.18	0.376	135	0.32641770129786
SLC30A7	0.193	-0.242	0.33	376	0.299736091063799
CCDC27	0.494	0.471	0.715	656	0.331433348335234
CTF1	0.659	0.761	0.869	201	0.304829874647528
KNCN	0.498	0.505	0.73	124	0.336353139882245
MOB3C	0.573	0.611	0.79	268	0.330109459212521
GLIS1	0.582	0.578	0.777	620	0.315557780801515
CCN2	0.589	0.591	0.784	349	0.36253590505343
NBPF12	0.301	0.039	0.488	1457	0.339960566872431
LELP1	0.409	0.119	0.552	98	0.357463384178844
RC3H1	0.234	-0.222	0.348	1133	0.310425854875635
DCDC2B	0.373	0.181	0.565	349	0.329632352104279
ZNF362	0.618	0.654	0.817	420	0.324084779702253
DCST1	0.507	0.506	0.73	706	0.341145544361824
CTH	0.239	-0.172	0.375	405	0.321821482091767
CNIH3	0.405	0.32	0.629	160	0.351834578554213
MANEAL	0.607	0.628	0.801	457	0.32337181956261
IL23R	0.203	-0.285	0.313	629	0.321867409749045
NTMT2	0.352	0.205	0.57	283	0.33728764018053
FAM78B	0.548	0.521	0.742	261	0.33671452514538
CTLA4	0.344	0.129	0.535	223	0.335205115321473
SHISA4	0.492	0.392	0.677	197	0.350034152214273
EXOC8	0.366	0.218	0.58	725	0.334403630827194
TRIM67-AS1	0.316	0.01	0.475	123	0.301545010816655
PDIK1L	0.235	-0.171	0.37	341	0.327131079215615
BNIPL	0.278	-0.044	0.436	357	0.288053723752134
CLDN19	0.502	0.474	0.72	224	0.360395841547846
CFAP57	0.344	0.15	0.544	1283	0.344375930894869
C1orf210	0.386	0.208	0.577	113	0.315058312826713
CCDC24	0.443	0.402	0.672	307	0.309373741477491
CCDC17	0.364	0.224	0.579	622	0.288634140674627
LRRC71	0.522	0.539	0.752	559	0.331312693144506
CTNNA1	0.309	0.054	0.494	906	0.355616012197161
SRARP	0.432	0.335	0.65	169	0.31757683737716
CTNNA2	0.316	0.073	0.505	953	0.345927322564262
RNF187	0.678	0.728	0.854	235	0.334581502413292
PYHIN1	0.23	-0.227	0.347	492	0.315070743211208
SPATA45	0.257	-0.05	0.436	98	0.30470871973747
GARIN4	0.351	0.128	0.538	594	0.312089318923301
ADIG	0.346	0.234	0.583	80	0.324398261369689
GTSF1L	0.371	0.141	0.552	148	0.354554391889412
CTNS	0.447	0.411	0.682	400	0.333636027737653
WFDC5	0.502	0.474	0.719	123	0.352510329496556
SHLD1	0.314	0.032	0.487	205	0.326253546766076
CTNNB1	0.224	-0.198	0.356	781	0.329149467252005
COMMD7	0.342	0.189	0.565	200	0.336869532894146
BPIFB4	0.408	0.322	0.631	614	0.332108182823017
LSM14B	0.43	0.303	0.63	385	0.335709415103751
LIPI	0.184	-0.342	0.278	481	0.321415388404412
AANAT	0.59	0.597	0.78	252	0.30874004867627
ADRA2A	0.735	0.86	0.925	465	0.331172230890638
CTNND1	0.298	0.015	0.472	968	0.327163587144391
LCA5L	0.192	-0.335	0.287	670	0.32033540557455
IGSF5	0.292	0.004	0.471	407	0.308700411361904
SIK1	0.533	0.546	0.756	783	0.317974151589555
CTNND2	0.434	0.347	0.653	1225	0.319552964554743
SLC9B1	0.152	-0.413	0.23	515	0.297607543984142
CCT8L2	0.338	0.136	0.537	557	0.322694554891438
XKR3	0.226	-0.138	0.376	459	0.326927534506805
AIFM3	0.581	0.565	0.769	605	0.361586886280804
RIMBP3C	0.489	0.464	0.713	1639	0.317876595956896
YDJC	0.617	0.669	0.822	323	0.3093428132143
C22orf15	0.425	0.293	0.618	157	0.33202369796953
HSCB	0.307	0.08	0.504	235	0.329529161661534
CCDC117	0.256	-0.107	0.413	279	0.302628355722096
HORMAD2	0.259	-0.127	0.4	307	0.32738603163713
DUSP18	0.467	0.395	0.676	188	0.353679979381559
C22orf42	0.3	0.078	0.506	251	0.301552615234742
CTPS1	0.278	-0.005	0.462	591	0.319299770380435
ENTHD1	0.226	-0.213	0.352	607	0.309428290327485
DNAJB7	0.208	-0.377	0.283	309	0.326831858390539
CHADL	0.607	0.673	0.819	762	0.324324106248524
MEI1	0.385	0.288	0.611	1274	0.323733452886931
PHETA2	0.508	0.448	0.706	259	0.322474748495652
NFAM1	0.488	0.431	0.696	270	0.309949644810879
PNPLA5	0.532	0.576	0.771	429	0.32522259858763
CDPF1	0.404	0.295	0.625	123	0.332725447781141
CTRB1	0.668	0.713	0.849	263	0.36665245659156
TTL	0.346	0.151	0.543	377	0.344836562055225
CKAP2L	0.213	-0.264	0.328	745	0.326318599856129
ZNG1B	0.196	-0.233	0.336	395	0.315069486849719
TEKT4	0.687	0.738	0.858	435	0.347570153013833
SMYD1	0.487	0.443	0.704	490	0.37574763962556
C2orf15	0.156	-0.457	0.223	125	0.295729461367945
CTRL	0.444	0.363	0.661	264	0.327495536781014
OTOS	0.619	0.655	0.819	89	0.36765568387301
COPS9	0.339	0.168	0.558	252	0.287232001413787
OR6B3	0.538	0.598	0.781	331	0.338317302346316
COMMD1	0.355	0.188	0.563	190	0.325023115326471
PROM2	0.561	0.582	0.774	834	0.345931431282354
ANKAR	0.17	-0.37	0.259	1434	0.320289568696293
FBXO41	0.596	0.631	0.801	875	0.322974056407603
TTC30B	0.324	0.102	0.516	665	0.36010506913375
GPAT2	0.49	0.486	0.719	795	0.322598989409134
ITPRIPL1	0.423	0.341	0.645	563	0.32290060654472
RAB6D	0.254	-0.09	0.415	254	0.314328425945405
CTSB	0.47	0.388	0.678	339	0.349530845266225
FAM117B	0.36	0.153	0.553	589	0.293629437526848
CTSD	0.668	0.721	0.852	412	0.361180256283225
TCF23	0.398	0.277	0.607	214	0.296812181346314
GAREM2	0.571	0.589	0.781	874	0.303068108839785
PUS10	0.219	-0.226	0.345	529	0.326978425242953
ADRA2B	0.6	0.636	0.803	450	0.34913487423521
CTSE	0.41	0.289	0.624	396	0.339055490796508
SEPTIN10	0.241	-0.154	0.385	544	0.337938614846901
KANSL1L	0.185	-0.354	0.277	987	0.310565082838064
PLB1	0.402	0.265	0.608	1458	0.337537745057213
CTSG	0.402	0.305	0.618	255	0.309366333263208
ZSWIM2	0.193	-0.298	0.301	633	0.31805698183126
ZNF385B	0.294	-0.047	0.449	486	0.325126371355326
ERFE	0.665	0.75	0.865	354	0.309385410622171
ARL6IP6	0.333	0.183	0.561	226	0.299462490342449
METTL21A	0.254	-0.017	0.45	236	0.324336658555463
CCNYL1	0.269	-0.033	0.444	359	0.330195113365699
CTSH	0.437	0.312	0.64	335	0.372854059922437
KLHL23	0.209	-0.252	0.328	558	0.328014905930522
PPP1R1C	0.282	-0.071	0.435	116	0.323732173995426
SGO2	0.182	-0.396	0.261	1265	0.32955270637376
C2CD6	0.169	-0.395	0.254	1820	0.306336215162592
SLC38A11	0.199	-0.237	0.332	406	0.308384457592463
CCDC140	0.331	0.106	0.522	163	0.297634880834291
SLC23A3	0.379	0.243	0.59	618	0.315028702299543
CTSK	0.336	0.091	0.519	329	0.366310507783512
GPBAR1	0.511	0.535	0.744	330	0.3152448276524
FAHD2B	0.394	0.285	0.621	314	0.333971442577174
LRATD1	0.678	0.757	0.871	292	0.338876952516779
RMDN2	0.177	-0.423	0.246	573	0.316361342051121
CTSL	0.309	-0.036	0.46	333	0.361434234134201
GDF7	0.576	0.645	0.808	450	0.30159973217921
SLC16A14	0.343	0.201	0.568	510	0.329722393645183
CTSV	0.307	-0.012	0.473	334	0.361078672173667
ASPRV1	0.438	0.364	0.662	343	0.329474582207663
WDSUB1	0.203	-0.326	0.294	476	0.303393073258673
UPP2	0.25	-0.108	0.403	374	0.312716388541361
GPR155	0.202	-0.234	0.333	870	0.317302433158333
TTC14	0.187	-0.341	0.282	770	0.310798061405612
DTX3L	0.255	-0.129	0.401	740	0.331657673246154
TAFA4	0.332	0.118	0.534	140	0.333434718908389
SGO1	0.195	-0.341	0.286	561	0.326502998502261
PP2D1	0.183	-0.382	0.265	630	0.310240955705456
EFHB	0.2	-0.32	0.295	833	0.314526052036161
PPM1L	0.363	0.235	0.587	360	0.338892767855229
LRRC34	0.192	-0.287	0.309	464	0.313730336424138
CPNE9	0.478	0.407	0.685	553	0.350837401183674
DPPA2	0.217	-0.237	0.336	298	0.316397611548195
CCDC80	0.367	0.169	0.555	950	0.325034822366046
BTLA	0.215	-0.244	0.332	289	0.319692880711314
CTSO	0.246	-0.125	0.405	321	0.310993217311056
CCDC12	0.453	0.386	0.67	179	0.348866803235868
MB21D2	0.4	0.269	0.607	491	0.346215443257896
PPP4R2	0.201	-0.386	0.276	417	0.310583426016098
ADRA2C	0.701	0.834	0.911	462	0.318698461081517
CTSS	0.278	-0.096	0.423	331	0.355979533477639
XXYLT1	0.665	0.739	0.859	393	0.342319166217258
RNF38	0.224	-0.269	0.327	515	0.287657899868089
GLIPR2	0.492	0.452	0.716	154	0.369760854308964
ROPN1B	0.343	0.177	0.554	212	0.331569166083901
C3orf22	0.471	0.384	0.669	141	0.309256737324304
SLC66A1L	0.265	0.01	0.465	135	0.330178938676237
ZCWPW2	0.185	-0.378	0.273	356	0.333840354173102
CTSW	0.499	0.453	0.708	376	0.34152646377567
CMC1	0.201	-0.342	0.287	106	0.344310267693061
NEK10	0.209	-0.175	0.36	712	0.324353503061488
CCDC50	0.267	-0.119	0.406	482	0.328361520952454
SPICE1	0.207	-0.259	0.324	855	0.307785759367661
CMTM8	0.457	0.427	0.695	173	0.302457437905808
CTSZ	0.501	0.463	0.713	303	0.345043846448658
CCDC13	0.425	0.334	0.64	715	0.332177398207468
NCBP2AS2	0.565	0.6	0.776	99	0.292700756866983
FGD5	0.43	0.32	0.64	1462	0.327826103357871
CUX1	0.472	0.439	0.702	1516	0.328242140642808
CNTN4	0.229	-0.203	0.361	1026	0.309268340865072
CX3CR1	0.376	0.246	0.592	387	0.340783487135112
IGSF11	0.3	0.036	0.485	431	0.316246015636161
TEX55	0.244	-0.152	0.393	536	0.331047163720633
ZNF827	0.356	0.157	0.556	1081	0.31548833403785
CXADR	0.217	-0.244	0.336	365	0.320356057130004
SH3D19	0.234	-0.211	0.357	790	0.31350301211495
NFXL1	0.215	-0.344	0.296	911	0.329320737562094
NIPAL1	0.242	-0.098	0.407	410	0.331401278085197
PAQR3	0.275	0.009	0.462	311	0.32430441611208
SHISA3	0.591	0.574	0.773	238	0.32651869375563
SCFD2	0.315	0.107	0.52	684	0.319978320289025
MGAT4D	0.186	-0.267	0.315	374	0.325012922248299
ZNF595	0.23	-0.277	0.33	648	0.338054132889905
TEX28	0.449	0.423	0.688	410	0.321708775976428
FAM218A	0.338	0.157	0.547	157	0.271394217698384
JAKMIP1	0.484	0.459	0.704	831	0.351300921473507
CYB5A	0.352	0.147	0.548	134	0.332508144087747
THAP6	0.222	-0.228	0.343	222	0.325210323837844
ODAPH	0.242	-0.036	0.439	176	0.286339582520407
KLB	0.328	0.138	0.537	1044	0.328728283693463
FAM53A	0.522	0.517	0.742	398	0.283909377126152
PPM1K	0.261	-0.122	0.399	372	0.312069327983989
C4orf45	0.196	-0.349	0.282	186	0.30590604836976
TRMT44	0.338	0.156	0.548	757	0.317356036841271
ADRB1	0.758	0.891	0.941	477	0.320708015488341
RASGEF1B	0.25	-0.077	0.419	473	0.323252175755181
DAB2IP	0.591	0.607	0.789	1132	0.328388940904998
SLC38A9	0.234	-0.158	0.373	561	0.317771423235357
SLC36A2	0.468	0.433	0.69	483	0.343880831880858
SPINK13	0.253	-0.28	0.33	94	0.34751156504927
CREBRF	0.232	-0.202	0.367	639	0.320486187478905
CEP120	0.206	-0.262	0.321	986	0.32452462834232
SLC25A48	0.471	0.434	0.698	257	0.336610863623105
TMEM167A	0.202	-0.169	0.348	72	0.314097494335345
MBLAC2	0.37	0.273	0.606	279	0.311678177780977
TMEM161B	0.185	-0.312	0.293	502	0.311751630268346
CYB561	0.602	0.665	0.819	258	0.340204659282074
SRFBP1	0.193	-0.365	0.277	429	0.320974269919262
PLEKHG4B	0.47	0.422	0.691	1627	0.310783620362212
CYBA	0.665	0.749	0.866	195	0.337357970871059
ZMAT2	0.371	0.161	0.558	199	0.367428447053824
MARVELD2	0.26	-0.102	0.411	558	0.311254284639094
IRX2	0.716	0.842	0.918	471	0.325557162144045
BTNL9	0.538	0.587	0.779	535	0.31108072689888
CYBB	0.31	0.056	0.493	570	0.334951629020461
ARSK	0.205	-0.298	0.306	536	0.314405280497181
FAM81B	0.223	-0.144	0.387	452	0.334234282776514
TTC23L	0.291	0	0.464	361	0.359507740509877
CYC1	0.465	0.43	0.695	325	0.321174173533004
CCDC112	0.187	-0.359	0.279	529	0.329807006194555
PPP1R2B	0.246	-0.123	0.405	205	0.313570641837395
GARIN3	0.297	-0.005	0.469	605	0.305514768539403
PRELID2	0.273	0.049	0.486	189	0.339237265494994
SH3RF2	0.41	0.331	0.642	729	0.310284815149665
PLAC8L1	0.286	0.002	0.461	177	0.308956796353269
CYLC1	0.207	-0.414	0.266	651	0.332520493632399
RNF145	0.242	-0.086	0.41	693	0.334435038833526
CYLC2	0.218	-0.318	0.318	348	0.341769655771439
ZC2HC1B	0.217	-0.332	0.292	222	0.326518931735189
ADRB2	0.451	0.382	0.668	413	0.363717156576377
CYLD	0.212	-0.234	0.341	956	0.316729260813611
SNRNP48	0.23	-0.209	0.353	339	0.316744012517194
CNKSR3	0.343	0.154	0.547	555	0.325102720464674
RAET1L	0.365	0.208	0.572	246	0.3172050821389
SAMD3	0.226	-0.166	0.374	544	0.332991665734096
SLC2A12	0.257	0	0.456	617	0.310433890529968
MBOAT1	0.272	0.011	0.467	495	0.323814188002301
HDGFL1	0.631	0.69	0.84	251	0.327198572886556
PNLDC1	0.359	0.215	0.578	531	0.340375868124908
RNF217	0.398	0.288	0.622	542	0.320816921289608
NKAIN2	0.25	-0.095	0.41	208	0.322263443685999
KHDC3L	0.447	0.417	0.689	217	0.33644653483431
CYP1A1	0.465	0.402	0.677	512	0.335224055750832
CFAP206	0.194	-0.293	0.302	622	0.3154976962682
CYP1A2	0.559	0.557	0.761	516	0.335485550750561
CCDC167	0.511	0.546	0.75	97	0.351852411898834
CYP1B1	0.529	0.541	0.753	543	0.327393566120941
RUNDC3B	0.218	-0.19	0.358	473	0.311396324728443
ABCA13	0.231	-0.122	0.394	5058	0.32028919387292
BMT2	0.213	-0.206	0.353	405	0.316521218120849
CLEC2L	0.58	0.623	0.798	214	0.311385578624349
FMC1	0.361	0.269	0.604	113	0.302356217421944
AMOT	0.318	0.022	0.483	1084	0.346206132518104
CYP2A6	0.543	0.554	0.761	494	0.341749769293883
VKORC1L1	0.307	0.138	0.529	177	0.306823893047023
AMOTL1	0.402	0.271	0.614	956	0.329682165273663
IQUB	0.189	-0.335	0.283	791	0.316417630899723
KCTD7	0.519	0.519	0.742	289	0.334400802426944
CYP2A7	0.552	0.555	0.761	494	0.340453758288216
ADRB3	0.578	0.653	0.812	408	0.314777601017415
TMEM213	0.528	0.526	0.745	107	0.326364602176712
GIMAP8	0.318	0.106	0.521	665	0.342182164752121
CRYGN	0.529	0.484	0.73	182	0.339740794371562
ZNF425	0.448	0.372	0.666	752	0.33609758207695
ZNF746	0.54	0.526	0.75	659	0.318425880294662
ATP6V0E2	0.483	0.506	0.733	213	0.29284205679908
CYP3A7	0.252	-0.09	0.412	503	0.320181529730509
SLC2A7	0.506	0.514	0.735	512	0.334716054695963
AMZ1	0.617	0.669	0.822	498	0.32442027259999
CYP2A13	0.57	0.571	0.77	494	0.338066593303139
METTL27	0.483	0.438	0.697	245	0.309522663591422
VPS37D	0.637	0.694	0.833	251	0.31819073915498
RBM33	0.324	0.063	0.505	1170	0.305135689563155
AGR3	0.169	-0.297	0.295	166	0.315309455203137
CYP2B6	0.41	0.332	0.637	491	0.3237131900544
CYP2C19	0.301	0.058	0.489	490	0.33827405876476
CYP2C8	0.277	-0.042	0.44	490	0.327853078847685
CYP2C9	0.296	0.04	0.482	490	0.342732507379462
GRK2	0.667	0.726	0.853	689	0.360810696833034
CYP2C18	0.307	0.04	0.483	490	0.337156334470082
CYP2D6	0.582	0.608	0.788	497	0.318184628044401
GRK3	0.265	-0.048	0.438	688	0.336891645050505
CYP2E1	0.412	0.301	0.622	493	0.331702252834661
CYP2F1	0.534	0.561	0.76	491	0.312949699116603
PRAG1	0.536	0.503	0.739	1406	0.328151280749089
CYP2J2	0.333	0.131	0.531	502	0.324918770156208
PEBP4	0.391	0.27	0.612	227	0.340046081069044
CDCA2	0.201	-0.331	0.295	1023	0.312175349668155
TMEM65	0.307	0.098	0.506	240	0.302937896857725
RDH10	0.388	0.246	0.597	341	0.345522022353939
ANKRD46	0.245	-0.09	0.405	232	0.320060449249685
ESCO2	0.206	-0.321	0.302	601	0.321513581704789
FBXO16	0.257	-0.078	0.418	292	0.313444669649922
CYP3A4	0.257	-0.079	0.419	503	0.324463773192891
LRATD2	0.669	0.74	0.862	310	0.333363557473224
CFAP418	0.242	-0.14	0.392	207	0.317424162490685
VPS13B	0.223	-0.194	0.361	4022	0.315539926459798
TDRP	0.299	0.053	0.492	198	0.321853017026636
ERICH1	0.347	0.092	0.524	443	0.323753091583068
CYP3A5	0.252	-0.071	0.421	502	0.317892272689737
SLC7A13	0.19	-0.214	0.333	470	0.302661237782084
TMEM74	0.324	0.124	0.531	305	0.3267783930187
FAM91A1	0.191	-0.283	0.308	838	0.293666560347204
C8orf48	0.243	-0.14	0.385	319	0.317432755521798
MCMDC2	0.176	-0.364	0.263	681	0.314720245859544
CLVS1	0.296	0.06	0.488	354	0.326880340373812
NKX6-3	0.568	0.59	0.783	135	0.312661158660362
KCNU1	0.258	-0.076	0.419	1149	0.315105278763044
SBSPON	0.399	0.208	0.582	264	0.334291926400269
CYP4A11	0.435	0.358	0.65	519	0.327169976744277
CAMSAP1	0.419	0.318	0.637	1602	0.326333772747083
ADSL	0.307	0.07	0.497	484	0.330291119231488
CYP4B1	0.479	0.416	0.685	512	0.328995881026207
LINGO2	0.317	0.124	0.523	606	0.330040657271394
NXNL2	0.635	0.715	0.848	156	0.346576393008208
MAMDC4	0.545	0.524	0.747	1137	0.318407201570485
LCN6	0.541	0.563	0.765	163	0.350276064080745
AK8	0.446	0.381	0.662	479	0.341788315451578
CYP7A1	0.246	-0.114	0.396	504	0.32696551651413
OR1Q1	0.41	0.328	0.635	314	0.340603507092616
TTLL11	0.451	0.405	0.681	800	0.324417529265942
RASEF	0.286	0.02	0.475	740	0.324126727402452
CYP8B1	0.446	0.387	0.67	501	0.315872222222567
TTC39B	0.244	-0.062	0.426	682	0.327644936346024
TRMT10B	0.255	-0.083	0.418	316	0.333649387952592
TTC16	0.555	0.551	0.76	873	0.355701829194097
FAM120AOS	0.44	0.405	0.678	256	0.290020364431004
SAXO1	0.37	0.12	0.536	474	0.331280445278568
CYP11A1	0.46	0.415	0.684	521	0.333495575841648
FREM1	0.295	0.005	0.469	2179	0.32147589145135
ZNF483	0.213	-0.294	0.313	744	0.309342804250484
CYP11B1	0.515	0.494	0.724	503	0.329390362746975
SHOC1	0.171	-0.391	0.253	1444	0.310405356481829
KIAA1958	0.38	0.207	0.58	744	0.324801048197445
TSTD2	0.271	-0.073	0.431	516	0.334911098904588
ZNF782	0.242	-0.217	0.363	699	0.326434290522899
PRUNE2	0.252	-0.163	0.388	3088	0.30867636529817
CYP11B2	0.504	0.48	0.716	503	0.329863737474558
CBLL2	0.208	-0.332	0.293	425	0.308304978021985
CSAG1	0.338	0.051	0.5	78	0.295558072116127
FMR1NB	0.272	-0.057	0.43	255	0.319461275092527
FAAH2	0.251	-0.095	0.414	532	0.330669481889332
ZXDB	0.435	0.317	0.64	803	0.314897709259991
CYP17A1	0.438	0.359	0.653	508	0.340938986696676
FAM47A	0.359	0.164	0.553	791	0.294644223298738
MOSPD2	0.206	-0.27	0.323	518	0.316330223535943
ARHGAP36	0.329	0.112	0.516	547	0.321107351380986
RIBC1	0.364	0.171	0.56	379	0.361449657399774
AKAP14	0.243	-0.149	0.398	197	0.332053987009907
CYP19A1	0.289	0.032	0.473	503	0.329436561762824
RHOXF1	0.373	0.234	0.594	184	0.323762496852573
MAGEB6	0.311	0.04	0.494	407	0.32621784485943
CXorf65	0.305	0.039	0.483	183	0.338511559614886
AWAT1	0.442	0.335	0.644	328	0.3352604608422
AWAT2	0.387	0.229	0.585	333	0.324113562398825
ZDHHC15	0.31	0.097	0.519	337	0.340769314991841
USP51	0.306	0.07	0.504	711	0.305636362784308
CYP21A2	0.55	0.578	0.769	495	0.328788776640998
TCEAL6	0.331	0.024	0.497	183	0.344441306335531
H2BW1	0.499	0.513	0.737	175	0.315897140883241
ADSS2	0.186	-0.337	0.287	456	0.317014806046449
CXorf38	0.318	0.134	0.533	319	0.330459419092472
PABIR2	0.247	-0.147	0.384	266	0.275413633334394
PABIR3	0.217	-0.147	0.364	195	0.302915753462816
CYP24A1	0.338	0.177	0.555	514	0.326854866398349
HSFY2	0.181	-0.383	0.264	401	0.311956340880951
RBMY1F	0.177	-0.489	0.209	496	0.267242919808359
USP54	0.292	-0.039	0.448	1684	0.301475566405548
CYP26A1	0.438	0.392	0.669	497	0.323615129343652
NKX2-3	0.572	0.604	0.793	364	0.335213574445421
CYP27A1	0.472	0.453	0.705	531	0.345857878236346
SLC35G1	0.243	-0.059	0.431	365	0.303161292089307
CYP27B1	0.441	0.385	0.667	508	0.302730319442798
CYP51A1	0.224	-0.178	0.364	509	0.316358205816906
CFAP58	0.291	0.068	0.496	872	0.36447500386778
SLC5A12	0.262	-0.052	0.438	618	0.316571852377771
DEUP1	0.166	-0.382	0.256	604	0.325519720040024
AARS1	0.381	0.209	0.578	968	0.356756330043463
AP2A1	0.621	0.668	0.822	977	0.362491224585759
DAB1	0.289	-0.053	0.453	555	0.319366959841675
PATE1	0.255	-0.062	0.424	126	0.331716150418889
DAB2	0.257	-0.185	0.383	770	0.31790014557327
C11orf65	0.191	-0.378	0.266	313	0.321395809784447
DACH1	0.347	0.129	0.539	706	0.304253170813753
LDHAL6A	0.22	-0.186	0.359	332	0.319493321392741
C11orf42	0.401	0.267	0.606	333	0.299768219496232
DAD1	0.392	0.388	0.667	113	0.322024540318891
TMTC2	0.268	-0.012	0.453	836	0.327938500528849
CLEC12A	0.205	-0.265	0.318	275	0.32594943922385
CLECL1P	0.23	-0.188	0.368	191	0.338395197223383
CD55	0.244	-0.197	0.365	444	0.294413409142702
TMTC3	0.165	-0.373	0.255	914	0.314921206543604
C12orf50	0.199	-0.362	0.281	414	0.313722513562579
ALDH1L2	0.254	-0.129	0.399	923	0.336025329079017
LMNTD1	0.207	-0.32	0.305	409	0.320827113384601
DAG1	0.433	0.293	0.624	895	0.313821144146275
DENND5B	0.254	-0.085	0.415	1309	0.323170562132038
DGKA	0.339	0.15	0.544	735	0.330213699602866
TAMALIN	0.575	0.617	0.794	395	0.311326034701169
DGKB	0.256	-0.115	0.406	804	0.32770195841597
SLC5A8	0.258	-0.046	0.438	610	0.321999444407591
PPTC7	0.331	0.162	0.554	304	0.32037217433665
CCDC63	0.444	0.369	0.658	563	0.369801139998984
CCDC60	0.371	0.205	0.572	550	0.332749559738252
DGKG	0.382	0.238	0.594	791	0.33734245378329
DGKH	0.247	-0.118	0.404	1220	0.322453384919438
CCDC122	0.153	-0.488	0.208	273	0.33555814980842
GPR180	0.236	-0.077	0.419	440	0.31408640997971
DGKQ	0.622	0.673	0.825	942	0.328017679322545
AP2A2	0.484	0.448	0.703	940	0.352064954880445
DAO	0.405	0.315	0.63	347	0.323286893393924
STOML3	0.299	0.092	0.507	291	0.334465148510342
DAP	0.286	-0.021	0.454	204	0.302762867402031
GARIN2	0.284	-0.03	0.454	422	0.30856934000931
TMEM229B	0.777	0.881	0.935	167	0.349916544001811
SYNE3	0.528	0.517	0.736	975	0.337599875120721
CLEC14A	0.443	0.382	0.671	490	0.311805996204374
DAPK1	0.399	0.301	0.624	1430	0.338320018182006
FITM1	0.516	0.534	0.746	292	0.325640036896442
REM2	0.449	0.421	0.689	340	0.296210209139622
TMEM30B	0.79	0.912	0.953	351	0.344360406798621
DAPK3	0.742	0.831	0.908	454	0.343846238162885
MDGA2	0.208	-0.281	0.314	956	0.3112282860558
SAMD15	0.233	-0.21	0.364	674	0.3039418461367
NOP9	0.337	0.184	0.558	636	0.314221647964861
EML5	0.194	-0.319	0.294	1977	0.302729359025512
STRC	0.371	0.234	0.583	1775	0.303149865283975
DARS1	0.203	-0.286	0.311	501	0.324837258153156
CFAP161	0.285	0.041	0.484	301	0.316230645245528
TBC1D21	0.496	0.475	0.717	336	0.367230095510497
DNAAF4	0.184	-0.334	0.285	420	0.341799829522406
DAXX	0.367	0.181	0.563	740	0.32034704416799
DAZ1	0.238	-0.258	0.345	744	0.333457164879635
OTUD7A	0.567	0.613	0.794	926	0.325237435922888
SPRED1	0.217	-0.248	0.336	444	0.315782429640701
ODF3L1	0.529	0.471	0.719	274	0.332138089369913
PGBD4	0.218	-0.233	0.339	585	0.316259869496718
DAZL	0.223	-0.301	0.32	315	0.323513219088649
ADAL	0.223	-0.195	0.358	355	0.319850424563486
EXD1	0.24	-0.13	0.395	572	0.318257917527785
FSIP1	0.205	-0.288	0.312	581	0.325567792088518
ZFPM1	0.697	0.771	0.879	1006	0.310131190470823
ADAD2	0.542	0.546	0.755	665	0.326103341874532
AP1B1	0.576	0.571	0.77	949	0.36634120483966
BRINP1	0.475	0.428	0.69	761	0.334859963241319
ITPRIPL2	0.507	0.528	0.741	535	0.309052222307543
DBH	0.598	0.631	0.803	617	0.348456087530903
DBI	0.365	0.227	0.589	148	0.336679906868327
ZFP1	0.261	-0.093	0.421	407	0.33856612177521
ANKFN1	0.274	-0.022	0.449	763	0.314257097785472
MARCHF10	0.257	-0.143	0.396	846	0.306494294410183
MFSD6L	0.433	0.397	0.673	586	0.317720404046299
SLFN5	0.261	-0.059	0.43	891	0.339785113499586
NAGS	0.627	0.696	0.837	534	0.324131389349257
RETREG3	0.345	0.174	0.554	466	0.314376059296658
TMEM92	0.493	0.419	0.688	159	0.335853556780396
PHOSPHO1	0.724	0.809	0.897	292	0.333811302849687
RHBDL3	0.511	0.51	0.736	404	0.333831973993526
TRPV3	0.521	0.527	0.744	791	0.35014559576277
SLC16A11	0.495	0.532	0.747	471	0.305752054800751
FBXO39	0.403	0.316	0.626	442	0.345404692909482
SPPL2C	0.521	0.518	0.74	684	0.32475687697536
KRT28	0.322	0.107	0.523	464	0.338768544189205
ZNF519	0.202	-0.355	0.286	540	0.340543117957712
C18orf54	0.192	-0.366	0.276	533	0.316875988462133
DBN1	0.495	0.413	0.691	695	0.328258662734237
DBP	0.555	0.579	0.775	325	0.302978439954313
DBT	0.199	-0.313	0.299	482	0.319229335382443
ZNF836	0.22	-0.277	0.326	936	0.327178054513021
ZNF610	0.214	-0.266	0.322	462	0.324273986314242
ZNF600	0.221	-0.291	0.321	722	0.327991813147054
ZNF320	0.216	-0.335	0.293	509	0.318355157453016
ZNF497	0.683	0.741	0.864	498	0.336451242909466
ZNF550	0.328	0.123	0.532	422	0.314197559972508
ZNF296	0.594	0.594	0.786	475	0.326544428583668
DEDD2	0.53	0.542	0.749	326	0.303553073212301
ZNF846	0.205	-0.322	0.303	533	0.325215073326464
OR7D2	0.389	0.318	0.629	312	0.325699948900596
AP2B1	0.284	-0.013	0.456	951	0.345131514396193
DCC	0.263	-0.11	0.41	1447	0.305221687683075
ZNF579	0.645	0.709	0.845	562	0.304097788107011
ZNF791	0.224	-0.287	0.324	576	0.323505979123516
ZNF564	0.204	-0.365	0.283	553	0.319922738351976
ZNF709	0.214	-0.384	0.28	641	0.314752904654719
ZNF433	0.218	-0.323	0.309	673	0.320815578950892
ZNF114	0.265	-0.134	0.404	417	0.327749207264232
ZNF567	0.231	-0.253	0.341	647	0.329417818377372
ZNF383	0.218	-0.273	0.329	475	0.338575900212554
ZNF781	0.186	-0.249	0.314	327	0.312696333924829
EID2	0.36	0.242	0.591	236	0.294766440898999
ZNF780B	0.215	-0.298	0.313	833	0.338338208782669
PRR22	0.571	0.543	0.76	422	0.331126062171133
LGI4	0.592	0.65	0.809	537	0.31810023022094
SYNE4	0.445	0.396	0.673	404	0.305741161013155
ECI1	0.604	0.689	0.832	302	0.335006470390391
ZNF676	0.23	-0.266	0.338	588	0.339358030314554
ZNF100	0.226	-0.274	0.33	542	0.331135836285492
ZNF540	0.199	-0.339	0.291	660	0.328264443033881
DENND2C	0.222	-0.21	0.351	928	0.317566052668605
DCK	0.209	-0.248	0.332	260	0.331320293634035
GBP6	0.328	0.088	0.514	633	0.348182421583273
DCN	0.288	0.025	0.474	359	0.342123569599946
PLPPR5	0.286	0.021	0.477	321	0.321826184789828
FNDC7	0.275	-0.081	0.431	733	0.326948625225783
DENND1B	0.226	-0.231	0.346	775	0.319676089845757
DCTD	0.333	0.099	0.525	189	0.368361322052475
TDRD5	0.221	-0.212	0.353	1035	0.31796381747861
TOR1AIP2	0.284	-0.073	0.437	470	0.318347161674043
ACE	0.578	0.591	0.781	1306	0.349203156675194
CALML6	0.534	0.51	0.743	181	0.364358111432123
IFNLR1	0.439	0.343	0.652	520	0.318592619018788
CITED4	0.693	0.812	0.901	184	0.29376758583318
LEXM	0.446	0.326	0.645	418	0.330628697371437
SPRR4	0.47	0.269	0.628	79	0.424500867349196
KANK4	0.398	0.249	0.601	995	0.323628974631504
SASS6	0.172	-0.328	0.289	657	0.320094367694298
DCT	0.285	0.003	0.465	552	0.319202929341874
SDE2	0.276	-0.049	0.444	451	0.321003073879338
CNST	0.23	-0.188	0.371	725	0.320408478633074
DCTN1	0.417	0.28	0.614	1278	0.337295192895749
FAM43B	0.764	0.874	0.931	329	0.307477766180941
AP1G1	0.218	-0.176	0.364	825	0.315232727572772
HFM1	0.159	-0.483	0.207	1435	0.313929875378876
PAQR7	0.55	0.548	0.757	346	0.349510152850484
DCX	0.377	0.158	0.555	366	0.336313886457096
TTC24	0.423	0.294	0.623	582	0.344786303485736
CCDC185	0.555	0.557	0.761	623	0.32710292045909
UBL4B	0.521	0.508	0.734	174	0.34687068306709
DDB1	0.388	0.269	0.607	1140	0.346648973355569
WFDC13	0.356	0.122	0.533	93	0.35221339352147
APCDD1L	0.587	0.641	0.806	501	0.294483687725303
DDB2	0.404	0.261	0.603	427	0.328451335218443
LRRN4	0.557	0.601	0.786	740	0.303979588476579
TTLL9	0.459	0.385	0.67	439	0.34327639426925
DDC	0.383	0.243	0.593	480	0.336351999522873
AKR1C1	0.306	0.037	0.484	323	0.3519450767331
CCDC116	0.52	0.488	0.727	613	0.312237029532191
AKR1C2	0.311	0.045	0.489	323	0.347964305487118
CABP7	0.652	0.69	0.833	215	0.349649601983508
TMPRSS6	0.575	0.604	0.788	824	0.344152648655971
APOBEC3H	0.412	0.359	0.654	200	0.354763267938986
WBP2NL	0.238	-0.263	0.339	309	0.316850669676665
GADD45A	0.474	0.455	0.706	165	0.345152622169124
DAW1	0.235	-0.15	0.385	415	0.316493198819569
LONRF2	0.35	0.229	0.582	754	0.31436545161836
DDIT3	0.324	0.007	0.476	192	0.315358876782523
AEBP1	0.57	0.541	0.757	1158	0.329846621553737
DDOST	0.461	0.413	0.686	456	0.337969811661101
CCDC138	0.18	-0.325	0.287	665	0.311604041746534
ADGRF3	0.437	0.372	0.661	1079	0.324101636721039
TEX44	0.434	0.298	0.632	395	0.297711290439081
OXER1	0.556	0.604	0.785	423	0.329380720466802
TOGARAM2	0.478	0.448	0.7	1019	0.328608328532898
DDT	0.55	0.644	0.807	118	0.31894140246385
FAM171B	0.223	-0.172	0.372	826	0.303675111178779
C1QL2	0.591	0.623	0.803	287	0.336161948978581
DDX1	0.205	-0.285	0.317	740	0.326002363027191
UBXN2A	0.192	-0.33	0.294	259	0.338398213467963
DDX3X	0.223	-0.237	0.339	662	0.303065647350683
DDX5	0.208	-0.312	0.298	614	0.320757678950109
CLEC4F	0.282	0.041	0.488	589	0.339665414486652
DQX1	0.323	0.109	0.517	717	0.318950274912617
DDX6	0.245	-0.098	0.406	483	0.326389148152643
PARP15	0.235	-0.176	0.377	678	0.312899217377347
SPTSSB	0.235	-0.122	0.386	76	0.344176806990626
DMXL1	0.175	-0.398	0.253	3048	0.301326060217898
DNAJB8	0.606	0.602	0.793	232	0.350344002579185
GPR156	0.35	0.162	0.552	814	0.316089308102014
DHX8	0.337	0.12	0.526	1220	0.334277788670708
XIRP1	0.422	0.286	0.622	1843	0.317848144812221
RNF168	0.245	-0.127	0.402	571	0.314517463633315
TLE5	0.482	0.472	0.717	264	0.338524142028986
DHX9	0.219	-0.246	0.334	1270	0.330036428890978
CHST13	0.709	0.817	0.899	341	0.304183463472933
DDX10	0.224	-0.202	0.357	875	0.329843604161083
DDX11	0.442	0.344	0.648	970	0.347745686729481
PRICKLE2	0.434	0.318	0.637	844	0.330944078605329
KBTBD12	0.215	-0.2	0.356	623	0.333728704619572
SPATA5	0.208	-0.24	0.329	893	0.318119198182466
BBS12	0.183	-0.325	0.289	710	0.308308870152753
DHX15	0.209	-0.267	0.317	795	0.316585666954746
DECR1	0.2	-0.335	0.288	335	0.317637777893434
DCLK2	0.33	0.11	0.527	783	0.3173128871231
ADGRA3	0.257	-0.067	0.427	1321	0.318534645753684
TRIM60	0.223	-0.198	0.354	471	0.332581180291919
DEFA1	0.323	0.099	0.511	94	0.358061583672415
FREM3	0.336	0.137	0.538	2139	0.316789216040216
MMAA	0.185	-0.276	0.308	418	0.293966147280661
ZBTB49	0.305	0.007	0.478	765	0.332006197138913
DEFA3	0.323	0.099	0.511	94	0.356317749124203
TIGD2	0.194	-0.325	0.292	525	0.327114194945558
RASSF6	0.224	-0.18	0.362	369	0.32064222806482
RBM46	0.176	-0.448	0.232	533	0.322332387636051
DEFA4	0.266	0.026	0.468	97	0.321281963631548
SGMS2	0.238	-0.135	0.388	365	0.316835441205601
MIER3	0.208	-0.308	0.312	555	0.313207262567587
CDC20B	0.274	-0.026	0.453	519	0.308816679123334
CRISP1	0.233	-0.235	0.347	249	0.332575098283361
DEFA5	0.354	0.193	0.559	94	0.356740164570665
DEFA6	0.31	0.042	0.49	100	0.343436212448453
UGT3A2	0.283	0.029	0.478	523	0.32785246721074
TENT2	0.184	-0.29	0.301	484	0.304482273521722
DEFB1	0.293	0.099	0.515	68	0.348373340338064
DCP2	0.212	-0.294	0.309	420	0.327708116422329
DEFB4A	0.228	-0.164	0.371	64	0.294909870999646
DEFB4B	0.228	-0.164	0.371	64	0.294909870999646
NIM1K	0.331	0.155	0.545	436	0.325730495439043
DES	0.6	0.645	0.808	470	0.352944063851974
LIX1	0.318	0.103	0.519	282	0.324940138582588
ZNF366	0.584	0.592	0.785	744	0.350556548643342
CFD	0.693	0.814	0.9	260	0.309913855685349
FAM151B	0.212	-0.278	0.32	276	0.31316488916843
DFFA	0.382	0.251	0.597	331	0.330917183371797
PRSS35	0.284	0.005	0.466	413	0.321296278892838
LCA5	0.177	-0.392	0.254	697	0.305612909233051
DFFB	0.491	0.459	0.706	362	0.330514822607191
TIMM8A	0.396	0.245	0.602	97	0.352470689594351
OLIG3	0.597	0.689	0.833	272	0.313679659688153
TXLNB	0.315	0.033	0.49	684	0.343528284786548
DACT2	0.535	0.508	0.737	774	0.304340286896204
C6orf118	0.362	0.211	0.573	469	0.339404197323596
ZNF92	0.217	-0.312	0.312	586	0.343896949024385
GALNTL5	0.223	-0.204	0.348	443	0.313157681586468
DDX53	0.191	-0.292	0.304	631	0.304496836743357
ZNF679	0.219	-0.275	0.331	411	0.323663353097382
RNF133	0.207	-0.233	0.342	376	0.320912102620424
THAP5	0.165	-0.442	0.234	395	0.30894304502945
CCDC71L	0.656	0.741	0.859	235	0.274237276732207
PKD1L1	0.318	0.092	0.514	2849	0.315853182684108
GIMAP7	0.281	0.017	0.473	300	0.336848787623644
ZNF467	0.6	0.617	0.798	595	0.315516010711368
BHLHA15	0.658	0.731	0.855	189	0.318599557351488
BMPER	0.364	0.153	0.554	685	0.354802470194437
GSDME	0.352	0.215	0.577	496	0.330639301566933
ZNF800	0.18	-0.427	0.244	664	0.315904536833607
CNBD1	0.2	-0.299	0.305	436	0.3244133668986
COCH	0.267	-0.078	0.43	615	0.317758648039164
SLC30A8	0.316	0.129	0.53	369	0.335575914393007
COL22A1	0.327	0.044	0.499	1626	0.302378942959738
SNX31	0.312	0.082	0.507	440	0.346458829711858
TMEM64	0.426	0.416	0.683	380	0.317972999072232
ZNF596	0.202	-0.3	0.308	504	0.30458321848852
IDO2	0.311	0.055	0.49	420	0.320804204267079
STKLD1	0.541	0.561	0.762	680	0.341746890869478
KCNV2	0.651	0.715	0.845	545	0.33900319454442
OLFML2A	0.634	0.648	0.813	652	0.346001153734594
TMEM252	0.363	0.177	0.555	170	0.336967623803248
QSOX2	0.425	0.35	0.652	698	0.316482576749088
GLIS3	0.404	0.272	0.615	930	0.30701936442632
ZNF883	0.204	-0.373	0.279	379	0.312692681468528
ZNF169	0.348	0.15	0.545	603	0.306472086114275
TENT5D	0.207	-0.227	0.343	389	0.320819002985887
SPIN3	0.243	-0.151	0.389	258	0.311617547568163
FAM47B	0.347	0.135	0.538	645	0.296153143369978
TCEANC	0.247	-0.134	0.397	381	0.343143114608696
ZCCHC12	0.321	0.093	0.509	402	0.317164559850797
ARX	0.635	0.693	0.838	562	0.310037557896134
FAM170B	0.562	0.538	0.756	283	0.344421000580869
TMEM273	0.374	0.279	0.608	129	0.331464350109596
FUT11	0.487	0.466	0.713	492	0.30619805019288
OIT3	0.425	0.301	0.63	545	0.342419229243057
PWWP2B	0.563	0.6	0.786	590	0.296833135875995
SSBP4	0.587	0.575	0.78	385	0.317832081013136
CLEC4C	0.283	-0.047	0.446	213	0.330826800372287
ACTL10	0.69	0.758	0.869	245	0.324332547172239
DHX36	0.183	-0.326	0.285	1008	0.311795944882159
HTR3C	0.45	0.394	0.671	447	0.325054157666821
GIMAP1	0.557	0.594	0.78	306	0.323996489240161
GPHA2	0.528	0.489	0.728	129	0.343537552645601
S100Z	0.355	0.205	0.574	99	0.373482384356311
COMMD6	0.3	0.017	0.484	98	0.342765208385975
XAGE3	0.239	-0.31	0.308	111	0.303320715797484
XAGE5	0.212	-0.305	0.308	108	0.316296904647953
PSORS1C1	0.29	-0.021	0.456	152	0.290389924194372
PSORS1C2	0.401	0.197	0.574	136	0.272482289925463
NUDT10	0.512	0.557	0.766	164	0.323150326047661
ADAMTS15	0.577	0.596	0.785	950	0.341945804861546
ADAMTS16	0.374	0.204	0.578	1224	0.329745632555968
ADAMTS17	0.508	0.492	0.729	1095	0.334130271238512
ADAMTS18	0.312	0.044	0.496	1221	0.334938716683706
COX7B2	0.201	-0.336	0.293	81	0.290841928625354
GSX2	0.532	0.564	0.771	304	0.315216562440079
KCNG3	0.455	0.431	0.689	436	0.326481764798488
PPP1R18	0.392	0.245	0.595	613	0.301804047768094
ZNF525	0.229	-0.262	0.33	479	0.326686956922719
ZNF431	0.211	-0.333	0.301	576	0.341347623623456
ZNF721	0.225	-0.309	0.313	923	0.334066505163614
ANKRD24	0.5	0.481	0.722	1146	0.334265579929363
ZNF384	0.456	0.338	0.655	577	0.340871553076806
ADAMTS19	0.28	-0.045	0.444	1213	0.318542372745937
ASXL1	0.307	0.025	0.485	1541	0.309776301833819
SYNPO2	0.287	-0.06	0.443	1261	0.315368644671741
SPACA4	0.558	0.571	0.771	124	0.323644667246566
RHOV	0.555	0.583	0.776	236	0.333944570813394
UBE2L5	0.312	0.031	0.483	154	0.36416942074031
NLRP6	0.64	0.71	0.842	892	0.325593001059084
ZNF675	0.209	-0.363	0.287	568	0.350568554759188
CLYBL	0.246	-0.087	0.414	340	0.319155309878428
FAM9A	0.225	-0.283	0.326	332	0.342100307464048
FAM9B	0.204	-0.315	0.3	186	0.325743636393886
FAM9C	0.194	-0.349	0.284	166	0.333219987245776
SPTSSA	0.493	0.598	0.783	71	0.327727827413115
PTCRA	0.426	0.314	0.63	296	0.286606334986421
POLR3H	0.488	0.431	0.699	204	0.333714921461724
ABHD3	0.257	-0.067	0.429	409	0.316910453532835
DGUOK	0.332	0.145	0.538	277	0.322037690875128
DHCR7	0.603	0.639	0.805	475	0.356217693528672
DHCR24	0.601	0.618	0.793	516	0.360065379706324
DHFR	0.223	-0.164	0.379	187	0.323903330111991
DHODH	0.387	0.299	0.62	395	0.319903022134058
DHPS	0.534	0.518	0.742	369	0.359894218540498
CYB5R3	0.548	0.547	0.754	334	0.332808783603551
NQO1	0.342	0.117	0.529	274	0.355087623970161
DIAPH1	0.296	-0.008	0.462	1272	0.336777457405524
AFM	0.22	-0.231	0.347	599	0.340504528591582
DIAPH2	0.195	-0.276	0.312	1101	0.323690916466175
SEPTIN1	0.494	0.452	0.705	414	0.338288399464118
DIO1	0.38	0.231	0.584	248	0.330486066866785
DIO2	0.342	0.18	0.559	306	0.328499599167969
DIO3	0.579	0.651	0.812	303	0.319044845185796
DKC1	0.281	-0.001	0.464	514	0.337327582091216
DLAT	0.222	-0.234	0.344	647	0.301569484279911
DLD	0.176	-0.409	0.253	509	0.328706686356088
DLG1	0.196	-0.325	0.295	926	0.30925480842293
AFP	0.216	-0.235	0.343	609	0.336451837064137
DLG2	0.244	-0.132	0.396	975	0.3211852574857
DLG3	0.4	0.238	0.593	817	0.342289105862114
DLG4	0.487	0.453	0.706	767	0.332397234225257
DLST	0.296	-0.034	0.451	453	0.320934897285608
DLX1	0.472	0.439	0.707	255	0.326953203229129
DLX2	0.583	0.606	0.796	328	0.323236709094602
DLX3	0.59	0.606	0.794	287	0.340667350828519
DLX4	0.513	0.508	0.739	240	0.318196688751461
DLX5	0.468	0.375	0.675	289	0.334741446372555
AGA	0.222	-0.258	0.334	346	0.312706523277294
DLX6	0.496	0.474	0.727	293	0.335359733696179
DMBT1	0.362	0.138	0.545	2413	0.311831536040526
DMD	0.237	-0.125	0.394	3685	0.330909703652451
SARDH	0.575	0.591	0.782	918	0.332358907207285
DMP1	0.322	0.027	0.496	513	0.303274837392449
DNM1	0.561	0.564	0.766	864	0.345168288604257
ACAN	0.331	0.09	0.523	2530	0.299341098587648
DMPK	0.511	0.502	0.733	639	0.317781559819894
DMRT1	0.486	0.427	0.701	373	0.331197091658829
DMWD	0.608	0.634	0.807	674	0.317675200042065
DNA2	0.192	-0.269	0.313	1060	0.316253384219826
DNAH5	0.271	-0.03	0.444	4624	0.337891109907505
DNAH6	0.21	-0.243	0.33	4158	0.323907217330061
DNAH8	0.207	-0.238	0.332	4707	0.323149809695318
AGER	0.374	0.207	0.577	420	0.313788197393312
DNAH9	0.385	0.243	0.592	4486	0.342787879402144
DNASE1	0.524	0.503	0.734	282	0.347766894373973
DNASE1L1	0.553	0.568	0.767	302	0.33600448503435
DNASE1L2	0.678	0.73	0.856	299	0.346796298818637
DNASE1L3	0.398	0.266	0.607	305	0.343748302782703
DNASE2	0.511	0.485	0.729	360	0.352795854960552
DYNC1H1	0.36	0.21	0.574	4646	0.33951538738282
AGL	0.179	-0.387	0.255	1532	0.318435952260969
DYNC1I1	0.302	0.028	0.489	645	0.323538121598077
DYNC1I2	0.207	-0.352	0.289	638	0.321080344157618
DYNC1LI2	0.297	-0.01	0.465	492	0.324054669573168
DNM2	0.551	0.565	0.764	870	0.339330000530434
DNMT1	0.451	0.352	0.655	1632	0.344346272080727
TRDMT1	0.195	-0.247	0.324	391	0.318941822254634
DNMT3A	0.507	0.453	0.711	912	0.34693679594661
DNMT3B	0.419	0.296	0.625	853	0.331233042043301
DNTT	0.261	-0.038	0.441	509	0.31409721041326
DOCK1	0.338	0.152	0.544	1886	0.3376462873094
DOCK2	0.396	0.28	0.613	1830	0.345482412430077
DOCK3	0.371	0.209	0.574	2030	0.323822522944231
DOK1	0.455	0.364	0.663	481	0.324006696646735
DXO	0.414	0.276	0.615	396	0.311020876062697
DPAGT1	0.402	0.339	0.637	408	0.325775493445569
ABAT	0.457	0.412	0.683	500	0.351163659016409
DPEP1	0.577	0.588	0.778	411	0.340780711266543
DPH1	0.484	0.437	0.696	443	0.337537471457897
DPH2	0.355	0.157	0.546	489	0.310617809330831
DPP4	0.227	-0.215	0.353	766	0.32294144742067
DPP6	0.415	0.315	0.635	865	0.332983144291435
DPT	0.395	0.221	0.59	201	0.353809917923586
DPYD	0.232	-0.222	0.35	1025	0.332322042702103
DPYS	0.336	0.105	0.526	519	0.327849372885768
DPYSL2	0.463	0.38	0.671	677	0.346895205019347
DPYSL3	0.427	0.311	0.635	684	0.33769102214354
AGRP	0.508	0.426	0.688	132	0.340738568829809
DR1	0.207	-0.241	0.337	176	0.360938164272995
SLC26A3	0.234	-0.144	0.381	764	0.318782339605455
DRD1	0.401	0.28	0.612	446	0.339626512811005
DRD2	0.584	0.619	0.793	443	0.340232586694096
DRD3	0.419	0.347	0.649	400	0.335730725497235
DRD4	0.71	0.831	0.909	419	0.31845133278529
DRD5	0.618	0.666	0.822	477	0.350027829041924
DRG2	0.535	0.526	0.744	364	0.364927585600753
JAG1	0.422	0.276	0.621	1218	0.374493672524279
ARID3A	0.568	0.549	0.762	593	0.336169026560425
DRP2	0.382	0.234	0.59	957	0.328945178566223
ATN1	0.426	0.241	0.603	1190	0.301172286947566
DSC1	0.21	-0.27	0.325	894	0.322743057561673
DSC2	0.218	-0.237	0.342	901	0.31175325343511
DSC3	0.201	-0.296	0.307	896	0.312390375706193
DSCAM	0.366	0.223	0.585	2012	0.322304399009071
RCAN1	0.348	0.18	0.559	277	0.304366818320698
DSG1	0.213	-0.281	0.318	1049	0.307930135606609
DSG2	0.226	-0.227	0.35	1118	0.313921725808802
AGT	0.49	0.431	0.695	485	0.346322198854349
DSG3	0.228	-0.232	0.346	999	0.316493049357879
TSC22D3	0.576	0.59	0.779	200	0.36369618844901
DSP	0.333	0.139	0.534	2871	0.34673522799563
EPYC	0.238	-0.15	0.375	322	0.324430486750491
DSPP	0.33	-0.021	0.483	1301	0.271127209957182
SLC26A2	0.213	-0.205	0.351	739	0.324549916276819
DTNA	0.289	0.032	0.48	724	0.312753412621686
DTNB	0.329	0.121	0.528	627	0.319038120194827
HBEGF	0.364	0.253	0.595	208	0.323388963395589
DTX1	0.659	0.726	0.854	620	0.3299033388565
DTYMK	0.436	0.412	0.683	212	0.330823841930668
ECM2	0.215	-0.192	0.354	699	0.31824385495489
DUSP1	0.576	0.588	0.779	367	0.341329077040139
DUSP2	0.654	0.706	0.84	314	0.320473518927648
DUSP3	0.573	0.617	0.794	185	0.379388227253393
DUSP4	0.645	0.7	0.839	394	0.32990852518325
DUSP5	0.502	0.511	0.739	384	0.326929383727329
DUSP6	0.503	0.507	0.735	381	0.335143666081111
DUSP7	0.66	0.748	0.866	419	0.334249371752155
AGTR1	0.241	-0.115	0.392	394	0.327105539883195
DUSP8	0.708	0.788	0.887	625	0.318150227507943
DUSP9	0.621	0.691	0.832	384	0.320946606416108
DUT	0.325	0.135	0.538	252	0.299568182718117
DVL1	0.602	0.656	0.817	695	0.31121868757845
DVL2	0.455	0.348	0.655	736	0.301976146298023
DVL3	0.518	0.478	0.723	716	0.306591157036263
DYRK1A	0.249	-0.152	0.392	763	0.313857078718012
AGTR2	0.233	-0.114	0.395	363	0.332997673160963
TOR1A	0.389	0.285	0.614	332	0.347346223807837
E2F1	0.563	0.594	0.781	437	0.314299790194906
APLNR	0.625	0.676	0.826	380	0.348271749940385
E2F2	0.557	0.549	0.759	437	0.335878812052632
E2F3	0.332	0.16	0.551	465	0.324546334170713
E2F4	0.43	0.301	0.628	413	0.320379085300691
E2F5	0.264	-0.058	0.437	346	0.320979327472598
E2F6	0.223	-0.128	0.391	281	0.314149305008825
E4F1	0.595	0.597	0.788	784	0.338172783198629
EBF1	0.4	0.289	0.624	591	0.328964519696288
GPR183	0.248	-0.1	0.402	361	0.335431942654865
ECE1	0.54	0.535	0.753	770	0.351714007962589
AGXT	0.616	0.676	0.824	392	0.346410863445392
TYMP	0.545	0.588	0.778	487	0.311613858457571
ECH1	0.483	0.483	0.723	328	0.342131524198711
ECHS1	0.389	0.273	0.613	290	0.358902173123619
ECM1	0.413	0.256	0.604	567	0.332637017126081
ECT2	0.171	-0.414	0.243	914	0.301613213867149
EDA	0.384	0.203	0.578	391	0.321476632313478
ABCA1	0.357	0.181	0.56	2261	0.337665948773568
NR0B1	0.521	0.551	0.759	470	0.325563984696815
S1PR1	0.537	0.583	0.771	382	0.345147629595849
LPAR1	0.346	0.19	0.56	364	0.343760125964106
S1PR3	0.594	0.655	0.811	378	0.364700027694414
EDN1	0.293	0.048	0.49	212	0.325568083757765
EDN2	0.442	0.35	0.649	178	0.309388169275001
EDN3	0.425	0.301	0.632	238	0.337598921889262
EDNRA	0.297	0.059	0.491	427	0.340231155172376
AHCY	0.574	0.585	0.778	432	0.373092570144486
EDNRB	0.313	0.092	0.507	532	0.330899626539323
PHC1	0.335	0.09	0.522	1004	0.337884911983528
PHC2	0.456	0.345	0.655	858	0.329503738510201
EEF1A1	0.293	-0.048	0.447	462	0.35421449858569
EEF1A2	0.729	0.78	0.884	463	0.371785811163304
PGAM5	0.538	0.56	0.762	289	0.319772171883732
B3GNT6	0.695	0.8	0.892	384	0.306342127041723
HIGD2A	0.477	0.45	0.706	106	0.316070669835576
KRT24	0.328	0.093	0.52	525	0.330102093117392
CYS1	0.688	0.783	0.884	158	0.269624181096142
AGO3	0.223	-0.208	0.354	860	0.310103227427092
AGO4	0.258	-0.121	0.403	861	0.318038241585958
SCAMP5	0.498	0.451	0.712	235	0.357316690871342
EEF1B2	0.262	-0.127	0.408	225	0.339118780360155
EEF1D	0.578	0.567	0.769	647	0.349803257921679
EEF1G	0.44	0.279	0.621	437	0.351468106885049
EEF2	0.652	0.689	0.834	858	0.366401220885164
EIF2D	0.354	0.196	0.57	584	0.341232542771203
EFNA1	0.462	0.371	0.663	205	0.340254273253182
EFNA2	0.741	0.856	0.923	213	0.326623890464835
EFNA3	0.708	0.778	0.883	238	0.358049316081711
EFNA4	0.423	0.358	0.655	207	0.319973784547967
EFNA5	0.321	0.093	0.516	228	0.314501705660429
EFNB1	0.512	0.502	0.734	346	0.335141405165222
EFNB2	0.315	0.106	0.523	333	0.329395534583402
EFNB3	0.429	0.343	0.648	340	0.312244965960621
EGF	0.235	-0.19	0.367	1207	0.319997046852823
CELSR3	0.465	0.407	0.682	3312	0.315500378145882
CELSR2	0.499	0.454	0.709	2923	0.325646581951742
MEGF6	0.578	0.561	0.771	1541	0.364076007579562
MEGF8	0.522	0.492	0.731	2845	0.327547664733935
MEGF9	0.354	0.146	0.554	602	0.32109195003312
EGFR	0.411	0.297	0.625	1210	0.346833485417691
EGR1	0.575	0.538	0.759	543	0.31318914796111
SDR16C5	0.204	-0.259	0.326	318	0.326226259509213
PRXL2C	0.321	0.142	0.538	226	0.311861328759089
ZNF367	0.452	0.396	0.678	350	0.307887958602714
EGR2	0.459	0.31	0.636	476	0.308439230960914
ANTXRL	0.37	0.173	0.556	631	0.325959359289672
AHR	0.216	-0.235	0.344	848	0.322827058179796
EGR3	0.634	0.692	0.837	387	0.328680653509413
PLPP4	0.365	0.213	0.575	271	0.327463038251123
METTL15	0.191	-0.268	0.314	407	0.31018406445446
EGR4	0.516	0.521	0.746	589	0.302880678324344
EHHADH	0.23	-0.159	0.376	723	0.316765802383321
MPZL3	0.294	-0.014	0.461	235	0.312657084443108
IMMP1L	0.166	-0.491	0.2	166	0.290054568910424
OR56B4	0.359	0.256	0.589	319	0.331291933901799
KRT78	0.517	0.488	0.725	520	0.363110549885877
RILPL2	0.511	0.477	0.718	211	0.338009767327821
DNAH10	0.347	0.186	0.56	4471	0.339715023727214
AMN1	0.184	-0.237	0.327	258	0.308769047402691
EIF1AX	0.199	-0.33	0.286	144	0.339306179048
DTX3	0.486	0.431	0.695	350	0.32755969055247
METTL7B	0.466	0.418	0.687	244	0.337713092493377
ZFC3H1	0.192	-0.336	0.286	1989	0.316233980033393
MYRFL	0.273	-0.067	0.434	910	0.322565886554966
PLBD2	0.625	0.671	0.823	589	0.349843139722635
GARIN6	0.31	0.06	0.493	241	0.322535331730864
CCER1	0.466	0.369	0.669	406	0.331263145318678
EEF2KMT	0.446	0.432	0.693	330	0.310816876934985
EIF2S1	0.205	-0.287	0.306	315	0.335611836525521
PIANP	0.42	0.281	0.614	282	0.289090382020845
DCP1B	0.329	0.082	0.511	617	0.336927213329931
ANO6	0.267	-0.044	0.437	931	0.329584500924678
ARID2	0.191	-0.359	0.285	1835	0.306897939990199
METTL21C	0.273	-0.002	0.469	264	0.328681224613216
EIF2B1	0.32	0.121	0.529	305	0.33346570789038
VSTM4	0.457	0.431	0.694	320	0.336348155092373
PAOX	0.564	0.595	0.784	511	0.325326835901327
FAM24B	0.332	0.104	0.522	94	0.37450385638652
EIF2S3	0.194	-0.282	0.31	472	0.316708744890033
ADCY4	0.505	0.501	0.729	1077	0.328004415918111
EPHA2	0.625	0.636	0.807	976	0.352876178339708
FAM227B	0.185	-0.367	0.266	508	0.303012909009568
CT62	0.343	0.126	0.534	136	0.30321377895089
GRAMD2A	0.392	0.269	0.608	354	0.324594533492845
AHSG	0.367	0.143	0.55	368	0.336538744898328
LCTL	0.357	0.197	0.57	567	0.343637714481164
UBR1	0.205	-0.252	0.326	1749	0.324545128442063
PATL2	0.35	0.187	0.563	543	0.324321548142307
LDHD	0.555	0.552	0.761	507	0.336238703308357
FCSK	0.515	0.498	0.729	1084	0.328822963776453
MLKL	0.307	0.094	0.508	471	0.328837358962272
EIF4A1	0.351	0.203	0.567	406	0.3456435117439
ZNF778	0.281	-0.07	0.44	757	0.328153506223833
ACSF3	0.496	0.468	0.715	576	0.317631834626926
WDR90	0.557	0.575	0.773	1748	0.319005035413995
EME2	0.573	0.601	0.784	379	0.30996766077276
NLRC3	0.528	0.541	0.75	1065	0.340990957151384
NSMCE1	0.399	0.309	0.627	266	0.350145530062334
EIF4A2	0.232	-0.174	0.363	407	0.343406044822546
ZNF48	0.43	0.277	0.616	618	0.301254135565023
EIF4B	0.249	-0.201	0.362	616	0.293689993005194
EIF4E	0.22	-0.229	0.342	248	0.31463029514781
EIF4EBP1	0.555	0.519	0.746	118	0.285567043990256
EIF4EBP2	0.401	0.276	0.615	120	0.314599686407964
EIF4G1	0.364	0.163	0.554	1606	0.324973274222972
EIF4G2	0.228	-0.164	0.374	907	0.321600565497762
EIF5	0.243	-0.194	0.368	431	0.335852941494053
EIF5A	0.35	0.143	0.542	184	0.33342302964335
LKAAEAR1	0.587	0.683	0.828	240	0.279068486208074
AIF1	0.339	0.131	0.532	147	0.335156317563494
CELA1	0.472	0.389	0.679	258	0.363126661154415
ELANE	0.599	0.709	0.842	267	0.336633615449777
SERPINB1	0.304	0.027	0.481	379	0.342400937523202
DZIP1L	0.429	0.309	0.63	767	0.329177866916239
TTC21A	0.416	0.331	0.638	1320	0.369924167518038
ELAVL2	0.262	-0.094	0.416	389	0.332154530741232
ELAVL1	0.422	0.36	0.659	326	0.340306825454254
ELAVL3	0.568	0.611	0.792	367	0.349088975937459
ELAVL4	0.33	0.149	0.544	402	0.334176085544639
MCEMP1	0.381	0.264	0.607	187	0.350144655778371
ZNF627	0.232	-0.272	0.33	461	0.323063328179984
DAND5	0.427	0.318	0.631	189	0.33105901539202
ELF1	0.223	-0.285	0.326	619	0.315299803379478
ZNF585A	0.275	-0.096	0.424	769	0.33767743839664
NLRP7	0.392	0.309	0.625	1037	0.339321392873463
GGN	0.471	0.4	0.683	652	0.286623512336596
CADM4	0.48	0.474	0.718	388	0.328157016778432
THAP8	0.527	0.476	0.718	274	0.303360058571042
U2AF1L4	0.432	0.393	0.677	202	0.333801016397716
ZNF626	0.231	-0.251	0.343	528	0.338953297901053
NIBAN3	0.456	0.436	0.692	697	0.31429746674236
ELF2	0.203	-0.36	0.286	593	0.306483228280703
ADM5	0.418	0.396	0.669	153	0.284968800127894
LCE4A	0.455	0.26	0.622	99	0.367594486436035
ALG14	0.25	-0.004	0.451	216	0.307560946890048
FAM76A	0.353	0.11	0.53	341	0.37093253957831
ELF3	0.506	0.478	0.723	371	0.334669766277837
FYB2	0.247	-0.179	0.377	728	0.337652239019982
TMEM201	0.603	0.626	0.799	666	0.322569787387362
TMEM61	0.48	0.401	0.683	210	0.305375022888959
CYP4Z1	0.318	0.1	0.514	505	0.32706348865427
FAAP20	0.41	0.262	0.603	189	0.261175233396797
A2M	0.316	0.069	0.508	1474	0.331341430325139
ABCA2	0.651	0.721	0.85	2436	0.341414087942962
ELF4	0.413	0.288	0.622	663	0.317852265845175
CDCP2	0.581	0.578	0.776	540	0.343150121262609
SLC5A9	0.466	0.42	0.685	706	0.328985893967864
CC2D1B	0.437	0.298	0.625	858	0.33909293677132
NBPF11	0.305	0.055	0.496	865	0.341213006658834
NUDT17	0.372	0.258	0.597	328	0.294299571005275
TXLNA	0.452	0.349	0.655	546	0.346337987962031
ELF5	0.342	0.105	0.524	265	0.338859775547685
DYNLT5	0.201	-0.295	0.304	179	0.31351152177744
PLD5	0.287	0.035	0.483	536	0.341597928472362
C1orf100	0.217	-0.205	0.34	147	0.301235773430426
SPAG17	0.226	-0.232	0.349	2223	0.327221132273889
SLFNL1	0.649	0.688	0.832	407	0.331100891931973
KRTCAP2	0.47	0.488	0.721	162	0.324135352397783
CRTC2	0.396	0.235	0.593	693	0.294730407488137
ELK1	0.462	0.385	0.675	428	0.305934129323175
IBA57	0.54	0.575	0.77	356	0.31076269421661
FAM209A	0.284	0.047	0.488	171	0.316080788683889
RNF215	0.565	0.607	0.786	377	0.327029617884726
APOBEC3A	0.433	0.34	0.646	199	0.338224608753152
APOBEC3F	0.424	0.271	0.613	373	0.344774571768565
FOXD4L1	0.501	0.485	0.724	408	0.29672746251319
CFAP221	0.247	-0.105	0.411	840	0.323387285276442
ELK3	0.46	0.395	0.676	407	0.320807550125955
VWA3B	0.313	0.055	0.497	1294	0.33693396472101
CREG2	0.488	0.45	0.707	290	0.315174867294127
TET3	0.486	0.411	0.689	1795	0.332515072843775
ELK4	0.281	-0.08	0.426	431	0.313615547610613
GKN2	0.33	0.082	0.506	184	0.362450666640668
TEX37	0.413	0.28	0.621	180	0.33087581960369
ANKRD23	0.465	0.409	0.68	305	0.343967166396465
APLF	0.218	-0.25	0.339	511	0.313154000596912
PIKFYVE	0.236	-0.18	0.37	2098	0.313903796731405
ELN	0.258	-0.14	0.41	786	0.321326751335802
KRTCAP3	0.357	0.244	0.584	240	0.316805875486851
FAM237A	0.285	0.007	0.462	181	0.31686210270807
TMEM17	0.253	0.031	0.462	198	0.312027781158629
SPRED2	0.448	0.354	0.658	418	0.324046206771925
TIGD1	0.212	-0.247	0.333	591	0.316642852029607
CFAP20DC	0.239	-0.174	0.378	563	0.300605073244433
KCTD6	0.267	-0.043	0.442	237	0.311071731710638
LIPH	0.247	-0.106	0.406	451	0.313952487779859
ARL13B	0.205	-0.3	0.307	428	0.32191963521196
DHFR2	0.224	-0.154	0.376	187	0.323798659888209
EML1	0.301	0.04	0.491	834	0.315191742714161
HTR3D	0.419	0.296	0.621	454	0.315173718244782
RPL22L1	0.239	-0.168	0.378	122	0.336204792415024
SLC51A	0.447	0.389	0.665	340	0.336921840613435
FBXO45	0.369	0.212	0.58	286	0.340131668612345
KLHDC8B	0.412	0.294	0.624	354	0.314445904097696
MUC20	0.422	0.29	0.628	709	0.273659319164168
GABRR3	0.265	-0.046	0.438	467	0.312253056387675
EMD	0.424	0.316	0.636	254	0.32022748369823
MARK2	0.439	0.358	0.657	788	0.330013296788022
CEP112	0.21	-0.226	0.341	955	0.338142397222398
DHRS7C	0.482	0.427	0.693	312	0.36020661680164
TVP23C	0.253	-0.078	0.418	276	0.286756057056074
CENPV	0.497	0.478	0.725	272	0.31541737482177
FLCN	0.528	0.522	0.745	579	0.331272004350264
PLD6	0.528	0.54	0.749	252	0.314656989562525
ARHGAP27	0.64	0.67	0.825	889	0.318408281650473
ZNF385C	0.468	0.357	0.659	424	0.32148142702715
SAMD14	0.538	0.538	0.755	445	0.302081736841844
EMP1	0.374	0.282	0.611	157	0.348246184696179
LYRM9	0.345	0.122	0.52	78	0.364788754909044
SLC16A13	0.412	0.355	0.65	426	0.306935487181397
SPEM2	0.473	0.404	0.681	501	0.311549242746209
CENPX	0.48	0.415	0.688	131	0.3169189855093
LRRC45	0.62	0.681	0.825	670	0.351012452030645
SLC39A11	0.354	0.189	0.566	342	0.330586432778219
TRIM65	0.592	0.637	0.804	517	0.327810027278995
UNC13D	0.596	0.625	0.797	1090	0.33361579186387
RDM1	0.271	-0.03	0.45	284	0.33977502444351
EMP2	0.456	0.428	0.688	167	0.347600014241497
SPNS3	0.513	0.508	0.733	512	0.330361114631483
EMP3	0.506	0.582	0.77	163	0.344487092742996
FBXO15	0.25	-0.082	0.416	510	0.305445827850201
RAB12	0.342	0.193	0.564	244	0.327085739100592
ADGRE1	0.364	0.173	0.561	886	0.346938434834456
ZBTB7C	0.629	0.637	0.807	619	0.351070810482621
ZNF584	0.316	0.045	0.495	421	0.321030206229398
ZSCAN4	0.239	-0.159	0.388	433	0.313159113117217
HACD2	0.271	0.045	0.484	254	0.315986572949961
STT3B	0.224	-0.183	0.366	826	0.3119117370003
EMX1	0.675	0.761	0.873	290	0.321986209389735
DNAH12	0.171	-0.398	0.251	457	0.30416724566691
PDE12	0.355	0.204	0.576	609	0.32776027752744
DENND6A	0.225	-0.168	0.37	608	0.312027948830919
TIGIT	0.389	0.269	0.609	244	0.329637690078458
CTTN	0.428	0.308	0.638	634	0.343046801657957
C4orf46	0.295	-0.023	0.464	113	0.305650275384136
SLC10A4	0.419	0.372	0.66	437	0.319568395157282
TIGD4	0.167	-0.451	0.228	512	0.313112050688809
TMEM154	0.2	-0.234	0.341	183	0.323690722309567
EMX2	0.512	0.529	0.75	252	0.312570350441932
SMIM14	0.204	-0.263	0.319	99	0.291537623195663
EN1	0.578	0.614	0.798	392	0.315281789326726
TMEM192	0.246	-0.019	0.434	271	0.31766331106791
RWDD4	0.209	-0.284	0.322	188	0.321358233578104
PRIMPOL	0.176	-0.444	0.234	560	0.326925817266559
CRYBG1	0.256	-0.118	0.41	1723	0.311659076004306
EN2	0.643	0.709	0.847	333	0.325808847164671
TAPT1	0.249	-0.055	0.427	567	0.321272256134721
SPATA24	0.409	0.343	0.65	205	0.37039721121561
DNAJC18	0.272	-0.115	0.406	358	0.346647565410613
ENDOG	0.652	0.732	0.855	297	0.319121297858007
RANBP3L	0.193	-0.34	0.287	490	0.312467563007936
ENG	0.517	0.53	0.748	658	0.317196837360276
CCDC125	0.195	-0.299	0.305	511	0.326189904140395
ENO1	0.426	0.306	0.63	434	0.375273571963166
GAPT	0.199	-0.275	0.318	157	0.3168317781708
CMYA5	0.206	-0.326	0.304	4069	0.306024087480504
STK32A	0.298	0.014	0.474	407	0.342128025338567
TCTE1	0.499	0.479	0.717	501	0.328433752387915
KHDRBS2	0.222	-0.267	0.327	349	0.310628358879639
ENO2	0.428	0.309	0.63	434	0.364040345621819
RPP21	0.39	0.277	0.609	503	0.328100368038656
TRIM39-RPP21	0.39	0.277	0.609	503	0.328100368038656
ENO3	0.478	0.417	0.69	434	0.379623074077169
ENPEP	0.255	-0.099	0.415	957	0.324930545707759
C7orf33	0.247	-0.093	0.412	177	0.2844779994664
ENSA	0.352	0.168	0.565	137	0.346168888379426
TMEM184A	0.683	0.767	0.875	413	0.354470286649783
AK1	0.507	0.49	0.727	210	0.341142526422124
SLC29A1	0.48	0.419	0.685	456	0.349898715179813
ADCK5	0.6	0.655	0.812	580	0.33028659929729
TSNARE1	0.522	0.521	0.743	514	0.334556276581664
TUBB	0.472	0.383	0.674	444	0.345611662752107
R3HCC1	0.436	0.341	0.644	440	0.317375108776254
PRSS55	0.386	0.245	0.595	352	0.324588897992452
C8orf74	0.559	0.583	0.774	294	0.345179482603213
HTRA4	0.338	0.172	0.555	476	0.326404983102358
ADAM32	0.187	-0.387	0.263	787	0.320396399810338
ERICH5	0.243	-0.22	0.365	374	0.320547651749994
LGI3	0.571	0.582	0.775	548	0.342219319625482
TMEM268	0.398	0.286	0.616	343	0.340480271011763
C9orf72	0.19	-0.273	0.31	481	0.297519058328195
CCDC171	0.204	-0.227	0.339	1326	0.327597439687499
NAIF1	0.59	0.597	0.785	327	0.348670070627336
FAM219A	0.542	0.551	0.763	185	0.35821681682052
CCDC107	0.394	0.279	0.615	283	0.313352518022459
ANKS6	0.435	0.354	0.656	871	0.30996954964128
EP300	0.29	-0.048	0.449	2414	0.330198563051257
SUSD3	0.539	0.559	0.765	255	0.326606723966662
EPAS1	0.503	0.442	0.704	870	0.333403923174435
CT83	0.232	-0.053	0.422	113	0.304413210746964
SLC25A43	0.356	0.254	0.596	341	0.32352733619225
RTL3	0.321	0.065	0.507	475	0.332981305074595
NRK	0.228	-0.22	0.347	1582	0.315024045990346
EPB41	0.242	-0.175	0.378	864	0.318790476429658
INTS6L	0.199	-0.284	0.31	898	0.309049613772331
ZNF449	0.222	-0.21	0.353	518	0.31554344813495
VMA21	0.372	0.276	0.604	156	0.300016914346188
TMEM31	0.241	-0.094	0.396	168	0.313600120988434
PAGE2	0.216	-0.302	0.315	111	0.312030126766189
EPB41L1	0.49	0.43	0.697	881	0.32891752377731
CDY2B	0.245	-0.158	0.385	541	0.331653839839967
EPB41L2	0.273	-0.067	0.436	1005	0.321199709345675
EPB42	0.406	0.293	0.62	721	0.337756270686529
ANO5	0.219	-0.209	0.35	913	0.323990039878517
DMTN	0.485	0.399	0.678	405	0.313317413232369
AK2	0.357	0.154	0.543	239	0.331451047352667
STOM	0.29	0.017	0.466	288	0.32494659921198
EPHA1	0.449	0.367	0.66	976	0.320986079858028
EPHA3	0.282	-0.041	0.445	983	0.329978296623898
CERS3	0.251	-0.082	0.411	383	0.324056735383771
EPHA4	0.319	0.066	0.503	986	0.342332572651173
EPHA5	0.264	-0.096	0.417	1038	0.327502055637835
PDILT	0.359	0.204	0.574	584	0.349059067735214
EPHA7	0.22	-0.229	0.346	998	0.323839972070295
EPHA8	0.632	0.681	0.829	1005	0.331904516501711
EPHB1	0.45	0.352	0.654	984	0.339302962059114
EPHB2	0.555	0.548	0.759	1055	0.351970744561552
NLRP11	0.257	-0.034	0.436	1033	0.32384529969305
HIPK1	0.29	-0.033	0.454	1210	0.321170497304778
EPHB3	0.534	0.523	0.745	998	0.33675210994622
SLC44A5	0.226	-0.146	0.379	719	0.329819211340536
AK4	0.304	0.083	0.505	223	0.316334986151637
EPHB4	0.519	0.511	0.739	987	0.333214041699631
EPHB6	0.462	0.393	0.677	1022	0.330710792043446
AMER3	0.483	0.399	0.682	861	0.314565582371984
EPHX1	0.508	0.471	0.715	455	0.344142771694826
EPHX2	0.391	0.258	0.602	555	0.334880052636991
C2orf69	0.252	-0.09	0.42	385	0.314501945123499
STX2	0.277	-0.011	0.453	288	0.332357739184957
DIPK2A	0.397	0.337	0.638	430	0.32367859659831
CLN8	0.4	0.314	0.63	286	0.320435899233452
SENP5	0.256	-0.112	0.408	755	0.33361201458135
EPO	0.442	0.389	0.667	193	0.330131600836555
EPOR	0.524	0.529	0.748	508	0.313563730635272
USF3	0.208	-0.314	0.308	2245	0.306496460208728
EPRS1	0.21	-0.279	0.323	1512	0.333823479696376
TRIML2	0.302	0.104	0.516	437	0.326945059795601
EPS8	0.226	-0.244	0.34	822	0.310247667897995
EPS15	0.214	-0.301	0.313	896	0.317207894607148
NR2F6	0.747	0.857	0.924	404	0.335281059752108
LVRN	0.253	-0.056	0.429	990	0.314549339619918
SLC36A1	0.499	0.497	0.725	476	0.339204365074543
ERBB2	0.498	0.442	0.702	1255	0.340339784887656
C6orf163	0.235	-0.208	0.354	329	0.356246210958485
ERBB3	0.343	0.127	0.534	1342	0.322994508714067
ERBB4	0.278	-0.068	0.432	1308	0.334754317555128
ERCC1	0.459	0.391	0.675	323	0.340056380415159
ERCC2	0.585	0.62	0.794	760	0.34925957183248
EREG	0.249	-0.097	0.411	169	0.321918333376656
AKT1	0.653	0.684	0.832	480	0.359768072866776
EYA4	0.224	-0.236	0.349	645	0.299224477305613
DHRSX	0.417	0.364	0.66	330	0.331530271753436
ERCC3	0.367	0.199	0.573	782	0.345366124977028
ERCC4	0.237	-0.115	0.396	916	0.313421206261994
ERCC5	0.235	-0.175	0.375	1186	0.315004312266383
ERCC6	0.272	-0.082	0.424	1493	0.327188921421537
ERF	0.521	0.487	0.729	548	0.306396986666638
ERG	0.392	0.232	0.596	486	0.325084104833367
ERH	0.304	-0.019	0.455	104	0.371154105636407
AKT2	0.558	0.577	0.773	481	0.334760795663471
ERN1	0.464	0.403	0.681	977	0.330212355918959
ERV3-1	0.234	-0.131	0.397	604	0.311983389700202
FBL	0.355	0.174	0.561	321	0.32188949974904
ESD	0.217	-0.292	0.32	282	0.334366452596364
ESR1	0.45	0.389	0.671	595	0.3365839723586
ABCA3	0.582	0.615	0.792	1704	0.346100094547933
ALAD	0.433	0.334	0.642	330	0.328557958309678
ESR2	0.371	0.238	0.59	530	0.325153919982549
ESRRA	0.527	0.513	0.738	423	0.337267007975125
ESRRB	0.554	0.548	0.756	508	0.342901461024546
ESRRG	0.305	0.061	0.497	470	0.338001718649749
ETF1	0.208	-0.233	0.34	437	0.325505740297113
ETFA	0.2	-0.295	0.311	333	0.31392728325333
ETFB	0.48	0.404	0.68	346	0.343532908830198
ALAS1	0.328	0.09	0.517	640	0.326952103938802
ETFDH	0.189	-0.345	0.282	617	0.307351397967501
ETS1	0.353	0.132	0.542	485	0.331802955484967
ETS2	0.411	0.294	0.626	469	0.341496110069461
ETV1	0.302	-0.065	0.441	477	0.328483417550115
ETV2	0.508	0.5	0.736	342	0.309917822310764
ETV3	0.378	0.132	0.54	512	0.316386087732751
ETV4	0.456	0.368	0.667	484	0.331846754591751
ETV5	0.345	0.092	0.523	510	0.321758058345222
ALAS2	0.415	0.279	0.616	587	0.34021203072684
ETV6	0.377	0.207	0.569	452	0.309183094006384
EVC	0.468	0.434	0.694	992	0.342111968918155
MECOM	0.263	-0.132	0.404	1116	0.316559810035492
EVI2A	0.196	-0.331	0.289	259	0.306175991539125
EVI2B	0.186	-0.428	0.246	448	0.297439525962104
EVPL	0.661	0.709	0.843	2055	0.351648892161176
EVX1	0.603	0.683	0.833	407	0.307728944957278
ALB	0.226	-0.228	0.352	609	0.351578729930663
EWSR1	0.298	-0.067	0.449	661	0.303480110517745
EXT1	0.344	0.164	0.552	746	0.337311306033771
EXT2	0.341	0.153	0.546	751	0.336399331794961
EXTL1	0.469	0.399	0.676	676	0.30989810048489
EXTL2	0.21	-0.196	0.354	330	0.33045414994018
EXTL3	0.476	0.423	0.69	919	0.343001199569564
EYA1	0.249	-0.165	0.384	592	0.295395869194192
EYA2	0.423	0.32	0.64	538	0.327590216064381
ALCAM	0.239	-0.175	0.375	583	0.326950350190823
EYA3	0.233	-0.203	0.365	573	0.308847272564504
EZH1	0.328	0.048	0.497	747	0.353675291615473
EZH2	0.251	-0.177	0.376	751	0.337181716281167
F2	0.497	0.436	0.699	622	0.347046316567338
F2R	0.359	0.214	0.577	425	0.336004216238523
ABCD1	0.608	0.668	0.82	745	0.342063525825252
F2RL1	0.347	0.182	0.557	397	0.336783322956378
F2RL2	0.286	0.035	0.476	374	0.338842942638072
F3	0.311	0.059	0.503	295	0.326404596318419
F5	0.26	-0.105	0.412	2224	0.313349107641147
F7	0.556	0.581	0.776	466	0.340283124577273
F8	0.227	-0.213	0.355	2351	0.312414684817468
F9	0.213	-0.279	0.326	461	0.344801529564428
F10	0.571	0.586	0.781	488	0.361339629875157
ALDH1A1	0.25	-0.139	0.396	501	0.331211127820357
F11	0.272	-0.045	0.445	625	0.327600540055377
F12	0.57	0.59	0.782	615	0.328861910525311
F13A1	0.331	0.12	0.532	732	0.334775554497162
F13B	0.173	-0.441	0.237	661	0.3249132416458
FAAH	0.531	0.519	0.742	579	0.340988095025831
FABP4	0.262	-0.096	0.424	132	0.314630125859862
FABP1	0.442	0.371	0.667	127	0.384292317406639
FABP2	0.204	-0.304	0.307	132	0.321223952568111
ALDH2	0.497	0.452	0.71	517	0.367535855992913
FABP3	0.397	0.237	0.594	133	0.322142143014612
FABP5	0.257	-0.138	0.398	135	0.325097845206032
FABP6	0.539	0.518	0.748	177	0.365139177487411
FABP7	0.284	-0.062	0.44	166	0.327486141155493
FANCA	0.361	0.218	0.577	1455	0.320194464021991
FANCC	0.261	-0.021	0.443	558	0.320021330518736
FANCD2	0.254	-0.054	0.43	1471	0.325314719851228
FANCE	0.397	0.318	0.627	536	0.317668077180996
ALDH3A1	0.627	0.661	0.819	453	0.368714565746892
ACSL1	0.283	0.017	0.472	698	0.328292298201945
ACSL3	0.198	-0.304	0.302	720	0.325324234214932
ACSL4	0.217	-0.248	0.331	711	0.337272132673306
FAH	0.419	0.322	0.638	419	0.333759832772345
PTK2B	0.517	0.495	0.728	1009	0.354698553060695
BPTF	0.246	-0.174	0.382	2920	0.316834742059811
FANCB	0.172	-0.365	0.267	859	0.314786651005709
FANCF	0.363	0.27	0.599	374	0.294036822892628
FANCG	0.335	0.161	0.541	622	0.312135047424946
ALDH1B1	0.49	0.444	0.705	517	0.35398731682668
FAP	0.201	-0.3	0.308	760	0.325531769515624
FBLN1	0.548	0.527	0.749	703	0.363410113136253
SAMD9L	0.198	-0.283	0.311	1584	0.32499062821716
AMER2	0.517	0.521	0.748	671	0.312814645665368
ATAD3C	0.54	0.576	0.77	411	0.342510195621251
FARSA	0.576	0.601	0.786	508	0.332413198798318
USP12	0.198	-0.262	0.325	370	0.325787237694227
PLAC9	0.486	0.458	0.707	97	0.301469122132273
FASN	0.65	0.697	0.837	2511	0.344814838246937
MTIF3	0.217	-0.244	0.331	278	0.329775661006475
GSX1	0.6	0.65	0.815	264	0.324705482978965
OR8U1	0.301	0.098	0.509	309	0.336350814816053
OR4C11	0.245	-0.034	0.432	310	0.329520216488239
OR4S2	0.27	0.001	0.461	311	0.335215895684695
OR4C6	0.308	0.14	0.531	309	0.326616116931718
OR5D14	0.314	0.122	0.524	314	0.333679418919695
OR5D18	0.343	0.221	0.579	313	0.331793723690698
OR5AS1	0.231	-0.107	0.396	324	0.314089387563961
OR8K5	0.245	-0.093	0.404	307	0.334649608156109
OR5T2	0.242	-0.118	0.397	359	0.329445270401295
OR8H1	0.241	-0.072	0.412	311	0.324511791860172
OR8J1	0.242	-0.106	0.401	316	0.328394454338168
OR5M3	0.279	0.007	0.458	307	0.342257728817044
OR5M8	0.323	0.152	0.538	311	0.35404930200169
OR5M11	0.315	0.132	0.529	305	0.325116625288423
FAT1	0.271	-0.064	0.437	4588	0.322049995372991
LRRC55	0.52	0.52	0.74	341	0.327369610076849
SMTNL1	0.431	0.24	0.609	494	0.356396936283995
YPEL4	0.464	0.394	0.68	127	0.348727630757185
MED19	0.414	0.203	0.583	261	0.316458548911108
TEX47	0.211	-0.189	0.357	253	0.302448791374274
ZNF804B	0.212	-0.276	0.324	1349	0.316807710083353
FAT2	0.362	0.179	0.564	4349	0.326481344828558
CABCOCO1	0.195	-0.272	0.318	208	0.316905483530953
TMEM26	0.307	0.147	0.534	368	0.311039980409965
ZCCHC24	0.738	0.791	0.889	241	0.372256413833798
ENKUR	0.236	-0.237	0.344	256	0.346297094343152
ARMC3	0.206	-0.254	0.326	872	0.334429771999354
UNC5B	0.582	0.601	0.787	945	0.333063266555712
FAU	0.462	0.403	0.685	133	0.351215778705237
STOX1	0.257	-0.107	0.411	989	0.31524674764663
FAM241B	0.436	0.368	0.655	121	0.322512972360132
TYSND1	0.572	0.618	0.796	566	0.313521920673319
ZNF25	0.27	-0.127	0.414	456	0.337158968163915
GJD4	0.562	0.614	0.792	370	0.300546105863726
CCNY	0.357	0.204	0.568	341	0.330024867510322
RTKN2	0.201	-0.301	0.303	609	0.317083190758172
TBATA	0.393	0.249	0.598	352	0.317281792189381
KCNJ5-AS1	0.408	0.253	0.604	145	0.302180811944132
HYLS1	0.204	-0.244	0.331	299	0.30346914996218
TMEM218	0.333	0.23	0.575	115	0.332166045611186
SLC37A2	0.496	0.504	0.732	505	0.349243448136156
OR8B12	0.338	0.217	0.574	310	0.329819143126185
OR8G5	0.331	0.155	0.541	346	0.339538242404006
OR10G8	0.427	0.359	0.652	311	0.328219048330841
OR10G9	0.444	0.397	0.673	311	0.332175543547564
OR10S1	0.449	0.381	0.665	331	0.343527220160754
OR6T1	0.364	0.279	0.603	323	0.314879064553086
OR4D5	0.355	0.207	0.568	318	0.329021927362255
TBCEL	0.215	-0.202	0.353	424	0.309084917189498
FBLN2	0.545	0.483	0.728	1231	0.361162883072041
TLCD5	0.337	0.139	0.534	267	0.311017403882823
MRPL21	0.304	0.118	0.52	205	0.300738933135804
TPCN2	0.531	0.546	0.752	752	0.342305277217535
SPATA19	0.292	0.072	0.497	167	0.291156167578161
OR6Q1	0.351	0.185	0.56	317	0.340155749731404
OR9I1	0.388	0.287	0.613	314	0.347574398245061
OR9Q1	0.367	0.271	0.6	310	0.351955827082932
OR9Q2	0.409	0.336	0.639	314	0.347266773874471
OR1S2	0.326	0.162	0.543	325	0.33809120199705
OR10Q1	0.511	0.558	0.758	319	0.341232358549765
OR5B17	0.263	-0.032	0.439	314	0.320312823697634
OR5B21	0.334	0.169	0.552	309	0.333375846720282
GLYATL2	0.266	-0.068	0.434	294	0.354246919832441
MPEG1	0.372	0.216	0.585	716	0.337929128821706
OR5A2	0.347	0.177	0.557	324	0.34647027865736
OR5A1	0.406	0.311	0.627	315	0.335618565003693
OR4D6	0.402	0.308	0.624	314	0.340022606748913
OR4D11	0.36	0.248	0.588	311	0.3226392421602
PATL1	0.248	-0.13	0.389	770	0.301625707052018
OOSP2	0.184	-0.287	0.298	158	0.283397650285481
MS4A15	0.472	0.393	0.677	240	0.329889411391644
ABCB7	0.209	-0.23	0.338	753	0.309046002495958
ALDH1A3	0.419	0.298	0.627	512	0.357199982334079
FBN1	0.307	-0.03	0.459	2871	0.358212368676229
VWCE	0.426	0.287	0.625	955	0.323864385871845
CYB561A3	0.471	0.453	0.702	263	0.318253421278478
PPP1R32	0.507	0.475	0.724	425	0.321991440820054
GDPD4	0.223	-0.15	0.371	520	0.310198385872122
DDIAS	0.186	-0.402	0.258	998	0.310413712845268
CCDC83	0.215	-0.214	0.347	444	0.323533099051643
LTO1	0.256	-0.094	0.42	137	0.325447750392983
LRTOMT	0.453	0.387	0.662	291	0.310470702233429
ERICH6B	0.302	0.022	0.479	696	0.347836566364533
CBY2	0.627	0.663	0.819	448	0.334490052120754
FBN2	0.314	-0.009	0.471	2912	0.359811748020758
DLEU7	0.458	0.463	0.71	221	0.31520695904114
FAM124A	0.507	0.447	0.707	582	0.30949105223497
SKA1	0.179	-0.319	0.291	255	0.327964362564118
CFAP53	0.27	-0.011	0.453	514	0.358948199246943
DOK6	0.304	0.057	0.494	331	0.31724714562362
EFEMP1	0.277	-0.07	0.435	493	0.340192833306877
ATOH7	0.7	0.808	0.897	152	0.314483344095849
OTUD1	0.544	0.555	0.764	481	0.324179003676535
HEPACAM	0.529	0.533	0.747	416	0.310889462073655
FBP1	0.43	0.349	0.654	338	0.358818954962697
OAF	0.671	0.742	0.861	273	0.332255822863427
TIGD3	0.511	0.483	0.721	471	0.335367489506487
FAM181B	0.593	0.679	0.831	426	0.307660959845295
CCDC89	0.441	0.383	0.664	374	0.35114543252934
FCAR	0.362	0.196	0.567	287	0.331311141231931
LRRC63	0.156	-0.477	0.203	587	0.300004703792994
RNF152	0.571	0.591	0.781	203	0.347853743219771
FCER1A	0.298	0.004	0.472	257	0.353844425371011
MS4A2	0.225	-0.198	0.353	244	0.310503833283932
FCER1G	0.323	0.167	0.541	86	0.33069340093929
FCER2	0.478	0.428	0.693	321	0.343098248871284
ZNG1E	0.195	-0.238	0.332	395	0.315835459335103
FCGR1A	0.292	0.068	0.499	374	0.312409667646658
ZNF438	0.275	-0.08	0.426	828	0.317437852962851
SLC16A9	0.217	-0.186	0.361	509	0.324514021821859
FAM13C	0.285	-0.029	0.456	585	0.317850419206037
MARCHF8	0.345	0.119	0.533	573	0.32804914609772
HNRNPA3	0.194	-0.43	0.257	378	0.295651245242644
ZNF485	0.261	-0.152	0.394	441	0.337797998367887
ALDH3B1	0.665	0.717	0.848	468	0.359229395960847
FCGR1BP	0.29	0.068	0.5	280	0.310836983081149
RASGEF1A	0.566	0.566	0.768	489	0.364697719707244
REEP3	0.197	-0.32	0.299	255	0.317093632293975
JMJD1C	0.186	-0.382	0.269	2540	0.3041964106304
UCMA	0.419	0.308	0.631	138	0.338616487005365
FAM171A1	0.382	0.275	0.613	890	0.310909785897001
SLC39A12	0.243	-0.072	0.419	691	0.311809866964761
NSUN6	0.186	-0.324	0.29	469	0.31858350570972
ARL5B	0.209	-0.182	0.359	179	0.319995577052588
LRRN4CL	0.524	0.559	0.764	238	0.32701158712525
HNRNPUL2	0.379	0.22	0.588	747	0.340878405646336
ALKBH3	0.269	-0.082	0.421	286	0.313211113722766
EEF1AKMT1	0.251	-0.112	0.404	214	0.341288739872897
SKA3	0.203	-0.315	0.3	412	0.314550830743229
MICU2	0.212	-0.246	0.335	434	0.308493617328669
SPATA13	0.444	0.34	0.649	1277	0.327168687850896
CPNE2	0.538	0.524	0.747	548	0.357623113698584
ADGRG5	0.524	0.535	0.748	528	0.328224462604365
PRSS54	0.365	0.199	0.573	395	0.32434548127568
FCGR2A	0.39	0.205	0.579	317	0.352310700717114
CES5A	0.36	0.185	0.564	604	0.33545999598459
AK9	0.184	-0.355	0.273	1911	0.328821969292792
NT5DC1	0.249	-0.156	0.384	455	0.32820566235992
FCGR2B	0.407	0.244	0.601	310	0.346378375592989
CALHM4	0.253	-0.038	0.436	171	0.317385796430602
ZUP1	0.166	-0.435	0.232	578	0.317084248881576
FAM162B	0.324	0.158	0.542	162	0.306067011259855
TBC1D32	0.176	-0.354	0.268	1257	0.323100284411816
BEND6	0.221	-0.234	0.348	279	0.330086733074197
GSTA5	0.3	0.108	0.514	222	0.349357645250459
OPN5	0.31	0.087	0.508	354	0.334112595581977
ADGRF4	0.267	-0.039	0.438	695	0.33410112354948
ADGRF5	0.296	0.03	0.483	1346	0.330213165288984
FCGR3A	0.321	0.082	0.51	359	0.3215487526444
TDRD6	0.223	-0.184	0.367	2096	0.322361556787023
SPATS1	0.299	-0.032	0.457	300	0.314807889389525
LINC03040	0.368	0.28	0.604	242	0.251981015163351
RSPH9	0.376	0.276	0.61	306	0.311042377063297
LRRC73	0.511	0.526	0.741	316	0.328568094325079
OARD1	0.229	-0.151	0.384	152	0.335464230821786
KIF6	0.265	-0.031	0.443	814	0.32462259451961
TMEM217	0.365	0.24	0.588	229	0.329140041149476
FGD2	0.594	0.593	0.781	655	0.349831014984589
PI16	0.439	0.327	0.644	463	0.324380316057505
C6orf89	0.309	0.056	0.493	354	0.327685132033212
ARMC12	0.439	0.383	0.664	367	0.348456307786831
SMIM29	0.412	0.282	0.612	159	0.289537016570375
LEMD2	0.476	0.497	0.725	503	0.304460123770817
FCGR3B	0.341	0.148	0.544	269	0.330519853632907
ZBTB9	0.322	0.062	0.501	473	0.307629926566476
ZBTB12	0.555	0.577	0.774	459	0.341305968978574
C6orf136	0.374	0.27	0.604	496	0.283419654726018
H2AC1	0.325	0.127	0.523	131	0.318077777100803
KDM1B	0.27	-0.102	0.418	590	0.332590862835759
RBM24	0.383	0.17	0.569	236	0.37210241674515
RNF182	0.344	0.174	0.558	247	0.326602671862798
PHACTR1	0.373	0.223	0.58	580	0.312076045973982
FCGRT	0.508	0.502	0.733	365	0.322077860056373
SMIM13	0.302	0.057	0.488	91	0.285736530272008
SYCP2L	0.216	-0.221	0.344	812	0.317409441621694
PXDC1	0.411	0.354	0.65	231	0.30377839238995
ZSCAN25	0.469	0.365	0.663	544	0.332185345456797
FAM200A	0.156	-0.396	0.24	573	0.300668143289726
FKTN	0.222	-0.206	0.355	461	0.321922001188758
VWDE	0.219	-0.271	0.329	1590	0.32649310078122
PRPS1L1	0.286	0.003	0.463	318	0.34202581241171
POLR1F	0.256	-0.123	0.408	338	0.339201961840492
SP8	0.65	0.736	0.863	508	0.315442686952079
JAZF1	0.425	0.307	0.633	243	0.324047236843519
FCN1	0.455	0.373	0.67	326	0.347030070597174
PPP1R35	0.535	0.573	0.768	253	0.290399307372466
GPC2	0.482	0.462	0.708	579	0.306855595884313
BRAT1	0.558	0.593	0.781	821	0.320963637069262
SDK1	0.487	0.456	0.71	2213	0.322201635145808
FOXK1	0.585	0.634	0.807	733	0.311253466948875
MMD2	0.532	0.529	0.747	270	0.336856253648806
DAGLB	0.409	0.345	0.647	672	0.332459059531927
CCZ1B	0.273	-0.005	0.461	482	0.338455012391185
THSD7A	0.308	0.017	0.481	1657	0.338543864546663
ALDH3B2	0.697	0.743	0.863	385	0.366319713619885
FCN2	0.505	0.448	0.709	313	0.349543402782797
VSTM2A	0.376	0.264	0.614	244	0.341590876300352
TMED4	0.528	0.538	0.75	227	0.344756156200021
MTURN	0.498	0.467	0.722	131	0.350131261321576
PRR15	0.583	0.602	0.792	129	0.305469057783435
RSBN1L	0.239	-0.171	0.38	846	0.318041243691193
FDFT1	0.392	0.272	0.61	476	0.343593110929212
ELAPOR2	0.277	-0.112	0.419	1029	0.332790828071908
LRWD1	0.61	0.65	0.812	647	0.346700890530904
FAM185A	0.269	-0.037	0.449	392	0.312285496711521
FBXL13	0.205	-0.212	0.339	735	0.324502305063707
NAPEPLD	0.218	-0.274	0.322	393	0.305565323621904
ATXN7L1	0.316	0.062	0.507	861	0.291646290305433
CDHR3	0.308	0.039	0.488	885	0.324082398095417
BEND7	0.262	-0.041	0.443	468	0.313976024972517
FDPS	0.424	0.331	0.638	419	0.356388215211363
LNX2	0.25	-0.089	0.415	690	0.316949095067819
ADGRG3	0.488	0.489	0.723	549	0.33600299973793
HS3ST5	0.312	0.065	0.491	346	0.336309293475121
GPRC6A	0.243	-0.116	0.398	926	0.336209553649676
RFX6	0.267	-0.074	0.43	928	0.324256502715074
SLC35F1	0.356	0.262	0.598	408	0.324622618254589
FAM83B	0.198	-0.326	0.297	1011	0.307681460238697
TSPO2	0.449	0.438	0.69	170	0.319069459146666
UNC5CL	0.494	0.466	0.712	518	0.323402893333409
KCTD20	0.253	-0.128	0.397	419	0.330620983814964
PXT1	0.235	-0.147	0.386	134	0.317895351535651
LHFPL5	0.598	0.647	0.81	219	0.365449473526125
SCUBE3	0.462	0.356	0.66	993	0.359683119392486
ZSCAN23	0.322	0.087	0.512	389	0.340405253745242
NKAPL	0.281	-0.06	0.438	402	0.307465982569256
FAM217A	0.19	-0.366	0.274	508	0.322101606045595
TMEM130	0.533	0.545	0.758	435	0.345131200567635
FERD3L	0.5	0.512	0.735	166	0.322344839356342
NYAP1	0.518	0.496	0.733	841	0.301425320474603
SLC29A4	0.657	0.721	0.849	530	0.33277899346128
RSPH10B	0.293	0.021	0.479	870	0.329194299886042
ALDH9A1	0.273	-0.049	0.442	518	0.335851330951815
FDX1	0.3	0.066	0.497	184	0.295655799656019
ITPRID1	0.281	-0.052	0.442	1062	0.317545156916776
ZNRF2	0.407	0.339	0.654	242	0.298854355354969
SEMA3D	0.243	-0.139	0.387	777	0.326169642366544
FDXR	0.507	0.476	0.719	534	0.321006916856134
FECH	0.325	0.109	0.52	429	0.323957050079211
FEN1	0.479	0.376	0.666	380	0.361792257341088
GPC4	0.338	0.118	0.533	556	0.35251311414398
ALDH3A2	0.259	-0.052	0.429	508	0.331784454649795
FER	0.192	-0.265	0.321	822	0.327896004758357
FES	0.575	0.59	0.778	822	0.344861217426462
FGA	0.252	-0.154	0.393	866	0.305334907477736
FGB	0.238	-0.19	0.37	491	0.333144520373847
FGD1	0.473	0.406	0.682	961	0.320126673239646
FGF1	0.401	0.259	0.605	155	0.340669586975846
FGF2	0.405	0.319	0.633	288	0.302552484598708
FGF3	0.582	0.647	0.807	239	0.308503923469404
FGF4	0.725	0.861	0.925	206	0.329370313131788
ABCD2	0.204	-0.268	0.316	740	0.324053074550228
FGF5	0.319	0.1	0.521	268	0.310990735063627
FGF6	0.458	0.44	0.695	208	0.332826804075274
FGF7	0.224	-0.216	0.348	194	0.34111227404573
FGF8	0.625	0.688	0.831	244	0.328469135094441
FGF9	0.264	0.009	0.468	208	0.304771219617708
FGF10	0.334	0.114	0.533	208	0.345307271271826
FGF11	0.588	0.626	0.799	225	0.328791004038484
MAPK15	0.506	0.502	0.73	544	0.315568664412149
FGF12	0.34	0.134	0.538	243	0.325937108453726
FGF13	0.343	0.108	0.53	255	0.343702499210697
FGF14	0.237	-0.122	0.404	252	0.323501093080795
ALDOA	0.505	0.454	0.71	418	0.363180285309345
FGFR1	0.473	0.413	0.687	853	0.336859725903351
FGFR3	0.672	0.737	0.86	808	0.341478525343825
GPC5	0.262	-0.049	0.437	572	0.318096162237189
FGFR2	0.343	0.165	0.557	822	0.332039425614456
FGFR4	0.542	0.548	0.756	802	0.321384413568693
FGG	0.231	-0.221	0.356	453	0.34390021230773
FGL1	0.26	-0.129	0.405	312	0.346613925029043
FGR	0.552	0.525	0.747	529	0.359392434241917
FH	0.221	-0.24	0.342	510	0.325827524329409
FHIT	0.339	0.113	0.531	147	0.313780108075088
FHL1	0.464	0.327	0.651	323	0.391158054256792
FHL2	0.568	0.514	0.745	279	0.401118807973082
FHL3	0.488	0.379	0.676	280	0.35766302493932
VEGFD	0.297	-0.04	0.449	354	0.324277811206182
CASC3	0.3	-0.073	0.437	703	0.30295354124998
NID2	0.373	0.177	0.566	1375	0.324376446726795
COG2	0.237	-0.085	0.414	738	0.315628431559041
TFEC	0.194	-0.309	0.293	347	0.302907410706045
LAMB4	0.267	-0.078	0.428	1761	0.340559032706531
FKBP1A	0.385	0.229	0.592	108	0.329034775520014
RRAS2	0.26	-0.074	0.426	204	0.323618772180937
ITGA11	0.507	0.481	0.721	1188	0.342902654371759
CLCA4	0.197	-0.351	0.282	919	0.309636520286746
XRN2	0.209	-0.29	0.311	950	0.314532528338359
IKZF3	0.311	0.059	0.501	509	0.32334544835451
IKZF2	0.321	0.043	0.493	526	0.33016459461939
MRAS	0.435	0.363	0.66	208	0.342810397024879
ATF5	0.468	0.413	0.684	282	0.304732802630413
FKBP1B	0.414	0.297	0.629	108	0.340482079940002
COPZ1	0.328	0.135	0.534	185	0.34485980819888
COPG1	0.436	0.335	0.645	874	0.345984875011752
RASA3	0.526	0.521	0.745	834	0.356333071101339
PHLDA1	0.542	0.576	0.774	401	0.315529832126384
MTF2	0.197	-0.325	0.294	593	0.311183370351601
HSPA4L	0.198	-0.33	0.295	839	0.333724353741908
DNAJC8	0.247	-0.157	0.386	253	0.341789139441503
PUF60	0.532	0.489	0.729	559	0.356357616109527
SCAF8	0.201	-0.307	0.304	1349	0.293844142657001
NLGN4Y	0.38	0.25	0.601	816	0.331175625707565
CEP162	0.18	-0.358	0.277	1403	0.330492730668679
ZNF652	0.33	0.029	0.492	606	0.326938620511352
ZFP30	0.207	-0.303	0.305	519	0.335139172492024
RHOBTB3	0.264	-0.019	0.453	611	0.339339334298056
COBLL1	0.221	-0.286	0.323	1233	0.306031304276396
RNF44	0.567	0.565	0.769	432	0.304631398661209
DLGAP4	0.554	0.541	0.757	989	0.308137751258343
RAB11FIP2	0.224	-0.233	0.342	532	0.301343957397322
PPM1E	0.306	0.045	0.495	755	0.317227292795969
FRMPD1	0.352	0.157	0.551	1578	0.319098611220114
DOLK	0.42	0.377	0.658	538	0.320574465731355
VASH1	0.564	0.565	0.767	365	0.324627466688915
ZNF507	0.236	-0.179	0.373	953	0.325208095655462
AAK1	0.31	0.007	0.476	961	0.335771762436933
CPEB3	0.399	0.258	0.611	698	0.312753616757745
ADNP2	0.293	0.005	0.473	1131	0.327081806626561
ANKRD26	0.177	-0.362	0.273	1710	0.331855162430793
LMTK2	0.335	0.148	0.549	1503	0.30802375445726
NTNG1	0.332	0.083	0.513	539	0.331777381765236
CHSY1	0.392	0.277	0.612	802	0.335964810278333
CILK1	0.274	-0.066	0.428	632	0.31002644974016
ADGRL1	0.628	0.669	0.824	1474	0.345989771621138
FKBP2	0.52	0.527	0.745	142	0.325399528531378
NLRP1	0.387	0.27	0.606	1473	0.31871286181288
FNDC3A	0.202	-0.358	0.283	1198	0.308511543446879
ATG14	0.311	0.081	0.509	492	0.318038413758331
R3HDM2	0.35	0.128	0.54	1010	0.329285699344281
SLITRK3	0.268	-0.042	0.438	977	0.314232937571393
CNKSR2	0.241	-0.177	0.371	1034	0.314492575940997
FASTKD2	0.205	-0.238	0.329	710	0.318331803045023
ZNF510	0.237	-0.232	0.356	683	0.341550912228722
FKBP3	0.231	-0.233	0.353	224	0.337201063383135
PPP6R1	0.554	0.541	0.755	881	0.331648146715875
NLGN1	0.21	-0.267	0.327	823	0.306974099719433
SEC31A	0.231	-0.231	0.347	1220	0.325680217631471
DZIP1	0.287	0.004	0.472	867	0.32767638738519
PLEKHA6	0.509	0.448	0.707	1048	0.321513878891143
ENPP4	0.192	-0.296	0.302	453	0.312727191349203
INPP5F	0.237	-0.149	0.386	1132	0.326839949629219
MLXIP	0.527	0.51	0.74	919	0.315189736810279
TRAPPC8	0.182	-0.372	0.267	1435	0.309977396144952
MON1B	0.442	0.354	0.652	547	0.308461170581065
FKBP4	0.419	0.295	0.626	459	0.362024457388558
MORC2	0.385	0.227	0.585	1032	0.332803286511487
ANKRD6	0.335	0.121	0.531	727	0.340257838794835
ZHX2	0.402	0.263	0.612	837	0.332100139096432
CLSTN1	0.464	0.4	0.683	981	0.33599106226764
WDR37	0.356	0.216	0.581	494	0.315185225653073
ABLIM3	0.46	0.38	0.67	683	0.335052556161435
FOXJ3	0.242	-0.204	0.367	622	0.29740852199657
UBOX5	0.398	0.255	0.603	541	0.326188756981296
KHDC4	0.243	-0.23	0.357	614	0.317334733023983
FKBP5	0.27	-0.078	0.432	457	0.354835098103299
ZBTB1	0.198	-0.341	0.29	713	0.3215233306382
ZNF365	0.282	0.027	0.477	462	0.3151346048686
BAHD1	0.435	0.299	0.627	780	0.302978680162127
DIS3	0.197	-0.283	0.309	958	0.319913292840097
RPH3A	0.417	0.256	0.606	694	0.338937540107816
CEP164	0.403	0.276	0.612	1460	0.330556129955018
DENND3	0.463	0.436	0.698	1278	0.335891275068067
ARHGEF15	0.438	0.331	0.64	841	0.301336423670126
ALDOB	0.369	0.186	0.568	364	0.37307293173982
FOXG1	0.683	0.786	0.888	489	0.321955355537382
CARD8	0.313	0.068	0.502	537	0.323366072481145
ARSG	0.343	0.131	0.539	525	0.32442364877858
RUFY3	0.255	-0.074	0.421	620	0.339353129254043
BTBD3	0.304	0.042	0.491	522	0.350014997293426
SBNO2	0.701	0.777	0.881	1366	0.334511552735269
EPN2	0.462	0.37	0.667	641	0.326362777916064
TRAK1	0.451	0.4	0.678	953	0.322718082090271
DHX30	0.493	0.463	0.708	1194	0.326573660396663
SACM1L	0.203	-0.261	0.323	587	0.312817126677696
FAN1	0.266	-0.046	0.439	1017	0.330168644435162
WDR47	0.194	-0.336	0.288	927	0.311340046151881
RALY	0.443	0.342	0.651	306	0.334627610051412
KLRK1	0.225	-0.219	0.352	216	0.330948421885477
MMRN1	0.191	-0.29	0.31	1228	0.317775582426849
NCBP2	0.318	0.099	0.517	156	0.338814910549966
ZP1	0.453	0.368	0.664	638	0.326230510785064
CD93	0.536	0.505	0.741	652	0.347702818020373
MAPRE1	0.288	-0.041	0.45	268	0.368706432855951
KIFAP3	0.197	-0.269	0.312	792	0.336461061553111
MSRB2	0.348	0.169	0.559	182	0.307729496719942
MAPRE3	0.375	0.184	0.568	281	0.361282893166676
PLA2R1	0.243	-0.169	0.381	1463	0.314060393927156
ATF6	0.23	-0.204	0.357	670	0.313212775941958
HABP4	0.357	0.169	0.559	413	0.308085689566112
SEPHS2	0.358	0.257	0.605	447	0.317714446406605
SEPHS1	0.336	0.139	0.541	392	0.334985825289785
RAB3GAP1	0.214	-0.266	0.324	988	0.317682422620001
RAB18	0.204	-0.248	0.332	235	0.308776067243828
POMZP3	0.343	0.081	0.514	187	0.32168251944499
SIRT2	0.499	0.467	0.715	389	0.336178074226285
RPIA	0.421	0.31	0.632	311	0.346811915665019
ELL2	0.259	-0.094	0.417	640	0.321902976523279
SCAP	0.501	0.49	0.724	1279	0.320747755179525
SNW1	0.229	-0.216	0.349	571	0.326236098577153
FOXF1	0.734	0.846	0.919	379	0.332908429534374
SHANK2	0.449	0.349	0.656	1261	0.315351549188854
DKK1	0.326	0.081	0.514	266	0.32922353160563
KIN	0.254	-0.123	0.399	393	0.339388159792947
CCT5	0.281	0	0.462	541	0.338980025242253
PTGR1	0.25	-0.14	0.396	329	0.335838399968605
FOXF2	0.692	0.808	0.9	444	0.314354228099334
SLC4A1AP	0.265	-0.093	0.421	796	0.312793222210885
P2RX2	0.59	0.609	0.793	497	0.349204424733468
TRIM32	0.349	0.175	0.556	653	0.32256472042716
SCMH1	0.36	0.159	0.551	660	0.314466877829158
FOXC1	0.753	0.868	0.931	553	0.324926923997704
FOXD1	0.682	0.772	0.88	465	0.325933964574274
TPX2	0.27	-0.1	0.418	747	0.346304103651571
PAXIP1	0.279	-0.009	0.465	1069	0.340899992467791
AKR7A3	0.603	0.626	0.8	331	0.3448500181901
NT5C2	0.267	-0.079	0.422	561	0.318883699593336
EFR3B	0.493	0.462	0.709	817	0.345367520819629
FOXD4	0.494	0.5	0.731	439	0.29973206870713
TCF25	0.474	0.425	0.689	676	0.324548120504758
NINL	0.452	0.385	0.669	1382	0.333719590584064
DIP2C	0.417	0.343	0.648	1556	0.319544588189224
MAST1	0.531	0.529	0.749	1570	0.30106238936602
PDCD11	0.388	0.266	0.607	1871	0.343903278804109
ACIN1	0.301	0.018	0.475	1341	0.296518521096659
SORCS3	0.376	0.243	0.595	1222	0.323673798709812
SV2C	0.311	0.079	0.509	727	0.332427952447102
MYH15	0.287	0.006	0.464	1946	0.352732272593724
FOXI1	0.601	0.622	0.802	378	0.325227453918142
PCNX1	0.243	-0.137	0.392	2341	0.306029380391642
KDM2A	0.34	0.149	0.541	1162	0.320384407558409
HMGXB3	0.383	0.2	0.575	1292	0.33391682809434
CEP131	0.589	0.595	0.782	1083	0.33410607700661
CEP152	0.201	-0.287	0.315	1710	0.33953972890111
TTC39A	0.478	0.426	0.692	613	0.365333517781741
IGSF9B	0.517	0.487	0.728	1437	0.312689555615952
LIMCH1	0.301	-0.014	0.464	1467	0.321889394788313
RIMS1	0.259	-0.081	0.422	1692	0.285524872857655
ABCF1	0.41	0.267	0.611	845	0.359770345160657
ALDOC	0.384	0.222	0.585	364	0.355845532205593
FOXL1	0.638	0.732	0.857	345	0.314977961253381
WDFY3	0.237	-0.142	0.387	3526	0.31322298576865
DAAM1	0.25	-0.121	0.398	1078	0.327499953046728
MAPKBP1	0.417	0.271	0.612	1514	0.322343526097333
PLCH1	0.272	-0.061	0.435	1693	0.324049368850125
KLHDC10	0.282	-0.026	0.447	442	0.314832713357598
FOXE3	0.689	0.809	0.898	319	0.294003006295894
RAB21	0.238	-0.103	0.414	225	0.330986314081167
STK38L	0.21	-0.244	0.332	464	0.313546719691793
SPEN	0.295	-0.045	0.449	3664	0.311906442802381
FBXO21	0.393	0.318	0.632	628	0.353158447327693
GOLGA8A	0.352	0.166	0.556	603	0.338653898296935
EXOSC7	0.349	0.178	0.561	291	0.339217514726918
FAIM2	0.47	0.42	0.691	316	0.333441192453677
CNOT1	0.235	-0.157	0.377	2376	0.324338534541053
FOXJ1	0.697	0.75	0.868	421	0.329200893490537
SNRNP200	0.413	0.303	0.623	2136	0.347232221883872
PALLD	0.285	-0.059	0.439	1123	0.317864208765835
TMCC1	0.331	0.102	0.522	653	0.337919858560925
PDZRN3	0.58	0.605	0.788	1066	0.334749631453759
UNC13A	0.543	0.537	0.754	1703	0.356527688720861
MYO16	0.327	0.145	0.542	1880	0.320992160552304
KDM1A	0.258	-0.089	0.423	876	0.318502208453834
RBM34	0.22	-0.209	0.356	430	0.330231188031582
FOXC2	0.772	0.89	0.942	501	0.337399695599574
KDM4B	0.645	0.683	0.832	1096	0.34461132161282
MAST3	0.54	0.545	0.755	1309	0.300966920911037
USP33	0.181	-0.418	0.246	942	0.31453692047571
DOP1A	0.198	-0.265	0.318	2476	0.310128068803196
SAMD4A	0.405	0.326	0.638	718	0.317062180813517
PHLPP2	0.29	0.047	0.486	1323	0.316451279651831
ZNF292	0.186	-0.383	0.27	2723	0.325459761834396
PDZD2	0.347	0.14	0.544	2839	0.310752507441872
WDTC1	0.47	0.404	0.682	677	0.341050168658331
XPO7	0.318	0.129	0.527	1087	0.325983806397659
FOXE1	0.66	0.729	0.858	373	0.326259107191621
MYT1L	0.411	0.283	0.622	1186	0.336829398015505
MON2	0.173	-0.358	0.268	1717	0.301335658044402
PDXDC1	0.28	0.015	0.471	788	0.31832793392922
TNIK	0.289	0.006	0.467	1360	0.316059802069969
KIF21B	0.563	0.564	0.766	1637	0.349263001302139
PDS5B	0.184	-0.362	0.27	1447	0.316789388658279
FNBP1	0.305	0.021	0.482	617	0.338594431626464
SMG1	0.216	-0.201	0.353	3661	0.318320553857645
FOXM1	0.368	0.193	0.568	801	0.309223076649887
ZHX3	0.378	0.185	0.571	956	0.330354818732488
ENDOD1	0.368	0.217	0.58	500	0.335582620717522
ZSWIM8	0.411	0.261	0.608	1842	0.312692232938139
NCOA6	0.275	-0.096	0.428	2063	0.316017579746682
NMNAT2	0.472	0.416	0.686	307	0.341724229033119
CLUAP1	0.282	-0.009	0.458	432	0.337795921498683
FOXD2	0.613	0.675	0.83	495	0.311539129582584
ZNF609	0.352	0.114	0.538	1411	0.324439149593632
TBC1D9B	0.578	0.577	0.773	1250	0.347067235155168
GGA2	0.362	0.185	0.567	613	0.328978512912351
WAPL	0.201	-0.314	0.303	1190	0.311076789645852
SETX	0.204	-0.284	0.315	2677	0.320664171347973
EMC1	0.385	0.266	0.605	993	0.329509967237171
CAND2	0.536	0.538	0.749	1236	0.33515710113641
SETD1B	0.548	0.513	0.743	1966	0.306785052809189
FOXS1	0.507	0.418	0.692	330	0.304757508833683
CMTR1	0.395	0.236	0.591	835	0.33435360262154
ERP44	0.185	-0.338	0.282	406	0.302534516762008
HECW1	0.414	0.315	0.634	1606	0.321884157460348
BLTP3B	0.177	-0.406	0.251	1464	0.306745830435231
SWAP70	0.301	0.059	0.495	585	0.362028797700181
RRP1B	0.365	0.19	0.569	758	0.323129930714624
VWA8	0.224	-0.165	0.371	1905	0.3139852190277
FOXO1	0.416	0.304	0.636	655	0.30880612599053
AVL9	0.231	-0.174	0.375	648	0.310187193624805
KDM4C	0.277	-0.073	0.433	1056	0.327516066612258
PPRC1	0.329	0.057	0.5	1664	0.298860593812501
ERC1	0.284	0.012	0.468	1116	0.338166135625405
EXPH5	0.215	-0.293	0.318	1989	0.300384906727028
TRIM35	0.618	0.657	0.816	493	0.334153041023338
PEG10	0.423	0.283	0.617	401	0.333742974241932
FOXO3	0.474	0.434	0.701	673	0.312495587702872
ZNF423	0.635	0.651	0.817	1284	0.362558165435781
ZC3H13	0.203	-0.316	0.288	1668	0.282470760497216
ARHGAP26	0.339	0.157	0.55	814	0.326404084419825
TTLL5	0.269	-0.08	0.423	1281	0.318508889993587
SIPA1L3	0.584	0.598	0.787	1781	0.323214712747321
KIF1B	0.304	0.028	0.48	1770	0.32704226261045
IQSEC2	0.498	0.44	0.702	1488	0.310019228478332
CDK19	0.275	-0.051	0.441	502	0.321411360121791
SARM1	0.61	0.662	0.817	724	0.33068348951786
ZBTB43	0.343	0.117	0.537	467	0.328672308134145
AKR1B1	0.494	0.446	0.704	316	0.372488351326284
MCF2L2	0.299	0.052	0.488	1114	0.322106863262981
TBC1D2B	0.372	0.245	0.595	963	0.328647082489765
FSTL4	0.444	0.379	0.667	842	0.328582806321762
MRPS27	0.255	-0.041	0.441	428	0.340852457587039
RAP1GAP2	0.508	0.471	0.721	730	0.321766413983748
DDN	0.435	0.374	0.666	711	0.291357995434625
SPART	0.198	-0.341	0.295	666	0.32426748938456
TNRC6B	0.301	-0.048	0.457	1833	0.316149913933087
CUL9	0.442	0.361	0.656	2517	0.32889365053864
NFASC	0.471	0.397	0.68	1240	0.334819905806866
TOGARAM1	0.194	-0.299	0.303	1773	0.305469799438107
TAB2	0.21	-0.314	0.305	693	0.307832378393678
HIC2	0.592	0.616	0.797	615	0.337070779220989
FLG	0.279	-0.068	0.443	4061	0.269796539152937
ATP10B	0.375	0.244	0.593	1461	0.328204552358734
CAMTA2	0.398	0.241	0.595	1241	0.307227659717689
POGZ	0.309	0.009	0.477	1410	0.319627123379696
COLGALT2	0.409	0.27	0.607	626	0.326082436280166
PLXND1	0.637	0.683	0.83	1925	0.347353035894436
FLI1	0.474	0.394	0.681	452	0.336124354300034
ATG2A	0.539	0.535	0.75	1938	0.316792774556363
GPATCH8	0.298	-0.028	0.459	1502	0.302509431347087
RAD54L2	0.362	0.175	0.56	1467	0.323078947882461
PHF8	0.369	0.18	0.562	1060	0.331962726685752
KDM6B	0.479	0.371	0.668	1682	0.308537511397424
EPB41L3	0.324	0.096	0.522	1087	0.313660656057101
SMC5	0.189	-0.287	0.307	1101	0.329201311701726
N4BP3	0.572	0.569	0.767	544	0.321712703998901
MAST2	0.38	0.212	0.578	1798	0.298929251525269
FLII	0.603	0.623	0.797	1269	0.358577656325282
ZZEF1	0.341	0.154	0.547	2961	0.32767254069782
ANKLE2	0.327	0.084	0.511	938	0.317188651649582
DCUN1D4	0.224	-0.174	0.372	336	0.313501625583819
LRCH1	0.271	0.015	0.468	763	0.309400277832942
ZC3H3	0.496	0.457	0.711	948	0.309113844706602
NACAD	0.425	0.296	0.63	1562	0.319866908758111
FCHO1	0.503	0.447	0.707	891	0.309774586690868
MLANA	0.253	-0.125	0.4	118	0.337191985055765
FRMD4B	0.288	0.007	0.47	1034	0.314572223895308
GRAMD4	0.499	0.501	0.73	578	0.338362117579346
CIC	0.484	0.378	0.675	1608	0.305405853523922
NCDN	0.536	0.544	0.754	729	0.338868314538606
CLCC1	0.215	-0.235	0.34	551	0.312455666368629
SEPTIN6	0.442	0.349	0.653	434	0.351240087959682
TBC1D9	0.363	0.209	0.576	1266	0.332510816808926
FLNA	0.555	0.53	0.754	2647	0.350301548761845
WDR43	0.213	-0.216	0.355	677	0.308668751365244
SNX13	0.173	-0.34	0.275	957	0.309526275423383
MAPK8IP3	0.619	0.646	0.812	1337	0.339913412991704
GGA3	0.456	0.379	0.669	723	0.335998879798573
MPRIP	0.514	0.475	0.719	1038	0.334004714994077
NUP205	0.216	-0.179	0.357	2012	0.318281740102559
STAB1	0.519	0.474	0.722	2570	0.348259093341014
EFR3A	0.2	-0.277	0.309	821	0.31490548304705
RTF1	0.301	0.029	0.486	710	0.334765523391989
SLC35D1	0.268	-0.016	0.453	355	0.325489027115255
FLNB	0.413	0.275	0.62	2633	0.340690381404596
TTLL12	0.658	0.697	0.838	644	0.344432065161771
GPD1L	0.353	0.176	0.558	351	0.354137060508709
ABRAXAS2	0.267	-0.093	0.421	415	0.324380371127598
METAP1	0.228	-0.224	0.35	386	0.319467332874727
ZCCHC14	0.443	0.349	0.659	949	0.312198167385004
LPIN1	0.345	0.126	0.536	975	0.32091096412532
SEPTIN8	0.565	0.574	0.773	483	0.346775492929877
CEP68	0.352	0.143	0.543	757	0.303800242796455
PASK	0.416	0.316	0.635	1330	0.328388272094274
RGL1	0.356	0.179	0.561	803	0.335088666578424
FLNC	0.576	0.559	0.769	2725	0.347227495584966
RFTN1	0.362	0.2	0.578	578	0.334453834667401
DIP2A	0.408	0.308	0.63	1571	0.316467169906018
MESD	0.338	0.11	0.527	234	0.327326179411055
LARP4B	0.277	-0.059	0.44	738	0.309489199719506
RCOR1	0.3	0.006	0.48	485	0.344074664197363
PHLDB1	0.471	0.399	0.677	1377	0.310555961446394
KANK1	0.357	0.161	0.556	1352	0.337775505705119
FLOT2	0.49	0.437	0.699	428	0.382165823872074
UBXN4	0.203	-0.341	0.287	508	0.31130168060559
CYFIP1	0.473	0.442	0.699	1253	0.352643088578534
ATG4B	0.43	0.34	0.647	393	0.327698563388243
GANAB	0.356	0.175	0.557	966	0.315618995119026
FBXL7	0.625	0.682	0.828	491	0.334372335890471
MDN1	0.267	-0.034	0.443	5596	0.321295174383474
FAM120A	0.381	0.23	0.591	1118	0.32792599249188
FAF2	0.286	0.013	0.465	445	0.315967114836529
PSME4	0.196	-0.241	0.326	1843	0.303500792045164
GSE1	0.551	0.541	0.754	1217	0.308708504321596
ATP11B	0.182	-0.328	0.283	1177	0.304140935161531
FAM168A	0.431	0.213	0.597	244	0.339203050924312
PMPCA	0.395	0.295	0.62	525	0.323621538277661
ARL6IP1	0.233	-0.096	0.401	203	0.32652507743044
ACSBG1	0.52	0.5	0.732	724	0.355850069347959
PLEKHM2	0.534	0.531	0.751	1019	0.331631042581472
SYT11	0.447	0.351	0.652	431	0.332390589299645
MLC1	0.491	0.475	0.716	377	0.337535627904072
FLT1	0.276	-0.024	0.451	1338	0.323078414683759
JMJD6	0.378	0.221	0.586	414	0.317448060963475
ZC3H4	0.514	0.437	0.705	1303	0.311568097494991
RRS1	0.571	0.579	0.773	365	0.338795120193478
SULF1	0.298	0.016	0.474	871	0.340205283834449
XPO6	0.385	0.278	0.608	1125	0.338545087340284
PRRC2C	0.211	-0.353	0.291	2817	0.307368762699703
TBC1D1	0.337	0.164	0.55	1168	0.322354789162453
ZFR2	0.568	0.583	0.779	939	0.320955460121465
NBEAL2	0.474	0.432	0.693	2754	0.315285884069308
FBXO28	0.246	-0.071	0.421	368	0.317025755265159
FLT3	0.243	-0.126	0.401	993	0.3240869047454
DTX4	0.487	0.438	0.701	619	0.323153662627718
RHOBTB2	0.526	0.514	0.739	749	0.335495113761021
RRP12	0.491	0.443	0.701	1297	0.345331708447079
SYNE2	0.234	-0.117	0.398	6907	0.335777661207919
NUP210	0.496	0.472	0.718	1887	0.335300998333766
PLCL2	0.272	-0.043	0.445	1127	0.329192875393838
ARHGEF9	0.399	0.282	0.615	529	0.355316419643923
FLT3LG	0.586	0.635	0.8	235	0.303025925542823
VPS13A	0.17	-0.404	0.247	3174	0.312549626014449
SEL1L3	0.287	0.015	0.472	1132	0.335016286905871
TBC1D12	0.307	0.078	0.507	775	0.305470434909606
EXOC6B	0.259	-0.064	0.426	815	0.332889262541797
DNAJC9	0.358	0.178	0.562	260	0.362059454758289
SIK2	0.344	0.143	0.542	926	0.327081656680358
PLCB1	0.266	-0.095	0.418	1216	0.344666476760606
ARC	0.826	0.911	0.953	396	0.353508444668369
PHLPP1	0.401	0.31	0.631	1717	0.321972842746638
FLT4	0.608	0.64	0.807	1363	0.341965345336728
TMEM131L	0.264	-0.085	0.425	1610	0.320141711405969
PACS2	0.622	0.669	0.824	904	0.337371275445099
COBL	0.359	0.147	0.55	1271	0.31275394999988
ANKRD28	0.194	-0.316	0.298	1053	0.317217140423021
PDS5A	0.199	-0.272	0.315	1337	0.321728180879261
ASTN2	0.493	0.448	0.704	1288	0.328797449635066
BOP1	0.606	0.627	0.8	746	0.319660959818895
KATNIP	0.399	0.282	0.615	1618	0.318892467352413
RPRD2	0.288	-0.061	0.443	1461	0.296331932411538
ATP11A	0.4	0.318	0.632	1134	0.339752879897704
MINAR1	0.402	0.25	0.603	916	0.341296653137247
OTUD3	0.333	0.119	0.53	398	0.341199533892425
ANKRD12	0.173	-0.461	0.229	2062	0.311561678103464
KAZN	0.585	0.636	0.805	775	0.339454660892456
MTCL1	0.484	0.46	0.711	1586	0.319125938597256
SCFD1	0.173	-0.382	0.259	642	0.314130448773928
DENND5A	0.351	0.176	0.556	1287	0.330373931670213
DDHD2	0.227	-0.183	0.367	711	0.316227703899219
FMO1	0.294	-0.003	0.465	532	0.331762696014993
CAMTA1	0.458	0.391	0.678	1673	0.330990754658206
PPIP5K2	0.176	-0.408	0.248	1278	0.308533623708172
MCF2L	0.554	0.562	0.765	1125	0.343472152360565
ZC3H7B	0.59	0.596	0.785	977	0.353434330502437
EXOC7	0.544	0.537	0.751	735	0.359371659573214
ADGRL2	0.239	-0.176	0.372	1416	0.328069113575555
DNMBP	0.32	0.096	0.516	1577	0.31905758759457
MGA	0.216	-0.28	0.323	3065	0.314980502769526
FMO2	0.269	-0.08	0.423	535	0.327390467503398
TSPYL4	0.379	0.218	0.584	414	0.337157376951682
CAMSAP2	0.194	-0.372	0.271	1489	0.315561514618317
TASOR	0.192	-0.329	0.292	1609	0.317303300429689
CLEC16A	0.443	0.375	0.664	1053	0.333199371570946
POFUT2	0.428	0.375	0.663	429	0.316676644146544
KLHL18	0.466	0.408	0.684	574	0.342548431125354
CLUH	0.661	0.719	0.849	1309	0.352083343796548
NUP160	0.222	-0.16	0.372	1436	0.319413769567819
FMO3	0.301	0.021	0.479	532	0.326612737113841
MTUS2	0.325	0.066	0.505	1379	0.314907014177869
CSTF2T	0.25	-0.108	0.409	616	0.297486971183051
ADGRL3	0.26	-0.097	0.413	1469	0.316045473111293
WWC1	0.454	0.384	0.669	1119	0.32849150118656
AGTPBP1	0.191	-0.329	0.289	1278	0.316482923533257
IQCE	0.443	0.355	0.654	702	0.312659620379373
FMO4	0.237	-0.147	0.385	558	0.319674658867018
FBXW11	0.258	-0.059	0.425	542	0.316096830876783
SMG6	0.357	0.171	0.554	1419	0.329641907874555
ANKS1A	0.428	0.324	0.64	1134	0.324419490873129
MGRN1	0.586	0.59	0.782	576	0.332869874075456
BICD2	0.653	0.697	0.837	855	0.353301766053962
FMO5	0.266	-0.08	0.421	533	0.331361112197632
ATMIN	0.28	-0.028	0.458	823	0.310605036776234
EHBP1	0.204	-0.294	0.312	1231	0.319393593430432
WSCD1	0.532	0.506	0.733	575	0.328803564250732
KIF13B	0.322	0.112	0.526	1826	0.325026384104339
UBR2	0.195	-0.288	0.309	1755	0.310925912520461
ACSL6	0.34	0.149	0.543	722	0.333512412335301
NEMP1	0.265	-0.004	0.456	444	0.326909495442844
FKBP15	0.298	0.009	0.476	1219	0.327551296429137
ICOSLG	0.472	0.456	0.708	309	0.332291975004581
SIN3B	0.611	0.643	0.809	1162	0.344785282420056
FMOD	0.584	0.615	0.792	376	0.351565238112042
NCAPD3	0.297	0.066	0.496	1498	0.32669093914433
DMXL2	0.178	-0.387	0.259	3037	0.300977282422152
KIAA0930	0.562	0.566	0.77	409	0.340525838390465
SATB2	0.38	0.232	0.589	733	0.337359456551247
SLC9A8	0.356	0.255	0.595	597	0.319721941134203
CUX2	0.547	0.55	0.76	1486	0.326080610405475
DNAJC13	0.191	-0.303	0.297	2243	0.313102116570525
TUT4	0.2	-0.315	0.299	1645	0.3242587479422
FMR1	0.206	-0.31	0.303	632	0.312046578832065
TRIM2	0.383	0.233	0.593	771	0.345213516713929
RPGRIP1L	0.201	-0.257	0.325	1315	0.322978053327801
MAN2B2	0.533	0.542	0.754	1009	0.325297405194514
WASHC4	0.195	-0.287	0.305	1174	0.329298802699072
USP22	0.534	0.52	0.745	525	0.349656090353602
NEDD4L	0.278	-0.027	0.451	975	0.315270118195267
SASH1	0.379	0.214	0.584	1247	0.314516314778354
TBC1D30	0.308	0.046	0.49	761	0.323440993045622
TTC28	0.392	0.258	0.604	2481	0.340718421176054
DPY19L1	0.171	-0.329	0.277	675	0.300836503819284
SZT2	0.385	0.247	0.595	3375	0.303283258697432
WDR7	0.222	-0.193	0.358	1490	0.307400732199914
SYNM	0.376	0.233	0.592	1565	0.307119295926445
JADE2	0.492	0.415	0.689	834	0.325999140602855
VPS39	0.349	0.181	0.557	886	0.347190647160946
AFF2	0.302	-0.032	0.456	1311	0.322769855098807
DNAJC16	0.29	0.026	0.476	782	0.33079096345433
ESYT1	0.352	0.193	0.564	1114	0.311514304769275
SYNE1	0.273	0.003	0.463	8797	0.33504489512485
SMCHD1	0.173	-0.407	0.246	2005	0.30893366412447
DOCK9	0.319	0.093	0.515	2068	0.338861738746587
PHF24	0.457	0.356	0.655	400	0.312043182894135
FN1	0.32	0.039	0.494	2477	0.318137344574125
U2SURP	0.181	-0.433	0.238	1029	0.31181869589424
KHNYN	0.429	0.308	0.629	678	0.321949078268855
UBR4	0.359	0.177	0.559	5183	0.337701885251745
SUN1	0.38	0.238	0.593	785	0.326501266282
HAUS5	0.515	0.545	0.75	633	0.315968407798246
VPS8	0.21	-0.229	0.338	1428	0.318967819626395
ANGEL1	0.382	0.231	0.586	670	0.324649245172185
USP24	0.223	-0.168	0.371	2620	0.314565267824196
ENTREP2	0.469	0.401	0.683	539	0.313516379663721
FNBP4	0.221	-0.308	0.315	1017	0.298704419064299
ZNF629	0.619	0.646	0.813	869	0.330771240209326
PSD3	0.263	-0.125	0.406	1047	0.318365889997347
OBSL1	0.55	0.572	0.771	1896	0.316172625902236
ARHGEF12	0.229	-0.2	0.36	1544	0.310429668870199
MATCAP2	0.244	-0.15	0.381	520	0.302976581138387
LARP1	0.387	0.187	0.569	1019	0.324577021574431
PPP1R13B	0.354	0.15	0.549	1090	0.328680273098444
PUM2	0.192	-0.366	0.277	1064	0.309376895947213
ARHGEF18	0.532	0.527	0.745	1173	0.327885969386387
TNS2	0.459	0.356	0.659	1419	0.308814770031412
CRTC1	0.589	0.613	0.796	650	0.306811556577177
UFL1	0.197	-0.281	0.31	794	0.32067492210839
RRP8	0.358	0.146	0.547	456	0.333344500167003
ICE1	0.213	-0.276	0.325	2266	0.308946917886513
SRGAP2	0.426	0.332	0.644	1071	0.338152678595299
SMG5	0.411	0.3	0.623	1016	0.335159754840373
AHCYL2	0.346	0.118	0.533	611	0.346587674467039
MAU2	0.573	0.619	0.795	613	0.353817229125002
SPECC1L	0.256	-0.101	0.411	1117	0.320250349134393
NCSTN	0.319	0.085	0.511	709	0.32722224537101
NUDCD3	0.425	0.304	0.631	361	0.351939793157972
SIK3	0.364	0.193	0.571	1321	0.324438496973424
MED13L	0.273	-0.059	0.438	2210	0.312550808574865
FNTA	0.235	-0.101	0.41	379	0.332984901602476
ZDHHC17	0.209	-0.237	0.338	632	0.31165620888705
ECPAS	0.23	-0.145	0.382	2017	0.314765464251436
ADNP	0.238	-0.195	0.372	1102	0.32697598783895
LARS2	0.323	0.079	0.509	903	0.333173323396499
PIP5K1C	0.618	0.664	0.822	707	0.33707167541693
NCAPH	0.302	-0.006	0.469	741	0.32950548680597
PPWD1	0.208	-0.297	0.313	646	0.309662387269879
CTDNEP1	0.403	0.314	0.623	244	0.316530979663783
ATP13A2	0.575	0.612	0.79	1180	0.329490677824862
FRAT2	0.601	0.717	0.848	233	0.299239279873941
FBXO46	0.565	0.559	0.766	603	0.319192902371099
EXOSC2	0.302	0.081	0.5	293	0.322100472014586
DICER1	0.226	-0.207	0.354	1922	0.324064434135251
COTL1	0.613	0.642	0.812	142	0.365825868735304
SIRT5	0.323	0.07	0.505	310	0.324289801774947
SIRT4	0.347	0.187	0.563	314	0.310814798674576
SIRT3	0.415	0.347	0.648	399	0.312374347531463
SIRT1	0.22	-0.233	0.344	747	0.307916231909077
COMMD3	0.252	-0.034	0.442	195	0.306690812238791
NCS1	0.547	0.534	0.754	190	0.368704494293575
ZFPM2	0.285	-0.06	0.441	1151	0.336843301974693
KCNH4	0.493	0.469	0.712	1017	0.313645733406713
KCNH3	0.553	0.561	0.764	1083	0.321285105776345
MLYCD	0.535	0.574	0.769	493	0.323384444691798
CRB1	0.27	-0.094	0.422	1406	0.345228806114193
FNTB	0.379	0.227	0.587	437	0.332039294553814
NOMO1	0.367	0.214	0.582	1222	0.330222856974188
ITGB3BP	0.18	-0.357	0.272	216	0.298458117971401
TMED3	0.518	0.513	0.742	217	0.34754733211082
TDRD7	0.236	-0.159	0.385	1098	0.331429781344418
GRIP1	0.281	-0.013	0.458	1076	0.304363587606422
SLC7A8	0.457	0.416	0.686	535	0.351583673248211
TPSD1	0.613	0.684	0.831	242	0.333991795239238
AP4E1	0.18	-0.323	0.29	1137	0.315985061164193
GPR161	0.452	0.41	0.682	549	0.329836309220728
RHOQ	0.263	0.036	0.487	205	0.330895390948912
TARDBP	0.249	-0.166	0.39	414	0.320413394143962
CELA3B	0.507	0.487	0.728	270	0.328389983845171
HARS2	0.319	0.094	0.511	512	0.338582837084567
ATP1B4	0.335	0.114	0.529	357	0.342418664510695
OTP	0.648	0.698	0.84	325	0.323992616488101
SLC35A3	0.162	-0.381	0.253	367	0.300908580399382
SLC44A1	0.25	-0.075	0.417	657	0.326184759105736
SF3B3	0.299	0.028	0.479	1217	0.334961089138613
SF3B1	0.189	-0.358	0.269	1304	0.320796338903041
ANGPTL2	0.598	0.618	0.795	493	0.356978251671379
ABCB10	0.322	0.149	0.538	738	0.310620959339885
ABCB9	0.643	0.706	0.841	766	0.34943020493375
FOLH1	0.225	-0.241	0.341	750	0.320487543308475
ABCA6	0.199	-0.236	0.328	1617	0.317404619394952
ABCA5	0.168	-0.394	0.248	1642	0.3145087523577
HEY1	0.385	0.286	0.617	308	0.300264352753978
ICMT	0.404	0.301	0.622	284	0.316595122913921
GCAT	0.527	0.511	0.735	445	0.331494877270335
CBX6	0.603	0.646	0.811	412	0.317915788666649
NPTXR	0.639	0.687	0.831	500	0.336042256067511
CBX5	0.268	-0.162	0.39	191	0.34681388987084
PHF3	0.186	-0.406	0.258	2039	0.309892188548698
TRAM1	0.231	-0.166	0.372	374	0.333958700332013
CAPN7	0.208	-0.288	0.314	813	0.316357607845816
ETHE1	0.478	0.444	0.699	254	0.323578630326224
QPRT	0.563	0.596	0.785	297	0.35455172083337
BRD4	0.513	0.43	0.702	1362	0.334511143809317
SEC11A	0.201	-0.198	0.349	185	0.289348153772992
ISCU	0.317	0.069	0.503	167	0.351382784136537
FOLR1	0.46	0.361	0.662	257	0.358037398601853
SEC61G	0.231	-0.183	0.359	68	0.340999117924351
PES1	0.512	0.468	0.715	588	0.360572922496505
TGDS	0.196	-0.325	0.301	350	0.318063508307816
LEPROTL1	0.231	-0.148	0.369	169	0.306680585484276
CES3	0.421	0.319	0.641	571	0.323607892846272
CBX7	0.617	0.653	0.815	251	0.32070432300242
HEY2	0.348	0.174	0.562	337	0.294627317656595
TNFRSF13B	0.468	0.36	0.661	293	0.330375091117504
HAAO	0.53	0.515	0.739	286	0.329066005319667
MACF1	0.285	0.007	0.466	5430	0.334952112241229
FOLR2	0.478	0.414	0.69	255	0.344568431614356
DAAM2	0.482	0.434	0.693	1068	0.339951178427496
ZFYVE26	0.349	0.168	0.551	2539	0.323374539767125
RIMBP2	0.448	0.373	0.667	1052	0.327282847414006
TMEM131	0.226	-0.189	0.369	1883	0.293049178915957
BICRAL	0.26	-0.107	0.418	1079	0.315447546193972
LRRC8B	0.283	0.047	0.48	803	0.333952681684086
TTC9	0.497	0.529	0.749	222	0.349588836976292
POFUT1	0.486	0.425	0.695	388	0.342513175486167
KCTD2	0.457	0.453	0.707	263	0.316879295347913
NUP188	0.339	0.178	0.554	1749	0.322260570199773
SUZ12	0.208	-0.269	0.328	739	0.312248217397826
SCRIB	0.565	0.564	0.765	1655	0.322228337719351
SPIDR	0.274	-0.03	0.447	915	0.311532745955314
MORC3	0.198	-0.293	0.312	939	0.322296915456962
SLC39A14	0.45	0.391	0.672	492	0.345063862310586
MTREX	0.178	-0.374	0.265	1042	0.323154927493561
R3HDM1	0.233	-0.225	0.354	1100	0.309277173088149
ANP32D	0.24	0.031	0.469	131	0.329299172017475
FOLR3	0.559	0.528	0.751	245	0.358996497337478
RPL13A	0.515	0.503	0.73	203	0.356298489830565
KAT6B	0.287	-0.041	0.451	2073	0.323820349040827
CABIN1	0.469	0.386	0.672	2220	0.332243787891161
SRRM2	0.27	-0.114	0.401	2752	0.259391571909917
ARHGAP45	0.624	0.683	0.831	1152	0.334647603459625
ACAP2	0.208	-0.251	0.334	778	0.327911494719094
ZNF281	0.261	-0.126	0.409	895	0.308032706464214
CLCF1	0.529	0.515	0.737	225	0.328596025394813
FOS	0.483	0.396	0.682	380	0.318298031561489
NNT	0.239	-0.163	0.379	1086	0.334462329368664
MMD	0.267	-0.056	0.432	238	0.335434524620843
PRAME	0.381	0.285	0.608	509	0.318145337533244
PIK3R5	0.515	0.495	0.727	880	0.31761435682518
TNPO3	0.248	-0.071	0.421	923	0.321348369695393
ADAT1	0.3	0.017	0.477	502	0.323051960007163
OR52A1	0.279	0.019	0.463	312	0.330302734098276
SLC16A8	0.644	0.723	0.85	504	0.327658346942142
FOSB	0.474	0.426	0.698	338	0.299248638597719
SEC14L2	0.429	0.318	0.635	403	0.348030401657866
MAPK8IP2	0.638	0.698	0.841	824	0.308792739271872
RBFOX2	0.315	0.027	0.492	451	0.312270833048227
SEZ6L	0.481	0.443	0.703	1024	0.329223404815606
ATP6V0A2	0.317	0.133	0.531	856	0.328066679478916
SYNGR4	0.576	0.598	0.785	234	0.345548202657091
LILRA4	0.487	0.432	0.696	499	0.317013206842062
TTC33	0.206	-0.327	0.298	262	0.334092136893152
DNPEP	0.47	0.434	0.695	493	0.331436925818485
FOSL2	0.575	0.556	0.764	326	0.321749592568031
PSD4	0.45	0.331	0.646	1056	0.32143468054188
RASD2	0.707	0.764	0.874	266	0.362681668969644
CDK20	0.502	0.473	0.715	346	0.349835271761061
HYAL4	0.204	-0.25	0.33	481	0.326086478505247
TSPAN12	0.232	-0.125	0.391	305	0.322446392679381
TSPAN15	0.532	0.561	0.761	294	0.371541838337785
PIGN	0.197	-0.258	0.32	931	0.301746023550273
SNAPIN	0.342	0.245	0.59	136	0.32054158298231
WBP2	0.449	0.306	0.645	261	0.347421967767714
WBP1	0.407	0.271	0.615	269	0.316218071447939
FPGS	0.551	0.579	0.773	587	0.318699290686734
GTPBP4	0.28	-0.02	0.448	634	0.339574802192999
CLDN14	0.668	0.74	0.86	239	0.35481597095768
CHST5	0.669	0.721	0.848	411	0.309572898353188
DDAH2	0.409	0.346	0.646	285	0.297497469189127
LPAR3	0.394	0.286	0.613	353	0.335964338948641
ZNF346	0.422	0.332	0.648	319	0.349593202906564
ARL2BP	0.278	0.002	0.465	163	0.347913747795602
PADI4	0.539	0.502	0.735	663	0.3517804045596
FPR1	0.377	0.272	0.607	350	0.325563141898694
DDAH1	0.375	0.281	0.616	285	0.335918144421772
FPR2	0.365	0.235	0.584	351	0.335930217176596
CDC42EP4	0.577	0.588	0.782	356	0.310460517179881
CASP14	0.36	0.18	0.56	242	0.334826792554064
CCNDBP1	0.304	0.055	0.491	360	0.338662821265712
SMUG1	0.437	0.337	0.642	270	0.339076563573198
VSIG2	0.441	0.358	0.659	327	0.323307498871471
TMEM50A	0.196	-0.302	0.301	157	0.318641652977645
RIGI	0.232	-0.185	0.364	925	0.341565510128134
ELP5	0.373	0.217	0.578	316	0.309975961006354
KLHDC2	0.197	-0.318	0.3	406	0.299488823096339
CARHSP1	0.484	0.379	0.674	147	0.300346754837205
FPR3	0.331	0.166	0.545	353	0.325215622457994
PDSS1	0.234	-0.118	0.397	415	0.306523414754945
LEMD3	0.267	0.007	0.469	911	0.297710697116062
HEBP2	0.295	-0.005	0.474	205	0.335416315920209
ORC6	0.26	-0.057	0.43	252	0.32793434131353
ORC3	0.209	-0.203	0.35	712	0.321375444312533
OPN3	0.38	0.301	0.619	402	0.327302691360164
CHML	0.38	0.301	0.619	402	0.327302691360164
ACOT9	0.241	-0.112	0.404	448	0.310738188112654
PATZ1	0.466	0.398	0.681	687	0.341477659436328
AMACR	0.331	0.108	0.519	394	0.317329363138543
CLEC5A	0.268	-0.098	0.417	188	0.331161655631591
CORO1C	0.32	0.087	0.511	527	0.336624224968995
DAPK2	0.469	0.408	0.681	488	0.344668145647289
CD2AP	0.198	-0.371	0.272	639	0.318601667414653
MKRN1	0.342	0.102	0.529	482	0.332246338829356
MKRN2	0.372	0.153	0.554	416	0.351733322924281
PHLDA3	0.763	0.896	0.944	127	0.343694366642241
ZMYND8	0.373	0.183	0.573	1241	0.332125332415499
SH3BP1	0.523	0.475	0.719	701	0.319451646734228
TSSK2	0.604	0.627	0.798	358	0.355389416639815
ZIM2	0.3	0.009	0.473	527	0.323013599592467
NTSR2	0.599	0.695	0.835	410	0.306222561882684
BACE1	0.502	0.456	0.709	501	0.342764626404376
RUSC1	0.429	0.333	0.645	902	0.301197113939091
CBLC	0.554	0.542	0.753	474	0.334335301945464
FAM89B	0.602	0.666	0.82	189	0.311831142855698
SPO11	0.188	-0.281	0.304	396	0.304316572956965
PRND	0.589	0.629	0.8	176	0.36930394838339
KCNE5	0.64	0.703	0.839	142	0.352901890967804
CA14	0.332	0.102	0.518	337	0.329557595631141
KPNA6	0.312	0.085	0.506	536	0.337513816002823
SSBP2	0.204	-0.357	0.292	369	0.281026561141516
NUP62	0.486	0.383	0.677	522	0.317969750597269
RABGAP1	0.235	-0.143	0.388	1069	0.325599889248313
DNAAF11	0.225	-0.189	0.36	466	0.334904170033897
HSPBP1	0.606	0.629	0.799	359	0.341866655254396
LDOC1	0.576	0.609	0.788	146	0.336710204703334
LY96	0.207	-0.241	0.335	160	0.333585397362022
EDC4	0.449	0.351	0.653	1401	0.327037573238285
PPP1R15A	0.349	0.07	0.512	674	0.307493833099264
PLD3	0.581	0.57	0.77	490	0.343565342018228
ARFIP2	0.388	0.251	0.597	374	0.341169244203608
SSBP3	0.316	0.02	0.49	388	0.296794646552634
POLA2	0.324	0.106	0.521	598	0.319682941887557
TRIM29	0.579	0.583	0.78	588	0.357781574193204
PLXNB2	0.67	0.725	0.854	1838	0.354927716512359
SLC7A11	0.247	-0.053	0.425	501	0.308728978060333
LSM5	0.195	-0.272	0.31	91	0.305519755451647
PLA2G15	0.533	0.513	0.737	412	0.337148211997218
ZKSCAN5	0.311	0.051	0.497	839	0.325963776167665
CEMIP2	0.246	-0.15	0.387	1383	0.31610606308737
TMEFF2	0.277	-0.072	0.437	374	0.346561844698059
STX12	0.294	0.109	0.515	276	0.351624123453287
SMPX	0.235	-0.231	0.353	88	0.323602101403943
SH3BP4	0.526	0.515	0.741	963	0.340365698445655
SGK3	0.188	-0.366	0.271	496	0.318271667314921
RAB38	0.382	0.25	0.602	211	0.347516080591748
PRKD3	0.211	-0.274	0.319	890	0.308904794205647
KCNE4	0.547	0.58	0.776	221	0.334171477224244
CADM1	0.355	0.162	0.555	471	0.318987049038929
GSPT2	0.255	-0.094	0.421	628	0.314378056775769
GABARAPL1	0.298	0.084	0.507	146	0.312314468466471
SHPK	0.449	0.386	0.673	478	0.324772851395832
TMEM245	0.31	0.141	0.531	879	0.308499162649502
FRRS1L	0.351	0.17	0.559	344	0.300476157560372
EID1	0.391	0.268	0.614	187	0.330952069937207
NPAP1	0.317	0.019	0.482	1156	0.294689839566867
BHMT2	0.299	0.012	0.474	363	0.332434505974387
AIPL1	0.613	0.606	0.789	384	0.341463657953536
SDF2L1	0.562	0.617	0.797	221	0.317181179388826
PPIL2	0.499	0.433	0.701	527	0.355638124579293
PITPNB	0.242	-0.162	0.385	273	0.339675351001007
PISD	0.533	0.529	0.746	409	0.325493032496496
OSBP2	0.549	0.57	0.771	916	0.325634475387941
MAFF	0.731	0.851	0.919	164	0.322931887785234
IL17RA	0.565	0.586	0.778	866	0.319938502116195
FLRT3	0.231	-0.149	0.377	649	0.311699109956967
FLRT2	0.358	0.232	0.586	660	0.327079545013116
FLRT1	0.691	0.751	0.865	674	0.346656650816893
FKBP8	0.577	0.593	0.783	413	0.352269442667975
BRD1	0.469	0.403	0.68	1189	0.337371912593912
ARHGAP8	0.519	0.529	0.745	464	0.331149283178335
APOL2	0.324	0.13	0.531	337	0.334835668331469
POTEH	0.273	-0.049	0.445	545	0.347770645088426
BCL2L13	0.307	0.037	0.488	509	0.315192159956634
MTCH1	0.479	0.451	0.707	389	0.330453302984863
MTCH2	0.259	-0.02	0.45	303	0.31255118661494
ALK	0.427	0.327	0.64	1620	0.328494335566186
ALOX12	0.458	0.406	0.679	663	0.334934245611144
FXN	0.334	0.174	0.557	210	0.299038520804939
ABCA4	0.38	0.252	0.596	2273	0.330225600714735
ALOX5	0.561	0.556	0.762	674	0.366101454427107
ALOX5AP	0.323	0.139	0.54	218	0.321571965083281
KIF4A	0.274	-0.03	0.449	1232	0.3440975083176
IFIT5	0.242	-0.139	0.389	482	0.355664912993186
EML2	0.493	0.472	0.719	850	0.319286466598324
FTSJ1	0.501	0.434	0.699	329	0.347915893744166
LAMP5	0.349	0.189	0.568	280	0.325813109496595
NAA80	0.466	0.341	0.643	308	0.292777505953766
TFIP11	0.45	0.379	0.669	837	0.346685178762364
PANX1	0.361	0.241	0.589	426	0.351839287325142
CLDN15	0.612	0.681	0.828	228	0.35800171186007
FJX1	0.652	0.752	0.864	437	0.296085778832911
PRPF6	0.437	0.335	0.642	941	0.345304100806447
ZNF318	0.267	-0.093	0.419	2279	0.304225029743508
TP53TG3	0.28	-0.078	0.43	124	0.277521760907314
ALOX12B	0.542	0.548	0.755	701	0.338212913941078
FRK	0.238	-0.138	0.388	505	0.322352171173313
SPDYA	0.191	-0.382	0.265	313	0.320410809376753
MS4A6E	0.289	0.022	0.472	147	0.334177745146912
VGLL2	0.574	0.575	0.779	317	0.305532547604528
CNPY4	0.356	0.17	0.556	248	0.329741000465171
DEFB105B	0.295	-0.024	0.447	78	0.349191453487409
DEFB105A	0.295	-0.024	0.447	78	0.349191453487409
DEFB106A	0.326	0.068	0.5	65	0.390791003429621
DEFB107A	0.166	-0.391	0.239	70	0.34739884279046
DEFB107B	0.166	-0.391	0.239	70	0.34739884279046
DEFB108B	0.282	0.013	0.465	73	0.328924443309277
DEFB110	0.199	-0.296	0.292	67	0.362677522024749
DEFB112	0.213	-0.347	0.287	113	0.293934690493698
DEFB113	0.218	-0.248	0.342	82	0.362530808987845
DEFB114	0.212	-0.26	0.313	69	0.338573066453595
DEFB115	0.238	-0.165	0.372	88	0.325399762292368
DEFB116	0.297	0.042	0.49	102	0.369893600515558
DEFB119	0.202	-0.235	0.317	88	0.299028082860704
DEFB121	0.223	-0.179	0.37	76	0.315158256122889
DEFB123	0.29	0.084	0.5	67	0.370325908265534
DEFB124	0.318	0.092	0.515	71	0.330294903789746
DEFB125	0.205	-0.377	0.264	156	0.284814358182538
DEFB128	0.246	-0.087	0.413	93	0.333928489469486
DEFB130A	0.173	-0.355	0.263	79	0.303048830827074
ATP6V0D2	0.27	-0.052	0.434	350	0.346098243351792
ATP6V1C2	0.342	0.171	0.557	427	0.337420185115322
ALOX15	0.451	0.391	0.671	662	0.340991584020455
CTAG1A	0.428	0.329	0.64	180	0.310705461201485
CNOT6L	0.231	-0.152	0.379	555	0.318983704879192
GAS2L2	0.444	0.331	0.642	880	0.312268317065346
AKR7L	0.602	0.624	0.799	330	0.35040265244993
CDC26	0.242	-0.138	0.386	85	0.307785475692196
SLC17A8	0.27	-0.048	0.442	589	0.32941348768362
RNASEH1	0.292	0.032	0.487	286	0.31488485449248
AFG1L	0.228	-0.169	0.371	481	0.310790041901602
STAC3	0.419	0.27	0.617	364	0.359622181521631
PELI3	0.501	0.46	0.712	469	0.314903076025732
POLR2J2	0.503	0.534	0.746	115	0.342355067716539
STH	0.298	0.057	0.496	128	0.314908294912638
SPESP1	0.172	-0.411	0.252	350	0.297266416607773
IL27	0.521	0.58	0.767	243	0.298113741051786
ALOX15B	0.523	0.491	0.726	676	0.331542958860099
MTOR	0.375	0.24	0.588	2549	0.334444542871704
ALPI	0.578	0.574	0.774	528	0.346419820256668
FRG1	0.214	-0.26	0.331	258	0.337442036428718
FRZB	0.414	0.312	0.629	325	0.349195243614997
FSHB	0.395	0.147	0.552	129	0.368709387741375
ALPL	0.539	0.539	0.756	524	0.356359221604773
CENPI	0.213	-0.225	0.342	756	0.329259010989489
FSHR	0.314	0.118	0.52	695	0.337466366111231
NR5A2	0.285	0.019	0.474	541	0.338376601147647
FTH1	0.391	0.226	0.588	183	0.362567662921328
ABL1	0.451	0.361	0.662	1149	0.33010882213918
ALPP	0.57	0.576	0.773	535	0.335596956388443
ALPG	0.568	0.58	0.776	532	0.335831471445716
FTL	0.49	0.441	0.698	175	0.360224286906147
ADAM2	0.184	-0.369	0.274	735	0.325917024745872
NR5A1	0.696	0.729	0.855	461	0.372802026388644
FUCA1	0.341	0.138	0.542	466	0.313210378834168
FUCA2	0.28	-0.024	0.453	467	0.312913387115508
GAST	0.417	0.23	0.589	101	0.327018690572565
FUS	0.328	0.002	0.485	526	0.319826582736692
FUT1	0.516	0.493	0.727	365	0.31848163549077
FUT2	0.529	0.565	0.766	343	0.325889918435234
FUT3	0.637	0.632	0.802	361	0.330481215045787
FUT4	0.592	0.666	0.82	530	0.296094020915036
FUT5	0.669	0.683	0.83	374	0.338363287821399
FUT6	0.653	0.658	0.817	359	0.337920444276921
TMEM9	0.479	0.408	0.682	186	0.37266605999868
ZNF396	0.29	-0.037	0.446	335	0.316598203780154
FUT7	0.587	0.593	0.779	342	0.31450145807603
NEIL2	0.37	0.221	0.589	332	0.32620322924344
STXBP4	0.179	-0.361	0.27	553	0.322670734107966
FNDC5	0.543	0.564	0.767	212	0.332952432655116
FUT8	0.224	-0.191	0.359	575	0.317349652104489
HEPACAM2	0.251	-0.109	0.411	485	0.322076462775808
TECRL	0.203	-0.301	0.297	363	0.306441884939167
KDSR	0.302	0.037	0.486	332	0.343339313331017
PRR14L	0.229	-0.206	0.362	2151	0.311620629938573
EPHX4	0.239	-0.095	0.404	362	0.312028420676548
CDY1B	0.245	-0.153	0.386	554	0.328130770218835
SERHL2	0.427	0.37	0.66	314	0.32569221851433
ACKR1	0.381	0.26	0.598	338	0.31715651465533
RICTOR	0.183	-0.302	0.293	1732	0.296589656913763
FYB1	0.241	-0.226	0.361	839	0.313221144191464
EIF4E1B	0.531	0.524	0.743	242	0.339161519186573
FYN	0.316	0.071	0.504	537	0.325766358559682
IPMK	0.226	-0.159	0.385	416	0.313661366530213
ZBTB38	0.27	-0.091	0.425	1195	0.327116849799056
FZD2	0.723	0.816	0.901	565	0.33536726708099
SLC25A30	0.263	-0.012	0.449	291	0.324812549308494
LCLAT1	0.243	-0.09	0.407	414	0.308905653622913
CADM2	0.221	-0.244	0.34	437	0.309049622630467
TMEM244	0.188	-0.257	0.328	128	0.319735626122436
GPATCH11	0.189	-0.321	0.289	285	0.334088540865419
ZNF620	0.297	-0.028	0.46	422	0.33318129828118
ANKRD18A	0.195	-0.255	0.322	992	0.338117393044904
IFI6	0.499	0.54	0.758	138	0.333456283440895
MMS22L	0.184	-0.288	0.303	1243	0.316466420730455
WASHC2C	0.279	-0.078	0.435	1341	0.317906460641884
EBF3	0.441	0.389	0.677	551	0.335304406702763
WDR27	0.309	0.067	0.501	895	0.316531966752791
CERS6	0.302	0.073	0.501	392	0.325139267735671
G6PC1	0.383	0.299	0.622	357	0.331863979910505
MSRB3	0.332	0.095	0.524	192	0.305351143781812
ZDHHC20	0.234	-0.178	0.375	365	0.319361269725434
G6PD	0.645	0.68	0.828	515	0.36693937233746
ANGPTL5	0.177	-0.417	0.247	388	0.311510047604912
YTHDF3	0.217	-0.325	0.308	588	0.320348972802403
RALGAPA1	0.184	-0.369	0.267	2495	0.303043989762012
SFTA3	0.24	-0.095	0.407	94	0.286880410858605
KCTD13	0.561	0.587	0.777	329	0.333923508066932
ASPHD1	0.44	0.402	0.679	390	0.309761517941604
ETFBKMT	0.232	-0.169	0.364	262	0.31206610768691
METAP1D	0.244	-0.114	0.405	335	0.297206173930647
UBN2	0.266	-0.076	0.431	1347	0.304294082288114
LRRC43	0.494	0.5	0.73	656	0.329550956976513
BRWD3	0.197	-0.326	0.291	1802	0.3012346073005
EHBP1L1	0.4	0.282	0.619	1523	0.316596337204202
SNX32	0.495	0.47	0.713	403	0.332903988449326
CXorf58	0.175	-0.354	0.269	332	0.300065153743931
FBXO33	0.307	0.125	0.521	555	0.304458174779379
TTLL10	0.587	0.602	0.786	673	0.318910626693296
TSGA10IP	0.484	0.404	0.681	556	0.32226162844042
RNF169	0.313	0.11	0.522	708	0.304996157934703
CALHM5	0.326	0.074	0.505	309	0.343825390175396
BPIFC	0.286	0.035	0.48	507	0.321669544666632
LCORL	0.191	-0.308	0.303	602	0.310231212193965
CNIH2	0.52	0.549	0.753	160	0.353198971372318
AKNAD1	0.244	-0.197	0.371	836	0.330082696929502
TBC1D28	0.354	0.215	0.578	210	0.344825890719748
PHYHD1	0.398	0.234	0.592	297	0.318294527345059
GAGE1	0.254	-0.284	0.342	117	0.315612882779956
ZDHHC24	0.598	0.676	0.822	284	0.323682420743623
MCM9	0.258	-0.115	0.406	1143	0.31570860011332
PROSER2	0.546	0.545	0.758	435	0.28909251137412
SLC41A1	0.465	0.425	0.689	513	0.329542607483031
C11orf86	0.435	0.418	0.682	115	0.287824442392753
MEIOB	0.192	-0.335	0.285	471	0.307793734461048
LPCAT4	0.394	0.277	0.609	524	0.320478935172365
NUDT8	0.55	0.555	0.76	236	0.305510889754861
XRCC6	0.334	0.102	0.518	609	0.336124028127861
LYG2	0.309	0.056	0.495	212	0.329344797726758
VXN	0.382	0.224	0.585	207	0.308066938636373
OR6C74	0.234	-0.097	0.401	312	0.311090972950678
OR6C3	0.247	-0.057	0.423	311	0.331785624133667
GAA	0.629	0.667	0.822	952	0.33105584109731
NAALADL2	0.218	-0.212	0.351	795	0.318193940946524
TMEM256	0.351	0.309	0.627	113	0.340799592766034
OR2T6	0.389	0.291	0.618	308	0.339880794475871
ZDHHC23	0.349	0.195	0.563	412	0.335192418319506
GAB1	0.221	-0.287	0.322	724	0.294594744920061
LCE5A	0.494	0.296	0.641	118	0.356306463227335
KRTAP15-1	0.368	0.111	0.537	137	0.358565720303345
MORN5	0.35	0.116	0.533	161	0.336212523869291
OR1L4	0.41	0.331	0.636	311	0.334392689840498
GABBR1	0.463	0.391	0.672	961	0.338539014683003
CALHM1	0.65	0.686	0.831	346	0.357137058455949
MPV17L	0.461	0.474	0.717	196	0.317015607599247
TMEM86B	0.625	0.701	0.838	226	0.345052587891683
CBARP	0.575	0.574	0.775	453	0.302609340238628
TAC4	0.405	0.286	0.615	113	0.335848118824404
GABPA	0.189	-0.311	0.296	454	0.318464614691611
CFAP65	0.528	0.509	0.738	1925	0.341753695674266
TMCO4	0.459	0.397	0.676	634	0.339157386361122
CFAP299	0.251	-0.106	0.401	250	0.337672871860558
PLA2G4F	0.5	0.464	0.711	849	0.338178647929631
TXNDC8	0.235	-0.241	0.345	115	0.341844830757441
MCOLN2	0.253	-0.072	0.419	566	0.340997391498941
ANKK1	0.506	0.47	0.714	765	0.341026639131221
LRRC57	0.334	0.211	0.566	239	0.328845383964218
MYADML2	0.681	0.741	0.861	307	0.354533682190124
GABPB1	0.178	-0.384	0.265	395	0.313351378569406
EIF2S3B	0.201	-0.257	0.322	466	0.321375034105729
CT47A6	0.509	0.49	0.734	288	0.33267931816315
CT47A11	0.509	0.49	0.734	288	0.33267931816315
EPGN	0.196	-0.294	0.305	154	0.326525087930396
LHFPL7	0.413	0.308	0.622	129	0.339189387087214
MBLAC1	0.595	0.668	0.824	266	0.310914438126034
TCP11L2	0.233	-0.15	0.379	519	0.335524637938794
GABRA1	0.243	-0.138	0.392	456	0.300690223300779
ZNF718	0.216	-0.294	0.321	478	0.333881314317984
TEX49	0.323	0.035	0.484	131	0.321122950259695
RASGEF1C	0.575	0.556	0.762	466	0.35456423533319
RNF144B	0.338	0.105	0.522	303	0.361896949409286
GABRA2	0.21	-0.262	0.328	511	0.327634520735105
ELMOD2	0.189	-0.284	0.309	293	0.330059383564474
GABRA3	0.343	0.118	0.53	492	0.327141620756221
H2BC1	0.372	0.18	0.565	127	0.338874808975797
COL24A1	0.182	-0.414	0.253	1714	0.2929919711707
GABRA4	0.221	-0.238	0.343	554	0.312410137634851
OR52B2	0.317	0.13	0.524	323	0.323617425280959
PCSK9	0.553	0.558	0.764	692	0.32661853616836
NPNT	0.274	-0.124	0.403	595	0.3152607631899
DYNLT2B	0.273	-0.078	0.437	142	0.362282726135203
PDZD9	0.208	-0.277	0.321	204	0.32121082133294
INAFM1	0.573	0.666	0.82	142	0.281814389957384
SMCO1	0.252	-0.025	0.444	214	0.32865129989694
GABRA5	0.414	0.324	0.64	462	0.330311087342889
C19orf38	0.467	0.444	0.704	230	0.322004478598573
BCL6B	0.446	0.35	0.655	479	0.310144146487664
GABRA6	0.253	-0.104	0.41	453	0.314363167951132
CNEP1R1	0.186	-0.285	0.304	142	0.300128745222539
SYT14	0.21	-0.28	0.32	619	0.305507645084553
PAN3	0.246	-0.156	0.386	887	0.310750238378859
GABRB1	0.332	0.12	0.527	474	0.320021113378795
ANKRD31	0.176	-0.392	0.259	1873	0.315807514558948
ZNF549	0.266	-0.085	0.424	640	0.339359496019947
GABRB2	0.3	0.06	0.491	512	0.327977374372803
SYCE2	0.413	0.291	0.624	218	0.354710868500611
TMEM196	0.326	0.187	0.555	179	0.309010216185925
OR4C3	0.27	0.03	0.471	329	0.331538278971808
OR4S1	0.355	0.234	0.582	309	0.337642727902232
GABRB3	0.346	0.187	0.56	473	0.333273117613317
CDRT15L2	0.343	0.124	0.527	281	0.310443003364534
STEAP1B	0.215	-0.216	0.34	342	0.327013769241545
NUDT14	0.51	0.503	0.735	222	0.327094936036058
PTF1A	0.607	0.688	0.833	328	0.313824363881497
GABRD	0.684	0.762	0.871	452	0.346329757151532
CCDC110	0.172	-0.381	0.262	833	0.32525849488016
LMNTD2	0.624	0.691	0.833	634	0.297973785443441
GK5	0.209	-0.23	0.345	529	0.322439279472579
EML3	0.409	0.314	0.632	917	0.309418607921828
CCDC197	0.528	0.517	0.741	272	0.355901006034755
SCML4	0.467	0.406	0.684	414	0.336089225558288
SERPINA11	0.359	0.233	0.586	422	0.326741129959446
GABRE	0.377	0.217	0.581	506	0.332114835762912
ST6GALNAC3	0.265	-0.078	0.426	305	0.333593558638115
MFSD8	0.183	-0.277	0.303	518	0.31377265493885
TMEM151A	0.717	0.844	0.916	468	0.312734757940178
GABRG1	0.197	-0.311	0.293	465	0.314817438508369
TCERG1L	0.421	0.341	0.646	586	0.300124757952412
LYSMD2	0.389	0.271	0.61	215	0.303179809259266
GABRG2	0.281	-0.014	0.456	515	0.316049236471953
BCLAF3	0.207	-0.317	0.299	682	0.306573973173722
NUTM1	0.289	-0.032	0.453	1160	0.311290780917351
MAMDC2	0.283	-0.016	0.459	686	0.329001535399145
GABRG3	0.319	0.127	0.527	467	0.319931651439297
GLIPR1L1	0.206	-0.306	0.31	242	0.334311909865318
MAP7D2	0.291	-0.017	0.458	773	0.337993140088317
WDR72	0.205	-0.251	0.328	1102	0.316795056045941
GABRP	0.345	0.183	0.56	440	0.328540658355683
C10orf67	0.263	0.018	0.466	185	0.314785084804711
GABRR1	0.392	0.284	0.613	479	0.317200363946742
NPB	0.687	0.82	0.902	125	0.314170169208134
KANK3	0.606	0.659	0.817	821	0.304843994081558
HEATR9	0.341	0.147	0.54	570	0.340461522271757
SUN3	0.213	-0.223	0.345	357	0.320409028893583
SERINC5	0.365	0.214	0.579	461	0.3495529752388
ALX3	0.553	0.53	0.752	343	0.321387143865487
GABRR2	0.438	0.361	0.656	465	0.334474817321701
FRMD3	0.326	0.083	0.507	597	0.337557416018764
CATSPERE	0.194	-0.317	0.293	951	0.306074665302075
CATSPERD	0.355	0.187	0.564	798	0.330613080594074
PLCXD2	0.43	0.351	0.649	305	0.327500696771764
GAD1	0.346	0.157	0.55	594	0.339446715144174
ZNF683	0.461	0.378	0.669	524	0.326298684763452
ARHGAP30	0.351	0.132	0.54	1101	0.319172787790413
GCSAM	0.259	-0.108	0.406	180	0.316534245166342
RNF214	0.287	-0.006	0.463	703	0.318708209231864
C9orf43	0.272	-0.077	0.428	461	0.327653794022563
CFAP126	0.295	-0.035	0.453	177	0.317391613171355
NEGR1	0.28	-0.054	0.441	354	0.329004424039106
GAD2	0.276	-0.022	0.456	585	0.336135307306694
GPX6	0.363	0.171	0.565	220	0.349332700906631
SHPRH	0.218	-0.235	0.336	1683	0.318659503034109
CCDC96	0.536	0.542	0.755	555	0.350501034082029
KLHL34	0.574	0.627	0.798	644	0.317872020835591
UTS2B	0.195	-0.27	0.316	119	0.321808509096183
SNX33	0.557	0.519	0.745	574	0.347510089837456
TAB3	0.217	-0.301	0.314	712	0.302735791704957
C2orf72	0.547	0.614	0.792	295	0.29825911287984
FAM133B	0.228	-0.299	0.322	247	0.329659472298999
KIAA1549L	0.345	0.117	0.533	1849	0.311623380540842
SHC2	0.628	0.706	0.844	582	0.314678707074113
ANKS4B	0.326	0.077	0.507	417	0.342742756500388
H2AP	0.339	0.117	0.531	117	0.331227733710106
HYPK	0.359	0.218	0.577	129	0.293489781511223
PRPF40B	0.436	0.301	0.629	892	0.31647390043354
SLC24A2	0.284	0.049	0.486	661	0.318848571609303
C22orf31	0.325	0.115	0.525	290	0.331958725101712
TBC1D22A	0.453	0.395	0.675	517	0.327767800787589
GSTT4	0.438	0.356	0.653	241	0.34908101633772
CBY1	0.329	0.128	0.531	169	0.31936422333262
SUN2	0.508	0.498	0.73	738	0.320738618194861
DSTYK	0.364	0.217	0.576	929	0.332492393886792
RASGRP3	0.291	0.019	0.475	690	0.32126217020872
RAB3GAP2	0.202	-0.239	0.336	1393	0.314264812827962
RAD54B	0.178	-0.366	0.264	910	0.315781543416289
TMEM59L	0.596	0.631	0.803	342	0.338618437867407
CFAP45	0.431	0.329	0.634	551	0.36888596082683
NGEF	0.506	0.481	0.719	710	0.338513409019414
CIZ1	0.464	0.374	0.67	954	0.335512960752279
FBXO7	0.258	-0.068	0.421	522	0.2964276049805
FSCN2	0.642	0.697	0.838	516	0.327911084255954
PGLS	0.512	0.555	0.76	258	0.313725707036685
QPCT	0.249	-0.059	0.426	361	0.309132390029729
BRI3	0.603	0.637	0.806	125	0.340909118021369
ZNF324	0.525	0.515	0.742	553	0.309939647476025
AMBN	0.256	-0.199	0.368	447	0.307421774572519
GAK	0.508	0.472	0.72	1311	0.335609598020731
SLC39A6	0.226	-0.203	0.36	755	0.303028247369216
GCA	0.204	-0.349	0.286	217	0.329950079513685
SVIP	0.208	-0.255	0.333	77	0.312001691459611
LMOD1	0.456	0.357	0.659	600	0.357820373216943
SPDEF	0.639	0.686	0.832	335	0.329589962849625
LSM4	0.585	0.59	0.779	139	0.362913429028542
BAMBI	0.336	0.176	0.555	260	0.338744255365562
VAX2	0.557	0.558	0.762	290	0.301489760203055
RHBDD3	0.513	0.487	0.721	386	0.300563789031933
TTLL1	0.443	0.382	0.668	423	0.355217430129419
GALC	0.248	-0.113	0.405	685	0.31171683191533
SAMM50	0.242	-0.101	0.408	469	0.312046084547518
ATXN10	0.278	0	0.455	475	0.338618347518852
TNFAIP8	0.277	0.014	0.468	210	0.344669354818753
TAFA5	0.541	0.587	0.776	132	0.318005354529965
KLK5	0.427	0.362	0.661	293	0.340563507420069
NOCT	0.342	0.132	0.532	431	0.314186256794998
GALE	0.497	0.457	0.71	348	0.360065208586751
ARIH1	0.329	0.079	0.514	557	0.352116655093983
MTO1	0.238	-0.114	0.397	732	0.312423907258267
DNAJB5	0.441	0.339	0.645	462	0.317458184153753
TPSG1	0.569	0.599	0.785	321	0.31790423265505
PRDX5	0.391	0.269	0.612	214	0.333457490068612
BACE2	0.404	0.299	0.623	518	0.328341449987606
FBXL2	0.326	0.163	0.54	423	0.33651577386793
TXN2	0.435	0.31	0.631	166	0.346324895455119
TMEM184B	0.623	0.664	0.821	407	0.35331690776847
B4GALNT1	0.477	0.468	0.713	533	0.312261272468032
SULT4A1	0.606	0.638	0.807	284	0.354345862219356
HECTD1	0.177	-0.39	0.256	2610	0.294010989595959
POU2F3	0.395	0.251	0.603	438	0.3085809955854
MGAT4C	0.177	-0.385	0.255	478	0.313158195108008
NIPBL	0.184	-0.385	0.262	2804	0.309479817782643
RAB26	0.573	0.605	0.79	256	0.343805046080744
COG4	0.433	0.358	0.653	789	0.353873396455565
GALK1	0.538	0.547	0.757	392	0.336299165954823
METTL7A	0.481	0.417	0.685	244	0.368018285966672
ABTB2	0.597	0.626	0.798	1025	0.331847647865459
ASF1A	0.202	-0.324	0.301	204	0.317959062290103
MOB4	0.193	-0.358	0.278	225	0.318748992016633
YIPF3	0.437	0.357	0.652	350	0.337434932279598
ANAPC13	0.219	-0.2	0.357	74	0.320881060483385
PARM1	0.324	0.042	0.5	310	0.288795691969464
GALK2	0.268	-0.067	0.428	458	0.329831105304166
ZNF345	0.212	-0.341	0.297	488	0.323013982107327
TECPR1	0.594	0.616	0.797	1165	0.335415644284516
ARMC8	0.203	-0.186	0.352	673	0.315778572509548
DCAF12	0.321	0.08	0.509	453	0.320934450069637
FAM149A	0.263	-0.081	0.422	482	0.2915627357257
BRMS1	0.473	0.384	0.665	290	0.324461922484613
WHRN	0.544	0.554	0.761	907	0.316712952586593
USP49	0.449	0.433	0.693	688	0.326883242480755
ABHD14A	0.483	0.476	0.715	271	0.308249498282801
PRKD2	0.554	0.568	0.769	878	0.337432607888103
GALR1	0.599	0.629	0.801	349	0.343684834009686
SUMF2	0.368	0.204	0.578	358	0.316322741272294
NEPRO	0.215	-0.178	0.363	567	0.331087359153103
RPL36	0.566	0.578	0.77	105	0.350447940623682
MPC2	0.224	-0.216	0.342	127	0.330580795113855
LETMD1	0.28	0.019	0.46	373	0.315031995053875
SPEF1	0.525	0.553	0.758	236	0.330754405358194
MXRA5	0.324	0.096	0.519	2828	0.311067990593724
DCAF13	0.228	-0.206	0.357	597	0.298121105663621
GALNS	0.506	0.514	0.74	522	0.33023771920473
TMEM186	0.397	0.284	0.609	213	0.319589547739037
CHRDL2	0.43	0.307	0.633	451	0.316862273557871
POLR1A	0.408	0.293	0.62	1720	0.345501050090516
POC1A	0.449	0.34	0.652	407	0.318319785864847
ZNF473	0.333	0.078	0.516	871	0.336685905265741
GALNT1	0.21	-0.258	0.325	559	0.315380621585584
ABI3BP	0.235	-0.259	0.335	1075	0.293887802010347
PAMR1	0.377	0.206	0.575	737	0.339239355833413
TRIM58	0.437	0.379	0.664	486	0.316582100777664
PLEKHG4	0.46	0.394	0.673	1191	0.326834648728764
EEF1AKMT3	0.473	0.419	0.689	226	0.33952673936031
INTS7	0.214	-0.212	0.347	962	0.329653878382187
RNF19A	0.192	-0.354	0.28	838	0.302193774664318
RCHY1	0.203	-0.301	0.306	261	0.348771420492182
AMBP	0.455	0.384	0.674	352	0.347086003207575
GALNT2	0.396	0.285	0.617	571	0.343844762664045
IFFO1	0.604	0.66	0.818	571	0.334128566744514
CCDC28A	0.242	-0.082	0.419	274	0.310446449363574
MTHFD1L	0.292	0.044	0.485	979	0.33004848428546
OLFML2B	0.463	0.377	0.669	751	0.339052024416151
CNOT10	0.222	-0.209	0.355	804	0.346683138878748
ANAPC15	0.357	0.084	0.522	190	0.326863321952693
TMEM158	0.75	0.884	0.938	300	0.314592493252499
AHCTF1	0.175	-0.381	0.261	2275	0.305070036423251
GALNT3	0.182	-0.359	0.273	633	0.314222073861737
DPCD	0.416	0.325	0.639	203	0.356256042101465
C1orf43	0.322	0.089	0.508	253	0.317212784595867
POT1	0.18	-0.363	0.268	634	0.297265067195021
RTTN	0.207	-0.191	0.352	2226	0.313102250391646
NDUFAF3	0.432	0.388	0.667	184	0.318893742986941
THUMPD3	0.2	-0.295	0.31	507	0.317796535449872
ALS2CL	0.558	0.567	0.766	953	0.333970461887529
NCR3	0.389	0.263	0.603	201	0.311953110885871
GALT	0.412	0.278	0.615	379	0.312915030301916
NELFB	0.617	0.673	0.823	628	0.343797727259528
ZDHHC5	0.344	0.113	0.529	715	0.300495958663402
LY6G6F	0.368	0.224	0.58	297	0.320297014705029
HSPA12A	0.442	0.369	0.664	692	0.338295924242158
ATL3	0.252	-0.093	0.42	541	0.340394953309958
SGMS1	0.321	0.134	0.533	413	0.326824851088539
NALCN	0.276	0.01	0.463	1738	0.317913956543593
TMIE	0.575	0.584	0.78	156	0.360317596908624
WFDC11	0.272	-0.032	0.449	87	0.348543739023408
MYRIP	0.384	0.198	0.574	859	0.328118963425656
WFDC9	0.26	-0.059	0.43	89	0.327925287400663
MRGPRX1	0.396	0.347	0.638	322	0.310335569081957
ZNF521	0.341	0.112	0.534	1311	0.344602289765765
NOL11	0.186	-0.293	0.306	719	0.31440669562028
ASPM	0.17	-0.375	0.251	3477	0.327139087811106
CNRIP1	0.482	0.452	0.709	164	0.335578787161908
SOSTDC1	0.369	0.163	0.553	206	0.325896177597042
BOD1L1	0.217	-0.291	0.326	3051	0.311088281015578
TAS2R39	0.29	0.077	0.492	338	0.333674330385368
TAS2R40	0.357	0.248	0.587	323	0.335631214836693
TAS2R41	0.392	0.313	0.62	307	0.329812232177264
TAS2R43	0.212	-0.15	0.373	309	0.319008293440637
GEMIN5	0.273	-0.024	0.453	1508	0.319048282284202
TAS2R31	0.211	-0.135	0.38	309	0.314692746912849
TAS2R46	0.211	-0.138	0.376	309	0.315435671117491
TAS2R30	0.211	-0.128	0.377	319	0.305181600470296
TAS2R19	0.205	-0.135	0.371	299	0.308376717471911
TAS2R20	0.204	-0.147	0.369	309	0.313892519360074
TAS2R50	0.188	-0.161	0.354	299	0.303069673141827
GAMT	0.524	0.527	0.749	269	0.318458495562425
PTPN23	0.496	0.434	0.699	1636	0.329236503332477
IL4I1	0.578	0.647	0.811	589	0.324469016853341
FAM205A	0.326	0.092	0.516	1335	0.321338422191056
CLIC4	0.275	-0.057	0.434	253	0.326705624142617
NIPSNAP3A	0.215	-0.251	0.333	247	0.310668452795235
NSL1	0.268	-0.073	0.426	281	0.324223402479695
WWTR1	0.415	0.314	0.638	400	0.310122385362431
HEATR5A	0.177	-0.325	0.281	2046	0.305738278806275
SAMHD1	0.231	-0.188	0.361	626	0.32325302688165
FAM98A	0.223	-0.205	0.362	518	0.308986069339926
TPGS2	0.361	0.16	0.552	304	0.316750260512996
SIN3A	0.306	0.02	0.479	1273	0.335127871098423
DNAAF9	0.295	0.024	0.478	1177	0.325271236475591
NECTIN3	0.195	-0.311	0.3	549	0.303618039332176
ZNF385A	0.458	0.376	0.667	386	0.315524091835527
KBTBD2	0.204	-0.286	0.315	623	0.321181114601172
SYF2	0.252	-0.134	0.39	243	0.342242156886411
GANC	0.271	-0.079	0.425	914	0.321900523898698
RWDD3	0.237	-0.111	0.4	267	0.309794786581192
PNKD	0.497	0.487	0.723	385	0.32364257123931
SEC31B	0.347	0.13	0.534	1179	0.319750408283146
PNISR	0.197	-0.407	0.253	805	0.291034265210717
KANK2	0.542	0.513	0.741	859	0.321311641797696
GAP43	0.297	-0.11	0.43	274	0.360457869712455
ADGRA2	0.586	0.629	0.8	1338	0.324994418104486
NUDT13	0.292	0.002	0.465	352	0.326299103029978
VIRMA	0.18	-0.369	0.264	1812	0.302189674165074
TMEM87A	0.239	-0.128	0.39	555	0.317182576187364
C2CD2	0.456	0.396	0.678	696	0.327377503780801
GAPDH	0.48	0.422	0.696	335	0.372952624101431
SH2B1	0.43	0.33	0.645	756	0.298500292184474
UNC50	0.225	-0.111	0.393	276	0.315298467041482
PARS2	0.429	0.346	0.647	475	0.340615391564207
MMACHC	0.391	0.241	0.593	282	0.317230810466843
EGFL6	0.284	-0.046	0.446	554	0.343940353620949
TIPARP	0.243	-0.192	0.367	657	0.317891763634745
NECAP1	0.305	0.005	0.474	275	0.315917717478632
CHMP2B	0.191	-0.333	0.293	213	0.349905183948063
DHRS7B	0.42	0.314	0.632	325	0.347796615472561
AAR2	0.508	0.479	0.721	384	0.34990880415302
DNAH1	0.566	0.572	0.769	4265	0.357310300494893
NGDN	0.276	-0.036	0.441	315	0.318803291017349
KRT23	0.392	0.273	0.61	422	0.33429349747271
TSKU	0.578	0.625	0.795	353	0.304791863313169
HINFP	0.433	0.304	0.632	517	0.339890567115701
ULK3	0.493	0.498	0.727	472	0.337993726151148
SNED1	0.568	0.559	0.768	1413	0.34031394277
HIGD1A	0.208	-0.295	0.313	107	0.307655839037707
REXO2	0.274	-0.058	0.431	237	0.329648864396227
IBTK	0.181	-0.409	0.251	1353	0.312674412982569
CLIP3	0.506	0.459	0.713	547	0.323688193551257
AOC1	0.559	0.536	0.754	770	0.328921668811244
TBC1D10B	0.506	0.477	0.722	808	0.317556465469558
RNF167	0.347	0.171	0.557	350	0.329158876504677
MOXD1	0.296	0.05	0.491	613	0.321812438125817
GORASP2	0.249	-0.15	0.39	452	0.290502870483345
C2CD3	0.268	-0.08	0.423	2353	0.304998952504794
TKFC	0.485	0.451	0.705	575	0.344699090606287
ZZZ3	0.19	-0.381	0.269	903	0.313140302425178
SPATS2L	0.299	0.014	0.478	588	0.333842148859769
TENM4	0.465	0.395	0.677	2769	0.333278648637509
NSMF	0.591	0.576	0.772	530	0.328858418522765
L3MBTL1	0.458	0.345	0.656	840	0.320207005822495
RPAP1	0.399	0.283	0.61	1393	0.3128243972088
FAM32A	0.536	0.541	0.757	112	0.355856930250837
LRIG1	0.424	0.343	0.648	1093	0.317772540227398
UPF2	0.214	-0.251	0.331	1272	0.328992109232992
LRP10	0.412	0.28	0.614	713	0.313890504416286
TMEM98	0.398	0.28	0.608	226	0.339503595898365
PTCD1	0.533	0.532	0.748	700	0.34316201398971
PCDHGA12	0.431	0.391	0.675	932	0.325548737925061
ACOT11	0.542	0.537	0.752	607	0.34173092055437
CYP4X1	0.358	0.182	0.557	509	0.33117942408499
PLEKHG3	0.514	0.477	0.722	1219	0.319363508118661
OSBPL3	0.281	-0.006	0.463	887	0.315127549603852
SUSD5	0.368	0.19	0.571	629	0.315526613156532
ATRNL1	0.21	-0.298	0.315	1379	0.329146018295412
TUBB8B	0.512	0.471	0.72	444	0.347930106239627
IPCEF1	0.26	-0.143	0.397	438	0.323401753180872
GLCE	0.242	-0.147	0.391	617	0.327017316420322
ZNF451	0.21	-0.287	0.319	1061	0.316929338956209
SIPA1L1	0.316	0.048	0.495	1804	0.309770086053516
CHD5	0.601	0.622	0.798	1954	0.360193804874954
SS18L1	0.698	0.76	0.876	396	0.390648007722401
SETBP1	0.382	0.184	0.57	1596	0.321106343109384
MAGI3	0.24	-0.178	0.376	1481	0.314460966482294
PRSS33	0.546	0.575	0.77	280	0.302329184793806
UBXN7	0.217	-0.23	0.345	489	0.306882935875514
PYDC1	0.69	0.807	0.894	89	0.338287006275166
FDCSP	0.214	-0.321	0.289	85	0.293278026945377
LRRTM2	0.261	-0.016	0.447	516	0.308721580039288
LTN1	0.182	-0.315	0.29	1812	0.310549237054642
CNTNAP2	0.349	0.156	0.553	1331	0.333900719188462
ZNF500	0.544	0.534	0.751	480	0.322587404069726
FAM169A	0.202	-0.331	0.295	670	0.312907579100459
SLITRK5	0.425	0.374	0.662	958	0.332460222670692
PPP1R16B	0.503	0.461	0.711	567	0.338453784800033
DNM3	0.281	-0.008	0.456	869	0.316018730143735
AUTS2	0.449	0.356	0.658	1259	0.292420698596181
SENP6	0.178	-0.391	0.258	1112	0.315247319696874
RAB11FIP5	0.578	0.596	0.785	653	0.316799315921209
ANKRD17	0.209	-0.3	0.314	2603	0.307939953756077
GIGYF2	0.242	-0.157	0.383	1320	0.32224974206067
ERC2	0.281	0.026	0.473	957	0.330924635194241
APPL1	0.192	-0.308	0.302	709	0.312120477241034
HACL1	0.238	-0.193	0.365	578	0.341719198619968
DECR2	0.563	0.587	0.778	292	0.350401058243478
RAI14	0.246	-0.103	0.414	983	0.334216000511725
LSM14A	0.216	-0.261	0.33	463	0.296168346570954
RTL8A	0.657	0.739	0.858	113	0.323030330986519
POLDIP2	0.358	0.178	0.561	368	0.306381196923077
CFAP61	0.322	0.12	0.527	1237	0.332027681946318
ARHGEF26	0.313	0.099	0.518	871	0.312193087300765
KLK13	0.385	0.293	0.622	277	0.313173659539927
GPSM1	0.664	0.715	0.847	675	0.343904334451193
GGA1	0.572	0.574	0.772	656	0.328225267199563
ABHD12	0.377	0.222	0.581	404	0.319997096713168
HERC4	0.183	-0.35	0.277	1057	0.311762520368904
TOR1AIP1	0.26	-0.083	0.423	584	0.301435908697076
CCDC9	0.484	0.382	0.672	531	0.309434995836747
DCAF4	0.404	0.305	0.624	495	0.321068442361958
PTPN20	0.23	-0.193	0.361	420	0.3249209328121
CHTOP	0.242	-0.014	0.441	249	0.286841482776896
EDRF1	0.225	-0.193	0.362	1238	0.329441756459746
SZRD1	0.436	0.331	0.64	152	0.314263020853279
WIPI2	0.435	0.352	0.654	454	0.350372280232735
LRIT1	0.464	0.421	0.686	623	0.323881504195034
PYGO1	0.211	-0.415	0.267	419	0.319878313966779
CCDC69	0.39	0.294	0.617	296	0.327479550285014
TANC2	0.295	0.017	0.474	1990	0.310939364934373
WSB1	0.192	-0.317	0.294	421	0.293546269650348
LDLRAP1	0.551	0.575	0.774	308	0.345575032514788
PRPF31	0.595	0.616	0.795	499	0.358203434913366
EPC2	0.216	-0.228	0.344	807	0.315509121997051
TCTN3	0.273	-0.036	0.449	607	0.319279592657353
FGFR1OP2	0.185	-0.26	0.313	253	0.318486243092217
KIFBP	0.272	-0.016	0.453	621	0.334951326399739
GAPVD1	0.223	-0.224	0.343	1487	0.310177726977234
TRPC4AP	0.385	0.284	0.61	797	0.339418392124377
SERBP1	0.256	-0.137	0.399	408	0.312721509108506
TES	0.324	0.041	0.499	421	0.37349326402565
ZBTB20	0.536	0.509	0.742	741	0.332492607535174
TTLL3	0.486	0.439	0.699	915	0.327943169852708
IRF2BP1	0.559	0.555	0.764	584	0.32545171605448
TRAF3IP1	0.327	0.096	0.516	691	0.334698663651666
PHF19	0.474	0.415	0.687	599	0.341424718514856
ZNF658	0.228	-0.257	0.34	1059	0.32745585602183
LRRC32	0.575	0.64	0.802	662	0.32496011962386
RIBC2	0.372	0.21	0.573	382	0.347223145229183
NAT9	0.44	0.359	0.66	212	0.338150858863618
ZNF337	0.305	0.017	0.478	751	0.31403546166064
KIF26A	0.571	0.572	0.773	1882	0.307565159415678
ABCA12	0.243	-0.099	0.407	2595	0.319544440738666
NOC2L	0.55	0.575	0.771	749	0.341716417448105
RSL1D1	0.234	-0.184	0.371	490	0.32191352697557
GIMAP2	0.263	-0.042	0.435	337	0.333240192470029
IFT172	0.34	0.117	0.528	1749	0.352373463708553
MTG2	0.443	0.405	0.679	406	0.331048125459112
SPATA31A7	0.299	0.013	0.475	1347	0.308950141805431
RGS22	0.194	-0.325	0.293	1264	0.328765483196792
PCDHB5	0.397	0.319	0.636	795	0.319407755135031
SENP3	0.392	0.239	0.592	574	0.307771952673091
GARS1	0.272	-0.051	0.438	739	0.328849045601816
TIPRL	0.215	-0.172	0.372	272	0.308409561131126
STEAP2	0.186	-0.257	0.313	490	0.310362768745104
INTS1	0.662	0.73	0.853	2190	0.334737034415804
NPHP4	0.487	0.451	0.706	1426	0.32081364132206
LYSET	0.234	-0.13	0.386	169	0.316349111664694
GART	0.215	-0.221	0.349	1010	0.321709960099067
OR1C1	0.321	0.165	0.547	314	0.324124293849887
OR1A2	0.304	0.084	0.505	309	0.340254992471743
GAS1	0.73	0.844	0.916	345	0.332687309842541
FBXW2	0.301	0.079	0.502	454	0.326492688383144
PTPN22	0.209	-0.338	0.292	807	0.313803481372089
AMD1	0.248	-0.162	0.384	334	0.323349798682247
GAS2	0.254	-0.105	0.408	313	0.327050663463446
GMEB2	0.558	0.577	0.776	530	0.338884058999336
SPAG8	0.311	0.004	0.48	501	0.298484414977766
PITPNC1	0.344	0.095	0.52	332	0.329214701215152
GAS6	0.594	0.626	0.8	678	0.34356141830158
OR2B6	0.235	-0.085	0.404	313	0.299078772948969
OR1J4	0.355	0.253	0.589	313	0.32473391880948
GAS8	0.583	0.582	0.774	478	0.376146267812451
FBXL3	0.198	-0.269	0.316	428	0.30802136402067
ARL5A	0.178	-0.335	0.275	179	0.313351390853713
PHGDH	0.442	0.358	0.656	533	0.349217635749773
STAP1	0.232	-0.157	0.378	295	0.317839861739614
B3GAT3	0.475	0.428	0.691	335	0.315188643409734
GATA1	0.43	0.275	0.618	413	0.313258784978063
TIAM2	0.353	0.171	0.557	1701	0.321373580059659
FBXL9P	0.463	0.414	0.682	223	0.329015961093279
FBXO2	0.683	0.738	0.862	296	0.344872993035817
FBXL6	0.534	0.572	0.767	539	0.307853128763745
FBXL5	0.207	-0.294	0.311	691	0.321863867108557
FBXL4	0.214	-0.207	0.349	621	0.316960826863772
LCE2B	0.478	0.286	0.633	110	0.375659634647988
GATA2	0.541	0.514	0.746	480	0.31958304733786
FAM50B	0.793	0.864	0.926	325	0.34632267525579
OR2M4	0.306	0.135	0.527	311	0.328232240503078
OR2L2	0.28	0.022	0.466	312	0.323721733655259
OR2K2	0.28	0.078	0.492	316	0.33506494560867
KLHL3	0.369	0.219	0.585	587	0.341699013553075
GATA3	0.594	0.639	0.81	444	0.305055044288383
KCNG2	0.794	0.915	0.953	466	0.303717612044155
CLEC4E	0.271	-0.058	0.442	219	0.336073636292031
OPTC	0.447	0.377	0.657	332	0.317605264308247
CABYR	0.208	-0.35	0.3	493	0.322063662938734
NKX2-8	0.593	0.649	0.812	239	0.305352229751126
BLOC1S6	0.184	-0.277	0.308	177	0.327650559700815
FBXW8	0.404	0.313	0.632	598	0.323358805035955
GATA4	0.573	0.61	0.796	443	0.318210182389067
FBXO25	0.255	-0.047	0.433	367	0.33684883281949
FBXO24	0.459	0.427	0.691	618	0.333907734437131
TSPAN17	0.522	0.535	0.751	332	0.365036872519747
FBXO22	0.257	-0.035	0.443	403	0.309663317661142
SLC13A4	0.513	0.493	0.728	626	0.34422017119104
FBXO10	0.439	0.362	0.657	956	0.341900306501139
FBXO9	0.228	-0.205	0.353	447	0.31725117814577
FBXO8	0.216	-0.204	0.345	319	0.327810091687349
GATA6	0.546	0.572	0.776	595	0.304108844584395
FBXO6	0.522	0.511	0.739	293	0.34391279517739
FBXO5	0.214	-0.227	0.343	447	0.313212196240714
FBXO4	0.218	-0.229	0.338	387	0.30186382979069
FBXO3	0.231	-0.191	0.362	471	0.309867972414978
HIBCH	0.184	-0.339	0.279	386	0.315294675767936
VPS33B	0.384	0.245	0.59	617	0.341471099011507
TINF2	0.318	0.068	0.5	451	0.322064578919751
SACS	0.185	-0.328	0.285	4579	0.314643361448068
PLA2G2D	0.565	0.561	0.766	145	0.404551163024497
GATM	0.291	-0.031	0.447	423	0.334199384944406
IL1RAPL2	0.238	-0.129	0.391	686	0.326641499838571
FGF20	0.376	0.242	0.589	211	0.307645490757575
ERAL1	0.376	0.263	0.604	437	0.324050338980815
CLDN17	0.309	0.126	0.521	224	0.339642391639029
ARFGAP3	0.258	-0.145	0.399	516	0.31808136284397
ANKRD2	0.515	0.48	0.72	360	0.339333143570931
AK5	0.261	-0.072	0.421	562	0.323792429892615
GBA1	0.405	0.276	0.613	536	0.325203902072827
GALNT8	0.315	0.113	0.518	637	0.333040504681053
FGF21	0.461	0.393	0.675	209	0.315860211333834
MYCBP	0.259	-0.074	0.426	103	0.371191246531868
SERGEF	0.278	-0.049	0.447	458	0.317862619612995
EHF	0.346	0.202	0.573	322	0.339921506109822
GBGT1	0.541	0.524	0.743	347	0.3328831958337
NIPSNAP2	0.285	0.033	0.476	286	0.317158154723716
GBE1	0.223	-0.217	0.349	702	0.315264174706043
GBP1	0.335	0.119	0.528	592	0.344514371168085
GAPDHS	0.44	0.339	0.651	408	0.335068563757283
OR7A17	0.324	0.151	0.539	309	0.324793312158062
OR5L2	0.379	0.274	0.605	311	0.344584203630686
OR5K1	0.221	-0.154	0.372	308	0.325830604313936
GBP2	0.329	0.11	0.525	591	0.352448469178549
OR5H1	0.197	-0.199	0.347	313	0.312670726754306
GBP3	0.325	0.084	0.511	595	0.351444338792901
HSPB8	0.446	0.277	0.62	196	0.318377525989523
GNL3	0.236	-0.188	0.367	549	0.338534025581449
FAM162A	0.255	-0.048	0.432	154	0.318658452913736
GBX1	0.482	0.431	0.699	363	0.316501967016666
GBX2	0.632	0.713	0.849	348	0.312461382340124
GC	0.252	-0.136	0.399	493	0.332319298674247
GCDH	0.529	0.546	0.754	438	0.340727970291495
GCG	0.27	-0.093	0.415	180	0.327969056490862
GCGR	0.641	0.693	0.834	477	0.343365944116797
GCH1	0.384	0.285	0.618	250	0.307475305637619
GCHFR	0.506	0.48	0.718	84	0.33261092702422
GCK	0.635	0.668	0.823	466	0.350240401454555
GCKR	0.39	0.266	0.605	625	0.339176997943871
LHX6	0.621	0.691	0.836	392	0.352002504733594
PTPN18	0.507	0.507	0.736	460	0.32535121785069
BLOC1S1	0.484	0.424	0.692	153	0.356124668040914
SEZ6L2	0.498	0.468	0.716	923	0.313308636002405
NUPR1	0.45	0.303	0.629	100	0.301648640388001
PPP1R14B	0.564	0.595	0.783	147	0.321951925441792
OR10J1	0.324	0.184	0.554	320	0.331734270582552
KAT2A	0.541	0.531	0.749	837	0.341250909277017
NR6A1	0.366	0.202	0.57	480	0.336990827261431
OR8B8	0.351	0.236	0.59	311	0.346549750481984
OR8G1	0.307	0.102	0.51	311	0.332486938184128
OR10A3	0.271	0.016	0.465	314	0.329069478577242
OR10D3	0.328	0.161	0.54	312	0.329560135556446
PLEK2	0.461	0.4	0.677	353	0.343162963840196
AMELX	0.417	0.219	0.589	205	0.319916679365854
GCNT1	0.26	-0.057	0.432	428	0.325082575010105
NARF	0.381	0.223	0.587	456	0.349955362821332
SLC17A5	0.193	-0.269	0.315	495	0.311271512676583
CNNM4	0.567	0.622	0.795	775	0.33871912595272
CNNM3	0.601	0.681	0.827	707	0.313753525189234
CNNM1	0.52	0.531	0.747	951	0.317486817206476
HEYL	0.429	0.335	0.642	328	0.297741025951874
MYOF	0.29	0	0.465	2061	0.326306590527694
GCNT2	0.29	0.016	0.477	402	0.337630527730296
CHIC2	0.249	-0.014	0.452	165	0.323753956209775
INTS6	0.192	-0.314	0.294	887	0.300387849840993
TIMM10B	0.472	0.4	0.677	103	0.371475378895103
TIMM13	0.656	0.719	0.851	95	0.390868360892876
TIMM10	0.466	0.336	0.646	90	0.368814032812114
OPN1MW	0.525	0.511	0.74	364	0.353031848678346
TIMM9	0.198	-0.292	0.314	89	0.328276044619518
TIMM8B	0.397	0.265	0.606	98	0.327943572896871
AGO1	0.436	0.335	0.645	857	0.351668316784379
LATS2	0.519	0.474	0.722	1088	0.338558007861992
IL36RN	0.444	0.418	0.689	155	0.334870072934273
TSPAN16	0.339	0.172	0.555	245	0.339113893654094
DAZAP1	0.403	0.215	0.595	407	0.319688220032451
GCSH	0.248	-0.133	0.395	173	0.310483144886115
OR11A1	0.335	0.152	0.538	315	0.337695479305493
OR10H3	0.379	0.272	0.603	316	0.326218128340613
OR10G3	0.371	0.261	0.593	313	0.323826419305176
OR10G2	0.375	0.279	0.605	310	0.332164546775248
OR10H2	0.545	0.587	0.775	315	0.338280458314409
OR10H1	0.597	0.651	0.811	318	0.3521382222571
ITGB1BP2	0.301	0.01	0.477	347	0.322496392814775
GDF1	0.657	0.766	0.873	372	0.294870794723409
AATF	0.292	-0.021	0.455	560	0.313856686724575
RGS17	0.226	-0.221	0.35	210	0.343012284372854
SRPK3	0.577	0.597	0.785	567	0.339689663378951
PCOLCE2	0.289	0.006	0.47	415	0.336252242032138
OSTF1	0.245	-0.136	0.395	214	0.342960969128153
MYEOV	0.384	0.285	0.612	313	0.303711488027588
GDF2	0.51	0.464	0.716	429	0.335155684911332
BSCL2	0.382	0.242	0.594	462	0.318711773008723
GREM1	0.505	0.476	0.721	184	0.352703819743728
CKAP2	0.19	-0.375	0.271	683	0.312634973805478
MRPL46	0.299	0.089	0.506	279	0.306489392272312
OR8B2	0.269	-0.002	0.456	313	0.33477642814526
AMELY	0.417	0.206	0.581	192	0.320044591814765
MSTN	0.202	-0.302	0.303	375	0.31822392979029
TBL2	0.51	0.483	0.724	447	0.337078238770828
VCX	0.506	0.405	0.693	206	0.31819755096159
GDF9	0.275	-0.048	0.438	454	0.33063407679376
ELP4	0.225	-0.149	0.379	535	0.309801325845341
GDF10	0.578	0.604	0.787	478	0.322831539548093
GDI1	0.53	0.492	0.729	447	0.374055102780541
OR7E24	0.343	0.202	0.565	339	0.324028910498993
GDI2	0.247	-0.143	0.387	445	0.334502595957641
OR7C2	0.378	0.28	0.607	319	0.317107093998273
OR7A5	0.306	0.106	0.515	319	0.31944038844054
SEC14L3	0.447	0.369	0.661	400	0.344182311037431
OR7C1	0.338	0.182	0.557	320	0.308431399642451
BRD3OS	0.436	0.37	0.658	84	0.337978610428205
BEST4	0.553	0.579	0.772	473	0.330895077367376
HS6ST3	0.573	0.589	0.78	471	0.336020134915384
MDGA1	0.586	0.604	0.789	955	0.34337885643968
MAGEA2B	0.408	0.288	0.618	314	0.326085528249744
NPAS4	0.415	0.275	0.614	802	0.314272199765723
RGL4	0.421	0.313	0.632	473	0.322104432387486
GDNF	0.298	0.058	0.491	228	0.316345821930133
NAP1L5	0.452	0.326	0.653	182	0.363697560003996
OR4F3	0.294	0.077	0.5	312	0.314375600031052
OR4E2	0.329	0.161	0.543	313	0.32755968436024
OR4E1	0.368	0.283	0.609	315	0.331453384895757
OR4D1	0.39	0.358	0.648	310	0.322892697127081
GEM	0.44	0.357	0.655	296	0.337726562688227
OR2W1	0.245	-0.062	0.419	320	0.325360836222079
OR2V1	0.387	0.318	0.628	315	0.339032460836509
OR2T1	0.322	0.137	0.532	369	0.336682035356484
ADGRF1	0.276	0.001	0.461	910	0.332145409082108
AMFR	0.361	0.241	0.589	643	0.316662196878985
GFAP	0.528	0.525	0.741	472	0.340348595345412
PGBD2	0.32	0.055	0.492	592	0.332398483410595
DAOA	0.24	-0.128	0.393	153	0.330315884310443
ATP5MGL	0.321	0.058	0.495	100	0.349461947882435
OR2J2	0.255	-0.03	0.439	312	0.305553025862195
GFER	0.585	0.615	0.795	205	0.313223458915557
OR2H1	0.389	0.313	0.626	316	0.321286618236587
GFI1	0.553	0.548	0.762	422	0.321907208883563
GFPT1	0.234	-0.179	0.365	699	0.324052239186991
OR1L3	0.28	0.027	0.468	324	0.32894800566374
OR1L1	0.311	0.101	0.507	310	0.32484878032252
GFRA1	0.432	0.348	0.653	465	0.350056162036765
OR1J2	0.392	0.305	0.622	313	0.325582771161746
NUFIP1	0.252	-0.16	0.39	495	0.311923798147873
GFRA2	0.603	0.624	0.799	464	0.356697407696588
RPS6KC1	0.205	-0.282	0.316	1066	0.303336202572952
SH3YL1	0.204	-0.282	0.312	342	0.327468449429184
GFRA3	0.483	0.457	0.707	400	0.325143045547219
HAVCR1	0.234	-0.164	0.381	401	0.277945151265381
GGCX	0.369	0.219	0.576	758	0.321019117388051
GGT1	0.591	0.63	0.802	569	0.357465166271358
AMH	0.618	0.689	0.83	560	0.294570141826813
B4GALT1	0.394	0.275	0.61	398	0.318930096295295
GGT7	0.476	0.447	0.703	662	0.317516520132832
GGT5	0.545	0.554	0.761	587	0.338745259341844
STEAP1	0.197	-0.251	0.313	339	0.31169577266954
OPLAH	0.604	0.638	0.806	1288	0.330823433199947
GH1	0.509	0.501	0.73	217	0.341489375472246
GH2	0.389	0.274	0.607	256	0.322970540287436
AMHR2	0.382	0.192	0.562	573	0.313286647483575
GHR	0.24	-0.18	0.375	645	0.317722279686257
GHRH	0.495	0.458	0.703	108	0.32470216786543
GHRHR	0.492	0.458	0.707	423	0.327385776300597
GHSR	0.564	0.635	0.802	366	0.333100225792148
CBLIF	0.34	0.162	0.554	417	0.334087239433668
GIP	0.432	0.306	0.624	153	0.34942108122865
SMR3A	0.213	-0.507	0.214	134	0.263273832837701
RANBP6	0.185	-0.331	0.283	1105	0.327664908876727
COPG2	0.252	-0.121	0.399	871	0.336489602220247
HBP1	0.209	-0.342	0.296	514	0.311596218528023
GIPR	0.522	0.561	0.758	466	0.324792327666651
NBEA	0.204	-0.266	0.322	2946	0.307254442087065
GJA1	0.339	0.125	0.534	382	0.352547608608861
CHORDC1	0.197	-0.351	0.292	332	0.322481582776796
ZNF285	0.254	-0.116	0.411	597	0.330137978485618
SEC22A	0.224	-0.205	0.348	307	0.338782261993884
AP3M1	0.229	-0.176	0.372	418	0.313642083354066
PABPC1	0.236	-0.223	0.353	636	0.328491984970267
AKAP8L	0.5	0.435	0.704	646	0.343299005890812
RNF11	0.294	0.032	0.483	154	0.304571137305926
TRUB2	0.414	0.351	0.649	331	0.317683637032676
GPR160	0.173	-0.286	0.294	338	0.327649640686987
FETUB	0.318	0.053	0.499	382	0.341703486708487
CYFIP2	0.476	0.423	0.688	1278	0.356080294058495
ABL2	0.307	0.006	0.475	1182	0.323554137202571
AMPD1	0.293	-0.012	0.461	780	0.33220736055414
GJA3	0.699	0.778	0.881	435	0.330564122831211
DNAJC2	0.192	-0.384	0.269	621	0.338962411019725
USP21	0.351	0.17	0.551	565	0.303317697171807
FGF22	0.722	0.822	0.901	170	0.277530126427773
GJA4	0.554	0.565	0.766	333	0.326581324480555
TPK1	0.248	-0.1	0.408	243	0.32864421838058
KCNV1	0.404	0.342	0.641	500	0.321268908758229
CNPPD1	0.433	0.355	0.651	410	0.32668422222067
BEX3	0.246	-0.16	0.366	111	0.316303958344245
DNAI1	0.423	0.279	0.621	703	0.363937291704126
GJA5	0.454	0.382	0.671	358	0.338079226561452
NPTN	0.398	0.267	0.608	398	0.345037319808001
FOXD3	0.655	0.735	0.861	478	0.321884998772079
FOXB1	0.727	0.818	0.904	325	0.331389023190776
GJA8	0.548	0.551	0.761	433	0.342623008524962
MLH3	0.206	-0.28	0.319	1453	0.320081737648265
NPHP3	0.217	-0.189	0.359	1330	0.325062410601871
ATP2C1	0.199	-0.282	0.31	973	0.314254283508464
ZBTB32	0.42	0.294	0.624	487	0.296292577831435
ACAD8	0.399	0.265	0.607	415	0.350525630440469
NOX1	0.307	0.055	0.491	564	0.328166713958744
SIGLEC7	0.426	0.313	0.634	467	0.322782695730098
TRMT2A	0.54	0.505	0.736	643	0.337232717974598
PKD2L2	0.197	-0.264	0.318	624	0.336911612875736
LAT	0.468	0.358	0.66	269	0.324611019871113
UTP25	0.308	0.047	0.49	756	0.334017427254736
PELP1	0.382	0.223	0.586	1180	0.30094671895901
SND1	0.389	0.233	0.589	910	0.344134223656641
GJB1	0.508	0.514	0.737	283	0.336526623621534
GJB2	0.5	0.482	0.722	226	0.360653870780552
ANKRD1	0.265	-0.038	0.44	319	0.337006269944525
NSG1	0.506	0.506	0.74	185	0.349895045780101
STAU2	0.215	-0.3	0.315	570	0.333440932150864
PPA2	0.24	-0.188	0.369	334	0.344298926514074
GHITM	0.222	-0.178	0.364	345	0.312453565059972
GJB3	0.662	0.715	0.846	270	0.367920296766642
DAPP1	0.25	-0.132	0.394	280	0.304140895970716
VPS41	0.23	-0.153	0.378	854	0.339552132319431
LAMP3	0.282	-0.049	0.45	416	0.298130251531277
TSPAN13	0.272	0.032	0.472	204	0.348033503524283
LYPD3	0.463	0.39	0.679	346	0.328363087580493
B9D1	0.479	0.391	0.682	204	0.329576082588657
RPUSD2	0.405	0.297	0.625	545	0.313607968620098
MTBP	0.173	-0.395	0.252	904	0.310687671585485
FOXP1	0.294	0.045	0.494	693	0.328367244958068
B3GAT1	0.659	0.724	0.85	334	0.311087210292858
UQCRQ	0.405	0.271	0.608	82	0.3223546862161
GJB5	0.497	0.477	0.719	273	0.338038150819997
ST6GALNAC4	0.661	0.7	0.839	302	0.325004434757644
CACNG5	0.543	0.57	0.768	275	0.332321528413157
CACNG4	0.582	0.596	0.781	327	0.339135573037543
KCNMB3	0.282	-0.016	0.457	279	0.316252772198527
TRAPPC3	0.33	0.111	0.519	188	0.347413704355582
TAF5L	0.38	0.251	0.599	589	0.334419628413908
CLUL1	0.271	-0.075	0.427	518	0.337308542436624
AMPD2	0.581	0.584	0.776	879	0.335716637391152
GK	0.202	-0.274	0.32	559	0.314999222161502
CACYBP	0.234	-0.214	0.359	228	0.352401149416065
EIF2AK1	0.257	-0.052	0.434	630	0.32501272479632
ARRDC2	0.562	0.568	0.768	407	0.309074282909376
ZBTB11	0.213	-0.253	0.337	1053	0.316292666791724
DMAC2L	0.246	-0.065	0.419	215	0.32820129287229
SDCBP2	0.475	0.47	0.716	292	0.339688039749062
NALF2	0.541	0.55	0.76	472	0.330215522811052
BBC3	0.415	0.322	0.637	261	0.262391094951833
PDE7B	0.297	0.052	0.486	450	0.324295847307005
GK2	0.196	-0.306	0.302	553	0.3110192665765
DKKL1	0.504	0.527	0.742	242	0.311006187169169
DKK4	0.292	0.016	0.47	224	0.328358005321857
DKK3	0.476	0.419	0.69	364	0.331996112268358
DKK2	0.359	0.185	0.566	259	0.333301744405899
INPP5J	0.462	0.35	0.655	1006	0.303624247483606
AFF4	0.265	-0.169	0.39	1163	0.309005959360297
SMC1B	0.212	-0.21	0.347	1235	0.337909154692925
CYTH4	0.605	0.63	0.801	394	0.358970714554561
HSPB7	0.486	0.441	0.701	245	0.315726517127435
INVS	0.259	-0.106	0.409	1065	0.322495727747737
SNX5	0.26	-0.076	0.425	404	0.337653276247616
CPNE7	0.614	0.643	0.81	633	0.357386808461846
KCNH5	0.286	0.014	0.472	988	0.327625972919051
TJP3	0.521	0.504	0.733	928	0.315422536167373
MORC1	0.208	-0.237	0.335	984	0.333979383130178
CIDEB	0.383	0.25	0.592	219	0.299678898141239
PALD1	0.58	0.597	0.784	856	0.332420358937723
FILIP1	0.236	-0.131	0.394	1213	0.318902261274765
FAM184B	0.452	0.375	0.666	1060	0.354122799987777
DENND2A	0.412	0.302	0.624	1009	0.320352129997378
STK36	0.36	0.209	0.571	1315	0.317878789921689
CPAMD8	0.505	0.477	0.722	1932	0.330901797832043
INTU	0.206	-0.256	0.328	942	0.309941227301896
ZNF777	0.554	0.553	0.763	831	0.330442242095741
BRPF3	0.419	0.291	0.619	1205	0.328128618213642
RSPH14	0.53	0.544	0.753	348	0.358320420422871
NDOR1	0.541	0.559	0.761	606	0.324785518983298
CHIA	0.447	0.324	0.644	476	0.376379660213813
AGO2	0.47	0.423	0.692	859	0.340788244229551
NAAA	0.38	0.283	0.612	359	0.31906860112251
SALL3	0.671	0.736	0.862	1300	0.327423486452487
GLS2	0.399	0.26	0.606	602	0.341781968292209
PRELID1	0.437	0.345	0.654	219	0.35287041614689
GLA	0.27	-0.031	0.444	429	0.33434411378856
SLC39A1	0.458	0.416	0.679	324	0.323035690356036
TUBG2	0.583	0.596	0.782	451	0.349001796215273
IL36B	0.253	-0.055	0.431	164	0.315455840758548
IL37	0.331	0.096	0.526	218	0.331214320056059
IL36A	0.351	0.201	0.57	158	0.345088193952057
SIGLEC9	0.397	0.267	0.608	479	0.310803320144626
SIGLEC8	0.43	0.312	0.634	499	0.319137016169186
VPS4A	0.474	0.422	0.691	437	0.348418664235485
DISC1	0.319	0.1	0.515	854	0.314474583601979
IL17C	0.574	0.589	0.777	197	0.300476739534195
GPC3	0.313	0.094	0.515	603	0.343991914690391
IL17B	0.619	0.607	0.787	180	0.33281117901437
GPR82	0.183	-0.244	0.322	336	0.304339855302688
HCAR1	0.461	0.43	0.692	346	0.339020310499257
OXGR1	0.314	0.096	0.506	337	0.338930928962703
AMPD3	0.48	0.418	0.689	776	0.345765032896451
GLB1	0.357	0.151	0.545	677	0.325003715749696
GPR78	0.609	0.681	0.826	363	0.304523936941107
C5AR2	0.553	0.573	0.768	337	0.339479427390186
TUBGCP4	0.297	0.062	0.492	667	0.327525551264123
SERP1	0.352	0.242	0.59	66	0.356375524591873
NMRK2	0.566	0.572	0.771	235	0.34078111807372
GNMT	0.522	0.504	0.736	295	0.345350814633523
SULT1C4	0.257	-0.122	0.406	302	0.329217067746121
COQ2	0.269	-0.001	0.456	421	0.297216247841027
ARFIP1	0.19	-0.367	0.268	373	0.329381417578939
ARHGEF16	0.614	0.673	0.824	709	0.331629702636651
GPKOW	0.397	0.258	0.604	476	0.327216120929397
GPR162	0.466	0.454	0.705	588	0.308832392638713
SIT1	0.423	0.329	0.64	196	0.30975510614909
BBS9	0.197	-0.282	0.312	887	0.30808564272357
TNFRSF21	0.42	0.294	0.624	655	0.326608333881632
CHMP2A	0.417	0.326	0.634	222	0.349681246177651
SESN1	0.197	-0.279	0.312	551	0.312377464903391
AHDC1	0.53	0.478	0.725	1603	0.31351116404696
RNF115	0.247	-0.146	0.395	304	0.290348550508506
NFU1	0.221	-0.254	0.332	254	0.308502041067539
ERLEC1	0.22	-0.241	0.341	483	0.317011706707582
MMADHC	0.18	-0.429	0.245	296	0.311473827466
PDCD4	0.182	-0.353	0.275	469	0.309018187076759
KLHL20	0.232	-0.144	0.386	609	0.306385335727
PCDH17	0.505	0.473	0.72	1159	0.344561034921668
CSDC2	0.589	0.57	0.777	153	0.309504735875705
CNTN6	0.212	-0.256	0.329	1028	0.315183170383974
LSM1	0.234	-0.086	0.405	133	0.321952930920313
LSM3	0.201	-0.196	0.347	102	0.297937715436454
TINAG	0.222	-0.271	0.33	476	0.33453234163979
SULT1B1	0.212	-0.296	0.308	296	0.324721826542742
TEKT2	0.513	0.483	0.719	430	0.345846962656755
SRPX2	0.345	0.115	0.524	465	0.323101079719331
VENTX	0.519	0.488	0.728	258	0.301807209852006
RBMXL2	0.516	0.503	0.732	392	0.28087904207384
RND1	0.39	0.264	0.604	232	0.318513309120493
GCLC	0.269	-0.06	0.431	637	0.327906056567657
SPINK4	0.368	0.233	0.587	86	0.354707516282921
R3HCC1L	0.196	-0.341	0.29	792	0.301485730992455
DIMT1	0.228	-0.142	0.379	313	0.309466041232188
SMPDL3B	0.462	0.374	0.668	455	0.345577106271361
DHDH	0.527	0.538	0.755	334	0.338354187008856
PDLIM3	0.347	0.132	0.541	364	0.325053405092558
TP53TG5	0.36	0.232	0.585	290	0.30953119143755
CRCP	0.325	0.095	0.517	148	0.347065568569104
ADAMDEC1	0.256	-0.103	0.412	470	0.333640624994794
AMPH	0.311	0.017	0.484	695	0.317405634098091
GCLM	0.237	-0.118	0.398	274	0.319604966189215
ZNF544	0.271	-0.1	0.42	715	0.33209919956862
APEX2	0.42	0.299	0.625	518	0.326846012235105
BMP10	0.34	0.142	0.539	424	0.333507384340735
RBMS3	0.291	-0.088	0.431	437	0.335018236198269
MOCS3	0.385	0.294	0.618	460	0.330787098034302
HPGDS	0.212	-0.214	0.342	199	0.325623023146719
ZNF330	0.224	-0.313	0.315	320	0.335916604084827
GLDC	0.327	0.11	0.523	1020	0.331649576333616
RAB30	0.278	0.019	0.472	203	0.353202567636493
PGAP2	0.535	0.587	0.778	315	0.335225888898675
RBMX	0.189	-0.43	0.24	391	0.254403945470118
BHLHE22	0.611	0.692	0.837	381	0.311657091564087
TOX3	0.36	0.157	0.557	576	0.343892408561916
TNRC6A	0.252	-0.19	0.38	1962	0.312062627374021
PCDH11X	0.25	-0.149	0.391	1347	0.318775887772432
ANGPTL3	0.17	-0.379	0.26	460	0.311394640128415
GLE1	0.363	0.207	0.575	698	0.339873815632958
RPS6KA6	0.173	-0.401	0.251	745	0.308784231089114
ZNF638	0.182	-0.415	0.253	1978	0.314852044073956
GOLIM4	0.264	-0.092	0.425	696	0.348617470903658
P2RY10	0.317	0.105	0.512	339	0.348358883595324
EIF3K	0.491	0.459	0.709	218	0.373005829379781
HTATSF1	0.237	-0.248	0.348	755	0.336456763081839
UBE2S	0.606	0.624	0.798	222	0.344391830227785
PRPF19	0.428	0.314	0.634	504	0.339838568450442
GLG1	0.341	0.16	0.548	1203	0.350166247928215
UTP20	0.22	-0.146	0.378	2785	0.322235216545408
RRP7A	0.513	0.46	0.711	280	0.333900908792809
RABGEF1	0.318	0.052	0.495	505	0.355059145861109
POLL	0.403	0.26	0.602	575	0.326950549963878
PCSK1N	0.534	0.602	0.782	260	0.278709624001761
KCNMB4	0.494	0.474	0.719	210	0.360016810588252
TMEM97	0.363	0.26	0.595	176	0.319453518559665
STK39	0.238	-0.109	0.411	545	0.317884453264787
TOR1B	0.403	0.313	0.629	336	0.340230032317783
MCAT	0.458	0.422	0.691	390	0.32762396392168
GLI1	0.378	0.17	0.563	1106	0.304554140934206
APOBEC3C	0.393	0.226	0.59	190	0.345488153146746
DESI1	0.44	0.389	0.673	168	0.322172930549655
SGSM3	0.608	0.648	0.809	749	0.33773689604194
GLI2	0.603	0.618	0.799	1586	0.322897458044898
GLI3	0.428	0.322	0.642	1580	0.313353951426372
GLI4	0.677	0.74	0.863	376	0.331100996013187
GLO1	0.257	-0.15	0.391	184	0.325498223544283
BIN1	0.562	0.544	0.762	593	0.35114597828498
GLP1R	0.545	0.586	0.775	463	0.340114827680497
GLRA1	0.416	0.298	0.621	457	0.349764173368298
GLRA2	0.292	0.026	0.476	452	0.323739168155511
HTRA2	0.349	0.193	0.563	458	0.300145733671322
GLRB	0.231	-0.162	0.377	497	0.339895206158123
MAT2B	0.218	-0.228	0.344	334	0.32045804989937
TOR2A	0.649	0.744	0.861	321	0.32310042701877
POLM	0.431	0.329	0.642	508	0.297085152854914
EML4	0.216	-0.262	0.331	981	0.299971141986283
TMEM121B	0.685	0.792	0.888	578	0.311795706357351
GLS	0.224	-0.205	0.36	669	0.312552049335689
HDHD5	0.476	0.458	0.708	423	0.331898356897157
CECR2	0.33	0.051	0.501	1300	0.304872622927841
PCLO	0.212	-0.32	0.306	5142	0.297192153156636
GLRX	0.306	0.103	0.514	106	0.350710050988073
GLUD1	0.342	0.126	0.532	558	0.337112835840577
GLUD2	0.337	0.12	0.53	558	0.339056621294746
AMT	0.424	0.313	0.631	403	0.325790219960676
GLUL	0.379	0.189	0.571	373	0.338148919261128
AMY1A	0.204	-0.349	0.287	511	0.329794832925818
GM2A	0.424	0.352	0.651	193	0.323044581521695
GMDS	0.343	0.138	0.542	372	0.342071047828607
GMFB	0.192	-0.32	0.292	142	0.321757220713064
GML	0.231	-0.158	0.373	158	0.32068411756083
GMPR	0.381	0.202	0.578	345	0.337384704368049
GNA11	0.779	0.872	0.93	359	0.37070506785667
GNA12	0.662	0.722	0.848	381	0.343291782057707
GNA15	0.66	0.69	0.832	374	0.355637348155926
AMY1B	0.204	-0.349	0.287	511	0.329794832925818
GNAI1	0.249	-0.138	0.392	354	0.335353163485352
GNAI2	0.583	0.596	0.784	355	0.366277742114192
GNAI3	0.245	-0.114	0.404	354	0.339466860622133
GNAL	0.402	0.281	0.612	458	0.336360901761499
GNAO1	0.467	0.41	0.684	354	0.365315571272467
GNAQ	0.335	0.186	0.559	359	0.339140761119262
GNAS	0.45	0.33	0.647	1037	0.331634411431688
GNAT1	0.681	0.756	0.869	350	0.37551286533938
AMY1C	0.204	-0.349	0.287	511	0.329794832925818
GNAT2	0.357	0.162	0.551	354	0.359274306271364
GNAZ	0.656	0.708	0.841	355	0.359428934304969
GNB1	0.432	0.332	0.642	340	0.340565408331098
GNB2	0.563	0.574	0.771	340	0.338583661322888
GNB3	0.482	0.442	0.703	340	0.35253867231978
GNG3	0.426	0.31	0.634	75	0.352631436960037
GNG4	0.399	0.204	0.577	75	0.363282612671135
GNG5	0.306	0.053	0.5	68	0.337120584120136
GNG7	0.407	0.383	0.667	68	0.349386638151111
AMY2A	0.205	-0.342	0.29	511	0.333305032776437
GNG10	0.377	0.264	0.606	68	0.373050322561142
GNG11	0.217	-0.269	0.324	73	0.366376355960076
GNGT1	0.264	-0.084	0.423	74	0.35030652822654
GNGT2	0.431	0.296	0.627	69	0.388271142088258
GNL1	0.411	0.289	0.619	607	0.321878109747544
GNRH1	0.281	0.007	0.461	92	0.329802080125302
GNRH2	0.458	0.337	0.64	120	0.28481024915023
GNRHR	0.288	0.047	0.484	328	0.324113435661098
GNS	0.309	0.051	0.492	552	0.329676381117456
AMY2B	0.203	-0.353	0.284	511	0.330257141094607
GOLGA1	0.299	0.082	0.505	767	0.349448639353279
GOLGA2	0.416	0.318	0.635	1002	0.346990589805115
GOLGA3	0.481	0.459	0.71	1498	0.34885568591447
GOLGA4	0.193	-0.276	0.317	2243	0.346701941398677
GOLGB1	0.21	-0.204	0.354	3269	0.341020618381801
GOT1	0.362	0.179	0.563	413	0.338260033151453
GOT2	0.359	0.174	0.56	430	0.339794361551574
SELENOH	0.533	0.556	0.763	121	0.328644055963929
SSX7	0.338	0.046	0.497	188	0.354417774711147
WFDC10B	0.246	-0.128	0.384	89	0.319276265245054
SFN	0.692	0.724	0.853	248	0.379584279130702
GP1BA	0.417	0.325	0.637	652	0.291403962840643
GP1BB	0.678	0.795	0.886	206	0.289096469887404
GP2	0.386	0.246	0.598	537	0.344666711119421
GP5	0.497	0.56	0.757	560	0.313676462107977
GP9	0.644	0.681	0.826	177	0.321453101884322
GPC1	0.682	0.756	0.868	558	0.338926595410647
GPD1	0.46	0.382	0.672	349	0.375405073228209
GPD2	0.216	-0.235	0.337	727	0.318440802483895
GPI	0.516	0.492	0.728	597	0.345526504677136
GPLD1	0.302	0.033	0.484	840	0.317915164174144
PPP2R3B	0.669	0.75	0.866	575	0.339322951740921
GPM6A	0.323	0.08	0.506	278	0.364298001661483
SLCO4A1	0.546	0.585	0.778	722	0.330732217211822
SLCO3A1	0.524	0.526	0.745	710	0.352372399746388
SLCO1B3	0.168	-0.417	0.239	702	0.309708467346974
GPM6B	0.372	0.193	0.572	328	0.362155193389692
CMKLR2	0.315	0.11	0.515	355	0.333744467811282
CCR10	0.567	0.631	0.798	362	0.306312161797069
IFNL2	0.501	0.49	0.722	200	0.325418434228911
IFNL3	0.507	0.51	0.732	200	0.322434762605914
IFNL1	0.499	0.469	0.713	200	0.325436566467684
AQP11	0.408	0.362	0.652	271	0.311063586284661
GPR3	0.513	0.469	0.713	330	0.34786672479259
OR51B5	0.286	0.048	0.478	312	0.313629208299993
OR10AG1	0.204	-0.176	0.349	301	0.326042758797659
OR5J2	0.27	0.013	0.462	312	0.327960820130764
GPR4	0.728	0.812	0.898	362	0.347458347474162
RAB40AL	0.515	0.515	0.736	278	0.331327414380939
POC1B	0.209	-0.27	0.324	478	0.298273086596358
ZNF311	0.28	-0.069	0.435	666	0.3276613347933
XCR1	0.619	0.709	0.841	333	0.334435460749401
C10orf53	0.376	0.224	0.583	157	0.321445511544452
FUOM	0.539	0.583	0.772	154	0.338149945601128
JAKMIP3	0.463	0.464	0.708	844	0.353777424672107
STK32C	0.66	0.719	0.849	486	0.342941615493817
BLOC1S2	0.334	0.112	0.526	142	0.380259549619425
RBM20	0.388	0.189	0.574	1227	0.32947481222176
ANG	0.35	0.171	0.552	147	0.328460617575039
GPR6	0.574	0.622	0.796	377	0.330020730710457
MKX	0.348	0.187	0.568	352	0.323585730522806
OR4C13	0.254	0.005	0.459	309	0.323829960619118
OR4C12	0.257	-0.007	0.453	309	0.3348347561051
NPBWR1	0.721	0.855	0.921	328	0.329963853196159
CSNK2A3	0.254	-0.102	0.409	391	0.325655286390662
OR51V1	0.329	0.194	0.553	321	0.325714740964012
TRIM49B	0.27	-0.039	0.441	452	0.326442704675435
MAJIN	0.288	0.015	0.471	216	0.306661075484854
SLC25A45	0.514	0.532	0.748	288	0.326986140323569
BCL9L	0.533	0.494	0.735	1499	0.316643469319198
FOXR1	0.391	0.267	0.607	292	0.304971630436458
CCDC153	0.375	0.219	0.576	210	0.346545440617219
OR8D1	0.348	0.23	0.584	308	0.333772657986868
CDH20	0.391	0.252	0.602	801	0.327991436974032
OR8B4	0.308	0.129	0.529	309	0.318942355505405
OR9G4	0.284	-0.019	0.448	327	0.322144131119738
NPBWR2	0.63	0.736	0.857	333	0.337981132203214
P4HA3	0.375	0.214	0.576	604	0.321492900668957
PGM2L1	0.227	-0.237	0.343	622	0.329145163756216
KLHL35	0.634	0.699	0.838	583	0.31099658534167
KCTD21	0.591	0.629	0.8	260	0.363455466886368
CRACR2B	0.586	0.612	0.789	399	0.32120437571042
TMEM80	0.422	0.426	0.686	216	0.299556614831986
CCDC88B	0.535	0.539	0.749	1476	0.324496274576769
TTC9C	0.38	0.24	0.589	171	0.359992211878928
SLC22A24	0.287	0.086	0.499	552	0.307775526030751
RCOR2	0.49	0.416	0.688	523	0.316954170506359
HARBI1	0.305	0.043	0.485	349	0.316872957359675
IGSF22	0.482	0.4	0.682	1326	0.343056580226232
OR10A4	0.365	0.222	0.578	315	0.331295234849358
OLFML1	0.31	0.074	0.501	402	0.335615309116705
CXCR3	0.536	0.565	0.764	415	0.331949404493716
CD163L1	0.259	-0.1	0.414	1463	0.318106789016792
ZNF740	0.311	0.027	0.484	193	0.329189296104512
RASSF3	0.347	0.145	0.543	238	0.335584469025802
B4GALNT3	0.484	0.427	0.692	998	0.332131273976801
OR6C6	0.233	-0.09	0.403	314	0.324035871727326
ANKRD52	0.397	0.254	0.6	1076	0.345503636283177
SLC39A5	0.396	0.331	0.632	540	0.29564857924992
SPRYD4	0.4	0.292	0.621	207	0.317687845139651
ADGRD1	0.473	0.448	0.705	906	0.330399219438588
MORN3	0.509	0.447	0.71	240	0.366692806722281
PRLHR	0.696	0.81	0.896	370	0.335089385454475
DPY19L2	0.202	-0.195	0.347	758	0.303323469516864
CLEC9A	0.259	-0.07	0.431	241	0.340121396051997
GAS2L3	0.185	-0.397	0.261	694	0.303369799617282
MYO1H	0.3	0.073	0.498	1022	0.338783326894564
KSR2	0.505	0.485	0.724	921	0.322864416297287
GATC	0.43	0.383	0.667	136	0.31599459600934
C12orf40	0.191	-0.359	0.28	652	0.32430975560701
GXYLT1	0.21	-0.235	0.337	440	0.312396005307757
TMPRSS12	0.22	-0.181	0.362	348	0.302458810198359
CHAMP1	0.224	-0.34	0.301	812	0.306526319604933
GPR12	0.442	0.469	0.71	334	0.333694576499173
SIAH3	0.502	0.541	0.753	269	0.323166360365305
KCNRG	0.204	-0.222	0.338	272	0.300184685519406
TMEM272	0.393	0.317	0.626	187	0.336435746091389
SLC46A3	0.182	-0.354	0.268	463	0.312467294986852
GPR137C	0.295	0.102	0.515	429	0.304519411434886
PROX2	0.325	0.085	0.511	592	0.317146002467563
ZDHHC22	0.637	0.746	0.862	263	0.349529841484371
TMED8	0.375	0.18	0.568	325	0.331791961022661
C14orf178	0.286	-0.063	0.444	122	0.299107255740591
LINC02914	0.29	-0.092	0.425	125	0.316492066253752
SLC25A47	0.555	0.619	0.796	308	0.329510219979486
TSSK4	0.416	0.328	0.639	338	0.358569285974867
FAM177A1	0.248	-0.151	0.4	236	0.324676314697831
CEP170B	0.567	0.558	0.765	1554	0.308303607597727
TEDC1	0.512	0.501	0.727	426	0.304277574390788
SLC24A5	0.182	-0.285	0.298	500	0.297082674460961
PRTG	0.229	-0.184	0.366	1150	0.306888481157317
REC114	0.282	0.005	0.469	266	0.307664426250171
GOLGA6L2	0.311	0.017	0.483	909	0.314465441277348
OR4N4	0.306	0.147	0.528	316	0.338700404856299
UTS2R	0.783	0.893	0.941	389	0.309839127744815
SAXO2	0.228	-0.29	0.321	398	0.318529097410835
FAM98B	0.177	-0.349	0.28	433	0.289349014158154
PLA2G4D	0.554	0.548	0.757	818	0.327310841123117
GOLGA6L1	0.471	0.411	0.685	668	0.34794344416193
GOLGA8G	0.343	0.121	0.533	648	0.334384881986629
FAM169BP	0.32	0.026	0.481	192	0.318004375757586
GPR15	0.33	0.122	0.523	360	0.331374352252777
FBXL22	0.523	0.552	0.757	247	0.290660009228349
NOMO2	0.362	0.205	0.577	1267	0.328066659123776
CES4A	0.434	0.374	0.663	468	0.326307775340061
EXOC3L1	0.487	0.476	0.714	746	0.319836508204224
NPW	0.57	0.638	0.799	165	0.26735343627368
BRICD5	0.586	0.612	0.79	228	0.333777369419206
PGP	0.689	0.762	0.872	321	0.342191338876488
C16orf54	0.499	0.416	0.687	224	0.28967111278058
INO80E	0.505	0.477	0.721	244	0.305950690715072
NUDT7	0.239	-0.124	0.396	238	0.323452942774291
ZNF843	0.424	0.351	0.655	348	0.290462322531937
NHLRC4	0.531	0.499	0.733	123	0.355813409857511
UQCC4	0.453	0.397	0.675	132	0.298072319287124
TMEM114	0.563	0.669	0.817	223	0.308776306715547
CLEC18C	0.543	0.521	0.745	446	0.345877619164495
FADS6	0.568	0.606	0.786	368	0.325006704054429
HID1	0.612	0.644	0.808	788	0.338689551222332
TSEN54	0.542	0.524	0.745	526	0.330975268936407
UBALD2	0.717	0.77	0.881	164	0.33217958890574
TMEM235	0.604	0.707	0.84	223	0.317382652859026
ANGPT1	0.233	-0.115	0.404	498	0.337496999138147
GPR17	0.609	0.666	0.819	367	0.344992320197215
CCDC57	0.415	0.319	0.631	751	0.338452138675407
HEXD	0.455	0.403	0.679	585	0.307224705495657
VMO1	0.492	0.462	0.714	202	0.311130530168513
C17orf58	0.368	0.226	0.574	97	0.310188227433934
MILR1	0.259	-0.118	0.407	343	0.32630223426235
RNF227	0.548	0.634	0.799	190	0.303211719526057
CDRT4	0.28	-0.035	0.443	152	0.30730084068387
KANSL1	0.283	-0.021	0.453	1105	0.297495228712811
CFAP97D1	0.289	0.019	0.469	164	0.335539573739752
FAM171A2	0.65	0.753	0.867	826	0.298835040066943
MEIOC	0.191	-0.373	0.275	952	0.309930497316944
TTLL6	0.379	0.223	0.585	891	0.336074021245946
NEK8	0.474	0.418	0.686	692	0.331333247414562
PIGW	0.182	-0.221	0.327	504	0.300657303200995
C17orf78	0.268	-0.059	0.431	275	0.329595605372891
GPR18	0.287	0.08	0.497	331	0.329162831704646
CISD3	0.582	0.573	0.77	127	0.31994886412795
GSDMA	0.405	0.336	0.644	445	0.325097964593016
SLC13A5	0.503	0.483	0.721	568	0.347837020266621
TMEM102	0.467	0.477	0.719	508	0.296001381047964
CAVIN1	0.727	0.815	0.901	390	0.342338570649974
SLC26A11	0.585	0.621	0.795	606	0.345274852381871
ENDOV	0.524	0.535	0.749	282	0.319765016504189
GDPD1	0.22	-0.162	0.368	314	0.323690411761109
NDUFAF8	0.718	0.791	0.889	74	0.352754351405283
TMEM105	0.374	0.276	0.603	129	0.300223802592315
LGALS9B	0.509	0.433	0.701	355	0.343159092506768
GPR19	0.295	0.02	0.473	415	0.320853638722384
METRNL	0.572	0.613	0.791	311	0.307150938912173
LAMA1	0.323	0.095	0.519	3075	0.338466562362298
KCTD1	0.297	0.076	0.498	257	0.304116959579271
DYNAP	0.208	-0.306	0.313	210	0.299832354320852
BOD1L2	0.411	0.23	0.594	172	0.339773212405395
SIGLEC15	0.626	0.703	0.84	328	0.298764111911917
PTGR3	0.337	0.137	0.542	377	0.33414885713261
SMIM21	0.23	-0.196	0.351	101	0.302510820293089
HMSD	0.184	-0.335	0.291	139	0.317500078811999
SSC5D	0.461	0.34	0.653	1573	0.285153357750316
GPR20	0.642	0.713	0.844	358	0.318244516639991
ZNF547	0.257	-0.136	0.398	402	0.32242703583391
ZIK1	0.266	-0.114	0.413	487	0.32754277059032
ZNF776	0.233	-0.212	0.361	518	0.313724326070147
ZSCAN1	0.525	0.504	0.735	408	0.302583323096151
ZNF780A	0.212	-0.312	0.305	642	0.3310855531863
ACTMAP	0.459	0.386	0.672	351	0.309402998755499
PRR19	0.404	0.241	0.595	356	0.288612180373808
TMEM145	0.521	0.535	0.748	493	0.329444835671924
CXCL17	0.316	0.115	0.518	119	0.32293081945905
ZNF575	0.599	0.614	0.798	245	0.299409660861632
LYPD5	0.537	0.552	0.761	251	0.326208240178087
ZNF283	0.223	-0.284	0.33	679	0.332948032636815
PPP1R37	0.651	0.699	0.839	691	0.33432976965849
TPRX1	0.395	0.21	0.577	411	0.289148979149494
MAMSTR	0.472	0.402	0.679	415	0.287265458704408
IZUMO1	0.364	0.214	0.581	350	0.330150186584861
EMC10	0.538	0.566	0.768	262	0.319403305134965
KLK9	0.498	0.488	0.723	250	0.321125772975156
SIGLECL1	0.322	0.144	0.538	197	0.325420988726322
ZNF615	0.237	-0.238	0.348	742	0.323513636101616
ZNF841	0.217	-0.29	0.317	924	0.32312935862181
ACTL9	0.653	0.714	0.847	416	0.33505711938593
OR2Z1	0.404	0.355	0.651	314	0.323096523098092
ZNF763	0.232	-0.251	0.344	397	0.332308456996331
ZNF844	0.232	-0.233	0.347	666	0.325518344985483
GPR21	0.287	0.021	0.472	349	0.323148120414535
SCGB2B2	0.362	0.218	0.579	96	0.360515240532653
WDR62	0.507	0.455	0.71	1523	0.327578388390622
ZFP82	0.21	-0.267	0.323	532	0.332804391374868
VSTM1	0.396	0.25	0.606	236	0.329731102269864
TMEM150B	0.514	0.577	0.769	233	0.332901316242036
SMIM24	0.494	0.478	0.72	130	0.346719713683208
SLC25A41	0.489	0.48	0.72	370	0.339531248153713
MBD3L5	0.353	0.195	0.56	208	0.304335874916838
OR10H5	0.605	0.655	0.813	315	0.356363336736839
NWD1	0.447	0.398	0.674	1432	0.320974436245846
SLC25A42	0.548	0.584	0.775	318	0.326652354807883
ZNF493	0.202	-0.373	0.277	774	0.329593256151376
ODF3L2	0.635	0.632	0.805	289	0.302109160261222
ZNF875	0.311	0.018	0.478	659	0.310606347803403
TAFA3	0.421	0.293	0.617	169	0.311203094441127
RIIAD1	0.315	0.14	0.528	92	0.3288111602942
THEM5	0.386	0.265	0.605	247	0.336043538375538
GPR22	0.168	-0.31	0.283	433	0.306488011954851
OR2L13	0.327	0.153	0.538	312	0.320270695417241
SLC9C2	0.165	-0.342	0.265	1124	0.312559449907289
OR14A16	0.262	0.011	0.458	309	0.341525780464409
CYP4A22	0.439	0.362	0.652	519	0.327019184521279
C1orf185	0.166	-0.464	0.218	199	0.299612941438758
NBPF15	0.294	0.01	0.473	670	0.336982550849118
LPAR4	0.256	-0.085	0.413	370	0.325284979473612
EEIG2	0.236	-0.194	0.368	360	0.302452013093617
SYPL2	0.537	0.528	0.751	272	0.343480483719365
CYB561D1	0.408	0.333	0.632	251	0.301326160340512
ANKRD34A	0.419	0.341	0.645	496	0.285610575879608
RSPO1	0.522	0.465	0.715	263	0.360487377572953
EPHA10	0.568	0.593	0.782	1008	0.317692657211063
SPATA46	0.491	0.404	0.683	261	0.354233900918879
ZNF326	0.212	-0.308	0.316	582	0.312255638841461
BTBD8	0.186	-0.302	0.296	378	0.317370508495265
MCHR1	0.546	0.561	0.763	422	0.336204434564962
RIMKLA	0.413	0.323	0.637	391	0.334746853100484
SLC25A34	0.54	0.566	0.768	304	0.35995373523493
C20orf204	0.593	0.662	0.813	189	0.290087282775033
SIRPB2	0.366	0.158	0.554	342	0.322820159186384
GPR25	0.72	0.845	0.914	361	0.306684630739214
C20orf203	0.346	0.15	0.541	194	0.292963902105563
KRTAP13-4	0.459	0.336	0.65	160	0.351483593516246
GPR26	0.681	0.814	0.898	337	0.325700945801776
SEC14L4	0.535	0.516	0.739	406	0.35409803253271
NT5DC4	0.527	0.516	0.74	428	0.362087903305196
CCDC150	0.231	-0.16	0.375	1101	0.350559015070137
RNF149	0.322	0.12	0.529	400	0.313605030629697
ANGPT2	0.276	-0.017	0.461	496	0.351649490998292
GPR27	0.762	0.899	0.945	375	0.324418537505922
ALKAL2	0.463	0.486	0.718	152	0.303156007897822
CCDC141	0.2	-0.213	0.349	652	0.32757446345499
STPG4	0.229	-0.219	0.357	248	0.303407748198883
RTP5	0.578	0.595	0.786	572	0.337237738445584
NKIRAS2	0.512	0.524	0.747	191	0.353245190954456
NKIRAS1	0.216	-0.206	0.36	192	0.345414266310351
DNAJC5G	0.287	-0.096	0.419	189	0.339015931754688
CDH19	0.215	-0.241	0.336	772	0.318755904127797
DLL1	0.593	0.597	0.789	723	0.363647840908963
ERICH2	0.224	-0.318	0.313	156	0.33167461834809
IAH1	0.275	0.023	0.471	248	0.318152815592499
HYCC2	0.209	-0.244	0.333	530	0.303952017818426
UNC80	0.323	0.104	0.519	3258	0.317654179427718
RGPD4	0.182	-0.389	0.263	1758	0.31282732079008
DUSP28	0.607	0.714	0.848	176	0.320509117460195
SLC9A9	0.249	-0.092	0.413	645	0.320163535560393
GPER1	0.7	0.797	0.89	375	0.342967751025104
EOGT	0.242	-0.139	0.39	527	0.32280779654666
EPHA6	0.258	-0.097	0.413	1130	0.311460550014239
FBXW12	0.295	-0.001	0.463	464	0.318247670510223
C3orf38	0.209	-0.265	0.325	329	0.310764692872273
HTR3E	0.433	0.373	0.661	482	0.310369686480529
ZNF619	0.302	-0.02	0.462	616	0.326318326493349
ZNF621	0.278	-0.081	0.43	439	0.333901569723021
RABL3	0.217	-0.169	0.375	236	0.31494603136609
GPR31	0.538	0.567	0.764	319	0.339613133539532
IGSF10	0.234	-0.192	0.364	2623	0.301575014986948
C3orf33	0.173	-0.244	0.317	294	0.302143210408274
CCDC66	0.188	-0.36	0.276	948	0.325018909832172
SLC9C1	0.163	-0.354	0.261	1177	0.303880271431619
TCAIM	0.188	-0.281	0.304	496	0.301953233679367
ZNF660	0.232	-0.242	0.348	331	0.331077482377309
SUMF1	0.322	0.055	0.504	374	0.321073780072554
RPUSD3	0.392	0.32	0.629	351	0.302388129190475
PRRT3	0.449	0.38	0.668	981	0.295336741934757
DPH3	0.32	0.02	0.494	82	0.372391206842065
C3orf70	0.354	0.135	0.546	250	0.32067005673975
TPRG1	0.314	0.062	0.496	275	0.335046325081111
GPR32	0.461	0.468	0.709	356	0.326331432185396
IQCM	0.186	-0.33	0.28	501	0.304840120330721
DCAF4L1	0.411	0.331	0.639	396	0.328963328735979
CYP4V2	0.269	-0.005	0.455	525	0.322690882618565
DOK7	0.558	0.571	0.771	504	0.301868519327966
RNF212	0.269	-0.049	0.438	297	0.3120343821107
GPRIN3	0.305	-0.037	0.456	776	0.309602597277463
COX18	0.269	0.023	0.467	334	0.308133497691567
YIPF7	0.244	-0.134	0.391	280	0.33534307091429
FRYL	0.203	-0.247	0.328	3013	0.304926830145227
RNF175	0.304	0.12	0.521	328	0.328761553104205
FAM200B	0.142	-0.499	0.188	657	0.302202063562681
STPG2	0.191	-0.42	0.252	459	0.31673380440335
C4orf54	0.435	0.314	0.639	1793	0.321836641120539
EFCAB9	0.32	0.115	0.519	197	0.36991463725938
SH3PXD2B	0.468	0.386	0.674	911	0.333260018182443
FAM153A	0.338	0.101	0.527	310	0.308373208387045
ARL10	0.626	0.681	0.827	244	0.322784122772916
GPR33	0.267	-0.009	0.451	333	0.322987723836675
KIAA0825	0.179	-0.352	0.276	324	0.321222160894008
GPR150	0.64	0.749	0.864	434	0.295203733782957
DTWD2	0.263	-0.029	0.443	298	0.323106596919107
RELL2	0.402	0.235	0.594	303	0.304645192971107
RIMOC1	0.19	-0.304	0.298	294	0.326256754526053
SLC36A3	0.393	0.328	0.633	511	0.337855216643771
KIF4B	0.271	-0.041	0.444	1234	0.346418127661327
OR2V2	0.432	0.401	0.675	315	0.34541568399444
RNF180	0.224	-0.244	0.335	592	0.317996676153814
SREK1IP1	0.221	-0.322	0.312	155	0.346497199184618
ZNF454	0.263	-0.16	0.389	522	0.335410236894983
GPR34	0.2	-0.234	0.324	381	0.305450861903064
RGMB	0.419	0.28	0.617	478	0.327785017493915
CEP57L1	0.194	-0.291	0.309	477	0.332705320682718
PPIL6	0.218	-0.231	0.343	337	0.319191317722733
DCBLD1	0.279	-0.044	0.444	539	0.319310323692373
CAGE1	0.202	-0.259	0.328	839	0.338049761677828
PRR18	0.652	0.756	0.869	295	0.280771505488271
PNPLA1	0.401	0.259	0.609	532	0.322493911521429
TREML4	0.385	0.231	0.59	200	0.329720107443624
RPL7L1	0.291	0.05	0.48	255	0.328051566079466
POM121L12	0.548	0.536	0.754	296	0.302123716632769
CNPY1	0.23	-0.241	0.341	92	0.35212001521194
GPR35	0.658	0.716	0.846	340	0.348405128186483
SPDYE1	0.436	0.376	0.661	336	0.323383991360665
TCAF2	0.431	0.334	0.643	919	0.343126277098011
ZNF775	0.718	0.806	0.896	537	0.316971156897144
ATG9B	0.514	0.512	0.736	924	0.303732182019998
ZNF789	0.255	-0.125	0.401	425	0.328591007596301
ANK1	0.461	0.403	0.681	1897	0.335619958534799
LSMEM1	0.241	-0.062	0.422	131	0.317510542899102
XKR6	0.516	0.544	0.754	641	0.327286631920504
NSMCE2	0.217	-0.257	0.336	247	0.338748921658233
ZNF707	0.568	0.555	0.762	371	0.334794447503532
FAM83H	0.627	0.681	0.83	1179	0.306029756271498
MICU3	0.232	-0.125	0.395	530	0.304128797179768
GPR37	0.372	0.263	0.602	613	0.324632128529269
ZFP41	0.486	0.377	0.675	199	0.339185193093558
SCARA5	0.561	0.572	0.768	495	0.326217979759407
TRIQK	0.151	-0.451	0.212	86	0.31485832563592
DPY19L4	0.175	-0.323	0.281	723	0.321751586294497
FBXO43	0.187	-0.323	0.293	708	0.304922615456138
PPP1R42	0.178	-0.237	0.311	228	0.326295407706464
MLNR	0.585	0.713	0.843	412	0.296338896186111
CRB2	0.533	0.511	0.74	1285	0.326949545408511
SCAI	0.22	-0.202	0.351	629	0.318136197628907
CFAP157	0.581	0.6	0.784	520	0.369323428596847
SPATA31E1	0.391	0.218	0.586	1445	0.304509318778427
LCN12	0.537	0.52	0.74	192	0.309885608456524
PAXX	0.475	0.423	0.692	204	0.299995965866518
TPRN	0.61	0.653	0.816	711	0.303978156726704
GPR39	0.565	0.593	0.78	453	0.332204354455543
TUSC1	0.572	0.626	0.794	212	0.294889872734822
FAM78A	0.694	0.76	0.872	283	0.347699652096765
LURAP1L	0.388	0.302	0.623	228	0.285786327855481
OR13C9	0.289	0.082	0.5	318	0.33032252723363
OR13D1	0.276	0.042	0.471	346	0.334836986538285
FOXD4L3	0.484	0.475	0.716	417	0.298492224794101
FFAR1	0.575	0.646	0.808	300	0.328366393184472
ATP11C	0.196	-0.273	0.316	1132	0.318319365761724
NLRP2B	0.487	0.417	0.682	45	0.377847544235925
H2BW2	0.531	0.557	0.762	154	0.344929305777415
YIPF6	0.228	-0.134	0.383	236	0.29380265197988
CFAP47	0.194	-0.324	0.29	3187	0.313746972705764
FAM133A	0.207	-0.331	0.307	248	0.325629428151874
FFAR3	0.564	0.613	0.79	346	0.335062235214126
MAGEB18	0.294	-0.039	0.448	343	0.330821520751402
TMSB15B	0.247	-0.27	0.341	45	0.343916556190081
TMSB15C	0.247	-0.27	0.341	45	0.343916556190081
P2RY8	0.667	0.776	0.878	359	0.323924217114483
ILDR1	0.456	0.371	0.659	546	0.303588386537684
FFAR2	0.53	0.55	0.753	330	0.338219840700732
STON1-GTF2A1L	0.215	-0.271	0.328	1182	0.313580082364863
TRARG1	0.571	0.622	0.794	177	0.328459722535226
GRK4	0.27	-0.042	0.442	578	0.335627257366256
LIN9	0.183	-0.345	0.275	558	0.303248145716749
TRIM59	0.155	-0.406	0.236	403	0.316864258323142
KRT6C	0.498	0.447	0.704	564	0.347551033628686
GRK5	0.464	0.415	0.687	590	0.356223782341897
ANK2	0.254	-0.142	0.398	3957	0.310453257809702
GRK6	0.574	0.58	0.775	576	0.355939371928192
TRIM42	0.504	0.45	0.707	723	0.370725918977788
MKNK2	0.644	0.674	0.826	465	0.364943552697342
GPS1	0.63	0.66	0.817	527	0.357005043937735
GPS2	0.361	0.158	0.554	327	0.327550726356167
GPT	0.642	0.681	0.828	496	0.349355009946044
GPX1	0.572	0.629	0.801	202	0.332904113309128
GPX2	0.466	0.417	0.686	189	0.338235351292644
GPX3	0.448	0.403	0.681	225	0.334278330314258
GPX4	0.642	0.706	0.843	196	0.379749817362902
ANK3	0.231	-0.213	0.361	4377	0.308181533014299
GPX5	0.324	0.106	0.528	221	0.338844109931092
GPX7	0.542	0.548	0.761	187	0.349659468918782
GRB2	0.395	0.25	0.604	217	0.351509061440944
GRB7	0.483	0.425	0.691	555	0.321159409188487
GRB10	0.382	0.236	0.592	632	0.326905350292302
GRB14	0.247	-0.139	0.392	540	0.3087526328927
RAPGEF1	0.45	0.369	0.663	1095	0.333083803598576
GRIA1	0.355	0.181	0.562	916	0.339309100405132
GRIA2	0.248	-0.108	0.409	883	0.334536761939088
GRIA3	0.272	-0.049	0.44	894	0.331089866301726
GRIA4	0.231	-0.17	0.373	902	0.316368603169627
GRID1	0.505	0.489	0.726	1009	0.340932038759696
GRID2	0.261	-0.071	0.424	1007	0.318829115629506
TRIB2	0.438	0.369	0.661	343	0.330226934507396
CCDC22	0.496	0.486	0.72	627	0.329090123724474
REM1	0.473	0.399	0.676	298	0.304745378083717
DEXI	0.662	0.817	0.901	95	0.338833759247807
LAMTOR2	0.485	0.467	0.714	125	0.377779072100893
MRPS28	0.255	-0.103	0.408	187	0.284844683203752
COA3	0.397	0.306	0.621	106	0.315684370793834
TMEM176B	0.331	0.136	0.537	270	0.333715640751809
GRN	0.506	0.427	0.701	593	0.359678778110748
DCPS	0.468	0.436	0.694	337	0.34451814907671
OSTM1	0.317	0.133	0.533	334	0.310173239793967
GIT1	0.516	0.484	0.723	770	0.332942056242224
SLC27A6	0.221	-0.181	0.363	619	0.32661899584556
SNX24	0.234	-0.153	0.38	169	0.306427416918854
SLC6A16	0.342	0.191	0.564	736	0.318796653461705
BZW2	0.29	0.024	0.478	419	0.346068616136783
GRIK1	0.302	0.064	0.495	949	0.335502734496042
C11orf54	0.199	-0.359	0.283	315	0.323963550307193
AAMDC	0.233	-0.208	0.36	147	0.315562404715878
SPCS1	0.328	0.161	0.553	169	0.315803168294343
MRPS18B	0.325	0.099	0.518	258	0.310137719077707
C19orf53	0.477	0.412	0.691	99	0.360667312116021
ACAD9	0.403	0.305	0.624	621	0.340755259028931
MRPL42	0.189	-0.413	0.25	142	0.316629446897559
TMEM14A	0.21	-0.177	0.351	99	0.306944646060528
GRIK2	0.243	-0.13	0.393	908	0.320093252432767
IFT81	0.174	-0.353	0.27	676	0.333406070052414
FLVCR1	0.304	0.107	0.518	555	0.321447474918143
TMPRSS11E	0.202	-0.314	0.301	423	0.311826335679112
RGCC	0.448	0.373	0.672	137	0.303988258608363
MCTS1	0.178	-0.366	0.266	182	0.330257835713052
MAGEH1	0.374	0.197	0.574	219	0.313685720585992
NOB1	0.456	0.387	0.672	412	0.339295273931762
DBNL	0.541	0.479	0.725	439	0.357359067245498
NTMT1	0.567	0.599	0.782	223	0.349107999970823
GRIK3	0.55	0.566	0.766	919	0.34936286328153
ASTE1	0.235	-0.104	0.401	704	0.319054813889301
COMMD5	0.459	0.431	0.691	224	0.315795669060364
MACROD1	0.664	0.743	0.861	325	0.32736567097002
HIPK2	0.448	0.374	0.67	1198	0.330098746921759
MRPL13	0.171	-0.392	0.246	178	0.297550745151823
KLF15	0.496	0.443	0.707	416	0.322021506358046
ABR	0.569	0.586	0.779	859	0.348967530235865
ANPEP	0.579	0.598	0.785	967	0.358980330664782
GRIK4	0.511	0.525	0.743	956	0.342013471811963
GRIK5	0.547	0.563	0.763	981	0.33464765919
SLC43A3	0.432	0.357	0.652	504	0.331889985238407
GRIN1	0.652	0.707	0.843	943	0.352495378729289
ATAD2	0.19	-0.35	0.274	1390	0.311920706411795
GRIN2A	0.413	0.312	0.634	1464	0.337800740641468
HAPSTR1	0.328	0.1	0.519	275	0.312165423425326
GRIN2B	0.465	0.391	0.677	1484	0.34814708495339
GRIN2C	0.638	0.709	0.845	1233	0.321777072772735
FAM156A	0.392	0.257	0.598	213	0.30294117981397
TMEM230	0.365	0.193	0.559	183	0.317625848184846
GRIN2D	0.649	0.731	0.856	1336	0.309139050819175
WDR91	0.463	0.398	0.68	747	0.340448496134033
ZCCHC4	0.242	-0.176	0.372	513	0.335271647172696
ZC3H7A	0.2	-0.296	0.312	971	0.321083404171695
ZBTB44	0.244	-0.151	0.391	570	0.309710646993418
GRINA	0.572	0.568	0.772	371	0.355600148734588
CCDC113	0.277	0.027	0.471	377	0.33291113587153
C1GALT1C1	0.203	-0.303	0.307	318	0.329464862086222
SETD2	0.211	-0.32	0.304	2564	0.308275325895763
MRPL18	0.292	0.074	0.503	180	0.304326642840223
NDUFAF4	0.23	-0.18	0.365	175	0.329280581151142
MED4	0.198	-0.248	0.329	270	0.304613408743213
NR3C1	0.234	-0.189	0.368	778	0.320512364093191
CCDC59	0.227	-0.198	0.364	241	0.351324653650258
METTL5	0.183	-0.342	0.28	209	0.311508283455769
CHMP4A	0.333	0.134	0.537	265	0.339767502598247
GTPBP8	0.261	-0.016	0.451	284	0.307515190079534
PHPT1	0.575	0.554	0.767	125	0.392849284489635
BABAM1	0.493	0.41	0.69	329	0.338648837576124
THYN1	0.323	0.062	0.505	225	0.335067837823584
MRPL15	0.23	-0.168	0.364	296	0.315693055092104
UBE2T	0.235	-0.196	0.356	197	0.319422993094448
ARHGAP35	0.311	0.073	0.503	1499	0.332803808703547
TIMM21	0.24	-0.129	0.394	248	0.315228255954724
STXBP6	0.316	0.034	0.488	210	0.341374371231246
MRPL22	0.237	-0.105	0.399	206	0.321350371999017
LGALSL	0.278	-0.013	0.456	172	0.319290660186431
ORMDL2	0.377	0.293	0.616	153	0.318501463599889
CNIH4	0.231	-0.007	0.445	139	0.329544497527558
RANGRF	0.398	0.303	0.626	186	0.330438245318819
COMMD9	0.376	0.245	0.589	198	0.313837331167097
SLC25A4	0.436	0.352	0.655	298	0.374579379499529
TMEM208	0.436	0.395	0.673	173	0.334240134447698
SSU72	0.466	0.415	0.688	194	0.355065975851752
DROSHA	0.264	-0.094	0.414	1374	0.306859628703764
DNAJC15	0.207	-0.287	0.308	150	0.30938317261293
N6AMT1	0.242	-0.099	0.413	214	0.308486555588069
CFAP20	0.408	0.311	0.626	193	0.340347274592673
SCG3	0.215	-0.282	0.319	468	0.343615378582027
NXT1	0.416	0.282	0.624	140	0.346013549534037
PYCARD	0.647	0.714	0.845	195	0.34173845025791
FHOD1	0.458	0.382	0.667	1164	0.315715874052684
GRM1	0.428	0.332	0.642	1194	0.336510589455741
TBK1	0.166	-0.391	0.251	729	0.312979493947232
C6orf15	0.327	0.035	0.485	325	0.297434451190201
TAGLN3	0.425	0.371	0.665	199	0.340845529207058
SAP30BP	0.362	0.146	0.553	308	0.344966237373869
MYLIP	0.384	0.257	0.602	445	0.352737372123313
BRD7	0.254	-0.106	0.413	652	0.328596769660372
DDX25	0.269	0.007	0.461	483	0.332196298427556
CTNNA3	0.238	-0.139	0.385	895	0.336773663751018
GRM2	0.509	0.471	0.716	872	0.335661365019261
CLEC2D	0.193	-0.324	0.293	194	0.31844568151138
PRSS50	0.539	0.546	0.756	385	0.332452436011697
ANKRD11	0.481	0.408	0.688	2663	0.341568373187639
LGALS13	0.337	0.111	0.526	139	0.329978238995693
C11orf21	0.329	0.095	0.515	178	0.295674102605062
CD274	0.269	-0.035	0.443	290	0.3294414972449
RACGAP1	0.277	-0.048	0.436	632	0.317760042541761
UHRF1	0.608	0.655	0.817	806	0.343255343086505
GRM3	0.383	0.253	0.599	879	0.345733955438134
GRM4	0.612	0.65	0.811	912	0.343488346770683
GRM5	0.384	0.255	0.602	1212	0.32995595850154
GRM6	0.633	0.687	0.832	877	0.331430278482149
GRM7	0.356	0.202	0.572	915	0.335946703668601
GRM8	0.283	-0.015	0.455	908	0.3271715736524
CXCL1	0.44	0.405	0.676	107	0.347148348857379
SLC25A5	0.37	0.193	0.568	298	0.357032558635113
CXCL2	0.499	0.524	0.74	107	0.347089421366547
CXCL3	0.47	0.493	0.724	107	0.336023606285903
GRP	0.372	0.268	0.606	148	0.312449205865529
PDIA3	0.28	-0.059	0.439	505	0.342687270571585
GRPR	0.433	0.366	0.655	384	0.34444372939518
GRSF1	0.299	0.049	0.492	480	0.324416416895345
GSC2	0.629	0.723	0.851	205	0.297067729219251
SLC25A6	0.708	0.783	0.884	298	0.380986318338676
GSK3A	0.472	0.418	0.691	483	0.323395489630381
GSK3B	0.252	-0.145	0.39	433	0.308274286410398
GSN	0.537	0.511	0.741	782	0.351146507309076
GSPT1	0.268	-0.085	0.428	637	0.321199744414066
GSR	0.343	0.156	0.551	522	0.322090496982868
GSS	0.412	0.294	0.619	474	0.34535358722276
GSTA1	0.299	0.086	0.502	222	0.341850348098937
GSTA2	0.293	0.069	0.493	222	0.346249722170853
GSTA3	0.284	0.052	0.484	222	0.349219344774223
GSTA4	0.275	0.021	0.467	222	0.343585773712799
GSTM1	0.455	0.381	0.665	218	0.366333615273872
GSTM2	0.469	0.389	0.67	218	0.368382398855224
GSTM3	0.394	0.269	0.606	225	0.366739989988435
GSTM4	0.471	0.391	0.671	218	0.367125184034654
GSTM5	0.414	0.31	0.625	218	0.362173816206671
GSTP1	0.595	0.637	0.805	210	0.362010134146718
GSTZ1	0.451	0.347	0.646	217	0.35714866323577
MSH6	0.227	-0.209	0.354	1360	0.314419219059149
GTF2A1	0.204	-0.299	0.32	376	0.330151439654044
GTF2A2	0.211	-0.214	0.346	109	0.3379123345172
GTF2B	0.21	-0.306	0.298	316	0.318925655591983
GTF2E1	0.257	-0.134	0.398	439	0.321207322420023
GTF2E2	0.215	-0.233	0.342	291	0.328074428288649
GTF2F1	0.588	0.583	0.781	517	0.341028405022553
GTF2F2	0.204	-0.277	0.321	249	0.333527921899174
GTF2H1	0.211	-0.266	0.326	548	0.32385534953608
GTF2H2	0.173	-0.422	0.24	395	0.311209709613258
GTF2H3	0.228	-0.157	0.378	308	0.351892365762919
GTF2H4	0.437	0.388	0.667	462	0.330181028133683
GTF2I	0.235	-0.194	0.367	998	0.326152533286737
GTF3A	0.289	-0.043	0.451	365	0.324182275860013
BRF1	0.526	0.509	0.736	677	0.334811206811687
GTF3C1	0.429	0.352	0.651	2109	0.329995159900213
GTF3C2	0.303	0.031	0.482	911	0.310256728246185
BLNK	0.258	-0.186	0.379	456	0.313306677695856
USP25	0.185	-0.322	0.29	1125	0.311821622164994
PACSIN3	0.543	0.513	0.741	424	0.340206747928878
TMOD4	0.353	0.153	0.544	345	0.333421680421502
TMOD3	0.213	-0.255	0.329	352	0.332316894997267
TMOD2	0.291	-0.034	0.448	351	0.349808048336733
GUCY1A2	0.289	0.017	0.472	763	0.326370587817529
CARD10	0.56	0.587	0.775	1032	0.326535602287384
ABT1	0.419	0.319	0.634	272	0.306743016661479
GUCA1A	0.558	0.569	0.771	201	0.36177080394858
PARVB	0.462	0.404	0.679	397	0.347335711799428
NCAPH2	0.54	0.501	0.734	606	0.341691568915063
CYP2S1	0.509	0.549	0.755	504	0.301291769234939
OLA1	0.203	-0.326	0.294	396	0.342579193873342
GUCA1B	0.515	0.477	0.72	200	0.357149728717216
UQCR10	0.633	0.691	0.833	63	0.362155066221882
YPEL1	0.458	0.385	0.675	119	0.367572533863317
GUCA2A	0.409	0.287	0.619	115	0.361913221169438
ZDHHC1	0.501	0.486	0.721	485	0.319679704305883
ZDHHC8	0.561	0.56	0.765	778	0.306926083993776
VPREB3	0.483	0.452	0.708	123	0.330891365064669
REPIN1	0.594	0.618	0.795	624	0.319386190266366
GUCA2B	0.579	0.574	0.771	112	0.360740552941197
GUCY1A1	0.273	-0.03	0.45	690	0.328918408068981
GUCY1B1	0.235	-0.129	0.391	641	0.319439615766826
GUCY2C	0.288	0.006	0.464	1073	0.334813940360568
GRHL1	0.34	0.114	0.53	618	0.340932991783557
TFCP2L1	0.51	0.461	0.712	479	0.35143884043411
SENP1	0.212	-0.256	0.331	644	0.305681274677206
TFPT	0.423	0.317	0.631	253	0.291975715035816
TRPM5	0.646	0.698	0.837	1165	0.341074012719197
ICOS	0.22	-0.175	0.372	199	0.337304540534794
UBN1	0.345	0.111	0.532	1134	0.329095394933991
GUCY2F	0.272	-0.033	0.443	1108	0.320101568532575
GUK1	0.573	0.572	0.768	241	0.336843275579382
ALG5	0.194	-0.279	0.31	324	0.304375723792592
NPC1L1	0.532	0.534	0.748	1359	0.351991629744716
ANAPC2	0.599	0.646	0.807	822	0.328457651855382
CNOT7	0.21	-0.257	0.331	285	0.331343450417638
SNX8	0.595	0.637	0.804	465	0.345551439824185
SNX10	0.219	-0.221	0.347	201	0.310075114926463
STRN4	0.526	0.51	0.741	760	0.328075245201144
GNL2	0.258	-0.117	0.407	731	0.333013207360052
RBM15B	0.504	0.491	0.727	890	0.307140330739674
PSMC3IP	0.413	0.3	0.629	217	0.37854886983647
CPSF1	0.624	0.663	0.819	1443	0.342977921143906
MYL11	0.613	0.623	0.801	169	0.374638581740763
TRA2A	0.205	-0.332	0.278	282	0.259163843062865
GPSM2	0.189	-0.308	0.298	684	0.318819668165951
GUSB	0.462	0.405	0.682	651	0.341839485551332
SAC3D1	0.573	0.614	0.791	358	0.321728489092703
FAM216A	0.268	-0.058	0.438	273	0.311736385472694
CCDC106	0.629	0.653	0.812	280	0.330255633733073
EEF2K	0.474	0.421	0.692	725	0.340582666469047
ST8SIA5	0.581	0.6	0.785	412	0.357161725099478
SNX15	0.51	0.464	0.713	342	0.317006173989917
GPR171	0.241	-0.065	0.42	319	0.334538982544166
HOOK2	0.504	0.499	0.726	719	0.326764231168291
UBIAD1	0.476	0.455	0.702	338	0.345380040005529
HCFC2	0.202	-0.349	0.288	792	0.301957419033017
SNX11	0.299	0.022	0.479	270	0.32015482856551
RMC1	0.297	0.063	0.498	657	0.327777210522346
GYG1	0.263	-0.079	0.427	350	0.301526127128187
PYCR2	0.486	0.465	0.713	320	0.342865508493266
NME7	0.192	-0.345	0.278	376	0.313564379680273
HILPDA	0.327	0.316	0.627	63	0.264160386258191
EPN1	0.505	0.458	0.715	662	0.307361186053071
GMPPB	0.53	0.524	0.743	387	0.350552753780046
GMPPA	0.43	0.354	0.651	420	0.329885739625045
SEC61A1	0.362	0.255	0.595	476	0.340835690393917
TIMM22	0.367	0.169	0.561	194	0.354727669959083
ALG6	0.177	-0.3	0.292	507	0.309604064916285
GYPA	0.179	-0.357	0.272	150	0.276425290600312
PCDHB1	0.289	0.036	0.484	818	0.321590800364158
GPR132	0.601	0.648	0.809	380	0.35780284773975
SNX12	0.419	0.323	0.633	162	0.327921667030293
RPA4	0.299	0.018	0.478	261	0.329816845021744
NENF	0.493	0.472	0.718	172	0.321468512782009
GYPB	0.171	-0.274	0.295	91	0.275456423936635
DSE	0.293	-0.011	0.461	958	0.332135817081026
PKN3	0.536	0.524	0.742	889	0.326903769658376
PURG	0.33	0.126	0.53	347	0.320668806360454
PADI1	0.491	0.452	0.708	663	0.343107850800637
PNMA3	0.339	0.175	0.551	463	0.322441801995238
ANAPC4	0.18	-0.352	0.273	809	0.310392065729003
SERTAD3	0.419	0.298	0.619	196	0.31034817549411
DNMT3L	0.466	0.408	0.683	387	0.334596053598763
OSGIN1	0.626	0.685	0.831	477	0.33567498807824
IL19	0.333	0.161	0.546	215	0.33652110532055
GYPC	0.405	0.305	0.632	128	0.296616173926838
SERTAD1	0.465	0.394	0.675	236	0.309798590669046
PDZRN4	0.357	0.181	0.561	1036	0.330104725929236
DPP7	0.625	0.701	0.84	492	0.333408725400861
TRHDE	0.266	0.007	0.464	1024	0.317419664023815
POMT2	0.406	0.322	0.632	750	0.315248537775362
CERS2	0.415	0.333	0.636	380	0.339797635016419
SLC25A24	0.245	-0.114	0.401	477	0.333750884290826
DMGDH	0.228	-0.184	0.367	866	0.316805716297899
NRBP1	0.348	0.111	0.527	543	0.34284361708999
GYPE	0.169	-0.313	0.282	78	0.275889750216619
MRM2	0.375	0.241	0.589	246	0.321453483586968
PRICKLE4	0.451	0.371	0.667	384	0.332785294692487
CDIP1	0.52	0.37	0.673	208	0.330010513961085
STRN3	0.2	-0.28	0.321	797	0.30316446333107
LRP12	0.192	-0.384	0.264	859	0.30495767844216
PSAT1	0.28	-0.014	0.461	370	0.35706781488663
MDFIC	0.338	0.097	0.522	355	0.322282055983286
GYS1	0.534	0.522	0.744	737	0.337393610689079
SCHIP1	0.41	0.304	0.632	487	0.319267312550088
IQCJ-SCHIP1	0.41	0.304	0.632	487	0.319267312550088
A1CF	0.237	-0.188	0.368	602	0.332503607238035
UBQLN2	0.34	0.127	0.537	624	0.320915301511754
UBQLN1	0.223	-0.246	0.341	589	0.318335640409205
GYS2	0.241	-0.156	0.38	703	0.314967697324121
DONSON	0.241	-0.113	0.402	566	0.298499891179066
NRBF2	0.231	-0.208	0.353	287	0.330609690620979
RHOD	0.596	0.638	0.808	210	0.344979296473423
SLC39A3	0.726	0.824	0.905	314	0.338584038561732
SLC39A2	0.267	0.032	0.476	309	0.312235509298876
SLC2A8	0.593	0.665	0.82	477	0.328257843134194
OBP2B	0.539	0.497	0.73	170	0.349594395938748
GZMH	0.417	0.317	0.634	246	0.342756976170596
PILRB	0.402	0.319	0.628	227	0.288789716821653
OBP2A	0.498	0.444	0.7	228	0.311873702188258
PILRA	0.411	0.295	0.62	303	0.298292163881136
PACSIN1	0.613	0.611	0.796	444	0.378661446337226
BAZ2B	0.188	-0.386	0.265	2168	0.309378772811614
LMCD1	0.462	0.383	0.672	365	0.347352944621684
NOP53	0.556	0.584	0.774	478	0.327834639407075
BICRA	0.614	0.661	0.822	1560	0.315382385157776
FSCN3	0.387	0.27	0.605	498	0.310127478501946
ACAA1	0.44	0.354	0.655	424	0.344225893465551
GUCY2D	0.529	0.553	0.757	1103	0.313852089375707
TNPO2	0.558	0.561	0.763	897	0.362180834888096
ERO1A	0.197	-0.297	0.302	468	0.324363709303804
EFEMP2	0.553	0.533	0.753	443	0.361599311780094
TBX21	0.506	0.451	0.713	535	0.328294033937656
GZMA	0.217	-0.207	0.348	262	0.319750114538027
NXPH1	0.293	-0.02	0.46	271	0.328772713578453
SH3KBP1	0.316	0.076	0.508	665	0.308155748764513
TLX3	0.629	0.707	0.844	291	0.301354614251974
SPANXA1	0.339	0.116	0.533	97	0.31614058716887
GZMB	0.409	0.28	0.614	247	0.346116909443206
GZMK	0.254	-0.119	0.409	264	0.311207097814325
GZMM	0.646	0.716	0.846	257	0.332709340707949
H1-0	0.593	0.586	0.786	194	0.400195750188377
H1-2	0.434	0.271	0.627	213	0.398461447875073
SLC40A1	0.246	-0.1	0.404	571	0.323576139908172
RAX	0.666	0.784	0.885	346	0.298043786935317
H1-3	0.383	0.124	0.55	221	0.387626809759791
H1-4	0.521	0.444	0.716	219	0.38445116340107
H1-5	0.487	0.374	0.68	226	0.411278069864115
ANXA1	0.253	-0.126	0.396	346	0.342090761577945
H1-6	0.3	0.026	0.485	207	0.34800719865021
H2AC8	0.425	0.374	0.659	130	0.337019748808012
H2AC7	0.559	0.587	0.775	130	0.352982608545413
H2AX	0.768	0.857	0.923	143	0.355868783552865
H2AZ1	0.276	-0.022	0.449	128	0.329089534959588
H2BC5	0.651	0.661	0.821	126	0.364446709299633
H2BC3	0.516	0.417	0.691	126	0.372085125512748
ANXA2	0.36	0.174	0.555	357	0.361473002518916
H3-3A	0.282	-0.064	0.418	136	0.321731227247593
H3-3B	0.464	0.386	0.664	136	0.335857966661224
H1-1	0.384	0.135	0.556	215	0.38472891839066
HABP2	0.382	0.212	0.587	560	0.35166144127317
HSD17B10	0.393	0.272	0.612	261	0.355881366417367
HAGH	0.576	0.578	0.776	308	0.342977284198879
HADHA	0.277	-0.037	0.445	763	0.335389983000169
HADHB	0.239	-0.193	0.365	474	0.326003474405388
HADH	0.341	0.138	0.545	331	0.338019152938493
HAL	0.313	0.097	0.513	657	0.318215622058175
HARS1	0.389	0.281	0.61	509	0.346388818280138
HAS1	0.616	0.698	0.836	578	0.322406997474859
HAS2	0.235	-0.106	0.403	552	0.319828617028443
HAS3	0.573	0.616	0.792	553	0.355511844480872
HBA1	0.723	0.779	0.884	142	0.349726041014912
HBA2	0.723	0.779	0.884	142	0.349726041014912
HBM	0.688	0.795	0.89	141	0.334031878186548
HBB	0.468	0.293	0.629	147	0.370141160012894
HBD	0.431	0.25	0.606	147	0.379880641820397
HBE1	0.447	0.309	0.636	147	0.383385804580331
HBG1	0.447	0.287	0.624	147	0.34401677091778
HBG2	0.441	0.289	0.624	147	0.343329857126327
HBQ1	0.704	0.828	0.907	142	0.307631933169147
HBZ	0.765	0.865	0.928	142	0.334663848944072
HCCS	0.26	-0.175	0.381	268	0.331217336366487
SERPIND1	0.4	0.316	0.632	499	0.343571643781635
HCFC1	0.51	0.449	0.712	2035	0.325628924786668
HCK	0.528	0.485	0.726	526	0.352629855983404
HCLS1	0.364	0.094	0.529	486	0.336426631814554
ANXA3	0.229	-0.173	0.365	323	0.318223428560127
HCRT	0.608	0.701	0.836	131	0.303929026809391
HCRTR1	0.552	0.547	0.755	425	0.341631181257909
HCRTR2	0.314	0.086	0.506	444	0.32329845957687
HTT	0.333	0.154	0.544	3142	0.320914193725217
HDAC1	0.388	0.215	0.586	482	0.361140493146858
HDAC2	0.189	-0.391	0.267	488	0.324418198813639
HDC	0.394	0.248	0.597	662	0.337709282121246
HDGF	0.408	0.232	0.599	256	0.346696607991153
HDLBP	0.386	0.237	0.591	1268	0.353339125250232
ANXA4	0.338	0.116	0.523	321	0.339863288297735
HELLS	0.183	-0.329	0.28	884	0.32414974764752
NCKAP1L	0.353	0.192	0.561	1127	0.340711855339218
HEXA	0.365	0.19	0.568	540	0.322918893623311
HEXB	0.245	-0.122	0.398	556	0.31232875180836
CFH	0.182	-0.448	0.238	1231	0.317398733423015
HFE	0.361	0.227	0.581	348	0.324600748197821
CFHR1	0.19	-0.4	0.259	330	0.307524020308338
ANXA5	0.233	-0.196	0.354	320	0.334694867681406
CFHR2	0.181	-0.431	0.246	270	0.31553788116623
HGD	0.314	0.039	0.492	445	0.337861926345593
HUNK	0.465	0.402	0.679	714	0.33317660070351
SOX8	0.747	0.827	0.91	446	0.320174689258628
VSX1	0.478	0.437	0.7	365	0.306537528541425
PLA2G2E	0.597	0.588	0.781	142	0.389417245892602
ST6GALNAC6	0.45	0.343	0.649	374	0.292900681089206
ERVW-1	0.22	-0.146	0.384	538	0.28396538123899
ADGRE2	0.462	0.413	0.686	823	0.337329628309093
KCNIP3	0.586	0.593	0.783	256	0.352670015327434
KCNIP2	0.451	0.383	0.67	285	0.340032616474419
HGF	0.225	-0.247	0.336	728	0.319072907257537
KCNIP1	0.351	0.151	0.55	241	0.347175202100723
CXXC1	0.497	0.425	0.692	660	0.333543427063746
HGFAC	0.632	0.661	0.82	662	0.333715044865726
ZNF354C	0.249	-0.185	0.373	554	0.338129701347937
NT5C	0.595	0.642	0.804	201	0.314101292749101
POLR1H	0.406	0.262	0.617	126	0.347699979667019
CD209	0.435	0.337	0.646	404	0.366032134669796
DNTTIP2	0.208	-0.327	0.301	756	0.318552306509243
SOCS7	0.397	0.284	0.617	581	0.295002213495256
NRG1	0.335	0.09	0.52	645	0.319120611559917
EHD4	0.618	0.678	0.827	541	0.355196980601779
EHD3	0.598	0.61	0.789	535	0.365171920517899
EHD2	0.725	0.796	0.89	543	0.345004085116859
CTAG2	0.389	0.248	0.601	210	0.291437719984271
PIK3R4	0.212	-0.238	0.334	1358	0.317230939462342
CDR2L	0.705	0.769	0.875	465	0.349586718546177
TAX1BP3	0.481	0.463	0.712	124	0.355692004882796
HHEX	0.469	0.401	0.683	270	0.32285668342184
ANXA6	0.432	0.327	0.637	673	0.352806750329195
HIC1	0.706	0.79	0.889	733	0.330366700329645
HIF1A	0.183	-0.375	0.267	850	0.306133780816262
HIP1	0.412	0.305	0.627	1037	0.34703951008223
UBE2K	0.197	-0.327	0.292	200	0.308051282721201
HINT1	0.243	-0.157	0.38	126	0.32152368937142
HIVEP1	0.23	-0.214	0.359	2718	0.304645085811171
STOML2	0.378	0.237	0.588	356	0.333298818855657
HIVEP2	0.272	-0.091	0.425	2446	0.303647198040095
HK1	0.402	0.295	0.621	921	0.336822229802038
HK2	0.463	0.41	0.683	917	0.343812693647046
ACACA	0.279	-0.03	0.446	2383	0.327620471610314
ANXA7	0.24	-0.247	0.342	488	0.321955025201313
HK3	0.48	0.462	0.711	923	0.334423634871054
ZBTB48	0.49	0.426	0.696	688	0.341593973196233
HLA-A	0.57	0.583	0.777	365	0.328415787570482
HLA-B	0.554	0.562	0.767	362	0.328497299512252
HLA-C	0.567	0.582	0.777	366	0.328275232933006
HLA-DMA	0.369	0.185	0.566	261	0.337682324495066
HLA-DMB	0.404	0.253	0.602	263	0.326056935881276
ANXA11	0.453	0.341	0.651	505	0.338481222063701
MNX1	0.71	0.821	0.906	401	0.318269596650121
HLA-DOA	0.595	0.591	0.78	250	0.340103138147249
HLA-DOB	0.357	0.169	0.554	273	0.333240480933999
HLA-DPA1	0.461	0.399	0.677	260	0.338304166634414
HLA-DPB1	0.489	0.461	0.711	258	0.33766860157879
HLA-DQA1	0.391	0.212	0.582	255	0.345776190064768
HLA-DQA2	0.391	0.212	0.582	255	0.345776190064768
HLA-DQA2	0.384	0.232	0.593	255	0.335462471884932
HLA-DQB1	0.484	0.458	0.708	269	0.329412130576168
ANXA13	0.335	0.138	0.538	357	0.339632326690343
HLA-DQB2	0.523	0.493	0.727	264	0.340715445971582
HLA-DRA	0.361	0.151	0.545	254	0.32442491353268
HLA-DRB1	0.482	0.41	0.686	266	0.334453119512713
HLA-DRB5	0.46	0.378	0.669	266	0.341178253139368
AOAH	0.3	0.064	0.496	688	0.320680745502352
HLF	0.451	0.333	0.642	295	0.327113359598833
HLA-E	0.517	0.504	0.737	358	0.326512969659234
HLA-F	0.463	0.424	0.689	442	0.323435041032082
HLA-G	0.563	0.579	0.776	343	0.329347586977625
AOC2	0.407	0.305	0.627	756	0.320296578850165
MR1	0.314	0.096	0.514	341	0.32168467528231
HLCS	0.346	0.199	0.569	726	0.330972985691839
HLX	0.477	0.45	0.712	488	0.322877427889798
HMBS	0.389	0.237	0.588	361	0.341896737382407
HMGB1	0.293	-0.159	0.406	215	0.363107888757129
HMGB2	0.334	-0.018	0.478	209	0.360804676247968
HMGB3	0.347	0.015	0.495	200	0.377995992595296
HMGN1	0.295	-0.086	0.444	100	0.355293530463178
HMGN2	0.296	-0.169	0.404	90	0.397735445132713
HMGCL	0.337	0.132	0.538	325	0.350457880595122
HMGCR	0.207	-0.216	0.346	888	0.320410759790474
HMGCS1	0.203	-0.306	0.306	520	0.326077039508335
HMGCS2	0.374	0.201	0.574	508	0.340899078133566
HMGA1	0.48	0.369	0.67	107	0.307626221447957
AOX1	0.272	-0.053	0.437	1338	0.334410661925086
HMMR	0.175	-0.37	0.266	725	0.346785847502862
HMOX1	0.572	0.576	0.773	288	0.345576069024833
HMOX2	0.444	0.346	0.654	370	0.368295472034602
NR4A1	0.544	0.507	0.738	652	0.32829469029485
HMX1	0.665	0.769	0.877	348	0.297783065505802
HMX2	0.642	0.736	0.86	273	0.309544070408474
FOXA1	0.647	0.731	0.86	472	0.330855883325157
APAF1	0.203	-0.264	0.324	1248	0.321433200471181
FOXA2	0.733	0.829	0.911	463	0.346299597001535
FOXA3	0.534	0.5	0.738	350	0.327479052682969
HNF4A	0.564	0.576	0.771	474	0.34541491245789
HNF4G	0.216	-0.195	0.357	445	0.317761700847736
ONECUT1	0.567	0.587	0.781	465	0.299927715073012
HNMT	0.247	-0.12	0.401	292	0.336638241715046
EIF4E3	0.291	0.072	0.509	224	0.29446418381801
FAM149B1	0.231	-0.219	0.351	582	0.288551788792145
RFESD	0.205	-0.327	0.294	210	0.317194613888682
SLC29A2	0.606	0.659	0.815	456	0.332488599197886
VN1R2	0.262	-0.044	0.434	395	0.316644199603239
VN1R4	0.301	0.126	0.526	301	0.327019634586484
VN1R5	0.26	-0.024	0.44	356	0.308982370460135
KLHL10	0.309	0.035	0.488	608	0.338894778507143
DHRS4L2	0.438	0.352	0.652	232	0.331726217446832
POTED	0.231	-0.168	0.376	584	0.34161155153958
C14orf39	0.158	-0.535	0.19	587	0.31374103996141
CCDC85C	0.702	0.791	0.888	419	0.31514907903374
H2AC21	0.506	0.557	0.76	130	0.339390174997589
DDX51	0.545	0.561	0.764	666	0.324195035398802
HNRNPA1	0.256	-0.194	0.381	372	0.310782516195137
NUDT2	0.365	0.208	0.57	147	0.349727668625917
HNRNPA2B1	0.194	-0.429	0.255	353	0.308362381359074
HNRNPAB	0.423	0.279	0.627	332	0.363518333674964
HNRNPC	0.293	-0.045	0.452	306	0.344597618482437
HNRNPD	0.281	-0.054	0.456	355	0.32741777842439
HNRNPF	0.388	0.219	0.589	415	0.341363635672236
HNRNPH1	0.235	-0.201	0.368	449	0.326422757202758
HNRNPH2	0.244	-0.17	0.385	449	0.323134642639785
HNRNPH3	0.185	-0.426	0.248	346	0.294691390586015
APOF	0.303	0.074	0.5	326	0.326475861644049
HNRNPK	0.224	-0.248	0.33	464	0.307096894597703
HNRNPL	0.445	0.326	0.646	589	0.347700567019746
TAAR6	0.282	-0.005	0.462	345	0.333483755350432
KRT73	0.54	0.523	0.744	540	0.362903433634524
HNRNPU	0.285	-0.039	0.456	825	0.342703540871262
TLX1	0.587	0.62	0.799	330	0.329261018390631
TLX2	0.576	0.643	0.808	284	0.290408775758857
HOXA1	0.458	0.38	0.677	335	0.328231194985572
HOXA2	0.385	0.222	0.589	376	0.326716125555763
ACACB	0.466	0.413	0.684	2458	0.343790810428009
APBA1	0.539	0.534	0.752	837	0.34431930719778
HOXA3	0.569	0.55	0.767	443	0.321935065179991
HOXA4	0.632	0.677	0.83	320	0.312692405276747
HOXA5	0.509	0.488	0.731	270	0.311341600405653
HOXA6	0.598	0.64	0.81	233	0.3405394051777
HOXA7	0.547	0.542	0.759	230	0.360322531328496
HOXA9	0.511	0.46	0.715	272	0.326045259401789
HOXA10	0.539	0.582	0.781	410	0.309964317550632
HOXA11	0.524	0.515	0.745	313	0.317519919325204
HPCA	0.667	0.702	0.841	193	0.357552880792977
HOXA13	0.55	0.576	0.78	388	0.341734985101865
APBA2	0.577	0.581	0.778	749	0.361671194689886
HOXB1	0.474	0.379	0.678	301	0.321508527237788
HOXB2	0.46	0.433	0.7	356	0.303681963913407
HOXB3	0.572	0.585	0.785	431	0.328034103403207
HOXB4	0.589	0.62	0.799	251	0.303334030654362
HOXB5	0.561	0.574	0.775	269	0.313253001845649
HOXB6	0.606	0.668	0.825	224	0.326601444775262
HOXB7	0.48	0.452	0.712	217	0.329746395264921
HOXB8	0.613	0.631	0.806	243	0.350888880626347
HOXB9	0.52	0.53	0.751	250	0.316829125605962
APBB1	0.444	0.347	0.654	710	0.322128126734426
HOXC4	0.443	0.356	0.66	264	0.309857091477935
HOXC5	0.472	0.401	0.682	222	0.345618908181974
HOXC6	0.451	0.403	0.683	235	0.334372935014329
HOXC8	0.427	0.333	0.651	242	0.34911256602833
HOXC9	0.584	0.643	0.811	260	0.320358871977834
HOXC10	0.472	0.41	0.689	342	0.324238090574429
HOXC11	0.592	0.608	0.794	304	0.342868053317622
HOXC12	0.567	0.635	0.805	282	0.316310118492443
HOXC13	0.659	0.721	0.854	330	0.325605474755216
APBB2	0.321	0.077	0.512	759	0.320763944408491
HOXD1	0.529	0.521	0.749	328	0.337869362636865
HOXD3	0.533	0.461	0.72	432	0.343063498327924
HOXD4	0.501	0.464	0.72	255	0.323802172438533
HOXD8	0.415	0.324	0.647	290	0.330722979898926
HOXD9	0.54	0.572	0.776	352	0.313059149439081
HOXD10	0.379	0.219	0.588	340	0.331783410831599
HOXD11	0.577	0.616	0.8	338	0.332103996104396
HOXD12	0.53	0.523	0.746	270	0.350814712305587
HOXD13	0.501	0.506	0.743	343	0.332114244296854
APC	0.182	-0.422	0.248	2843	0.29862165317818
HP	0.326	0.093	0.524	406	0.351630463289907
HPCAL1	0.789	0.836	0.913	193	0.370730552375613
HPD	0.518	0.495	0.732	393	0.370393961447598
HPGD	0.228	-0.204	0.355	266	0.353681149036536
HPN	0.515	0.512	0.739	417	0.336954645396721
APCS	0.302	0.039	0.484	223	0.333218345258341
HPR	0.336	0.129	0.54	348	0.349170634148983
HPRT1	0.217	-0.251	0.327	218	0.320179686609346
HPS1	0.589	0.619	0.794	700	0.333404478243168
AIRE	0.561	0.557	0.764	545	0.327613640441266
HPX	0.356	0.144	0.547	462	0.314943418994551
ZAR1	0.562	0.615	0.796	424	0.319027492471452
HRAS	0.615	0.613	0.793	189	0.381550244122227
ERAS	0.553	0.497	0.733	233	0.350946800021984
RAB37	0.482	0.454	0.706	228	0.349159495389978
MMAB	0.402	0.322	0.637	250	0.329112285780162
AGFG1	0.236	-0.289	0.339	584	0.304393453705383
AGFG2	0.435	0.306	0.64	481	0.316741493145333
HRH1	0.418	0.345	0.646	487	0.333241126418544
APEH	0.457	0.38	0.67	732	0.334316333636463
HRC	0.372	0.159	0.564	699	0.302733278861354
HRG	0.261	-0.13	0.406	525	0.287429501716002
HRH2	0.471	0.453	0.702	397	0.345143256149599
PRMT2	0.42	0.321	0.639	433	0.332557474942773
PRMT1	0.661	0.711	0.847	371	0.378722488075175
SERPINA9	0.391	0.247	0.6	435	0.335315187339743
APEX1	0.329	0.099	0.519	318	0.334472100871685
HES1	0.503	0.464	0.717	280	0.313441894683306
HSBP1	0.373	0.207	0.577	76	0.350745543278277
HSD3B1	0.387	0.269	0.607	373	0.344904961553655
HSD3B2	0.364	0.226	0.584	372	0.339323407663138
BIRC2	0.193	-0.38	0.264	618	0.319575912933686
HSD11B1	0.3	0.062	0.498	292	0.340182344193061
HSD11B2	0.556	0.563	0.761	405	0.313818528266909
HSD17B1	0.563	0.593	0.782	329	0.328065583036212
HSD17B3	0.312	0.113	0.518	310	0.33176068220677
HSD17B2	0.323	0.14	0.538	387	0.34369374517077
HSD17B4	0.208	-0.277	0.318	761	0.318042338559989
HSF1	0.644	0.692	0.837	529	0.326043301568531
HSF2	0.208	-0.267	0.324	536	0.318030527929793
HSF4	0.481	0.435	0.695	492	0.308543018741333
ACADL	0.205	-0.275	0.318	430	0.311740546563205
BIRC3	0.188	-0.35	0.279	604	0.312950952605259
DNAJB2	0.436	0.312	0.636	324	0.309221916387466
DNAJA1	0.224	-0.232	0.343	397	0.331848738537625
HSPA1A	0.757	0.815	0.902	641	0.381774791704756
HSPA1B	0.756	0.812	0.9	641	0.382158191627764
HSPA1L	0.364	0.168	0.556	641	0.356169522287783
HSPA2	0.633	0.68	0.829	639	0.362208204248028
HSPA4	0.226	-0.238	0.349	840	0.34478750620336
HSPA5	0.303	0	0.468	654	0.350858250773352
XIAP	0.193	-0.363	0.278	497	0.318818127216415
HSPA6	0.582	0.584	0.778	643	0.354913552132929
HSPA8	0.282	-0.066	0.434	646	0.352761545897669
HSPA9	0.236	-0.197	0.364	679	0.342172178804604
HSPB1	0.665	0.762	0.873	205	0.297703156702543
HSPB2	0.459	0.368	0.661	182	0.300852485457068
BIRC5	0.421	0.298	0.629	165	0.364718113580885
HSP90AA1	0.278	-0.038	0.446	854	0.340894191280566
IGSF3	0.522	0.499	0.733	1214	0.333850788144534
HSP90AB1	0.359	0.147	0.545	724	0.35429982804784
HSPD1	0.186	-0.359	0.274	573	0.340222059378852
APLP1	0.49	0.44	0.699	651	0.319281227240327
HSPE1	0.155	-0.476	0.22	102	0.298466624508089
DNAJB1	0.428	0.333	0.645	340	0.330411814061271
DNAJC4	0.468	0.389	0.672	249	0.310464135087271
HSPG2	0.545	0.529	0.751	4391	0.3290572281066
PPM1J	0.443	0.373	0.664	505	0.31315473358503
SNAI3	0.596	0.656	0.814	292	0.323728567617163
H3C15	0.746	0.821	0.902	136	0.344612201988431
APLP2	0.36	0.147	0.549	763	0.351578895139717
NDST1	0.594	0.603	0.787	882	0.349292845303507
FOXN2	0.202	-0.351	0.286	431	0.318405317010457
HTN1	0.169	-0.43	0.241	57	0.299111894644039
HTN3	0.168	-0.442	0.229	51	0.302339997695591
APOA1	0.633	0.683	0.829	267	0.346330858847442
HTR1A	0.551	0.546	0.754	422	0.351026196733436
HTR1B	0.481	0.483	0.72	390	0.33366214830732
HTR1D	0.476	0.48	0.714	377	0.335812925694544
HTR1E	0.418	0.325	0.629	365	0.329986955352871
HTR1F	0.221	-0.168	0.362	366	0.317159285530452
HTR2A	0.309	0.119	0.526	471	0.338682726034258
HTR2B	0.24	-0.102	0.401	481	0.320105422317807
HTR2C	0.265	0.004	0.456	458	0.333173480445125
HTR3A	0.502	0.481	0.717	516	0.337071365068261
APOA2	0.42	0.31	0.633	100	0.369894439491434
HTR4	0.343	0.148	0.538	428	0.336098295673815
HTR5A	0.591	0.677	0.825	357	0.331018689102332
HTR6	0.644	0.726	0.851	440	0.311437492248234
HTR7	0.455	0.415	0.684	479	0.336253647718361
HUS1	0.261	-0.021	0.45	280	0.344356473300763
APOA4	0.635	0.665	0.82	396	0.378870841300823
TNC	0.4	0.244	0.6	2201	0.339337529314791
HYAL1	0.478	0.411	0.685	435	0.331325577187089
IAPP	0.269	-0.011	0.455	89	0.337724744006042
IARS1	0.251	-0.105	0.407	1262	0.330537516289336
UBAC2	0.292	0.078	0.495	344	0.32146144445542
CHSY3	0.333	0.163	0.549	882	0.320401562510883
KRTAP7-1	0.468	0.298	0.635	87	0.367584339509351
KRTAP8-1	0.48	0.362	0.672	63	0.392243768988981
KRTAP11-1	0.394	0.216	0.59	163	0.333724394475548
KRTAP19-1	0.377	0.074	0.528	90	0.358264111103034
KRTAP13-2	0.449	0.328	0.647	175	0.326202392821088
KRTAP13-3	0.401	0.214	0.587	172	0.331400501652081
KRTAP23-1	0.461	0.409	0.688	65	0.359347764867981
KRTAP6-1	0.45	0.253	0.614	71	0.394281598606829
KRTAP6-2	0.465	0.294	0.639	62	0.405784778660297
KRTAP6-3	0.456	0.259	0.62	110	0.390886107431931
KRTAP19-2	0.353	0.1	0.529	52	0.3982010140051
KRTAP19-3	0.36	0.024	0.5	81	0.358757339668217
KRTAP19-4	0.291	0	0.47	84	0.320608778088885
KRTAP19-5	0.417	0.182	0.577	72	0.377679399767123
KRTAP19-6	0.311	-0.039	0.456	58	0.361954231911411
KRTAP19-7	0.398	0.175	0.574	63	0.357310698908851
KRTAP20-1	0.259	-0.229	0.37	56	0.403616823913037
KRTAP20-2	0.368	0.082	0.524	65	0.384083126267276
KRTAP21-1	0.359	0.013	0.5	79	0.402356513550373
KRTAP21-2	0.329	-0.036	0.469	83	0.408270483805227
KRTAP22-1	0.381	0.087	0.533	48	0.400819542570383
KRTAP20-3	0.321	0	0.476	44	0.379753601081282
APOB	0.26	-0.063	0.43	4563	0.330812792948888
FAM151A	0.458	0.39	0.672	585	0.329526762994151
IBSP	0.265	-0.164	0.401	317	0.34254973415705
ICA1	0.244	-0.102	0.415	512	0.335934465926225
ICAM1	0.467	0.429	0.695	532	0.323098131196387
NLRP9	0.277	0.007	0.462	991	0.329733348273444
NLRP10	0.337	0.176	0.556	655	0.33307006307882
NLRP14	0.237	-0.148	0.38	1093	0.330040695875794
S100A7A	0.4	0.25	0.604	101	0.342337394349645
GPIHBP1	0.54	0.559	0.765	184	0.328662737050071
CLEC4D	0.249	-0.128	0.399	215	0.334872328920685
IFNE	0.26	-0.024	0.438	208	0.33328880623644
RAB7B	0.398	0.323	0.634	199	0.345242083463414
TAS2R60	0.294	0.086	0.5	318	0.311868228509881
ICAM2	0.509	0.474	0.719	275	0.34056602128447
ANO9	0.631	0.699	0.836	782	0.341704821939514
HCAR2	0.522	0.523	0.739	363	0.342977633350402
ICAM3	0.475	0.464	0.715	547	0.318149015279205
FFAR4	0.514	0.558	0.756	377	0.319733010406982
KCNK18	0.393	0.279	0.611	384	0.346917773627121
ST8SIA6	0.3	0.02	0.477	398	0.327831185542414
DUSP29	0.642	0.699	0.839	220	0.342385937956337
ICAM4	0.381	0.272	0.609	272	0.286411570813069
LUZP2	0.244	-0.134	0.395	346	0.341016420140685
CENATAC	0.379	0.19	0.571	332	0.335969148080896
TMEM225	0.243	-0.049	0.429	225	0.31747822180804
OR8D4	0.242	-0.083	0.407	314	0.320353766016151
OR5F1	0.319	0.154	0.538	314	0.325239502233073
OR5AP2	0.271	0.028	0.471	316	0.325725734303586
ANKRD13D	0.566	0.558	0.763	605	0.321970767490011
ANKRD42	0.197	-0.273	0.317	527	0.31718203885403
B4GALNT4	0.61	0.642	0.808	1039	0.312185313469874
OR52L1	0.301	0.144	0.529	329	0.3110177202086
OR2AG2	0.359	0.236	0.578	316	0.314786636487776
C1QL4	0.647	0.645	0.813	238	0.34028197543721
TMEM119	0.531	0.562	0.769	283	0.325482805706733
KRT79	0.524	0.491	0.729	535	0.353430716752837
TAFA2	0.219	-0.218	0.36	131	0.308997614492796
C1QTNF9	0.307	0.021	0.485	333	0.316014463448846
RNASE10	0.307	0.054	0.495	216	0.336627470558207
VSX2	0.542	0.576	0.774	361	0.322036733619831
TMEM202	0.299	0.091	0.506	273	0.30597830563387
APOBEC1	0.252	-0.068	0.419	236	0.303829477462258
PRSS53	0.483	0.391	0.676	553	0.321742787669741
RAB43	0.684	0.737	0.859	212	0.363754165392673
JMJD8	0.561	0.591	0.781	285	0.313784679657605
CIBAR2	0.464	0.378	0.669	304	0.353834270194459
TMEM95	0.372	0.192	0.57	203	0.316684827660908
METTL2A	0.298	0.011	0.474	378	0.339090608355818
CCDC144NL	0.328	0.108	0.535	221	0.319772752794389
C17orf67	0.401	0.277	0.605	90	0.306195459545926
ENPP7	0.599	0.632	0.803	458	0.339455259666246
OXLD1	0.503	0.477	0.72	147	0.314381028078534
CCDC137	0.498	0.466	0.713	289	0.341934712696609
ARL16	0.413	0.408	0.677	197	0.325003036908032
LINC02693	0.319	0.06	0.493	221	0.293336255041054
MSL1	0.247	-0.161	0.378	351	0.294414716360627
LRRC30	0.558	0.618	0.79	301	0.336047609880152
CPLX4	0.218	-0.248	0.342	160	0.349899822912167
ZNF181	0.208	-0.301	0.313	571	0.322885251972439
ZNF260	0.233	-0.278	0.33	412	0.343203636895117
ZNF546	0.196	-0.338	0.286	836	0.318414884190004
MYPOP	0.548	0.494	0.73	399	0.296605737327556
NANOS2	0.609	0.65	0.813	138	0.343605196502224
ADAMTSL5	0.581	0.602	0.787	471	0.323276668814059
CLEC4G	0.577	0.621	0.797	293	0.323723969274123
LINGO4	0.411	0.359	0.649	593	0.303158460225515
IRF8	0.484	0.417	0.689	426	0.347910233485929
RXFP4	0.473	0.439	0.695	374	0.316844909207544
ANKRD45	0.207	-0.293	0.313	266	0.333481860613734
C1orf174	0.305	-0.003	0.475	243	0.315995683836655
KLHL17	0.621	0.646	0.811	642	0.330740421793469
TMEM240	0.721	0.825	0.905	173	0.339071420561286
TMEM52	0.527	0.521	0.743	209	0.30356469514616
BRINP3	0.282	0.018	0.469	766	0.319986666469239
ZBTB8OS	0.221	-0.218	0.359	179	0.320210946779763
TFAP2E	0.542	0.557	0.763	442	0.327423042915951
PRSS38	0.452	0.38	0.668	326	0.337512192442801
CCDC190	0.274	-0.075	0.43	302	0.332294986379346
ARMH1	0.398	0.362	0.653	440	0.339084674012658
ZFP69	0.239	-0.196	0.365	526	0.316724349182833
MRPL58	0.376	0.23	0.581	206	0.312052198277381
SLC35E4	0.525	0.542	0.749	350	0.308248005203135
TEX33	0.442	0.313	0.638	280	0.346797293563834
ID1	0.614	0.684	0.83	155	0.339945869286399
SPOPL	0.186	-0.352	0.28	392	0.313263984300104
CYP27C1	0.348	0.226	0.578	372	0.328617471507655
MROH2A	0.507	0.49	0.723	1688	0.343625557495918
ESPNL	0.614	0.643	0.808	1005	0.316182202883399
FAM166C	0.573	0.59	0.782	201	0.319612322489091
PRR30	0.406	0.224	0.586	412	0.298190691623839
ID2	0.555	0.569	0.767	134	0.343291838385346
C2orf74	0.199	-0.305	0.306	115	0.31798259791279
CCDC39	0.186	-0.318	0.29	941	0.333912231915024
IHO1	0.284	-0.033	0.453	594	0.332525901623336
KY	0.489	0.426	0.695	661	0.358237828813592
GADL1	0.26	-0.083	0.42	521	0.338626481282092
ID3	0.519	0.545	0.752	119	0.322805245175002
PRSS42P	0.349	0.163	0.554	293	0.312516533053476
CCDC158	0.216	-0.21	0.348	1113	0.318243278512396
TMPRSS11A	0.225	-0.163	0.379	421	0.322350771546129
TRIML1	0.378	0.248	0.597	468	0.326970073564964
LRRC66	0.269	-0.058	0.436	880	0.309502298119346
NAT8L	0.769	0.866	0.928	302	0.34549479340742
ACADM	0.171	-0.44	0.229	454	0.33873664906139
ID4	0.703	0.788	0.887	161	0.308454553101466
SLC6A19	0.696	0.783	0.883	634	0.362499578813391
STING1	0.463	0.436	0.691	379	0.329372501778628
FAM170A	0.346	0.112	0.535	329	0.321688096259946
ARSI	0.537	0.509	0.737	569	0.329094854431615
ANKRD34B	0.218	-0.184	0.367	514	0.314636455333229
SLC35D3	0.615	0.706	0.841	416	0.330093108334674
ZC3H12D	0.592	0.64	0.807	527	0.306975043957782
MYLK4	0.384	0.237	0.591	388	0.356342606851343
DPPA5	0.445	0.421	0.686	116	0.331117051498694
CLPSL1	0.385	0.27	0.603	121	0.365037608194851
TREML1	0.362	0.176	0.559	311	0.316353843992626
ZNF680	0.213	-0.32	0.306	530	0.34036218972784
UNCX	0.737	0.85	0.921	531	0.313136770662696
COL28A1	0.233	-0.246	0.345	1125	0.31288917407392
ABCB5	0.207	-0.239	0.333	1257	0.320344629483286
FAM221A	0.222	-0.251	0.339	298	0.318376938289945
CTAGE6	0.187	-0.375	0.266	777	0.313413936502083
TSPAN33	0.466	0.44	0.696	283	0.378586289959464
AGBL3	0.223	-0.215	0.353	920	0.314909374371527
KLHL38	0.465	0.436	0.695	581	0.343867845470418
NRBP2	0.602	0.653	0.812	501	0.33204739812383
ZNF517	0.623	0.659	0.817	492	0.334076992838849
WDR97	0.567	0.614	0.791	1622	0.308160030589013
TMEM249	0.67	0.753	0.866	235	0.33034036196193
RSPO2	0.26	-0.129	0.397	243	0.332376848627181
ZDHHC21	0.213	-0.178	0.355	265	0.306557329139068
ACER2	0.401	0.319	0.631	275	0.351282827586836
RTL5	0.378	0.243	0.594	569	0.313926520086166
NHSL2	0.354	0.132	0.539	1225	0.294337309723187
PABPC1L2A	0.578	0.594	0.782	200	0.36427898045282
NEXMIF	0.274	-0.087	0.428	1516	0.331608993088754
BEX5	0.234	-0.207	0.356	111	0.316655153062617
TCEAL5	0.302	-0.043	0.457	206	0.326663529258617
VSIG1	0.285	-0.039	0.45	423	0.32686546625861
ZC3H12B	0.31	0.032	0.486	836	0.324990840182188
SATL1	0.241	-0.132	0.407	632	0.289141852149337
DCAF12L2	0.587	0.621	0.796	463	0.331335009525213
RTL4	0.304	0.011	0.474	310	0.341192927839874
LHFPL1	0.332	0.138	0.537	220	0.327331711595319
EZHIP	0.388	0.178	0.565	503	0.292374242463329
LIPM	0.268	-0.074	0.423	423	0.336343304679617
CYP26C1	0.626	0.728	0.852	522	0.29781973261823
VWA2	0.46	0.396	0.677	755	0.327625663042508
NANOS1	0.776	0.901	0.948	292	0.308860009061335
LRIT2	0.35	0.168	0.553	560	0.325579797764448
HMX3	0.643	0.718	0.851	357	0.315883250336723
MALRD1	0.244	-0.183	0.373	2156	0.320527365654867
EBLN1	0.211	-0.227	0.345	366	0.303511409131726
OR52B6	0.349	0.216	0.569	335	0.329245137613785
OTOG	0.491	0.406	0.687	2925	0.332292289981924
APOC1	0.424	0.354	0.65	83	0.326749413629269
DCDC1	0.224	-0.186	0.365	890	0.325741757438812
POU2AF2	0.423	0.319	0.643	236	0.29568833088529
MS4A10	0.397	0.305	0.626	267	0.323128692314794
OR2AT4	0.423	0.367	0.655	320	0.336559069808986
HEPHL1	0.281	-0.036	0.449	1159	0.327952810149986
OR10A2	0.368	0.232	0.583	303	0.338681307493553
OVCH2	0.257	-0.079	0.422	565	0.312972630913774
SMCO2	0.269	0.001	0.46	343	0.336630130064028
SYT10	0.249	-0.124	0.4	523	0.312363714876602
ACSM4	0.295	0.024	0.478	580	0.326593636950531
ANKRD33	0.44	0.396	0.676	452	0.313985112644156
OR6C2	0.245	-0.057	0.423	312	0.322746591380524
OR6C4	0.276	0.051	0.48	309	0.326979767179848
H1-7	0.468	0.419	0.687	255	0.303498218517768
OR8S1	0.384	0.325	0.63	359	0.313562175093621
IDE	0.223	-0.184	0.364	1019	0.327901463741233
FREM2	0.31	0.066	0.5	3169	0.311244369719247
NEK5	0.233	-0.182	0.368	708	0.338998215725575
IDH1	0.265	-0.084	0.425	414	0.34917489866835
OR6S1	0.32	0.143	0.536	331	0.329504691489124
IDH2	0.57	0.569	0.77	452	0.352331220217092
SLC35F4	0.297	0.034	0.479	485	0.327269119375553
LRRC9	0.17	-0.313	0.284	1494	0.31537124028794
IDH3A	0.261	-0.099	0.414	366	0.326889292234764
COX8C	0.427	0.379	0.657	72	0.299897517213809
IDH3B	0.415	0.308	0.631	387	0.349912108875467
GLDN	0.319	0.073	0.509	551	0.316648645361791
GOLGA6A	0.386	0.256	0.602	693	0.341112396487591
IDH3G	0.546	0.552	0.76	393	0.352864416890702
TMC3	0.356	0.19	0.563	1100	0.325781162422676
ZNF774	0.311	0.051	0.5	483	0.308465393104239
FMN1	0.304	0.025	0.482	1419	0.317409791734013
IDI1	0.227	-0.154	0.374	284	0.325234701996815
IDS	0.334	0.111	0.525	550	0.322364130060742
C16orf96	0.427	0.319	0.635	1141	0.335651687481034
ZKSCAN2	0.294	-0.004	0.466	967	0.320642133284954
ATXN1L	0.335	0.097	0.524	689	0.311127915164703
PKD1L3	0.291	0.058	0.492	1732	0.316063372950421
IDUA	0.664	0.758	0.87	653	0.308114069170067
CD300E	0.409	0.268	0.606	205	0.322178102884823
SMTNL2	0.604	0.627	0.801	461	0.308238758900131
NACA2	0.232	-0.189	0.378	215	0.323941153064508
KRT27	0.349	0.173	0.559	459	0.345842810445244
CFI	0.219	-0.262	0.333	591	0.338802308863027
SLFN14	0.266	-0.066	0.428	912	0.331096318516054
STAC2	0.515	0.457	0.712	411	0.314898567007944
IFI16	0.246	-0.161	0.386	729	0.32012864991556
ANKRD62	0.193	-0.295	0.304	917	0.336612246902555
VSTM2B	0.573	0.619	0.796	285	0.304630741749398
ZNF850	0.21	-0.345	0.291	1090	0.314244339073736
NCCRP1	0.539	0.564	0.764	275	0.293362786118066
SYCN	0.693	0.799	0.892	134	0.356314858003611
IFI27	0.354	0.205	0.578	122	0.330580281695801
ZNF404	0.191	-0.387	0.266	552	0.329895224354981
ZNF284	0.239	-0.171	0.381	593	0.314346632127169
C19orf81	0.604	0.681	0.824	198	0.309186109002132
ZNF677	0.215	-0.306	0.309	584	0.342748139762197
RFPL4A	0.348	0.122	0.531	287	0.35145422528769
ZSCAN5B	0.386	0.216	0.584	495	0.324965580622014
ZSCAN22	0.458	0.348	0.657	491	0.325070404654198
NANOS3	0.517	0.434	0.701	192	0.3081089928579
PALM3	0.387	0.224	0.591	673	0.312252782692892
AQP8	0.472	0.44	0.696	261	0.350283282703289
IFI35	0.45	0.412	0.682	288	0.325642192270755
RD3	0.613	0.659	0.814	195	0.305024722727782
AADACL4	0.338	0.18	0.556	407	0.331951207812539
PRAMEF5	0.368	0.262	0.594	476	0.332616476233924
HNRNPCL1	0.303	-0.021	0.467	293	0.353298800824075
PRAMEF9	0.369	0.263	0.595	478	0.334073574355244
PRAMEF10	0.375	0.25	0.588	474	0.31818200610754
CCDC18	0.16	-0.407	0.245	1454	0.33592064158601
SP110	0.295	-0.013	0.46	713	0.317575452303107
OR6F1	0.369	0.259	0.597	308	0.330073939024593
OR14K1	0.275	0.062	0.487	314	0.336076636383528
OR2W3	0.494	0.521	0.737	314	0.333352295295807
OR2T8	0.383	0.292	0.616	312	0.32925401257885
OR2T3	0.434	0.391	0.668	318	0.339997899332242
MYBPHL	0.437	0.318	0.636	354	0.341060653356543
IFIT2	0.259	-0.064	0.431	472	0.349467750692105
IFIT1	0.235	-0.114	0.401	478	0.348311324827906
OR10R2	0.27	0.002	0.455	335	0.332904782672902
FCRL6	0.37	0.187	0.568	434	0.334101544334049
KCNT2	0.2	-0.257	0.319	1135	0.313830373351248
BARHL2	0.466	0.389	0.677	387	0.29708933567787
DYNLT4	0.581	0.655	0.815	221	0.28700731145109
OR2T5	0.379	0.323	0.632	315	0.320315251650969
OR2T29	0.379	0.323	0.632	315	0.320315251650969
RSPO4	0.592	0.563	0.764	234	0.355886387299582
TGM6	0.523	0.503	0.733	706	0.336439181173719
IFIT3	0.261	-0.09	0.421	490	0.359857225831147
XKR7	0.635	0.723	0.85	579	0.316014706975965
IFNA1	0.355	0.197	0.564	189	0.337019376778841
MSGN1	0.47	0.421	0.69	193	0.323899190734435
CRACDL	0.487	0.453	0.712	962	0.304059642810693
APOC2	0.375	0.223	0.588	101	0.325428575485771
IFNA2	0.352	0.19	0.561	188	0.345535154333594
FIGLA	0.33	0.159	0.546	219	0.303511976528929
NOTO	0.477	0.409	0.687	251	0.313397098619924
IFNA4	0.331	0.144	0.536	189	0.333676238436115
NCKAP5	0.276	-0.068	0.435	1909	0.30333057563628
FOXI3	0.583	0.597	0.789	420	0.320962455746784
EVX2	0.558	0.607	0.794	476	0.310076131081371
IFNA5	0.318	0.091	0.508	189	0.344246847437748
IFNA6	0.354	0.184	0.556	189	0.346268798344985
CDKL4	0.189	-0.29	0.305	379	0.325522204713102
IFNA7	0.321	0.119	0.522	189	0.33409266469789
IFNA8	0.348	0.191	0.56	189	0.351787065008609
SH3RF3	0.538	0.529	0.75	882	0.318030984293001
GPR148	0.514	0.509	0.729	347	0.326336678641725
IFNA10	0.314	0.12	0.519	189	0.332728747100426
LRRIQ4	0.327	0.187	0.555	560	0.332284489269116
SAMD7	0.235	-0.213	0.355	446	0.299659937660573
IFNA13	0.357	0.197	0.564	190	0.339031581354188
AADACL2	0.169	-0.369	0.256	401	0.29946722700163
GPR149	0.298	0.052	0.493	731	0.316167040938369
ZNF860	0.213	-0.313	0.306	632	0.324208628413852
IFNA14	0.324	0.11	0.52	189	0.355696492148213
TMPRSS7	0.289	-0.009	0.46	717	0.323603368334639
CD200R1L	0.243	-0.089	0.414	271	0.314146386946091
PAQR9	0.676	0.749	0.865	377	0.342964074542174
RTP2	0.637	0.68	0.829	225	0.342349576523211
IFNA16	0.336	0.137	0.533	189	0.3560217217109
OSTN	0.223	-0.217	0.341	133	0.272065309467847
ATP13A5	0.272	-0.022	0.451	1218	0.334008131984531
APOC3	0.485	0.449	0.71	99	0.344616287957652
REELD1	0.358	0.14	0.545	526	0.321001089231436
PRSS48	0.267	-0.055	0.435	328	0.317989819403417
SOWAHB	0.391	0.277	0.613	793	0.302178668024501
IFNA17	0.313	0.101	0.511	189	0.334987744539239
LRIT3	0.266	-0.088	0.418	679	0.310052080647336
IFNA21	0.342	0.173	0.552	189	0.350050334275892
MSANTD1	0.703	0.788	0.886	278	0.333491989038592
SLC10A6	0.322	0.114	0.521	377	0.332607590976094
HSD17B13	0.249	-0.09	0.409	300	0.323477446099337
IFNAR1	0.185	-0.391	0.262	557	0.317750517742471
PFN3	0.68	0.806	0.894	137	0.315812673941515
ZNF879	0.242	-0.162	0.383	563	0.324799967811714
IFNAR2	0.252	-0.08	0.424	515	0.308472637008283
PLCXD3	0.304	0.046	0.495	321	0.331687062877975
IFNB1	0.334	0.166	0.542	187	0.361297640237107
IRGM	0.358	0.157	0.554	181	0.346513307169784
FBLL1	0.721	0.816	0.902	334	0.342476258137064
MCIDAS	0.541	0.556	0.762	385	0.312906573246932
ACTBL2	0.408	0.269	0.608	376	0.341906507145299
FAM174A	0.369	0.256	0.6	190	0.317399471946073
MTX3	0.219	-0.213	0.344	312	0.311259536628716
IFNG	0.243	-0.151	0.387	166	0.348785232917349
RSPH4A	0.225	-0.254	0.34	716	0.321012986518572
IFNGR1	0.21	-0.257	0.334	489	0.309988265944625
ECT2L	0.232	-0.113	0.397	904	0.315589143431882
APOC4	0.55	0.565	0.763	127	0.324936240078884
IFNGR2	0.328	0.133	0.537	356	0.321435381675724
EYS	0.204	-0.319	0.301	3165	0.325555556310739
ZNF391	0.22	-0.292	0.32	358	0.316894490356614
ZFP57	0.372	0.193	0.571	536	0.327677834466546
SEPTIN14	0.213	-0.264	0.327	432	0.34028857680681
MACC1	0.186	-0.295	0.305	852	0.322616912920522
OR6V1	0.41	0.335	0.64	313	0.32425501119584
OR2A12	0.347	0.231	0.577	310	0.340989143502857
OR2A1	0.488	0.496	0.724	310	0.327081603566524
GNAT3	0.222	-0.216	0.351	354	0.329565908890461
MOGAT3	0.485	0.494	0.728	341	0.318768595880782
GARIN1A	0.377	0.242	0.592	309	0.314281006202357
STRA8	0.421	0.315	0.635	330	0.333267162604403
KLRG2	0.566	0.604	0.791	409	0.311051877210657
IFNW1	0.327	0.171	0.546	195	0.315087615859785
APOD	0.345	0.137	0.539	189	0.360668669571273
SLC10A5	0.17	-0.304	0.282	438	0.310632445912386
QRFP	0.464	0.448	0.7	136	0.309756384293204
OR1J1	0.36	0.228	0.579	322	0.337516118692369
KIF24	0.293	-0.02	0.458	1368	0.314853575653906
IGFBPL1	0.536	0.562	0.766	278	0.307496194166044
CAVIN4	0.268	-0.068	0.427	364	0.327298600753005
ZNF81	0.238	-0.222	0.357	661	0.325596362034736
ITIH6	0.368	0.181	0.559	1313	0.305463970494931
LANCL3	0.456	0.427	0.693	420	0.354684277581347
MPC1L	0.531	0.519	0.744	136	0.329511285989889
DCAF8L2	0.316	0.057	0.504	631	0.318338472774895
SOWAHD	0.599	0.665	0.818	315	0.293337538370495
OR13H1	0.29	0.054	0.481	308	0.323905715578936
CCDC160	0.174	-0.386	0.26	325	0.329656668292414
CXorf66	0.198	-0.317	0.303	361	0.304108264610779
IFRD1	0.22	-0.244	0.333	451	0.316705591812584
DGAT2L6	0.303	0.076	0.502	337	0.324681055418231
RAB41	0.31	0.059	0.498	222	0.344204005337806
ARSH	0.349	0.165	0.551	562	0.323552429635552
MAGEB5	0.308	0.049	0.494	275	0.353588377085348
CENPVL3	0.624	0.697	0.838	287	0.307701015938804
IGBP1	0.268	-0.028	0.449	339	0.335638895850611
TUBB8	0.518	0.485	0.727	444	0.353135077792779
LRRTM1	0.632	0.725	0.851	522	0.35084030207162
LRRTM3	0.291	0.073	0.495	581	0.314861089675291
CATSPER3	0.422	0.345	0.644	398	0.344616935812287
TUBB2B	0.677	0.722	0.853	445	0.361185336968677
SLC35B2	0.44	0.389	0.672	432	0.329460982668675
SERINC2	0.654	0.727	0.853	464	0.343519787039517
NME9	0.309	0.027	0.481	330	0.324444714840296
OTOP3	0.549	0.584	0.773	596	0.334422401172287
C6orf52	0.292	-0.073	0.441	152	0.340567085655812
TBX10	0.524	0.449	0.706	385	0.32501945463296
GATD1	0.609	0.631	0.805	220	0.344113974891123
IGF1	0.431	0.298	0.627	158	0.333406043810486
AMIGO2	0.291	0.034	0.48	522	0.322088594867672
APOE	0.719	0.786	0.884	317	0.338588246824416
IGF1R	0.468	0.419	0.689	1367	0.354300012235384
TMEM255B	0.532	0.538	0.754	326	0.342559168714179
RBPMS2	0.467	0.364	0.663	209	0.331187958310974
ANKDD1A	0.436	0.372	0.661	522	0.335122907894476
IGF2	0.518	0.527	0.744	236	0.317803037225609
ARPIN	0.508	0.488	0.727	226	0.325985851835572
ACSM2B	0.329	0.114	0.524	577	0.328461679202884
CLEC18A	0.546	0.525	0.748	446	0.344510858160687
CTU2	0.521	0.496	0.732	586	0.334350347586136
IGF2R	0.369	0.181	0.568	2491	0.334853584204988
SKA2	0.243	-0.184	0.371	121	0.337003217319685
MCRIP1	0.611	0.608	0.791	118	0.306426694671138
IGFALS	0.679	0.782	0.88	643	0.318567390373557
SELENOV	0.46	0.425	0.691	345	0.284699402221258
ZNF530	0.246	-0.177	0.376	599	0.304735020216101
SHISAL2A	0.491	0.45	0.712	190	0.346118736839521
IGFBP1	0.431	0.361	0.663	259	0.330661004846247
FAM131C	0.595	0.596	0.787	280	0.324116277317526
IGFBP2	0.644	0.708	0.844	325	0.332630963128061
IGFBP3	0.549	0.542	0.757	297	0.326307535297377
GEN1	0.177	-0.378	0.264	908	0.319169445727724
IGFBP4	0.691	0.74	0.861	258	0.355529794153359
FTCDNL1	0.226	-0.177	0.366	147	0.322180512506928
WDR53	0.227	-0.181	0.372	358	0.316821048913244
IGFBP5	0.646	0.699	0.84	272	0.358579656694937
LNP1	0.27	-0.102	0.409	178	0.289692869957144
CFAP100	0.54	0.54	0.754	611	0.345110344156142
IGFBP6	0.454	0.371	0.665	240	0.322032601087344
SLC6A18	0.567	0.619	0.793	628	0.333455738154038
NIPAL4	0.468	0.448	0.702	466	0.327025085475566
HCN1	0.336	0.143	0.544	890	0.319582161627757
NUP43	0.203	-0.301	0.31	380	0.293504752980597
IGFBP7	0.467	0.419	0.692	282	0.325613064117095
ZNF713	0.255	-0.149	0.391	443	0.328898584473976
CCN1	0.438	0.352	0.657	381	0.361435820956805
WDR86	0.47	0.449	0.701	482	0.293145601217155
GJC3	0.363	0.248	0.593	279	0.309320343626037
FOXD4L4	0.481	0.464	0.711	416	0.300435070355701
NMNAT3	0.363	0.165	0.554	346	0.330745452338681
PLET1	0.321	0.158	0.548	207	0.326649981183339
RTN4RL2	0.693	0.818	0.9	420	0.311458428672849
ACADS	0.558	0.576	0.772	412	0.357416299408123
APOH	0.247	-0.222	0.361	345	0.328092411979377
GPR142	0.49	0.454	0.704	462	0.313331450153568
IGHMBP2	0.44	0.358	0.654	993	0.333156528704975
APP	0.355	0.139	0.547	770	0.346198576474184
JCHAIN	0.273	-0.09	0.417	159	0.353613702294526
RBPJ	0.22	-0.258	0.335	500	0.307577411479048
DNAAF3	0.502	0.481	0.721	608	0.315320453249677
CASTOR3P	0.503	0.464	0.712	163	0.306604112959177
C6orf58	0.205	-0.296	0.309	330	0.312872254792878
APRT	0.598	0.627	0.797	180	0.333693013424997
ZNF429	0.217	-0.318	0.307	674	0.333653481783851
RAET1G	0.349	0.198	0.567	334	0.295798516963986
RILPL1	0.634	0.687	0.831	403	0.344929894122246
LCE1A	0.585	0.515	0.752	110	0.356697516907696
LCE1B	0.526	0.433	0.709	118	0.355943252301282
LCE1C	0.569	0.496	0.744	118	0.356131456072173
LCE1D	0.588	0.532	0.761	114	0.362838377265379
LCE1E	0.568	0.478	0.735	118	0.356310003934821
LCE1F	0.568	0.497	0.744	118	0.358989945560246
LCE2A	0.526	0.385	0.686	106	0.372809077085288
LCE2C	0.471	0.263	0.624	110	0.36083122806737
LCE2D	0.46	0.246	0.615	110	0.356800037321403
LCE3A	0.513	0.385	0.682	89	0.34913592946207
LCE3B	0.518	0.384	0.681	95	0.372841433199725
LCE3C	0.448	0.273	0.624	94	0.335970486287689
LCE3E	0.532	0.404	0.692	92	0.367873671239397
TBC1D26	0.365	0.241	0.588	250	0.329849468681092
TAS2R42	0.22	-0.064	0.407	314	0.305450593793752
ZACN	0.501	0.526	0.742	412	0.329135374833423
SLCO4C1	0.195	-0.321	0.294	724	0.309890871412194
KAAG1	0.401	0.282	0.622	84	0.308685309509584
PADI6	0.47	0.404	0.683	694	0.358709631494333
ZNF445	0.297	-0.013	0.461	1031	0.324375315745857
KRT26	0.267	-0.059	0.434	468	0.335558405326076
RGSL1	0.297	0.053	0.488	1076	0.332876137413363
ANKRD37	0.265	-0.037	0.448	158	0.32821283468508
KRTAP12-2	0.615	0.551	0.771	146	0.399829639242601
SPATA12	0.255	-0.087	0.421	190	0.287101226095077
KRTAP12-1	0.691	0.711	0.853	96	0.395707832254428
KRTAP10-10	0.629	0.612	0.802	251	0.400737783662378
GPR141	0.327	0.195	0.562	305	0.343994236596997
ZNF233	0.241	-0.16	0.389	670	0.320265854902269
TICAM2	0.214	-0.218	0.351	235	0.314881862295123
POLN	0.254	-0.104	0.409	900	0.327539496365497
BMP8A	0.6	0.647	0.809	402	0.317442324690772
VCY1B	0.505	0.433	0.707	125	0.301312212070446
LILRA5	0.436	0.332	0.642	299	0.31492443212843
KLK3	0.437	0.348	0.652	261	0.319436884850114
IGLL1	0.512	0.472	0.719	213	0.301406610394347
IGSF1	0.32	0.098	0.519	1341	0.313604326122436
IHH	0.577	0.583	0.776	411	0.321237790034853
FAS	0.224	-0.19	0.365	335	0.339644783285767
IK	0.328	0.045	0.492	557	0.33890346795451
IKBKB	0.412	0.339	0.643	756	0.344097632460904
IL1A	0.306	0.017	0.477	271	0.346541834740317
IL1B	0.381	0.194	0.576	269	0.358769489218804
IL1R1	0.221	-0.209	0.351	569	0.334424413975294
IL1RAP	0.266	-0.082	0.421	687	0.317899831120225
IL1RN	0.341	0.163	0.558	180	0.34346404406563
IL2	0.215	-0.175	0.356	153	0.312967220427401
IL2RA	0.329	0.068	0.508	272	0.312635132032043
FASLG	0.35	0.148	0.547	281	0.314305887760538
IL2RB	0.492	0.464	0.713	551	0.320986305074438
IL2RG	0.35	0.167	0.556	369	0.325645249426206
IL3	0.342	0.205	0.562	152	0.325472590085689
IL3RA	0.382	0.27	0.607	378	0.329483661040345
IL4	0.432	0.347	0.647	153	0.341683937694279
IL4R	0.458	0.347	0.656	825	0.323196952611827
IL5	0.21	-0.178	0.354	134	0.312525674643554
IL5RA	0.231	-0.152	0.378	420	0.32141078835271
IL6	0.367	0.174	0.556	212	0.342306042124542
SHROOM2	0.517	0.466	0.716	1616	0.31149691103875
IL6R	0.434	0.338	0.648	468	0.31005088687747
IL6ST	0.195	-0.363	0.282	918	0.307625612898654
IL7	0.174	-0.37	0.259	177	0.327515226113733
IL7R	0.256	-0.088	0.42	459	0.323173032278153
CXCL8	0.28	-0.067	0.423	99	0.361405946021847
CXCR1	0.437	0.368	0.654	350	0.330290177684722
IL9	0.36	0.199	0.569	144	0.35783022803087
CXCR2	0.437	0.407	0.672	360	0.323707567087356
AQP1	0.593	0.641	0.805	269	0.35846039982236
IL9R	0.475	0.402	0.68	521	0.329653135015688
IL10	0.443	0.368	0.659	178	0.368749678139612
IL10RA	0.445	0.359	0.658	578	0.319097882279481
IL10RB	0.282	-0.03	0.457	325	0.326152086870701
IL11	0.562	0.57	0.76	199	0.285651896884731
AQP2	0.55	0.571	0.768	271	0.33446302607123
IL11RA	0.423	0.288	0.62	422	0.307813908156019
IL12A	0.32	0.105	0.517	253	0.325328419574718
IL12B	0.368	0.202	0.58	328	0.331724210628548
IL12RB1	0.476	0.408	0.686	662	0.329873603263123
IL12RB2	0.272	-0.04	0.441	862	0.314852397541667
IL13	0.413	0.37	0.657	146	0.337780564766168
IL13RA1	0.259	-0.088	0.422	427	0.322238792365702
BPIFB3	0.451	0.432	0.691	476	0.330015048349479
DPPA3	0.23	-0.127	0.392	159	0.307182879937876
IL13RA2	0.186	-0.346	0.28	380	0.313260946672667
IRF2BP2	0.531	0.536	0.756	587	0.31104076707485
ACADSB	0.208	-0.243	0.335	432	0.32026652201173
AQP3	0.538	0.54	0.753	292	0.347631969249131
IL15	0.173	-0.367	0.261	162	0.323590570410014
ZBTB41	0.182	-0.422	0.25	909	0.308552839094502
NANOGNB	0.224	-0.219	0.351	188	0.323549021863242
IL15RA	0.431	0.329	0.643	353	0.293272371917618
TMPRSS9	0.56	0.571	0.771	1059	0.32495748831294
GLT6D1	0.336	0.135	0.534	276	0.327924872248017
PRAC2	0.347	0.229	0.585	140	0.28737426491658
IL16	0.355	0.153	0.55	1332	0.312857984708553
TNFRSF9	0.288	-0.069	0.434	255	0.324103101762684
IL17A	0.478	0.394	0.673	155	0.334311287576979
IL18	0.198	-0.325	0.292	193	0.336202102075697
FOXK2	0.47	0.418	0.693	660	0.315876435750375
ILF2	0.265	-0.094	0.412	390	0.320448036854112
ILF3	0.441	0.356	0.663	898	0.352482362063124
AQP4	0.279	-0.009	0.461	323	0.317908741059259
ILK	0.371	0.19	0.565	452	0.333617659711072
IMPA1	0.182	-0.399	0.259	336	0.321001608162324
IMPA2	0.391	0.306	0.625	288	0.319598549142163
IMPDH1	0.52	0.509	0.737	599	0.346116385077607
IMPDH2	0.377	0.214	0.58	514	0.353215998734748
IMPG1	0.259	-0.12	0.406	797	0.319979636708054
INCENP	0.529	0.49	0.726	918	0.332485293211681
AQP5	0.63	0.697	0.836	265	0.353170508660012
IDO1	0.265	-0.084	0.42	403	0.333359102154879
ING1	0.541	0.553	0.762	422	0.323166219870761
ING2	0.253	-0.092	0.419	280	0.34056462113539
INHA	0.462	0.374	0.662	366	0.308396675078935
INHBA	0.424	0.361	0.659	426	0.33351727718558
INHBB	0.662	0.724	0.852	407	0.339636930599562
INHBC	0.363	0.211	0.573	352	0.325845871810666
CXCL10	0.203	-0.272	0.302	98	0.339084889699587
INPP1	0.266	-0.052	0.437	399	0.33170933554255
AQP6	0.52	0.538	0.753	282	0.334382991339133
INS	0.581	0.6	0.783	110	0.363336956721676
INPP4A	0.41	0.313	0.63	977	0.322737578514969
INPP5A	0.462	0.432	0.699	412	0.353478182213573
INPP5B	0.338	0.116	0.526	913	0.337162386171199
INPP5D	0.489	0.449	0.707	1189	0.330593094047187
INPPL1	0.513	0.474	0.719	1258	0.321517125383211
INSIG1	0.359	0.261	0.602	277	0.301529829332417
AQP7	0.42	0.351	0.652	342	0.317489805957691
INSL3	0.482	0.419	0.689	157	0.299099435313135
INSL4	0.247	-0.128	0.388	139	0.286774363057133
INSM1	0.73	0.835	0.913	510	0.318158676927922
INSR	0.463	0.406	0.682	1382	0.341058121854362
INSRR	0.513	0.498	0.73	1297	0.333224187613096
EIF3E	0.208	-0.246	0.327	445	0.332106296844979
PDX1	0.625	0.694	0.839	283	0.314440870854832
IPP	0.2	-0.296	0.307	584	0.325055569315961
IRAK1	0.544	0.498	0.732	712	0.329650330771848
ITGA6	0.237	-0.149	0.386	1091	0.330644354605031
IRAK2	0.43	0.338	0.644	625	0.337238526098072
IREB2	0.176	-0.387	0.262	963	0.311079651738533
IRF1	0.428	0.296	0.626	325	0.32961072708776
AQP9	0.267	-0.033	0.443	295	0.328064366414259
IRF2	0.351	0.159	0.556	349	0.311905960276086
IRF3	0.42	0.303	0.628	452	0.306743746777366
IRF4	0.481	0.412	0.686	451	0.337458368714606
IRF5	0.511	0.459	0.711	514	0.331975084579007
IRF6	0.414	0.275	0.614	467	0.341234694382599
IRF7	0.557	0.54	0.756	516	0.311104738665022
IRS1	0.492	0.422	0.696	1242	0.30792988115683
ISG20	0.531	0.538	0.747	181	0.323340124359365
AR	0.414	0.285	0.622	920	0.340918080704551
ISL1	0.372	0.19	0.569	349	0.332931712289784
ISLR	0.562	0.575	0.771	428	0.328044637118956
ITGA1	0.219	-0.23	0.345	1179	0.323166596415887
ITGA2	0.221	-0.224	0.35	1181	0.328861434178439
ITGA2B	0.485	0.454	0.708	1039	0.335793555501065
ITGA3	0.513	0.495	0.728	1051	0.339936801218804
ITGA4	0.216	-0.216	0.352	1032	0.319616621258039
ITGA5	0.44	0.355	0.656	1049	0.332796387785569
ITGA7	0.477	0.433	0.696	1141	0.335626993262385
ABCC6	0.475	0.451	0.703	1503	0.331868017823106
ITGA9	0.411	0.284	0.618	1035	0.347298899713211
ITGAD	0.484	0.427	0.694	1161	0.340696074274221
ITGAE	0.409	0.314	0.633	1179	0.33232381801867
ITGAL	0.432	0.345	0.65	1170	0.334839541635715
ITGAM	0.447	0.395	0.677	1153	0.337207049466185
ITGAV	0.225	-0.203	0.357	1048	0.32716529197674
ITGAX	0.482	0.445	0.704	1169	0.340769268911447
ITGB1	0.227	-0.242	0.345	798	0.349204119613798
ITGB2	0.611	0.645	0.81	769	0.368101496541112
ARAF	0.493	0.467	0.716	609	0.324863518456633
ITGB3	0.432	0.315	0.637	788	0.350939749625586
ITGB4	0.617	0.645	0.81	1822	0.336710000386929
EIF6	0.465	0.415	0.688	245	0.34301679053362
ITGB5	0.447	0.365	0.662	799	0.347736051898037
ITGB6	0.278	-0.043	0.446	788	0.34680347468706
ITGB7	0.448	0.37	0.663	798	0.33275085664764
ITGB8	0.23	-0.209	0.36	769	0.334805688807728
ITIH1	0.467	0.403	0.682	911	0.350118060204398
ITIH2	0.304	0.049	0.493	946	0.335346347857077
ITIH3	0.483	0.43	0.698	890	0.357115411513271
ACADVL	0.423	0.319	0.636	678	0.336760340892993
ITIH4	0.457	0.383	0.67	930	0.335725586984114
ITK	0.329	0.081	0.509	620	0.342645047577386
STT3A	0.305	0.064	0.495	705	0.326623529229562
ITPA	0.453	0.416	0.689	194	0.347684296540178
ITPK1	0.651	0.694	0.836	414	0.364582602670094
ITPKA	0.626	0.698	0.837	461	0.308159585759943
ITPKB	0.49	0.429	0.697	946	0.318083434784247
ITPR1	0.342	0.167	0.551	2743	0.341061995311892
ITPR2	0.241	-0.119	0.397	2701	0.32864726184701
ITPR3	0.636	0.675	0.825	2671	0.36444772872025
IVD	0.45	0.373	0.663	426	0.360770405137688
IVL	0.553	0.549	0.763	585	0.390885734154713
JAG2	0.642	0.653	0.817	1238	0.36346196159738
JAK1	0.353	0.155	0.548	1154	0.351575278183103
JAK2	0.192	-0.325	0.288	1132	0.320364555201982
JAK3	0.527	0.533	0.747	1124	0.326682762013272
ARCN1	0.244	-0.135	0.394	511	0.320794908587938
JARID2	0.428	0.324	0.642	1246	0.332479104574267
JUN	0.625	0.687	0.834	331	0.336614597882446
JUNB	0.595	0.656	0.819	347	0.321403988496347
JUND	0.714	0.829	0.91	347	0.320942320258268
JUP	0.642	0.677	0.826	745	0.361894341371302
TRIM23	0.185	-0.337	0.281	574	0.317960916021486
ANOS1	0.35	0.149	0.551	680	0.328472963176815
GSTK1	0.417	0.352	0.648	282	0.31229328626796
CD82	0.627	0.682	0.829	267	0.384040916802638
KARS1	0.316	0.063	0.497	625	0.336140032163859
USP50	0.301	0.006	0.471	334	0.355280464647103
KCNA1	0.557	0.58	0.774	495	0.353448558250874
KCNA2	0.349	0.178	0.558	499	0.335849526838846
KCNA3	0.589	0.627	0.8	575	0.329455628855308
DND1	0.533	0.543	0.752	353	0.329910400156487
KCNA4	0.359	0.15	0.546	653	0.329359740113581
AREG	0.217	-0.226	0.354	252	0.324622525709378
KCNA5	0.606	0.666	0.82	613	0.3270267906927
KCNA6	0.521	0.547	0.756	529	0.324644555527994
FBXW10B	0.336	0.166	0.55	752	0.338350045778326
NDUFS7	0.645	0.656	0.815	213	0.337767701622822
KCNA7	0.551	0.594	0.781	456	0.315088799798748
PTCHD3	0.345	0.16	0.551	767	0.318504336224722
NHLRC2	0.193	-0.279	0.317	726	0.304831391957455
CCDC172	0.175	-0.333	0.281	258	0.339745128894371
GALNT18	0.541	0.515	0.739	607	0.356520873233971
NCR3LG1	0.289	-0.009	0.462	454	0.31532604404699
FAM111B	0.194	-0.355	0.281	734	0.327392590868258
TMEM179B	0.376	0.274	0.605	219	0.325768628482755
KCNA10	0.422	0.327	0.638	511	0.32922957171584
TBC1D10C	0.596	0.619	0.794	446	0.328428840522632
DNAJB13	0.462	0.394	0.674	316	0.344822058089675
KRT77	0.455	0.376	0.667	578	0.33936563276454
PTPRQ	0.185	-0.379	0.266	2299	0.30444499367483
C12orf42	0.289	-0.028	0.453	360	0.292193914403973
KCNB1	0.444	0.378	0.667	858	0.329184887317801
ASPG	0.579	0.601	0.785	573	0.335726165257528
KCNC1	0.602	0.652	0.813	585	0.337906079133449
TEX9	0.167	-0.384	0.262	391	0.329149240230447
KIF7	0.591	0.638	0.803	1343	0.336639958627491
ZNF710	0.671	0.717	0.852	664	0.35420904965904
HDDC3	0.522	0.516	0.739	179	0.327352185869899
KCNC2	0.353	0.173	0.554	638	0.316320741575914
TEPP	0.522	0.483	0.722	298	0.331019127853582
SPEM1	0.422	0.298	0.626	309	0.313497743665361
EFCAB5	0.214	-0.22	0.348	1503	0.321078476067049
KCNC3	0.667	0.735	0.859	757	0.326604875121398
LRRC37A3	0.271	-0.083	0.428	1634	0.306002803348596
ANKRD30B	0.19	-0.362	0.279	1392	0.329457457037893
CCDC178	0.182	-0.343	0.279	891	0.331695447072513
ATP9B	0.339	0.176	0.557	1147	0.319087709169468
PEAK3	0.579	0.643	0.806	473	0.286176852403368
HSD11B1L	0.584	0.648	0.81	333	0.319417517914969
TEX45	0.558	0.558	0.764	505	0.306464712588844
ZNF699	0.248	-0.178	0.383	642	0.330359035755253
TMEM205	0.448	0.43	0.689	189	0.325392245481794
YJEFN3	0.574	0.6	0.784	299	0.317905782503188
SBSN	0.385	0.265	0.621	590	0.351891444315384
ZNF829	0.226	-0.253	0.335	513	0.324308851834861
KCNC4	0.621	0.651	0.812	635	0.327678370671146
ZNF568	0.214	-0.307	0.312	644	0.332643353381535
B3GNT8	0.507	0.489	0.723	397	0.309238068809285
IGFL1	0.489	0.427	0.695	110	0.363460830622521
ZSWIM9	0.521	0.532	0.746	920	0.31155483899457
ZNF773	0.254	-0.127	0.405	442	0.315729770180896
DRAXIN	0.491	0.414	0.685	349	0.314685557736969
SPATA21	0.474	0.397	0.679	469	0.337018701065176
SVBP	0.3	-0.03	0.46	66	0.366643344864003
TEX38	0.4	0.224	0.584	206	0.341787252121083
MROH7	0.486	0.438	0.697	1323	0.335611067569277
MIGA1	0.199	-0.287	0.31	633	0.315982775092526
ARF1	0.591	0.634	0.801	181	0.371693734242637
KCND1	0.496	0.435	0.696	647	0.326207661000368
PEAR1	0.495	0.397	0.686	1037	0.340503081499695
SFT2D2	0.301	0.056	0.483	160	0.318357853917385
MIA3	0.219	-0.264	0.333	1907	0.320746384377931
STUM	0.647	0.773	0.879	141	0.338651168419878
FAM89A	0.601	0.68	0.827	184	0.320743541513142
KCND2	0.348	0.133	0.536	630	0.317558608409704
PFN4	0.264	-0.044	0.441	129	0.31767794152412
FAM228B	0.201	-0.267	0.322	324	0.3286418938803
KCND3	0.583	0.613	0.792	655	0.333181162895473
RBM43	0.183	-0.283	0.306	357	0.309671141702645
CERKL	0.216	-0.191	0.357	558	0.307247027795141
KCNE1	0.565	0.589	0.78	129	0.334926312359924
CATIP	0.546	0.573	0.77	387	0.336682202377155
RBM44	0.172	-0.425	0.246	1052	0.310720394064458
LHFPL4	0.654	0.739	0.86	247	0.359340382770957
TOPAZ1	0.178	-0.351	0.279	1692	0.316495410526708
C3orf62	0.261	-0.107	0.409	267	0.332833662881472
STIMATE	0.43	0.428	0.69	294	0.32435223463755
NRROS	0.559	0.627	0.796	692	0.328221112878907
KCNF1	0.75	0.856	0.922	494	0.345826134440262
C5orf34	0.171	-0.4	0.25	638	0.30413001795276
MAST4	0.36	0.161	0.555	2623	0.305566802035487
SIMC1	0.301	0.042	0.486	891	0.29846911053016
KCNG1	0.755	0.863	0.925	513	0.33251768820837
GJB7	0.253	-0.012	0.453	223	0.329900503579334
VWC2	0.593	0.608	0.794	325	0.35117358333569
TRIM73	0.666	0.751	0.866	250	0.347579952053927
KCNH1	0.398	0.263	0.605	989	0.34162278325382
NAT16	0.654	0.729	0.853	369	0.326254800577645
SLC26A5	0.238	-0.12	0.399	744	0.317332521112446
SPATC1	0.524	0.501	0.733	591	0.301085892398828
KCNH2	0.651	0.724	0.851	1159	0.32174654409828
ENHO	0.536	0.54	0.753	76	0.341365959082492
PTAR1	0.243	-0.098	0.404	402	0.304346495235937
ERCC6L2	0.201	-0.262	0.323	712	0.322697285196739
SWI5	0.421	0.338	0.637	235	0.298508473810098
C9orf50	0.517	0.536	0.748	431	0.299387964578938
PNPLA7	0.566	0.588	0.778	1342	0.335338634597167
AGRN	0.59	0.605	0.791	2045	0.332318142227414
CYSRT1	0.575	0.549	0.764	184	0.352925357892941
KCNJ1	0.295	0.039	0.483	391	0.329647301739081
KCNJ2	0.321	0.112	0.524	427	0.331984232616414
KCNJ3	0.349	0.194	0.568	501	0.327070307330355
KCNJ4	0.728	0.806	0.896	445	0.350625040367046
LRRC10	0.515	0.529	0.74	277	0.335362466071057
KCNJ5	0.514	0.501	0.732	419	0.348288133839833
RAB15	0.51	0.498	0.73	212	0.354916937481621
KCNJ6	0.366	0.226	0.583	423	0.328517652278057
KCNJ8	0.347	0.15	0.537	424	0.342214619924902
SLC27A1	0.642	0.717	0.847	646	0.337788492745136
KCNJ9	0.688	0.784	0.884	393	0.332787714131298
KCNJ10	0.401	0.312	0.628	379	0.317816588694058
KCNJ11	0.647	0.685	0.828	390	0.343420207262519
KCNJ12	0.705	0.767	0.874	433	0.352609554637108
KCNJ13	0.244	-0.15	0.382	360	0.300476582795658
ZC3H6	0.202	-0.373	0.279	1189	0.302562134831982
ARF3	0.446	0.398	0.673	181	0.356454392858219
KCNJ14	0.544	0.549	0.758	436	0.322630807324073
KLHL30	0.66	0.71	0.845	578	0.342402685871486
KCNJ15	0.388	0.29	0.617	375	0.339313074369794
KCNJ16	0.236	-0.1	0.407	453	0.304859991641879
KCNK1	0.539	0.556	0.761	336	0.35085745262943
KCNK2	0.292	0.039	0.48	426	0.316271651865169
USP17L2	0.335	0.133	0.539	530	0.342595577454443
CA13	0.258	-0.114	0.406	262	0.30823453117406
KCNK3	0.802	0.927	0.961	394	0.338446157679879
KCNMA1	0.354	0.226	0.584	1236	0.329406801746841
ENTPD8	0.587	0.634	0.804	495	0.344660251283842
KCNMB1	0.643	0.704	0.842	191	0.386535400864656
ARF4	0.212	-0.209	0.341	180	0.319034559552921
KCNN1	0.603	0.668	0.821	543	0.332913428290931
KCNN2	0.31	0.126	0.527	579	0.318831688881208
TRIM74	0.66	0.742	0.861	250	0.347442668217282
KCNN3	0.499	0.474	0.717	746	0.334940730827242
KCNN4	0.551	0.605	0.783	427	0.334215283303126
KCNQ1	0.62	0.685	0.83	676	0.32254264429025
KCNQ2	0.636	0.699	0.839	872	0.330794834996802
KCNQ3	0.401	0.285	0.616	872	0.325570998202354
KCNS1	0.643	0.696	0.836	526	0.32087591761609
CENPS	0.285	-0.06	0.437	138	0.347494376412411
KCNS2	0.526	0.536	0.749	477	0.341830083689316
CATSPER4	0.446	0.419	0.683	472	0.340701809140508
NHLRC1	0.418	0.355	0.656	395	0.316035039925519
RNF148	0.249	-0.094	0.412	305	0.319430898558623
RBMY1B	0.177	-0.487	0.209	496	0.269355431560661
RBMY1D	0.177	-0.483	0.211	496	0.269197379188759
RBMY1E	0.177	-0.483	0.211	496	0.269771226937721
RBMY1J	0.177	-0.489	0.209	496	0.26722446711827
ARL4D	0.503	0.508	0.735	201	0.339045027655532
KCNS3	0.402	0.281	0.614	491	0.348909440896307
KDR	0.278	-0.029	0.451	1356	0.32651511413638
KEL	0.387	0.268	0.605	732	0.326711171132426
KHK	0.514	0.469	0.717	298	0.360741115694636
KIF2A	0.175	-0.415	0.244	744	0.310586369685898
KIF3C	0.559	0.547	0.757	793	0.352486690614145
KIF5A	0.461	0.386	0.672	1032	0.3636567434504
KIF5B	0.199	-0.299	0.308	963	0.341854820719329
ACAT1	0.193	-0.363	0.275	427	0.325653076298377
KIF5C	0.365	0.208	0.575	957	0.35782663835139
KIFC3	0.58	0.602	0.786	848	0.339696581676251
KIR2DL1	0.352	0.167	0.557	348	0.306216755334905
KIR2DS1	0.352	0.167	0.557	348	0.306216755334905
KIR2DL3	0.352	0.164	0.556	341	0.309269029164653
KIR2DL4	0.351	0.104	0.529	342	0.305728687138188
ARF5	0.484	0.477	0.718	180	0.336835535999979
KIR3DL1	0.357	0.164	0.556	444	0.304122377967991
KIR3DL2	0.36	0.197	0.572	455	0.303400912161743
KISS1	0.559	0.599	0.785	138	0.319278460890055
KIT	0.27	-0.06	0.437	976	0.332493229030957
KLK1	0.455	0.354	0.659	262	0.332027641571792
KLK2	0.408	0.266	0.61	261	0.326438783075628
KLKB1	0.232	-0.198	0.366	638	0.326699877990311
ARF6	0.525	0.545	0.753	175	0.353817604430485
KLRB1	0.191	-0.251	0.323	225	0.314413954446283
KLRC1	0.208	-0.248	0.329	233	0.328777708800933
KLRC2	0.211	-0.237	0.336	231	0.323939367516966
KLRC3	0.201	-0.275	0.312	257	0.320687495589098
KLRD1	0.229	-0.176	0.371	179	0.337628709919084
KNG1	0.263	-0.136	0.404	644	0.323361253953012
ARG1	0.253	-0.121	0.398	330	0.318814062979219
KLC1	0.325	0.091	0.516	618	0.360166559936537
KIF11	0.183	-0.362	0.27	1056	0.321418514116355
KIFC1	0.372	0.236	0.589	673	0.318838317123878
KIF25	0.365	0.244	0.593	384	0.310440596294618
KIF22	0.399	0.295	0.616	665	0.31836261956406
KPNA1	0.242	-0.156	0.378	538	0.340475454876919
KPNB1	0.256	-0.085	0.418	876	0.346607198315233
KPNA2	0.227	-0.166	0.375	529	0.333453391570057
KPNA3	0.189	-0.265	0.32	521	0.312716654793181
ARG2	0.243	-0.134	0.389	354	0.300813173452425
KPNA4	0.172	-0.35	0.274	521	0.318777025319014
KPNA5	0.156	-0.458	0.214	539	0.325554218813731
TNPO1	0.203	-0.243	0.326	898	0.327071639405855
IPO5	0.213	-0.211	0.351	1115	0.327303749046913
KRAS	0.188	-0.36	0.272	189	0.325303197921448
KRTAP5-9	0.548	0.47	0.732	169	0.425910655246376
KRT1	0.344	0.119	0.534	644	0.323461718372337
KRT2	0.356	0.154	0.553	639	0.32882707266182
KRT3	0.439	0.339	0.65	628	0.343334278268534
KRT4	0.464	0.417	0.69	520	0.351676738703846
KRT5	0.479	0.418	0.69	590	0.33555082916412
KRT6A	0.5	0.446	0.704	564	0.349438244330197
KRT6B	0.498	0.444	0.702	564	0.351355605425296
KRT7	0.596	0.607	0.788	469	0.359307129903076
KRT8	0.617	0.639	0.807	511	0.359452183371454
KRT9	0.324	0.056	0.506	623	0.317579077087295
KRT10	0.336	0.096	0.524	584	0.326624331248938
KRT12	0.37	0.223	0.583	494	0.328915358756771
KRT13	0.494	0.419	0.688	458	0.340567436716345
KRT14	0.601	0.606	0.789	472	0.353228054189528
KRT15	0.462	0.383	0.67	456	0.341873618328655
KCTD8	0.491	0.472	0.72	473	0.318566563983171
KCTD4	0.222	-0.162	0.37	259	0.310825794700989
IL31	0.327	0.166	0.55	164	0.31463897588264
KRTAP10-4	0.627	0.611	0.802	401	0.420524495139977
KRTAP10-6	0.637	0.635	0.814	365	0.402557017960113
KRTAP10-7	0.623	0.609	0.801	370	0.402249434721106
KRTAP10-9	0.625	0.614	0.803	292	0.404952034483238
KRTAP10-1	0.642	0.64	0.817	282	0.403023712084438
KRTAP10-11	0.642	0.627	0.81	298	0.40632527728517
KRTAP10-2	0.617	0.593	0.794	255	0.416814479490782
KRTAP10-5	0.646	0.642	0.817	271	0.401028425677064
KRTAP10-8	0.61	0.574	0.781	259	0.402738255091284
KRTAP10-3	0.691	0.723	0.858	221	0.388824348331718
KRTAP12-3	0.642	0.649	0.819	96	0.385259648409709
KRTAP12-4	0.588	0.533	0.761	112	0.375279073859537
KRTAP10-12	0.627	0.64	0.814	245	0.379036295893684
AMIGO3	0.538	0.596	0.78	504	0.309660342695422
MRGPRG	0.688	0.823	0.903	289	0.328506422661689
KRT16	0.557	0.543	0.754	473	0.344176355809213
RHOA	0.316	0.057	0.497	193	0.348997937621222
ZKSCAN4	0.328	0.105	0.523	545	0.328848496961498
SUMO4	0.261	-0.179	0.38	95	0.350114157558085
CENPW	0.268	0.083	0.5	103	0.298301792955189
SOGA3	0.478	0.456	0.709	947	0.331069644958136
CEP85L	0.194	-0.287	0.308	808	0.316884561055803
NPSR1	0.397	0.256	0.598	390	0.346585872790268
KRT17	0.629	0.638	0.805	432	0.36069500992105
C6orf120	0.557	0.645	0.811	191	0.324487627979885
KRTAP5-1	0.482	0.364	0.681	278	0.406381276465891
KRTAP5-3	0.572	0.538	0.768	238	0.420711497978857
KRTAP5-4	0.523	0.438	0.718	228	0.419121180968657
KRTAP5-10	0.537	0.464	0.731	202	0.429595590296552
TBPL2	0.254	-0.129	0.397	375	0.311149117937471
NSUN4	0.335	0.136	0.534	384	0.325213953414292
THEMIS	0.246	-0.125	0.397	680	0.318921615234383
RASL11A	0.477	0.468	0.712	242	0.335504372778373
KRT18	0.508	0.492	0.725	430	0.339835141441621
GPR153	0.688	0.763	0.873	609	0.312253682109529
PEDS1	0.591	0.631	0.799	270	0.328653244754938
PEDS1-UBE2V1	0.389	0.284	0.613	370	0.314075080763375
ILDR2	0.48	0.435	0.699	639	0.31423704275038
SLC22A25	0.275	0.018	0.462	547	0.317549394276606
SKIDA1	0.387	0.216	0.588	908	0.318053526905373
WASHC2A	0.278	-0.081	0.433	1341	0.317469157829031
SH2D4B	0.477	0.432	0.69	357	0.318681029895704
GPR15LG	0.368	0.236	0.577	81	0.299777648827251
SLC16A12	0.257	-0.072	0.423	516	0.322056693770386
CC2D2B	0.179	-0.377	0.263	401	0.319527846299495
ENO4	0.292	0.014	0.474	625	0.326956462904912
ARMS2	0.347	0.112	0.524	107	0.303140126861458
TEX36	0.29	-0.003	0.47	186	0.314884430994624
C10orf143	0.309	0.08	0.505	108	0.288041594552174
IFITM5	0.614	0.652	0.812	132	0.334725452276449
OR56B1	0.277	0.021	0.46	324	0.334744700395796
INSC	0.463	0.426	0.689	579	0.335997828131837
FIBIN	0.574	0.588	0.778	211	0.338642423671385
C11orf96	0.855	0.937	0.966	122	0.343166826330958
SLC22A10	0.235	-0.091	0.4	541	0.305847670983456
SPDYC	0.432	0.364	0.659	293	0.312553545756237
LIPT2	0.54	0.611	0.787	231	0.299071263988179
VSTM5	0.399	0.282	0.613	200	0.335550138823192
CLEC2A	0.203	-0.309	0.294	174	0.315766119691679
CLEC12B	0.245	-0.135	0.391	276	0.337756945855611
REP15	0.308	0.036	0.487	236	0.338220835571596
CCDC184	0.612	0.651	0.815	194	0.341294844724865
C12orf75	0.259	-0.123	0.426	63	0.310814682177722
CFAP73	0.541	0.561	0.758	308	0.31896601391322
TMEM233	0.463	0.375	0.663	109	0.371631891623027
KMT5A	0.387	0.232	0.592	352	0.342952312096483
C1QTNF9B	0.31	0.024	0.486	333	0.318719290737858
SHISA2	0.573	0.565	0.77	295	0.345490861455912
NHLRC3	0.192	-0.333	0.292	347	0.29778470244351
SERP2	0.379	0.2	0.567	65	0.353034819097228
TOMM20L	0.32	0.206	0.566	152	0.333760902997982
RHOB	0.758	0.832	0.911	196	0.37407741691683
KRT19	0.558	0.581	0.774	400	0.341291228176607
RTL1	0.463	0.419	0.686	1358	0.321655277958301
TMEM179	0.728	0.817	0.901	233	0.353649862699975
KRT31	0.667	0.68	0.828	416	0.365714300326386
NANOGP8	0.363	0.132	0.55	305	0.361627314490787
CCDC9B	0.427	0.32	0.637	534	0.308744803421275
TNFAIP8L3	0.42	0.349	0.65	292	0.330849698844989
C2CD4B	0.647	0.752	0.864	364	0.2773106590439
INSYN1	0.522	0.468	0.719	293	0.308021703431731
KRT32	0.591	0.585	0.777	448	0.369138706594525
SBK1	0.693	0.774	0.879	424	0.319160020080972
C16orf87	0.203	-0.308	0.296	154	0.326103286739199
C16orf86	0.477	0.428	0.697	317	0.327202518059455
KRT33A	0.658	0.676	0.825	404	0.372037275482759
GLTPD2	0.603	0.686	0.829	291	0.28456378776703
INCA1	0.38	0.192	0.565	236	0.320294019220794
SCIMP	0.263	-0.111	0.412	145	0.336359776402818
C17orf100	0.644	0.793	0.889	118	0.269425700358365
SPDYE4	0.457	0.403	0.68	237	0.319297742023995
TMEM220	0.273	0.01	0.46	160	0.322356807211386
SHISA6	0.568	0.591	0.781	551	0.323326967300749
LRRC75A	0.608	0.665	0.817	344	0.303028848033616
TMIGD1	0.256	-0.069	0.426	262	0.323404941726948
C17orf98	0.414	0.304	0.627	154	0.319981592627543
CCDC103	0.424	0.337	0.64	242	0.340002252598538
RPRML	0.754	0.872	0.931	120	0.347454179047428
KRT33B	0.68	0.698	0.837	404	0.378992816504778
YPEL2	0.297	-0.011	0.465	119	0.345176332202763
BTBD17	0.723	0.82	0.903	478	0.322081414564522
PVALEF	0.639	0.676	0.827	134	0.370389795342791
POTEC	0.243	-0.125	0.402	542	0.342456189112859
KRT34	0.625	0.63	0.8	436	0.378773524897682
CLEC17A	0.389	0.174	0.564	378	0.338384824147314
ZNF728	0.226	-0.274	0.332	622	0.341214660534355
RGS9BP	0.716	0.846	0.917	235	0.324046418800233
KRTDAP	0.404	0.248	0.594	99	0.332674878131079
ZNF790	0.204	-0.36	0.282	636	0.329175130940059
CEACAM16	0.593	0.624	0.799	425	0.326974033883451
BLOC1S3	0.619	0.713	0.845	202	0.283794883324505
MEIOSIN	0.492	0.413	0.689	638	0.330885663602461
IGFL3	0.376	0.229	0.583	125	0.331447776127658
ZNF808	0.222	-0.275	0.324	903	0.328395380723393
ZNF888	0.219	-0.302	0.315	718	0.33231357061495
ZNF761	0.296	-0.018	0.448	70	0.332503789086324
TMEM238	0.754	0.914	0.953	176	0.281364662394644
ZNF470	0.218	-0.255	0.334	717	0.330336748173089
ZNF749	0.264	-0.125	0.404	778	0.334125862268583
ZNF324B	0.537	0.527	0.748	544	0.315617943221627
C1QTNF12	0.582	0.638	0.805	302	0.317729019311141
HES5	0.832	0.917	0.956	166	0.360967784482247
SMIM1	0.624	0.625	0.797	78	0.345426544649102
RNF207	0.576	0.601	0.785	634	0.339521548385836
TMEM82	0.608	0.701	0.835	343	0.321071335332099
KRT35	0.544	0.514	0.739	455	0.363668769022084
TRNP1	0.679	0.776	0.878	227	0.276352325264987
CD164L2	0.455	0.369	0.667	174	0.336401686179693
TRABD2B	0.601	0.645	0.81	517	0.328695518742836
LDLRAD1	0.409	0.261	0.61	205	0.331319126845217
GBP7	0.32	0.086	0.511	638	0.348138352201525
C1orf146	0.167	-0.404	0.238	180	0.318861058267118
DIPK1A	0.188	-0.3	0.301	428	0.322958343671718
SLC6A17	0.597	0.626	0.799	727	0.354843118073948
NOTCH2NLA	0.372	0.116	0.543	236	0.356126001855264
LYSMD1	0.327	0.11	0.523	227	0.305734242155604
HRNR	0.295	-0.063	0.456	2850	0.27807300007538
FLG2	0.216	-0.333	0.315	2391	0.263064344463208
KRT81	0.669	0.711	0.845	505	0.37554108759563
CFAP141	0.276	-0.01	0.462	101	0.342552696031285
C1orf53	0.329	0.133	0.542	145	0.328056221743453
TMEM81	0.31	0.096	0.512	255	0.339910126180879
CAPN8	0.41	0.28	0.615	703	0.343417468785661
COA6	0.262	-0.008	0.456	155	0.298504305126511
OR14A2	0.258	-0.045	0.432	314	0.330924829689584
SMIM26	0.266	-0.109	0.42	95	0.295984789806616
FAM209B	0.284	0.01	0.469	171	0.32207337245264
KRT82	0.536	0.521	0.743	513	0.361323134774162
KRTAP26-1	0.351	0.153	0.553	210	0.31454472590921
LRRC75B	0.631	0.712	0.841	315	0.315460715106481
KRT83	0.624	0.65	0.813	493	0.373787603162301
MFSD2B	0.499	0.49	0.727	504	0.325334042327738
PCARE	0.405	0.22	0.588	1288	0.309421390088857
TMEM247	0.513	0.474	0.72	219	0.355762862659701
TSPYL6	0.389	0.244	0.595	410	0.318648142804887
C2orf78	0.274	-0.102	0.42	922	0.320679938417086
BOLA3	0.257	-0.046	0.436	107	0.303310666826814
C2orf81	0.462	0.4	0.68	520	0.29600599262293
C2orf68	0.473	0.41	0.687	166	0.31609445938431
RHOC	0.522	0.5	0.731	193	0.357829556936151
KRT84	0.463	0.397	0.678	600	0.338710693113013
SLC9A4	0.329	0.138	0.534	798	0.332569518126905
SP5	0.681	0.785	0.887	398	0.318146299726002
PLEKHM3	0.337	0.14	0.54	761	0.343419608473746
C2orf80	0.214	-0.2	0.35	193	0.301331526209428
RESP18	0.407	0.313	0.637	228	0.335521531714573
SNORC	0.637	0.714	0.847	121	0.304684684734448
OR6B2	0.566	0.633	0.8	312	0.346246829830768
KRT85	0.624	0.647	0.811	507	0.364978179700638
ZNF662	0.288	-0.009	0.463	452	0.331353646349733
CDHR4	0.432	0.351	0.652	788	0.320874477572733
INKA1	0.39	0.219	0.58	287	0.288568085965542
IQCF2	0.376	0.278	0.599	164	0.349757001862973
IQCF5	0.334	0.176	0.541	148	0.336351918233109
MUSTN1	0.562	0.518	0.75	82	0.360440530929528
VGLL3	0.363	0.096	0.532	326	0.302095804168798
PRR23B	0.506	0.505	0.735	265	0.286694310248755
PRR23C	0.496	0.494	0.731	262	0.293007929033837
PLSCR5	0.241	-0.164	0.376	271	0.323631183172982
ANKUB1	0.24	-0.152	0.386	502	0.318016410419059
LEKR1	0.177	-0.38	0.264	132	0.35635113807715
TMEM212	0.252	-0.117	0.396	194	0.332729302633736
KRT86	0.667	0.699	0.839	486	0.376107292203936
SMIM20	0.366	0.257	0.594	67	0.339560546648246
BEND4	0.383	0.263	0.612	534	0.310426494763508
GRXCR1	0.24	-0.137	0.393	290	0.324813453051032
TMPRSS11F	0.177	-0.391	0.251	438	0.300928002259832
LRRC14B	0.599	0.65	0.808	514	0.322779117548265
ANXA2R	0.338	0.144	0.544	193	0.293980199311004
TEX43	0.208	-0.275	0.312	134	0.317433761749788
SMIM32	0.628	0.742	0.86	103	0.294493944977528
PROB1	0.487	0.459	0.713	1015	0.280075697434215
C5orf46	0.338	0.13	0.536	87	0.294002067333117
ARHGEF37	0.463	0.399	0.675	675	0.342853120419668
PSMG4	0.455	0.453	0.71	162	0.329112405353332
SFTA2	0.311	0.229	0.579	78	0.273760790259681
CLPSL2	0.351	0.231	0.586	153	0.303301627453336
BNIP5	0.391	0.213	0.584	652	0.323007938909852
GLYATL3	0.298	0.078	0.504	288	0.317513297998718
GFRAL	0.22	-0.235	0.344	394	0.34327215538643
LIN28B	0.254	-0.165	0.391	250	0.301797712892336
SAMD5	0.656	0.756	0.868	173	0.323422359324515
IYD	0.317	0.069	0.502	293	0.332631210877295
NUPR2	0.596	0.652	0.809	97	0.29945096970422
KTN1	0.186	-0.32	0.3	1357	0.346016789106872
GTF2IRD2B	0.325	0.123	0.533	949	0.334893537252853
LAMTOR4	0.464	0.369	0.66	99	0.314882173850565
FEZF1	0.469	0.409	0.69	475	0.339703711485764
FAM180A	0.541	0.528	0.741	173	0.327087580445823
XKR5	0.393	0.271	0.61	686	0.314797003228356
NUGGC	0.352	0.185	0.558	796	0.338299878161392
ALKAL1	0.338	0.221	0.578	129	0.285970126235194
XKR9	0.15	-0.395	0.237	373	0.310801271462765
RBM12B	0.226	-0.226	0.339	1001	0.285748222901638
MAFA	0.782	0.895	0.945	353	0.321598925269918
L1CAM	0.542	0.525	0.748	1257	0.344530740553451
SPATA31A6	0.302	0.02	0.48	1343	0.309974163351603
SPATA31D4	0.263	-0.078	0.423	917	0.29752988368502
SPATA31D3	0.263	-0.078	0.423	917	0.2971432509941
SPATA31D1	0.268	-0.059	0.435	1576	0.300751550186117
C9orf153	0.194	-0.331	0.286	95	0.31806527474328
IER5L	0.709	0.821	0.905	404	0.33213723618729
CFAP77	0.507	0.494	0.727	320	0.328908669181218
LAD1	0.434	0.31	0.631	517	0.30935175169635
LCN15	0.628	0.673	0.827	184	0.346952102903123
AJM1	0.696	0.78	0.882	976	0.286998449695022
LRRC26	0.64	0.76	0.868	334	0.285283974384166
MYMK	0.597	0.649	0.812	221	0.342856165816558
MAP3K15	0.356	0.218	0.579	1313	0.32723113750069
SPACA5	0.348	0.119	0.531	159	0.343430136979611
USP27X	0.314	0.104	0.522	438	0.319459943595912
CENPVL1	0.646	0.726	0.853	272	0.304205786605511
PAGE2B	0.228	-0.274	0.333	111	0.311730088763966
ZCCHC13	0.329	0.088	0.515	166	0.345361963065298
AFF3	0.406	0.255	0.609	1251	0.325377520889481
C1QL3	0.574	0.607	0.794	255	0.344760024448956
ACAT2	0.214	-0.213	0.354	397	0.31223036122218
RND3	0.299	0.048	0.496	244	0.33627993552741
NKX1-2	0.573	0.6	0.788	310	0.305358691524346
OR52K1	0.352	0.209	0.567	314	0.339217139648389
OR52I1	0.323	0.141	0.535	324	0.325307147666457
OR51D1	0.372	0.26	0.594	324	0.326780620289878
OR52A5	0.253	-0.022	0.438	316	0.327083446019221
OR51B6	0.263	0.006	0.456	312	0.309240011436986
OR51M1	0.37	0.246	0.588	326	0.330804646640737
OR51Q1	0.363	0.29	0.607	317	0.328820258621589
OR51I1	0.351	0.204	0.566	314	0.333400549793159
OR51I2	0.335	0.154	0.537	312	0.322461498402395
OR52D1	0.313	0.115	0.513	318	0.324870550207563
OR52H1	0.333	0.13	0.526	320	0.333584467378882
OR52N4	0.309	0.118	0.521	321	0.327418173973595
OR52N5	0.262	-0.023	0.442	324	0.326370060341666
OR52N2	0.382	0.253	0.596	321	0.353341564428237
OR52E6	0.312	0.1	0.503	313	0.334075574163853
OR52E8	0.297	0.064	0.482	317	0.325081604996205
OR52E4	0.28	0.027	0.466	312	0.333516579580027
OR56A3	0.373	0.3	0.614	315	0.32756704881876
OR56A5	0.404	0.337	0.631	313	0.33921475499697
ACCSL	0.367	0.216	0.575	568	0.337917818633261
OR4X1	0.398	0.31	0.626	305	0.346848436204604
OR5D16	0.293	0.058	0.491	328	0.324339618352535
OR5W2	0.24	-0.075	0.414	310	0.320637325983101
OR8H2	0.264	-0.005	0.45	312	0.323949978417682
OR8H3	0.265	-0.003	0.451	312	0.323091529146673
OR5T3	0.224	-0.18	0.361	340	0.320713863280298
OR5T1	0.211	-0.168	0.363	326	0.313838034820215
OR8K1	0.259	0.01	0.454	319	0.327190479547998
OR5M9	0.312	0.092	0.51	310	0.339689653852496
OR5M10	0.299	0.068	0.49	315	0.327461265442983
OR5M1	0.306	0.067	0.492	315	0.324902978775386
OR9G1	0.397	0.266	0.603	305	0.353705123390598
OR5AK2	0.229	-0.123	0.395	309	0.326021072320251
OR5B2	0.327	0.135	0.536	309	0.330827449262786
OR5B12	0.304	0.074	0.502	314	0.329255941015669
OR5AN1	0.259	-0.001	0.454	311	0.320963434370272
OR4D10	0.323	0.202	0.56	311	0.315579977203649
OR4D9	0.331	0.197	0.56	314	0.308577766268695
LAG3	0.441	0.389	0.67	525	0.300245589458942
OR10V1	0.333	0.17	0.546	309	0.323769503641365
LRRC10B	0.733	0.849	0.916	292	0.28894423206048
GPR152	0.54	0.532	0.748	470	0.316610860962979
TRIM77	0.264	-0.076	0.415	450	0.32563755323757
IZUMO1R	0.529	0.486	0.728	250	0.349098600557707
KDM4E	0.314	0.033	0.486	506	0.324015115930973
BSX	0.537	0.523	0.746	233	0.302400605389473
OR6X1	0.33	0.185	0.553	312	0.325247250232021
OR6M1	0.334	0.165	0.541	313	0.336253847756115
OR10G4	0.442	0.388	0.668	311	0.33394695140178
OR10G7	0.461	0.428	0.69	311	0.334300087155738
OR8B3	0.262	-0.019	0.448	313	0.337858571594109
OR8A1	0.392	0.327	0.634	326	0.337060360152229
LAIR1	0.415	0.31	0.633	287	0.318710523766779
OR6C1	0.244	-0.052	0.423	312	0.31040818405735
OR6C75	0.261	-0.006	0.451	312	0.323311231113448
OR6C76	0.249	-0.089	0.406	312	0.319080939837777
OR6C70	0.211	-0.157	0.363	312	0.338287023466865
LAIR2	0.373	0.201	0.577	152	0.307753193764384
OR4N2	0.357	0.253	0.59	307	0.341315944744308
OR4K2	0.247	-0.102	0.405	314	0.314738694362124
OR4K13	0.247	0	0.451	304	0.316353579307719
OR4K17	0.243	-0.047	0.427	343	0.328875423709075
OR4N5	0.318	0.178	0.549	308	0.339716400605185
OR11G2	0.309	0.103	0.512	345	0.324675413291082
OR11H7	0.312	0.097	0.51	313	0.327210477940536
OR11H4	0.267	-0.028	0.438	324	0.328561797305836
RNASE9	0.215	-0.263	0.323	210	0.317132497145209
OR5AU1	0.402	0.305	0.622	362	0.32942649208736
OR4M2	0.282	0.051	0.48	313	0.339516887670867
KBTBD13	0.688	0.753	0.868	458	0.331170442490912
UBAP1L	0.526	0.55	0.759	381	0.296410262809679
SKOR1	0.466	0.418	0.691	868	0.320339898577393
LALBA	0.364	0.158	0.544	142	0.367406744164545
ANKRD34C	0.277	-0.021	0.45	535	0.302936921691784
GDPGP1	0.393	0.255	0.597	385	0.321420932468797
OR4F6	0.261	-0.029	0.438	312	0.332301513537922
OR4F15	0.265	-0.031	0.438	312	0.316993615405506
C1QTNF8	0.68	0.763	0.871	252	0.323281555525284
PTX4	0.531	0.524	0.743	478	0.324254897190093
PABPN1L	0.547	0.536	0.756	278	0.336610526710924
ARL5C	0.442	0.394	0.671	179	0.343643256509705
KRT39	0.361	0.191	0.565	491	0.360370637542973
LAMA2	0.257	-0.137	0.396	3122	0.335154190749817
ONECUT3	0.762	0.878	0.935	494	0.306251382621726
OR7G2	0.321	0.154	0.532	345	0.330521173080324
OR7G3	0.342	0.216	0.569	312	0.329057624441712
OR7A10	0.327	0.173	0.553	309	0.326496470799193
LAMA3	0.307	0.038	0.488	3333	0.329823377732432
NUDT19	0.447	0.419	0.686	375	0.288416748334543
ZNF793	0.275	-0.073	0.43	406	0.334159549722784
ACP7	0.458	0.418	0.687	438	0.323713374886044
PINLYP	0.403	0.276	0.62	228	0.321833343301355
ZNF805	0.328	0.066	0.507	627	0.328882551389638
HES3	0.582	0.639	0.804	186	0.302032338156123
PRAMEF12	0.426	0.379	0.658	483	0.328894304886705
RHOG	0.576	0.591	0.782	191	0.366768909542005
LAMA4	0.279	-0.038	0.448	1823	0.330420418678001
PRAMEF8	0.431	0.381	0.661	474	0.328766501447603
PRAMEF18	0.357	0.226	0.573	479	0.318715745946857
PRAMEF17	0.367	0.227	0.576	474	0.327630804073125
FRRS1	0.21	-0.27	0.323	626	0.302243115288729
LAMA5	0.605	0.618	0.797	3695	0.33893960673786
OR10K2	0.329	0.167	0.541	312	0.336794258932003
OR10K1	0.358	0.242	0.586	313	0.323965763374646
OR6Y1	0.325	0.139	0.532	325	0.337957818428274
OR6K3	0.313	0.113	0.513	315	0.338398359003539
VSIG8	0.544	0.565	0.77	414	0.354389111933522
OR11L1	0.406	0.35	0.644	322	0.334338681558801
OR2AK2	0.257	-0.042	0.43	335	0.312206615085764
OR2L3	0.287	0.049	0.481	312	0.321894385669624
OR2M2	0.308	0.117	0.52	347	0.332001467779681
OR2T33	0.373	0.273	0.606	320	0.323072657347876
OR2M7	0.325	0.148	0.538	312	0.32944542877802
LAMB1	0.298	0.007	0.476	1786	0.353107076148452
OR2G6	0.322	0.181	0.554	316	0.330213061287312
SPINT4	0.241	-0.096	0.412	99	0.35257044020581
LAMB2	0.407	0.243	0.596	1798	0.331701012939548
PTRHD1	0.412	0.374	0.664	140	0.326062021027815
SULT6B1	0.232	-0.193	0.369	265	0.336123214314754
LAMB3	0.454	0.369	0.662	1172	0.341698564553924
DYTN	0.271	-0.042	0.438	578	0.324346280914778
LAMC1	0.336	0.077	0.513	1609	0.357831466467605
LAMP1	0.447	0.375	0.667	417	0.325622767609123
TRIM61	0.316	0.057	0.495	209	0.333532874902622
HELT	0.553	0.571	0.771	242	0.320802034538967
H3Y1	0.625	0.628	0.795	136	0.327037282941045
LAMC2	0.333	0.087	0.514	1193	0.345609029614967
ARHGAP1	0.555	0.557	0.762	439	0.349172462469342
LAMP2	0.237	-0.223	0.354	411	0.330525518610278
RPSA	0.31	-0.02	0.459	300	0.345215084862841
OR2A25	0.329	0.2	0.563	310	0.327598293119061
USP17L4	0.325	0.101	0.523	530	0.346002338944119
USP17L8	0.325	0.101	0.523	530	0.346002338944119
USP17L7	0.312	0.08	0.512	530	0.337118953688026
GDF6	0.59	0.638	0.805	455	0.307635154442694
FAM221B	0.349	0.1	0.526	402	0.309508136299899
OR13J1	0.6	0.638	0.802	312	0.34086024404883
OR13C2	0.3	0.119	0.518	318	0.3359634903679
OR1L6	0.416	0.347	0.644	311	0.338292285322394
OR5C1	0.498	0.482	0.717	320	0.331063355468599
OR1K1	0.444	0.416	0.682	316	0.333922539168612
LCN9	0.457	0.392	0.675	176	0.358401233305572
GLOD5	0.409	0.259	0.6	160	0.324639689379259
STMN1	0.302	0	0.467	174	0.35988010270316
ARL13A	0.25	-0.031	0.438	256	0.318490620400595
NCBP2L	0.229	-0.218	0.347	153	0.314477277870129
ELFN1	0.773	0.859	0.925	828	0.343510288552612
AGMO	0.203	-0.261	0.32	445	0.303810216837351
LASP1	0.645	0.67	0.829	261	0.378358726882527
IQCA1L	0.45	0.39	0.668	818	0.33494764538383
GRID2IP	0.596	0.618	0.795	1211	0.306839327042517
LBP	0.412	0.349	0.647	481	0.328522519791839
ARHGAP4	0.588	0.617	0.795	986	0.33062089836262
LBR	0.23	-0.163	0.37	615	0.315494418589601
OR2A5	0.414	0.374	0.656	311	0.339661715457754
LCAT	0.558	0.562	0.764	440	0.325959132722125
LCK	0.532	0.506	0.735	509	0.344317365138137
LCN1	0.55	0.571	0.771	176	0.347536426781459
LCN2	0.456	0.396	0.677	198	0.363148032349951
LCP1	0.295	0.014	0.468	627	0.356855267932769
LCP2	0.328	0.073	0.509	533	0.314533676605822
LCT	0.389	0.225	0.587	1927	0.331867255009883
LDHA	0.244	-0.092	0.414	361	0.333543293297271
ARHGAP5	0.175	-0.419	0.243	1502	0.317014205309016
MUC21	0.461	0.355	0.671	566	0.283259138312594
LDHB	0.231	-0.157	0.381	334	0.337013567901284
LDHC	0.188	-0.293	0.301	332	0.316027344612947
LDLR	0.514	0.494	0.732	860	0.357354244073456
ARHGAP6	0.391	0.275	0.613	974	0.30698102162456
LECT2	0.255	-0.162	0.381	151	0.35605095211736
LEP	0.423	0.394	0.671	167	0.325478170830518
LEPR	0.199	-0.301	0.309	1165	0.315691571566233
LETM1	0.536	0.533	0.748	739	0.347638720033256
LFNG	0.713	0.804	0.894	379	0.312787128381043
LGALS1	0.588	0.54	0.758	135	0.405969301931051
LGALS2	0.451	0.373	0.669	132	0.334808577549852
LGALS3	0.283	-0.081	0.434	250	0.335718644691514
LGALS3BP	0.589	0.612	0.793	585	0.343107941162284
ARHGDIA	0.577	0.594	0.784	235	0.335337261431934
LGALS4	0.47	0.416	0.691	323	0.337645918375505
LGALS7B	0.659	0.736	0.858	136	0.324942102877322
LGALS7	0.659	0.736	0.858	136	0.324942102877322
LGALS8	0.257	-0.103	0.408	359	0.32016317615147
LGALS9	0.502	0.42	0.693	355	0.342224574502466
ARHGDIB	0.373	0.163	0.56	201	0.333725089307641
LHB	0.575	0.602	0.784	141	0.317367502449429
LHCGR	0.263	-0.039	0.437	699	0.327027494330439
LHX1	0.617	0.665	0.823	406	0.33164102886499
LIF	0.581	0.645	0.809	202	0.364919931953209
LIFR	0.183	-0.382	0.264	1097	0.314767798719107
LIG1	0.507	0.464	0.714	919	0.3416928722258
ARHGDIG	0.599	0.654	0.813	225	0.327360263762616
LIG3	0.381	0.213	0.582	1009	0.344546879889962
LIG4	0.176	-0.399	0.25	911	0.316697742960622
LIM2	0.54	0.538	0.75	215	0.326686064733726
ABLIM1	0.344	0.124	0.534	778	0.32420406542122
LIMK1	0.595	0.601	0.786	647	0.338728539766178
LIMK2	0.501	0.467	0.714	686	0.342349290652738
LIMS1	0.38	0.192	0.573	387	0.378307211396521
LIPA	0.252	-0.125	0.401	399	0.328703409822927
RHOH	0.535	0.513	0.739	191	0.379721036468128
LIPC	0.396	0.294	0.62	499	0.325615049714006
LIPE	0.455	0.406	0.682	1076	0.309815127330253
FADS1	0.487	0.458	0.709	501	0.332281625207422
LLGL2	0.593	0.614	0.793	1020	0.32501803688954
SPRED3	0.554	0.574	0.773	410	0.300309827666535
TMEM200B	0.501	0.554	0.755	307	0.283068467949943
FADS3	0.614	0.672	0.824	445	0.339362453062211
SLC25A35	0.469	0.42	0.689	300	0.346683557792369
LLGL1	0.528	0.488	0.727	1064	0.329001095214904
MEX3D	0.756	0.863	0.928	651	0.31796363446423
EEIG1	0.562	0.565	0.769	384	0.319485476829593
HEATR4	0.341	0.142	0.536	1026	0.33092406782902
MYO18A	0.526	0.503	0.732	2054	0.342324594250297
CCDC187	0.485	0.444	0.704	965	0.305823227471172
SHC4	0.287	-0.016	0.459	630	0.311741528273066
CTXN2	0.224	-0.244	0.338	81	0.32309679612729
MIR1915HG	0.464	0.427	0.689	136	0.270843064997825
LMAN1	0.239	-0.163	0.382	510	0.318887158651701
C10orf120	0.245	-0.137	0.387	335	0.318453119915131
EEF1AKMT2	0.225	-0.195	0.362	291	0.295290947881989
FOXI2	0.634	0.682	0.832	318	0.333748739261279
PCNX3	0.535	0.522	0.743	2034	0.321003351605434
TRIM49D1	0.281	-0.008	0.456	452	0.324571418229287
C11orf87	0.496	0.461	0.711	197	0.313890514291094
HOATZ	0.28	0.01	0.471	196	0.320002888305148
PATE2	0.278	0.003	0.467	113	0.331616877297645
PATE4	0.28	-0.024	0.451	98	0.340688374706663
SNX19	0.309	0.057	0.493	992	0.313212212371712
ASIC2	0.472	0.442	0.699	563	0.323975693010281
ARL1	0.184	-0.244	0.329	181	0.303004077121501
LMNA	0.588	0.601	0.785	664	0.334427365030638
C12orf76	0.231	-0.212	0.354	135	0.323623124465972
LMNB1	0.302	0.073	0.5	586	0.323946848351357
SERTM1	0.309	0.108	0.519	107	0.295040735420706
PLEKHD1	0.548	0.554	0.76	506	0.359113710509944
C14orf180	0.424	0.241	0.59	177	0.294862994335993
LINC02694	0.294	0.036	0.48	179	0.297588682994034
LMO1	0.584	0.596	0.784	156	0.411819868434303
FAM174B	0.527	0.576	0.769	159	0.285856825115722
LMO2	0.516	0.511	0.736	227	0.333931343847925
KNOP1	0.393	0.231	0.597	458	0.349349305122111
C17orf97	0.551	0.587	0.781	423	0.328657536734903
MED11	0.445	0.385	0.667	117	0.348995312809894
GRAPL	0.534	0.507	0.735	118	0.350937540802917
TEX19	0.393	0.231	0.597	164	0.31611847966159
PRSS57	0.599	0.625	0.799	283	0.310997435900109
VMAC	0.575	0.582	0.772	169	0.309586705619411
PRICKLE3	0.483	0.403	0.682	615	0.3081771967743
ZNF880	0.225	-0.243	0.339	577	0.329315096820742
ZNF772	0.291	-0.059	0.444	489	0.327384742818736
PRAMEF4	0.361	0.247	0.585	478	0.333254804247752
PRAMEF13	0.356	0.265	0.593	474	0.317092181751539
SH2D5	0.612	0.627	0.798	423	0.332605701491035
NCMAP	0.455	0.327	0.643	102	0.325090837881218
C1orf141	0.169	-0.428	0.237	400	0.315531309944519
C1orf226	0.406	0.256	0.605	315	0.308806602576121
LMO7	0.243	-0.17	0.376	1631	0.311822385740166
NBPF9	0.299	0.027	0.482	1111	0.340168070952825
FAM177B	0.25	-0.148	0.396	158	0.327395638287671
DEFB132	0.361	0.178	0.56	95	0.331173092158549
C20orf202	0.399	0.325	0.632	122	0.30007641012523
LRRC74B	0.411	0.303	0.624	392	0.340009163088858
LMX1A	0.457	0.374	0.668	382	0.349068612978496
CHCHD10	0.619	0.626	0.806	149	0.324928329042425
IL17REL	0.611	0.641	0.808	336	0.326666220044969
LINC02898	0.285	-0.059	0.439	131	0.300973585937426
EML6	0.303	0.035	0.486	1958	0.329626574623603
PAIP2B	0.296	-0.014	0.47	123	0.347334091693581
RGPD1	0.178	-0.404	0.254	1748	0.310960739476767
PHOX2A	0.65	0.741	0.864	284	0.313389226707442
LMX1B	0.646	0.724	0.854	406	0.351968704156057
FSIP2	0.165	-0.425	0.238	6907	0.31419262480397
C2orf66	0.265	-0.07	0.421	117	0.31448709765162
ASB18	0.559	0.623	0.796	466	0.320643060840501
IQCF3	0.357	0.245	0.583	154	0.341681853106711
C3orf85	0.221	-0.258	0.325	90	0.325054010434925
FOXL2NB	0.395	0.33	0.635	175	0.301092020503882
C3orf80	0.667	0.771	0.876	247	0.30778107099344
C4orf48	0.644	0.733	0.854	128	0.288542794386004
DTHD1	0.204	-0.25	0.33	781	0.314080417407246
PRR27	0.226	-0.365	0.287	219	0.318362043329462
AMTN	0.252	-0.111	0.403	209	0.276900753901858
CCSER1	0.199	-0.282	0.317	900	0.290298118426548
C4orf3	0.273	0.049	0.482	199	0.296362201783235
RGS7BP	0.322	0.143	0.537	257	0.307461445765928
LNPEP	0.228	-0.191	0.363	1025	0.319358926322023
C5orf63	0.243	-0.12	0.405	138	0.31988343539602
STMND1	0.24	-0.155	0.383	276	0.314265571880649
MCCD1	0.441	0.407	0.679	119	0.331425371454814
SAPCD1	0.386	0.264	0.602	178	0.327006627058101
RAB44	0.448	0.334	0.647	1021	0.324453933542999
CRIP3	0.448	0.305	0.636	204	0.337707349965807
KLHL31	0.333	0.168	0.556	634	0.332651515981886
TCP10L3	0.311	0.053	0.499	353	0.306995358727257
VWA5A	0.323	0.075	0.507	786	0.331199297525696
LRRD1	0.147	-0.418	0.222	860	0.316330270548665
SMIM30	0.185	-0.168	0.357	59	0.308568038219835
PRRT4	0.521	0.536	0.749	899	0.295035215971393
LORICRIN	0.637	0.692	0.845	312	0.339387847335757
RAB19	0.445	0.364	0.66	217	0.350344279174951
OR2A7	0.341	0.245	0.584	310	0.32670546600556
USP17L2	0.337	0.139	0.542	530	0.343202186649592
USP17L1	0.337	0.139	0.542	530	0.343202186649592
RBIS	0.188	-0.316	0.299	100	0.361181135427709
SAMD12	0.243	-0.033	0.436	201	0.338017477291091
HACD4	0.22	-0.124	0.384	232	0.305694719335939
TMEM215	0.476	0.426	0.694	235	0.335440569095195
LOX	0.417	0.283	0.62	417	0.326431126539857
TOMM5	0.426	0.486	0.719	92	0.292765684470376
CENPP	0.25	-0.028	0.442	288	0.305974671096798
C9orf152	0.339	0.095	0.519	239	0.33209840255732
SNX30	0.332	0.135	0.534	437	0.327702042582889
WDR38	0.506	0.507	0.737	315	0.309961293536213
LCNL1	0.497	0.511	0.74	164	0.325313177861518
FAM166A	0.537	0.498	0.734	317	0.336873700151844
LOXL1	0.677	0.74	0.863	574	0.337180134518832
SLC25A53	0.368	0.209	0.574	307	0.324049640436785
GOLGA7B	0.54	0.556	0.762	167	0.337027987310439
OR51T1	0.293	0.073	0.491	354	0.327048191340942
OR51A4	0.265	0.04	0.472	313	0.330892385895446
OR51A2	0.26	0.024	0.465	313	0.326382051125851
LOXL2	0.575	0.577	0.777	774	0.366406223838387
FIGNL2	0.626	0.727	0.855	653	0.315968145735401
LPA	0.297	-0.085	0.435	2040	0.313423664788844
RNF223	0.621	0.625	0.799	249	0.30531943813639
LDLRAD2	0.498	0.464	0.713	272	0.30948074011934
OR2T2	0.436	0.395	0.67	324	0.334527238786794
OR2T5	0.382	0.33	0.636	315	0.320683142874506
OR2T29	0.382	0.33	0.636	315	0.320683142874506
OR14I1	0.342	0.192	0.559	311	0.333073583793027
ARL2	0.63	0.668	0.817	184	0.341561260270868
SRRD	0.302	0.096	0.508	339	0.317810141817962
VWC2L	0.261	-0.193	0.381	222	0.371790987224383
OR5K2	0.224	-0.15	0.375	316	0.326139941276258
CFAP99	0.584	0.614	0.79	646	0.345098090310594
LPL	0.333	0.085	0.514	475	0.335819741250866
OR2A42	0.485	0.49	0.721	310	0.326506845938339
SOHLH1	0.495	0.467	0.716	387	0.31116661950685
XKRX	0.319	0.154	0.536	449	0.326140123759008
LPO	0.456	0.387	0.67	712	0.332610636326773
KPNA7	0.357	0.238	0.587	516	0.33661865253077
SPACDR	0.409	0.318	0.632	206	0.317960214646206
LPP	0.347	0.048	0.503	612	0.332508284588055
IGLON5	0.625	0.716	0.846	336	0.324823197444055
UFSP1	0.461	0.457	0.713	142	0.327576028644358
IFITM10	0.628	0.667	0.824	228	0.350633884039878
ARL3	0.259	-0.068	0.42	182	0.33236937763552
OR2T27	0.414	0.367	0.657	317	0.340303230437023
OR2T35	0.434	0.386	0.666	323	0.336073375009273
OR4A47	0.264	0.014	0.464	309	0.324403161429107
OR4C45	0.292	0.068	0.493	305	0.329873023284246
OR5H14	0.187	-0.175	0.355	310	0.309934608670394
OR5H15	0.189	-0.202	0.341	313	0.314140358531923
OR5K3	0.209	-0.199	0.348	321	0.335835798243939
OR5K4	0.214	-0.167	0.359	321	0.326482933182203
OR6C65	0.207	-0.226	0.331	312	0.324447486200569
OR6C68	0.201	-0.241	0.326	312	0.313027070625362
IRAG2	0.214	-0.244	0.334	499	0.316626143662274
PLPP6	0.587	0.646	0.806	295	0.298621252789569
APOBEC4	0.237	-0.18	0.371	367	0.312233639936995
ZBTB34	0.361	0.183	0.567	500	0.319066308636312
LRCH4	0.48	0.471	0.714	683	0.306963304631351
LRP1	0.565	0.54	0.756	4544	0.358693532591179
LRP2	0.276	-0.085	0.426	4655	0.335690345619439
LRP3	0.617	0.636	0.806	770	0.327140615236513
LRP4	0.441	0.324	0.638	1905	0.334189066137064
LRP6	0.238	-0.171	0.372	1613	0.318380185578026
HAPLN4	0.569	0.611	0.793	402	0.318676307071963
CUEDC1	0.509	0.444	0.703	386	0.33339806247035
LRP5	0.647	0.701	0.839	1615	0.341488945701799
SPINK6	0.311	0.02	0.487	80	0.349260795538247
CTXN1	0.773	0.952	0.974	82	0.304233811395703
TEX56P	0.245	-0.064	0.418	140	0.306456608094686
YY2	0.413	0.278	0.621	372	0.339061543742665
LRPAP1	0.596	0.648	0.808	357	0.328995249486733
LSAMP	0.349	0.171	0.556	338	0.326572865778184
C16orf74	0.549	0.541	0.757	76	0.306963195429738
SCGB1D4	0.262	0.012	0.468	83	0.354967360363889
LSP1	0.478	0.393	0.681	467	0.323992550376323
DENND10	0.27	-0.051	0.435	357	0.327499945121476
GTF2H5	0.259	0.018	0.471	71	0.357776698651598
LSS	0.528	0.532	0.749	732	0.342577252281398
ANKHD1-EIF4EBP3	0.21	-0.302	0.313	2617	0.306284913677561
POTEG	0.261	-0.079	0.428	508	0.341450186653442
LTA4H	0.234	-0.153	0.383	611	0.320156207275157
LTA	0.453	0.428	0.693	205	0.31394225409762
ARNT	0.304	-0.027	0.459	789	0.315910651012886
LTB	0.512	0.571	0.77	244	0.320905288095426
CYP4F3	0.48	0.445	0.698	520	0.318666651881049
LTBP1	0.324	0.046	0.502	1721	0.344365096032308
LTBP2	0.527	0.469	0.721	1821	0.343548751253061
LTBP3	0.629	0.635	0.808	1303	0.35491832042986
LTBR	0.448	0.325	0.644	435	0.328904673241308
LTC4S	0.633	0.79	0.884	150	0.302746234421674
LTF	0.371	0.177	0.563	710	0.35429040357339
DUOXA2	0.471	0.49	0.723	320	0.319028598796143
ERVFRD-1	0.221	-0.149	0.379	538	0.29646299048113
LTK	0.486	0.462	0.711	864	0.31955360047362
BCAM	0.554	0.59	0.782	628	0.309178088174612
BMAL1	0.244	-0.15	0.386	626	0.29904226694261
LUM	0.259	-0.065	0.423	338	0.340642526150802
LY6E	0.57	0.565	0.766	131	0.364790978079917
LY6H	0.551	0.584	0.778	161	0.325087315158724
LY9	0.368	0.18	0.566	655	0.317679067266678
CD180	0.254	-0.007	0.452	661	0.321975194393795
LY75	0.222	-0.243	0.341	1722	0.316748512322568
LYL1	0.575	0.555	0.762	280	0.29816388988808
LYN	0.299	0.007	0.469	512	0.34997249009818
SH2D1A	0.281	-0.072	0.429	128	0.319005852063445
LYZ	0.222	-0.192	0.357	148	0.33766047256054
ARR3	0.384	0.246	0.598	388	0.33349643653674
TACSTD2	0.728	0.825	0.905	323	0.34034504944002
TM4SF1	0.287	0.032	0.477	202	0.357115361251923
EPCAM	0.236	-0.163	0.383	314	0.358014859524048
M6PR	0.311	0.073	0.506	277	0.332969725928856
CAPRIN1	0.253	-0.147	0.401	709	0.32927375469636
NBR1	0.279	-0.05	0.443	966	0.328037886173519
TAFA1	0.262	-0.092	0.418	133	0.307262309064708
TNFSF12-TNFSF13	0.382	0.281	0.61	330	0.306140824036826
ARRB1	0.473	0.414	0.688	418	0.349314670512091
NOMO3	0.366	0.21	0.581	1222	0.330670962478138
MAB21L1	0.429	0.387	0.67	359	0.348970895696348
SPINK14	0.222	-0.2	0.355	97	0.320205167569163
MARCKS	0.65	0.687	0.843	332	0.363716631441807
FNDC9	0.452	0.359	0.656	224	0.349356994552352
MXD1	0.365	0.276	0.606	221	0.314319256035017
MAD2L1	0.262	-0.065	0.425	205	0.327603700202612
SMAD1	0.296	-0.028	0.46	465	0.324807087402793
SMAD2	0.213	-0.262	0.33	467	0.305151763332747
SMAD3	0.539	0.523	0.746	425	0.339046022844236
SMAD4	0.222	-0.267	0.33	552	0.305628506176448
ARRB2	0.51	0.473	0.72	430	0.344680381330804
SMAD5	0.229	-0.238	0.348	465	0.306252773317352
SMAD6	0.676	0.758	0.87	496	0.311340627093983
SMAD7	0.517	0.513	0.74	426	0.324468730444188
SMAD9	0.417	0.297	0.629	467	0.324416219720593
MAF	0.667	0.728	0.858	403	0.332618015970551
MAFG	0.707	0.801	0.893	162	0.345806267869635
MAG	0.645	0.694	0.837	626	0.338127798102783
ASIC1	0.543	0.511	0.74	574	0.367828508695532
ARSA	0.538	0.515	0.741	509	0.330563606709557
MAGEA1	0.395	0.235	0.591	309	0.326163943957104
MAGEA2B	0.408	0.288	0.618	314	0.326085528249744
MAGEA2	0.408	0.288	0.618	314	0.326085528249744
MAGEA3	0.404	0.276	0.614	314	0.327583891864472
MAGEA4	0.403	0.248	0.601	317	0.337248319953645
MAGEA6	0.424	0.3	0.627	314	0.335834900773992
MAGEA8	0.396	0.268	0.61	318	0.32420327811243
MAGEA9	0.41	0.298	0.631	315	0.342928144042808
MAGEA10	0.32	0.079	0.511	369	0.30479280337604
ARSB	0.346	0.167	0.552	533	0.30117467556477
MAGEA11	0.341	0.148	0.545	429	0.324467096511716
MAGEA12	0.407	0.275	0.612	314	0.323973211697048
MAGEB1	0.326	0.087	0.515	347	0.320984169595415
MAGEB2	0.333	0.083	0.516	319	0.329179387174114
MAGEB3	0.315	0.06	0.502	346	0.343664093440865
MAGEB4	0.34	0.109	0.524	346	0.321232652633879
MAGOH	0.277	0.007	0.465	146	0.339462847501001
MAK	0.224	-0.208	0.357	648	0.324560149167314
MAL	0.532	0.575	0.772	153	0.332718556436535
STS	0.354	0.189	0.564	583	0.320468234178016
MAN1A1	0.31	0.083	0.507	653	0.322529487859672
MAN2A2	0.503	0.486	0.723	1150	0.328681487305865
MAN2C1	0.491	0.447	0.704	1057	0.323976411093779
MAN2A1	0.209	-0.242	0.333	1144	0.307723623879079
MAN2B1	0.51	0.492	0.728	1011	0.32597277499604
MANBA	0.271	-0.054	0.44	879	0.327284790076223
MAOA	0.287	0.001	0.466	527	0.337313640234116
MAOB	0.308	0.034	0.481	520	0.331670164977383
MAP1A	0.351	0.099	0.527	2803	0.317867076413444
MAP1B	0.299	-0.046	0.455	2468	0.327501411942269
MAP2	0.237	-0.229	0.356	1827	0.307990089357505
MAP4	0.294	-0.054	0.45	1152	0.317239651905186
MAP6	0.386	0.233	0.601	813	0.30645922775295
MAPT	0.422	0.277	0.623	776	0.318016707598544
MARK1	0.22	-0.217	0.35	796	0.301403604880773
ARSD	0.392	0.294	0.623	593	0.310272169265863
MARK3	0.235	-0.164	0.375	753	0.303646750282252
TBC1D3B	0.408	0.315	0.631	549	0.316936070667428
TBC1D3C	0.412	0.322	0.636	549	0.317057992177597
CCL3L1	0.464	0.453	0.711	93	0.351676631754691
CCL3L3	0.464	0.453	0.711	93	0.351676631754691
MARS1	0.364	0.197	0.569	900	0.338777603771336
ACBD7	0.209	-0.262	0.321	88	0.339379985572568
C10orf105	0.62	0.68	0.825	133	0.28343303767273
C10orf62	0.44	0.327	0.645	223	0.321859622368364
AGAP6	0.373	0.218	0.584	686	0.32479298819824
MAS1	0.373	0.3	0.618	325	0.328664916929758
C10orf55	0.317	0.059	0.5	151	0.28717090262929
MAT1A	0.466	0.394	0.677	395	0.349141193941156
DDI1	0.353	0.231	0.583	396	0.328404893491054
DEFB103A	0.274	0.041	0.47	67	0.34180440617471
IDNK	0.279	0.05	0.489	187	0.311268916076474
LCN10	0.532	0.554	0.759	200	0.364275714216787
MAT2A	0.235	-0.175	0.374	395	0.334238375329895
MATK	0.586	0.621	0.797	508	0.329108398648875
MATN1	0.572	0.564	0.768	496	0.363579323318993
MATN2	0.363	0.181	0.565	956	0.351487762176345
MATN3	0.352	0.14	0.543	486	0.330948389737879
BLID	0.234	-0.109	0.394	108	0.311977010965189
MAX	0.401	0.259	0.605	160	0.325807523025711
DENND6B	0.588	0.606	0.787	585	0.326810597355196
C8orf82	0.695	0.816	0.9	216	0.310613339316918
ARSL	0.346	0.204	0.57	614	0.308482822218762
MAZ	0.625	0.654	0.82	493	0.349693616322836
MB	0.566	0.592	0.784	154	0.3764077640476
PIM3	0.72	0.825	0.905	326	0.318919144626491
STX19	0.172	-0.371	0.263	294	0.332347228982699
MBD1	0.408	0.237	0.595	655	0.316974372857169
MBL2	0.324	0.037	0.494	248	0.33847874742968
MBNL1	0.253	-0.144	0.398	388	0.330199054707798
MBP	0.424	0.293	0.627	197	0.310457217423265
MC1R	0.681	0.794	0.886	317	0.361584432155096
MC2R	0.465	0.442	0.693	297	0.34361575341641
MC3R	0.624	0.692	0.833	323	0.364973756161475
ARSF	0.331	0.149	0.543	590	0.31593847519957
MC4R	0.322	0.133	0.525	332	0.340268546550919
MC5R	0.477	0.48	0.716	325	0.341736077718506
MCAM	0.472	0.426	0.693	646	0.333994165883966
MCC	0.431	0.349	0.65	1019	0.334353000141518
CHST6	0.629	0.692	0.832	395	0.307609840100103
MCF2	0.19	-0.303	0.299	1001	0.32874575486609
ART1	0.515	0.463	0.712	327	0.337929531715026
MCL1	0.384	0.33	0.639	350	0.302556744565943
MCM2	0.549	0.533	0.749	904	0.344544979137371
MCM3	0.386	0.214	0.58	853	0.338610821393755
MCM4	0.305	0.05	0.487	863	0.324412125652621
MCM5	0.576	0.571	0.768	734	0.351775548241961
MCM6	0.255	-0.083	0.417	821	0.327093158335824
MCM7	0.403	0.284	0.613	719	0.340860887342938
CD46	0.206	-0.38	0.276	399	0.308166292527757
SMCP	0.399	0.101	0.544	116	0.409836266082119
ADAM11	0.535	0.531	0.75	769	0.342123456237871
MDFI	0.591	0.592	0.786	246	0.350114200670962
DNAJB9	0.213	-0.325	0.306	223	0.310364661312759
ART3	0.238	-0.176	0.375	389	0.338896668412444
MDH1	0.262	-0.105	0.413	352	0.344481957599119
MDH2	0.46	0.393	0.678	338	0.35495655293976
MDK	0.63	0.667	0.826	143	0.365345242726281
MDM2	0.186	-0.407	0.258	497	0.313138632676124
MDM4	0.21	-0.267	0.327	490	0.317601636116819
ME1	0.218	-0.225	0.341	572	0.333734565716172
ART4	0.295	0.022	0.474	314	0.329263883502048
ME2	0.178	-0.37	0.26	584	0.313408648603881
MEA1	0.321	0.043	0.497	188	0.317054137657049
MECP2	0.463	0.357	0.664	498	0.324607250175002
MEF2A	0.273	-0.079	0.43	505	0.304261819430049
MEF2B	0.474	0.41	0.684	365	0.292611642062172
MEF2C	0.298	-0.017	0.461	483	0.309610427302162
MEF2D	0.494	0.45	0.708	521	0.319993833516863
ARVCF	0.539	0.516	0.74	962	0.316349071268541
MEFV	0.461	0.384	0.671	781	0.329916733803425
MEIS1	0.271	-0.041	0.45	390	0.303167499102046
MEIS2	0.305	0.061	0.507	477	0.300373443240525
MAP3K1	0.239	-0.155	0.384	1512	0.301115068930759
MAP3K3	0.419	0.296	0.622	657	0.326427614068602
MAP3K4	0.251	-0.102	0.409	1608	0.316360425477667
MAP3K5	0.262	-0.062	0.43	1374	0.32147791104148
RAB8A	0.442	0.385	0.668	207	0.355772832008378
MEN1	0.55	0.551	0.76	615	0.334718457066258
MEOX1	0.514	0.458	0.715	254	0.31282821958552
MEOX2	0.38	0.244	0.601	304	0.300954268497325
MEP1A	0.337	0.127	0.533	746	0.33680227940861
MEP1B	0.236	-0.183	0.367	701	0.311780779425167
MEST	0.32	0.144	0.53	335	0.305744940864126
MET	0.242	-0.121	0.401	1408	0.317139422682918
METTL1	0.394	0.265	0.607	276	0.321161987395524
MFAP1	0.278	-0.063	0.436	439	0.329475454271494
MFAP2	0.477	0.406	0.685	183	0.359776867940462
MFAP3	0.247	-0.141	0.39	362	0.316630470260034
MFAP4	0.517	0.502	0.735	279	0.35055272691047
MFGE8	0.536	0.516	0.742	387	0.3574770668131
MELTF	0.584	0.613	0.795	738	0.346740777778418
MFNG	0.486	0.473	0.713	321	0.313238777473006
MGAT1	0.613	0.653	0.813	445	0.332705374103092
SCGB2A1	0.336	0.158	0.547	95	0.352341536854244
MGAT2	0.352	0.173	0.556	447	0.33600213867233
MGAT3	0.733	0.807	0.896	533	0.329919458315256
MGAT5	0.322	0.083	0.51	741	0.35248723997902
SCGB2A2	0.245	-0.024	0.449	93	0.353366560357683
VCX3B	0.5	0.382	0.68	246	0.322079944139029
MIA2	0.169	-0.476	0.216	1412	0.307796447369261
KITLG	0.209	-0.247	0.332	273	0.311000181693813
MGMT	0.389	0.303	0.629	238	0.323844268852993
MGP	0.273	-0.01	0.451	128	0.345466848181846
MGST1	0.204	-0.264	0.311	155	0.306390285371836
MGST2	0.245	-0.071	0.415	147	0.335502252862563
MGST3	0.297	0.057	0.497	152	0.349651362293101
CIITA	0.479	0.449	0.703	1131	0.322486371255937
CD99	0.316	0.053	0.505	185	0.335879707540522
ASAH1	0.229	-0.159	0.379	411	0.312143725818016
MICB	0.395	0.223	0.587	383	0.32334282974579
MID1	0.378	0.232	0.588	667	0.339237939761988
MIF	0.824	0.932	0.964	115	0.36393926175726
CXCL9	0.244	-0.121	0.398	125	0.351697614492646
MIP	0.399	0.282	0.615	263	0.334353417980795
MIPEP	0.237	-0.152	0.378	713	0.315833099534974
MITF	0.321	0.116	0.527	526	0.320773360493666
ATXN3	0.185	-0.309	0.296	361	0.309835891157667
MKI67	0.26	-0.147	0.395	3256	0.304920111242293
MKLN1	0.223	-0.23	0.345	735	0.324851696195731
ASCL1	0.665	0.751	0.87	236	0.342450105807597
MLF1	0.188	-0.377	0.268	299	0.303237083524082
MLH1	0.276	-0.038	0.444	756	0.329839778575824
MAP3K9	0.445	0.372	0.663	1118	0.312173819934769
MAP3K10	0.608	0.65	0.812	954	0.303248413929636
MLN	0.373	0.198	0.57	115	0.359203856614243
MAP3K11	0.529	0.504	0.733	847	0.301899280900991
KMT2A	0.26	-0.136	0.4	3972	0.306264526953582
MLLT1	0.675	0.71	0.849	559	0.332537366262118
AFF1	0.327	0.044	0.5	1218	0.307113754431926
ACHE	0.531	0.537	0.751	617	0.319617508877717
ASCL2	0.628	0.728	0.853	193	0.283400665545857
MLLT3	0.279	-0.085	0.43	568	0.296448512542754
AFDN	0.288	-0.019	0.455	1781	0.317086081350612
MLLT6	0.501	0.456	0.714	1093	0.321236322592202
FOXO4	0.407	0.286	0.62	505	0.296568012556372
NR3C2	0.268	-0.082	0.43	984	0.317001269128988
TRPM1	0.338	0.153	0.545	1642	0.337038139998715
MME	0.229	-0.201	0.358	750	0.348052647550708
MMP1	0.266	-0.127	0.406	469	0.332134328611796
MMP2	0.515	0.432	0.701	660	0.353242733463658
MMP3	0.259	-0.157	0.385	477	0.320690944362302
MMP7	0.247	-0.127	0.399	267	0.308663240117359
MMP8	0.246	-0.168	0.379	467	0.327493399515165
RGS21	0.221	-0.281	0.319	152	0.35613614380396
ASTL	0.432	0.359	0.657	431	0.296050339388934
LHX8	0.298	0.053	0.496	356	0.309200008915378
MMP9	0.555	0.562	0.768	707	0.324197450702017
MMP10	0.259	-0.145	0.394	476	0.322427365755702
ASGR1	0.581	0.632	0.804	291	0.336365786117181
MMP11	0.517	0.459	0.711	488	0.31820743486174
MMP12	0.243	-0.174	0.376	470	0.329707383215228
MMP13	0.255	-0.126	0.401	471	0.312894585744076
MMP14	0.491	0.426	0.695	582	0.337969853461923
SLURP2	0.543	0.584	0.777	97	0.330901346403868
MMP15	0.592	0.619	0.797	669	0.319229008653236
MMP16	0.259	-0.134	0.398	607	0.317076294327022
MMP17	0.618	0.632	0.804	603	0.316167661770821
MMP19	0.386	0.228	0.589	508	0.323947266536618
ALDH6A1	0.277	-0.064	0.435	535	0.335477125569134
ASGR2	0.493	0.426	0.697	311	0.34440114806887
MN1	0.568	0.577	0.78	1320	0.323128429564046
MNAT1	0.214	-0.209	0.351	309	0.342863129702855
MNDA	0.235	-0.2	0.367	407	0.339557313600085
MNT	0.53	0.48	0.724	582	0.31653981779043
MOBP	0.459	0.371	0.665	206	0.304492181396754
MOCS1	0.487	0.463	0.71	636	0.334899063229984
MOCS2	0.216	-0.183	0.37	188	0.312163278123158
ASIP	0.526	0.542	0.754	132	0.340735750091357
MOG	0.3	0.109	0.51	295	0.302056803140176
MOS	0.443	0.438	0.695	346	0.314639656259266
MOV10	0.458	0.395	0.672	1003	0.324592440878661
CD200	0.361	0.22	0.582	294	0.331462241385081
ASL	0.524	0.549	0.756	464	0.333937188022123
MPG	0.48	0.435	0.697	298	0.315213361527858
MPI	0.454	0.372	0.664	423	0.345979520360944
MPL	0.422	0.305	0.627	635	0.311235992492095
MPO	0.565	0.588	0.776	745	0.341190418400153
MPP1	0.383	0.224	0.588	466	0.343685038757564
MPP2	0.5	0.474	0.716	597	0.329251863554512
MPP3	0.419	0.312	0.631	610	0.330791732193806
MPST	0.683	0.736	0.859	317	0.32444344902791
MPV17	0.373	0.263	0.6	176	0.33756882650483
MPZ	0.456	0.413	0.686	248	0.332258704011987
MRC1	0.241	-0.191	0.372	1456	0.325807946161925
MRE11	0.19	-0.344	0.281	708	0.3047548408044
ABCC1	0.509	0.52	0.741	1531	0.352874865192025
ASMT	0.422	0.327	0.638	373	0.343510216192782
KLK14	0.49	0.473	0.715	267	0.331821311364349
KLK12	0.48	0.481	0.722	254	0.314292016414
GET3	0.592	0.602	0.788	348	0.360490174379202
KRTAP5-5	0.536	0.475	0.736	237	0.423475182591613
MXRA7	0.422	0.295	0.631	213	0.318347283500106
IFIT1B	0.243	-0.119	0.397	474	0.352432526496596
ASNS	0.23	-0.194	0.361	561	0.32537627909415
KRTAP5-2	0.534	0.456	0.726	177	0.417647045548938
KRTAP5-6	0.54	0.442	0.719	129	0.444784733926413
TMEM41B	0.182	-0.298	0.3	291	0.308170932359161
KRTAP5-7	0.542	0.452	0.726	165	0.43644590070784
KRTAP5-11	0.563	0.486	0.742	156	0.445878907790004
IQSEC3	0.624	0.676	0.828	1182	0.338596033043174
ZNF705A	0.229	-0.212	0.353	300	0.315831713492932
SMCO3	0.234	-0.114	0.397	225	0.348255181940828
H3-5	0.432	0.327	0.632	135	0.333579251960673
DBX2	0.33	0.129	0.535	339	0.305183682227493
PLEKHG7	0.222	-0.134	0.381	379	0.3176722958732
ALG11	0.196	-0.263	0.319	492	0.327318923035483
MZT1	0.237	-0.067	0.423	82	0.321712627095809
OR11H12	0.255	-0.072	0.42	326	0.325040768598339
RNASE13	0.381	0.248	0.597	156	0.354469928607719
CCDC196	0.24	-0.132	0.391	297	0.34383966460214
CCDC88C	0.536	0.53	0.747	2028	0.341743633821341
GOLGA8B	0.352	0.166	0.556	603	0.338283244850745
EIF2AK4	0.285	0.013	0.469	1649	0.328140861599894
UNC13C	0.219	-0.247	0.337	2214	0.320894220484498
GOLGA6L9	0.37	0.18	0.557	432	0.325133684025647
SMIM22	0.534	0.556	0.762	88	0.33237280473027
NPIPB15	0.273	-0.062	0.424	443	0.302899533427729
CTRB2	0.68	0.728	0.856	263	0.363064287053155
RNASEK	0.398	0.356	0.651	137	0.31867492515204
GPR179	0.37	0.173	0.561	2367	0.318720558432284
HSBP1L1	0.26	0.036	0.478	74	0.344944477808725
PLIN5	0.624	0.646	0.811	463	0.335072536006336
ZNF506	0.207	-0.323	0.301	444	0.335635407741581
ZNF724	0.222	-0.3	0.32	619	0.345986829290112
PSG8	0.29	0.071	0.5	426	0.306096055820003
PRAMEF11	0.364	0.265	0.594	478	0.331188997317048
PRAMEF6	0.368	0.262	0.594	476	0.332745865527906
HNRNPCL2	0.308	-0.011	0.472	293	0.358290329568629
UQCRHL	0.316	0.106	0.528	91	0.320054236387369
MICOS10	0.23	-0.096	0.417	78	0.307357929146318
CFAP144	0.369	0.18	0.558	134	0.328195690813656
ZYG11A	0.251	-0.067	0.42	759	0.323533437049424
BCL2L15	0.288	-0.004	0.465	163	0.362108557997128
NUDT4B	0.284	-0.002	0.469	181	0.320122477562257
H2BC18	0.674	0.754	0.869	134	0.350451822470456
ETV3L	0.446	0.364	0.658	361	0.319629567846498
LRRC52	0.401	0.35	0.647	313	0.333501196265952
RHEX	0.37	0.176	0.567	172	0.316383119769882
TRIM67	0.559	0.57	0.773	783	0.350698167174637
MAP1LC3C	0.513	0.486	0.723	147	0.329215181460728
RIMBP3B	0.489	0.465	0.713	1639	0.31775557661639
PIWIL3	0.225	-0.165	0.372	882	0.311765416991699
SHISA8	0.659	0.765	0.874	397	0.292746476256915
ODF3B	0.616	0.679	0.83	253	0.302628500115728
CAPN14	0.425	0.328	0.636	684	0.338520958648196
TMEM89	0.501	0.522	0.738	159	0.296927923347351
IQCF6	0.447	0.495	0.716	107	0.305755051524181
UQCC5	0.41	0.312	0.621	70	0.331814028349548
MTHFD2L	0.21	-0.202	0.35	347	0.299247725201808
TMEM150C	0.261	-0.039	0.441	249	0.326793276801204
C4orf47	0.202	-0.411	0.262	309	0.318091560441461
MARCHF11	0.39	0.306	0.63	402	0.299893828596282
C6orf226	0.453	0.429	0.694	101	0.277109187710479
TMEM151B	0.683	0.804	0.896	566	0.313091206890604
OOEP	0.373	0.25	0.593	149	0.309651127907576
CALHM6	0.453	0.424	0.69	315	0.332605675819854
ZNF716	0.226	-0.258	0.34	495	0.327399586559236
TYW1B	0.289	0.002	0.469	668	0.330221843730814
SPDYE3	0.441	0.346	0.648	549	0.326611490759358
SPDYE2	0.431	0.366	0.655	402	0.316489653065625
AKR1B15	0.377	0.195	0.572	344	0.349561144411104
CTAGE15	0.188	-0.37	0.269	777	0.313215034006781
OR4F21	0.297	0.083	0.503	312	0.317349449367924
AARD	0.458	0.469	0.711	155	0.308611860691343
LRRC24	0.621	0.715	0.843	513	0.311590326523561
NUTM2G	0.424	0.28	0.62	741	0.31599916246373
STPG3	0.478	0.413	0.687	386	0.298891102454364
NRARP	0.834	0.95	0.973	114	0.373214573223717
CENPVL2	0.646	0.726	0.853	272	0.304205786605511
RTL8B	0.638	0.722	0.849	113	0.321129189364319
CT45A3	0.227	-0.271	0.322	189	0.326057002594992
CT45A5	0.227	-0.263	0.328	189	0.327364564240857
SPANXN4	0.282	-0.132	0.412	99	0.355584619696959
PGAM4	0.425	0.308	0.628	254	0.340540324143194
CDNF	0.344	0.138	0.539	187	0.344093486544791
FRG2B	0.344	0.091	0.522	278	0.324326950281228
OR5B3	0.275	-0.016	0.455	314	0.329032824118288
TSPAN11	0.587	0.651	0.811	253	0.37024650811212
OR9K2	0.243	-0.101	0.399	335	0.321828051631055
OR4Q3	0.304	0.105	0.512	313	0.340486160632128
OR4M1	0.28	0.048	0.478	313	0.33388290892284
TARM1	0.327	0.1	0.52	279	0.322873208147416
ANKRD65	0.585	0.653	0.811	399	0.298728514316987
PRAMEF7	0.432	0.381	0.661	474	0.329741371017293
PRAMEF25	0.367	0.264	0.595	478	0.328096268399429
BECN2	0.479	0.442	0.699	431	0.344215894790878
OR13G1	0.313	0.085	0.502	307	0.337075116770231
SULT1C3	0.28	-0.055	0.439	304	0.335939390157816
GALNTL6	0.313	0.047	0.488	601	0.328535398718066
OR2B3	0.274	0.006	0.459	313	0.324817805757387
OR2J1	0.248	-0.038	0.433	312	0.299341153971714
OR2J3	0.261	-0.021	0.446	311	0.307113928629655
OR14J1	0.27	0.013	0.459	321	0.323441212829443
OR10C1	0.488	0.503	0.727	312	0.328688994384994
PTCHD4	0.368	0.27	0.604	846	0.324081166809971
RFPL4B	0.326	0.112	0.522	263	0.320251844825456
ZNF727	0.237	-0.227	0.35	499	0.34421254035213
OR2A2	0.368	0.281	0.607	318	0.340040748127926
FOXB2	0.612	0.67	0.828	432	0.310099774077352
FAM47C	0.372	0.167	0.558	1035	0.280338808589485
SPDYE5	0.43	0.372	0.658	402	0.316887423997528
LMOD2	0.309	0.02	0.477	547	0.325555499176752
PRY2	0.264	0.015	0.461	147	0.323222774380373
BPY2B	0.254	-0.054	0.422	106	0.305285165417517
BPY2C	0.254	-0.054	0.422	106	0.305285165417517
ASPA	0.221	-0.226	0.342	313	0.33423737240132
MYO1B	0.265	-0.054	0.432	1136	0.352180233654165
CITED1	0.365	0.147	0.555	219	0.329801307388421
MSH2	0.207	-0.232	0.341	934	0.335145071463826
MSH3	0.216	-0.213	0.35	1137	0.315710191885216
MSH4	0.176	-0.371	0.263	936	0.314298564178361
MSH5	0.369	0.247	0.591	835	0.326044427640641
ASPH	0.245	-0.148	0.393	758	0.314020001732769
MSI1	0.5	0.461	0.718	362	0.326174777422298
IGFL4	0.408	0.279	0.613	124	0.348271089039302
ASS1	0.514	0.487	0.726	412	0.365570712003979
ARHGEF35	0.295	-0.016	0.465	484	0.319141206720125
SULT1A4	0.564	0.57	0.772	295	0.337251999223675
TRIM6-TRIM34	0.306	0.068	0.498	842	0.329844584900231
ZNG1C	0.194	-0.242	0.33	395	0.317132216510428
POTEE	0.334	0.124	0.534	1075	0.347114703628145
PALM2AKAP2	0.346	0.113	0.531	1103	0.322042460083846
MSMB	0.322	0.043	0.5	114	0.365180382171613
MSN	0.452	0.336	0.644	577	0.382570410670258
MSR1	0.217	-0.222	0.347	469	0.308958779785405
MSRA	0.39	0.241	0.604	235	0.335340866602764
MST1	0.474	0.426	0.695	725	0.327131590663501
MST1R	0.421	0.309	0.63	1400	0.313288299335377
MSX1	0.611	0.69	0.836	303	0.310197400818866
MSX2	0.501	0.48	0.725	267	0.302455838890832
FRG2	0.34	0.078	0.516	279	0.326600878548925
KPRP	0.357	0.079	0.517	579	0.324520458691594
LCE6A	0.301	-0.082	0.436	80	0.324293636884854
MT1A	0.647	0.596	0.797	61	0.479766764719072
MT1B	0.599	0.503	0.75	61	0.475939199680471
MT1E	0.436	0.323	0.642	127	0.348806438303254
MT1F	0.623	0.6	0.8	61	0.482532625175388
MT1G	0.667	0.641	0.82	62	0.495861043621428
MT1H	0.692	0.67	0.833	61	0.508168331937976
MT1M	0.659	0.669	0.833	61	0.462134208012675
MT1X	0.62	0.569	0.783	61	0.489279248133869
MT2A	0.684	0.669	0.833	61	0.501341737501794
MT3	0.6	0.493	0.746	68	0.450314046637011
MTAP	0.276	-0.003	0.463	283	0.315890053804672
MTCP1	0.292	0.127	0.525	107	0.29987158353205
MTF1	0.29	-0.057	0.445	753	0.303691045100256
NUDT1	0.562	0.537	0.754	179	0.345147710452727
MTHFD1	0.285	0.006	0.467	935	0.329687352150451
MTHFR	0.512	0.477	0.72	697	0.339060065732439
MTIF2	0.171	-0.394	0.256	727	0.316197506596775
MTM1	0.205	-0.257	0.321	603	0.31559372785673
MYO1F	0.586	0.612	0.792	1098	0.354528188817532
MTNR1A	0.499	0.534	0.746	350	0.35485541369804
MTNR1B	0.546	0.562	0.761	362	0.359750815312164
MTTP	0.259	-0.052	0.435	921	0.331714659908856
MTR	0.272	-0.036	0.444	1265	0.339304998328441
MTRR	0.232	-0.131	0.393	725	0.307128638911184
MTX1	0.475	0.422	0.688	466	0.299008434991782
MUC1	0.397	0.204	0.586	484	0.301154354235113
MUC3A	0.354	0.059	0.511	3323	0.252653114515372
MUC4	0.34	0.09	0.528	5412	0.258531631107698
MUC5AC	0.489	0.342	0.66	5654	0.298481945590418
MUC6	0.513	0.441	0.709	2439	0.301806085832803
MUC7	0.238	-0.379	0.286	377	0.285154009492813
TRIM37	0.202	-0.307	0.302	964	0.310014882119337
MUSK	0.31	0.059	0.496	869	0.330209819328135
MMUT	0.189	-0.363	0.268	750	0.324077357031026
MUTYH	0.423	0.318	0.636	546	0.326708301451212
MVD	0.599	0.633	0.804	400	0.334186816438581
MVK	0.431	0.394	0.672	396	0.329965765829928
MX1	0.4	0.293	0.619	662	0.352771723689967
ASTN1	0.446	0.368	0.662	1294	0.334106214403742
MX2	0.376	0.24	0.59	715	0.352218064813753
MXI1	0.376	0.232	0.588	295	0.313760169030298
MYB	0.26	-0.111	0.412	761	0.308794078645966
MYBL1	0.186	-0.381	0.265	752	0.318242291617407
MYBPC1	0.281	-0.091	0.422	1173	0.337279252036254
MYBL2	0.515	0.449	0.705	700	0.33249341279455
MYBPC2	0.522	0.505	0.738	1141	0.347372455532477
MYBPC3	0.556	0.532	0.752	1274	0.339383847708219
MYBPH	0.526	0.473	0.72	477	0.333327249185682
MYC	0.501	0.473	0.721	454	0.33053620507844
MYCL	0.468	0.407	0.687	394	0.332138737655383
MYCN	0.561	0.584	0.78	464	0.323669072365303
MYD88	0.462	0.387	0.668	317	0.329208728579688
GADD45B	0.619	0.697	0.838	160	0.370485884977556
MYF5	0.437	0.327	0.644	255	0.328718719664255
MYF6	0.412	0.303	0.626	242	0.326724280621624
MYH1	0.375	0.193	0.568	1939	0.372682490498896
SERPINC1	0.374	0.215	0.581	464	0.344825154209827
MYH2	0.38	0.212	0.577	1941	0.372647639649233
MYH3	0.428	0.325	0.638	1940	0.369447807698387
MYH4	0.359	0.167	0.555	1939	0.369658281061301
MYH6	0.618	0.641	0.808	1939	0.385241527500753
MYH7	0.608	0.611	0.791	1935	0.382279277708271
MYH8	0.335	0.128	0.534	1937	0.364277095549176
MYH9	0.642	0.675	0.825	1960	0.389151256364915
MYH10	0.333	0.134	0.533	2007	0.35778991223167
MYH11	0.529	0.519	0.742	1979	0.377684768008044
ZFHX3	0.416	0.289	0.626	3703	0.335343942096989
MYL1	0.335	0.063	0.508	194	0.361808016374056
MYL2	0.443	0.305	0.635	166	0.393787042566553
MYL3	0.493	0.387	0.677	195	0.363999794959394
MYL4	0.455	0.317	0.642	197	0.372189991272282
MYL5	0.646	0.69	0.836	173	0.393300782282975
MYL6	0.456	0.339	0.653	151	0.357336330936764
MYLK	0.426	0.306	0.634	1914	0.341444232999329
MYO1A	0.407	0.311	0.629	1043	0.357680091949202
MYO1C	0.557	0.561	0.762	1063	0.343625331684747
MYO1D	0.295	0.036	0.482	1006	0.345314620519829
MYO1E	0.347	0.165	0.553	1108	0.349345463111173
MYO5A	0.295	0.037	0.479	1855	0.341371108720845
MYO5B	0.426	0.343	0.646	1848	0.354657898588664
MYO6	0.215	-0.252	0.327	1285	0.332827521911435
MYO7A	0.604	0.627	0.799	2215	0.3550463650702
MYO7B	0.594	0.621	0.795	2116	0.350683626618573
MYO9A	0.221	-0.203	0.353	2548	0.322126272177976
MYO9B	0.571	0.59	0.78	2022	0.351954677647085
MYO10	0.404	0.305	0.627	2058	0.342333399504772
MYOC	0.399	0.269	0.608	504	0.333345697619795
MYOD1	0.668	0.73	0.857	320	0.310198241537258
MYOG	0.607	0.618	0.795	224	0.333318027537777
PPP1R12A	0.193	-0.365	0.276	1030	0.303677531985215
ATF1	0.208	-0.284	0.321	271	0.310909029240291
PPP1R12B	0.294	-0.03	0.45	1043	0.310990162787079
MYT1	0.498	0.42	0.695	1121	0.342276097790945
NAB1	0.261	-0.062	0.432	487	0.31970306807398
NAB2	0.447	0.382	0.668	525	0.303352486923716
NACA	0.238	-0.215	0.365	925	0.306690689336821
NAGA	0.512	0.485	0.721	411	0.353902749934581
NAGLU	0.56	0.568	0.768	743	0.335847784520247
ATF3	0.363	0.2	0.571	181	0.354517438454825
HNRNPM	0.345	0.137	0.539	730	0.320237574421294
NAIP	0.241	-0.112	0.401	1403	0.326641352995335
NAP1L1	0.195	-0.405	0.26	391	0.340945563259933
NAP1L2	0.219	-0.255	0.336	460	0.335810993374605
NAP1L3	0.26	-0.163	0.389	506	0.325645667584622
NAP1L4	0.248	-0.163	0.391	375	0.329466079850126
NARS1	0.25	-0.123	0.397	548	0.323019771422357
NASP	0.24	-0.218	0.367	788	0.341920010105202
ATF4	0.352	0.147	0.549	351	0.326428657366267
CEACAM6	0.354	0.186	0.569	344	0.317860439373113
NBL1	0.57	0.517	0.748	216	0.343019009280546
NUBP1	0.376	0.249	0.6	320	0.337848333129951
NBN	0.182	-0.407	0.253	754	0.317335495505018
NCAM1	0.462	0.368	0.667	884	0.353666610565001
NCAM2	0.211	-0.258	0.33	837	0.320354408271696
NCBP1	0.224	-0.193	0.358	790	0.320348229454038
NCF2	0.385	0.232	0.594	526	0.367900644736247
NCF4	0.48	0.438	0.699	348	0.31855339586386
NCK1	0.195	-0.334	0.299	377	0.325586847656214
NCL	0.247	-0.238	0.36	710	0.335863418285111
NDN	0.614	0.655	0.815	321	0.325725901724402
NDP	0.417	0.338	0.643	133	0.305962372356408
NDUFA1	0.292	0.014	0.462	70	0.32875686531101
NDUFA2	0.407	0.352	0.649	99	0.31980302380158
NDUFA3	0.591	0.639	0.81	84	0.356491353170396
NDUFA4	0.323	0.048	0.487	81	0.342370031557699
NDUFA5	0.191	-0.288	0.303	116	0.334114112680661
ACLY	0.433	0.346	0.651	1101	0.347386100761055
NDUFA6	0.375	0.206	0.576	154	0.318247800908232
NDUFA7	0.504	0.453	0.706	113	0.328203171108855
NDUFA8	0.319	0.038	0.488	172	0.322094388714344
NEB	0.321	0.049	0.497	8560	0.362741560840079
NDUFA9	0.248	-0.09	0.412	377	0.303697304553397
NDUFA10	0.353	0.19	0.565	355	0.328236714308791
NDUFAB1	0.278	0.097	0.51	156	0.320635450516412
NDUFB1	0.245	0.01	0.464	105	0.312979710535493
NDUFB2	0.333	0.105	0.52	105	0.287916815451033
NDUFB3	0.208	-0.347	0.297	98	0.31227121955292
ATIC	0.243	-0.128	0.399	592	0.334368560479692
NDUFB4	0.295	0.05	0.476	129	0.318720692057486
NDUFB5	0.206	-0.22	0.335	189	0.309151750712967
NDUFB6	0.266	-0.092	0.415	128	0.307883382472335
NDUFB7	0.724	0.785	0.884	137	0.349953788889667
NDUFB8	0.418	0.261	0.611	186	0.331751096641649
NDUFB9	0.342	0.144	0.542	179	0.330031211922625
NDUFB10	0.537	0.479	0.722	172	0.400889405405461
NDUFC1	0.345	0.253	0.589	76	0.310604940013563
NDUFC2	0.284	0.031	0.466	119	0.302929967512872
NDUFS1	0.211	-0.256	0.326	741	0.322252721087133
ATM	0.18	-0.312	0.291	3056	0.318380665680908
NDUFS2	0.325	0.077	0.503	463	0.333729621823427
NDUFS3	0.372	0.225	0.584	264	0.321000739762927
NDUFV1	0.504	0.438	0.699	464	0.340104828985042
NDUFS4	0.209	-0.263	0.327	175	0.292130354324997
NDUFS5	0.284	-0.043	0.436	106	0.325549353593439
NDUFS6	0.405	0.323	0.639	124	0.324920362953196
NDUFS8	0.629	0.631	0.801	210	0.356546348335778
NDUFV2	0.21	-0.271	0.325	249	0.324367402120667
RERE	0.458	0.342	0.652	1566	0.30705256907444
NDUFV3	0.289	-0.029	0.462	473	0.313211929579401
DRG1	0.278	-0.037	0.44	367	0.348342837264525
NEDD4	0.195	-0.343	0.284	1319	0.301205712213647
SEPTIN2	0.289	0.007	0.465	396	0.325491848284871
RPL10A	0.462	0.423	0.69	217	0.371341128410616
NEDD8	0.321	0.097	0.506	81	0.350398855193966
NEDD9	0.388	0.236	0.595	834	0.333443409921005
ATOH1	0.482	0.445	0.706	354	0.314812060830153
NEFM	0.435	0.316	0.643	916	0.349527872746312
LRRC37A2	0.271	-0.083	0.427	1700	0.307042832097042
NSFP1	0.271	-0.083	0.427	1700	0.307042832097042
SPIN2B	0.261	-0.124	0.402	258	0.326576255092443
GIMAP6	0.392	0.271	0.609	362	0.338650732051735
LRRC18	0.495	0.51	0.73	261	0.348499024344727
H2AB2	0.513	0.547	0.752	115	0.297888977112995
H2AB1	0.511	0.546	0.752	115	0.296240714888496
F8A2	0.693	0.806	0.896	371	0.332687373009251
F8A3	0.693	0.806	0.896	371	0.332687373009251
NEFH	0.516	0.42	0.699	1020	0.362012162595594
NELL1	0.285	-0.024	0.457	838	0.342988486543498
NEFL	0.541	0.536	0.753	543	0.356804242792619
ATOX1	0.356	0.184	0.569	68	0.35894633595884
NEK1	0.176	-0.417	0.244	1286	0.320895651282192
NEK2	0.23	-0.122	0.387	445	0.331787197677294
NEK3	0.225	-0.183	0.365	506	0.324541269504374
NELL2	0.271	-0.084	0.425	866	0.340104859324234
NEO1	0.265	-0.118	0.408	1461	0.310430440064227
NEU1	0.426	0.334	0.645	415	0.309740571159466
NEU2	0.54	0.547	0.759	380	0.336195447300704
ATP1A1	0.324	0.097	0.514	1023	0.350253717645157
NEUROD1	0.461	0.369	0.668	356	0.320420872587412
NEUROD2	0.632	0.717	0.85	382	0.323178104631789
NEUROG1	0.596	0.642	0.807	237	0.293993584401195
NF1	0.217	-0.197	0.356	2839	0.313884278428907
ATP1A2	0.509	0.478	0.719	1020	0.359169342270571
NF2	0.391	0.239	0.589	595	0.358878067605326
NFATC1	0.558	0.584	0.78	943	0.307893633482134
NFATC2	0.49	0.451	0.71	925	0.327949172226649
NFIA	0.291	-0.037	0.454	554	0.285746882280625
NFATC3	0.204	-0.336	0.294	1075	0.289508749697527
NFATC4	0.432	0.294	0.627	964	0.303466400196737
NFE2	0.389	0.254	0.598	373	0.308857314059391
NFE2L1	0.438	0.349	0.651	772	0.329908862845821
ATP1A3	0.605	0.621	0.797	1026	0.369992508295914
NFE2L2	0.218	-0.231	0.349	605	0.315155792982
NFIB	0.271	-0.126	0.405	494	0.295625465968744
NFIC	0.601	0.652	0.815	508	0.311382760688586
NFIL3	0.251	-0.113	0.414	462	0.326015174063768
NFIX	0.532	0.518	0.745	441	0.322143146225375
ATP12A	0.407	0.292	0.619	1045	0.355044242669814
NFKB1	0.27	-0.078	0.426	969	0.317852945280048
NFKB2	0.455	0.366	0.662	900	0.320584123921436
NFKBIA	0.499	0.481	0.721	317	0.343366227546725
NFKBIB	0.485	0.435	0.698	356	0.316973109532327
NFKBIE	0.447	0.418	0.686	500	0.302226799750533
NFKBIL1	0.421	0.299	0.622	381	0.308137129073749
TONSL	0.551	0.555	0.759	1378	0.327416032508028
NFRKB	0.338	0.124	0.536	1324	0.31535270513775
NFX1	0.272	-0.116	0.413	1120	0.324123501969969
ACO1	0.274	-0.04	0.445	889	0.339515547757457
ATP1A4	0.405	0.285	0.615	1029	0.348168719578277
NFYA	0.298	0.006	0.478	347	0.346599394609602
NFYB	0.171	-0.472	0.225	207	0.30683656120303
NFYC	0.385	0.219	0.588	458	0.344833742399753
NGF	0.418	0.292	0.622	241	0.316137304639772
NGFR	0.634	0.659	0.821	427	0.34857480458843
NHLH1	0.62	0.647	0.808	133	0.312749637763285
NHLH2	0.716	0.82	0.902	135	0.314127710466223
SNU13	0.438	0.369	0.659	128	0.375793942242737
ATP1B1	0.321	0.062	0.5	303	0.350521603951235
NHS	0.304	0.005	0.474	1630	0.297184211795161
NID1	0.423	0.307	0.634	1247	0.331947505042022
NINJ1	0.711	0.82	0.903	152	0.375527950487526
NINJ2	0.473	0.44	0.698	188	0.33237784177345
NIT1	0.335	0.1	0.514	327	0.322570984592638
NKG7	0.518	0.491	0.727	165	0.316656884420509
ATP1B2	0.511	0.482	0.727	290	0.379045404099528
NKTR	0.214	-0.298	0.314	1462	0.289288628375652
NKX2-2	0.66	0.735	0.86	273	0.335269469139189
NKX3-1	0.542	0.56	0.765	234	0.321783666434148
NKX6-1	0.586	0.636	0.808	367	0.31410484607019
NNAT	0.498	0.484	0.718	81	0.345646679800168
NMB	0.437	0.384	0.664	154	0.300747379978922
NMBR	0.364	0.246	0.591	390	0.331959408109738
ATP1B3	0.226	-0.194	0.366	279	0.330440181943669
NME1	0.342	0.175	0.56	177	0.330432649937894
NME2	0.454	0.364	0.66	152	0.361418224879584
NME3	0.676	0.762	0.87	169	0.342254094728118
NME4	0.607	0.674	0.824	187	0.305859618475738
NQO2	0.351	0.142	0.545	231	0.340174556138425
NMT1	0.425	0.308	0.633	496	0.343408465930272
NNMT	0.436	0.353	0.654	264	0.350732240608201
NODAL	0.463	0.42	0.688	347	0.32092384622535
NOP2	0.379	0.184	0.568	845	0.343985264994189
NONO	0.295	-0.038	0.445	471	0.326692721337249
NOS1	0.464	0.41	0.685	1468	0.33898674456336
NOS2	0.494	0.448	0.705	1153	0.339904358197977
NOS3	0.596	0.606	0.789	1203	0.33166969500408
CNOT2	0.22	-0.246	0.341	540	0.300538420910059
CNOT3	0.526	0.467	0.721	753	0.334941729684074
CNOT4	0.266	-0.11	0.416	713	0.301000593858221
NOTCH1	0.687	0.721	0.854	2555	0.371663545348344
NPY	0.411	0.368	0.652	97	0.300546198445911
NOTCH2	0.356	0.092	0.524	2471	0.353600459782127
NOTCH3	0.529	0.478	0.725	2321	0.337944584582375
NOTCH4	0.433	0.295	0.629	2003	0.334965943703807
CCN3	0.452	0.343	0.653	357	0.343376086043225
NOVA1	0.23	-0.203	0.365	507	0.323476186052077
NOVA2	0.625	0.684	0.834	492	0.364368376106053
FXYD2	0.463	0.483	0.719	66	0.33890524468371
PNP	0.297	0.001	0.467	289	0.325432298675149
NPAS1	0.584	0.643	0.809	590	0.30289209781561
NPAS2	0.385	0.265	0.609	824	0.311255406071605
NPAT	0.179	-0.425	0.25	1427	0.309341712712734
NPC1	0.334	0.13	0.536	1278	0.338174418539724
NPHP1	0.201	-0.252	0.324	733	0.305132675715795
NPHS1	0.472	0.424	0.692	1241	0.314517578608225
NPM1	0.206	-0.343	0.299	294	0.321873070268579
ATP2A1	0.529	0.529	0.747	1001	0.361109936248374
NPPA	0.391	0.318	0.632	151	0.307983709820633
NPPB	0.476	0.488	0.721	134	0.288008029682355
ATP2A2	0.301	0.037	0.484	1042	0.341056925009171
NPPC	0.598	0.7	0.837	126	0.326180109487864
NPR1	0.506	0.494	0.726	1061	0.327762118648181
NPR2	0.362	0.203	0.569	1047	0.324458530936573
NPR3	0.377	0.277	0.612	541	0.31835783366427
NPTX1	0.685	0.744	0.863	432	0.351201287540773
NPTX2	0.637	0.705	0.841	431	0.332540858853989
NPY1R	0.255	-0.061	0.425	384	0.34085358691282
NPY2R	0.366	0.225	0.58	381	0.343479852482192
NPY5R	0.181	-0.273	0.308	445	0.302363128253567
ATP2A3	0.62	0.648	0.811	1052	0.345721842803496
SLC11A2	0.294	0.033	0.481	590	0.33334821411169
NRAP	0.363	0.152	0.551	1731	0.350934864788857
NRAS	0.254	-0.126	0.401	189	0.326687343312748
NRCAM	0.242	-0.166	0.382	1304	0.322195035819897
NRDC	0.247	-0.144	0.39	1219	0.329525673063414
NRF1	0.3	-0.009	0.471	522	0.324691375348532
ACR	0.372	0.196	0.573	421	0.315453924426767
ATP2B1	0.177	-0.384	0.257	1220	0.315462509070512
NRGN	0.607	0.649	0.816	78	0.33970786878622
NRL	0.57	0.581	0.774	237	0.307015390170553
NRTN	0.659	0.775	0.874	197	0.289593113438549
YBX1	0.32	0.013	0.483	324	0.321705581656111
NSF	0.256	-0.075	0.421	744	0.339574859641999
NT5E	0.29	0.04	0.486	574	0.328595262105916
NTF3	0.37	0.258	0.6	270	0.328046725390022
NTF4	0.408	0.303	0.623	210	0.303238101965605
ATP2B2	0.556	0.566	0.768	1243	0.356596032839802
NTHL1	0.528	0.499	0.731	312	0.329661091585797
NTRK1	0.554	0.568	0.768	796	0.335870858481453
NTRK2	0.355	0.159	0.551	838	0.338050620092247
NTRK3	0.447	0.381	0.667	839	0.347504184978054
NTN3	0.601	0.617	0.795	580	0.318916017000277
ROR1	0.309	0.03	0.483	937	0.322901549372554
ATP2B3	0.573	0.607	0.789	1220	0.353878450881915
ROR2	0.57	0.58	0.776	943	0.343017692050871
DDR2	0.347	0.126	0.532	855	0.332883615993464
NTS	0.2	-0.253	0.321	170	0.31848430916437
NTSR1	0.751	0.851	0.92	418	0.34014032594249
PPDPFL	0.193	-0.307	0.309	84	0.292358949932392
IGIP	0.266	-0.063	0.44	53	0.340712531625077
NUCB1	0.543	0.528	0.746	461	0.336308683509834
NUCB2	0.183	-0.357	0.274	420	0.325721456676738
NUMA1	0.471	0.404	0.68	2115	0.356015806328681
NUP88	0.233	-0.124	0.394	741	0.309572252287562
NUP98	0.249	-0.16	0.385	1800	0.304755831000022
NR4A2	0.425	0.355	0.659	598	0.339190172521883
ATP2B4	0.377	0.216	0.578	1205	0.347507770618069
NVL	0.216	-0.219	0.343	856	0.313335921449984
GPR143	0.407	0.323	0.633	404	0.327525338376653
COA5	0.351	0.121	0.534	74	0.369887119264514
OAS1	0.394	0.287	0.615	414	0.334839683613971
TRIM72	0.682	0.741	0.86	477	0.334425654570999
CISD2	0.217	-0.183	0.356	135	0.329602000134117
CCDC73	0.166	-0.435	0.239	1079	0.328954950607086
EID3	0.272	-0.044	0.442	333	0.330714809958737
GPX8	0.23	-0.152	0.385	209	0.32011802582443
OAS2	0.349	0.16	0.55	719	0.338546560550327
RNASE12	0.269	-0.057	0.433	147	0.345502243571116
PHOSPHO2	0.158	-0.463	0.222	241	0.311301767946199
OAS3	0.491	0.446	0.703	1087	0.34865022810336
RBMXL1	0.185	-0.446	0.232	390	0.255356216011902
SPANXN1	0.281	-0.056	0.449	72	0.3416809287552
SPANXN2	0.308	-0.007	0.478	180	0.326583225321229
CHAC2	0.212	-0.259	0.33	184	0.322990239318306
FBXO47	0.201	-0.217	0.337	452	0.306083859004438
SPANXN5	0.289	0.005	0.478	72	0.326346741545115
OAT	0.228	-0.185	0.364	439	0.331783488301954
TBC1D25	0.423	0.322	0.635	688	0.30906949642845
RNF165	0.461	0.389	0.674	346	0.320268583053768
PJVK	0.196	-0.304	0.297	352	0.307098523336477
WEE2	0.26	-0.118	0.405	567	0.319005754541326
OAZ1	0.462	0.442	0.7	228	0.309436198853126
OAZ2	0.337	0.153	0.546	189	0.323051005905624
OCA2	0.361	0.252	0.591	838	0.317260358491617
ATP4A	0.588	0.601	0.786	1035	0.363842150146507
OCM2	0.34	0.125	0.543	109	0.339009634495913
OCRL	0.272	-0.025	0.448	901	0.33946118441265
ODC1	0.273	-0.077	0.431	461	0.335995558487136
ODF1	0.342	0.129	0.533	250	0.355055770873594
ODF2	0.408	0.297	0.622	829	0.346393313109149
OMD	0.182	-0.374	0.265	421	0.326257536021889
ATP4B	0.569	0.579	0.778	291	0.371535869258855
OGDH	0.45	0.354	0.655	1034	0.348388177172238
OGG1	0.405	0.288	0.617	424	0.319862693746803
OGN	0.198	-0.235	0.328	298	0.317996568915886
TIFAB	0.495	0.472	0.713	161	0.308379129840248
CLEC18B	0.549	0.525	0.747	455	0.345725312689662
OLR1	0.263	-0.045	0.442	273	0.341457214200881
OMG	0.222	-0.189	0.36	440	0.309159663998291
OMP	0.663	0.748	0.864	163	0.330904967185914
OPA1	0.191	-0.292	0.303	997	0.318134598595693
C18orf32	0.237	-0.2	0.361	76	0.332431156825425
OPCML	0.371	0.232	0.59	345	0.332055613840126
ATP5F1A	0.237	-0.164	0.372	553	0.342726945401572
TNFRSF11B	0.303	0.053	0.497	401	0.332132111534807
OPHN1	0.311	0.029	0.481	802	0.331844710728755
OPRD1	0.704	0.796	0.89	372	0.350762887336844
ZBTB21	0.264	-0.103	0.417	1066	0.31980417993824
SCAPER	0.217	-0.242	0.337	1400	0.33054114250417
WRAP73	0.48	0.48	0.721	460	0.333312696244311
OPRK1	0.475	0.462	0.708	380	0.33626954762648
CRNN	0.385	0.2	0.582	495	0.319333018828068
CLDN20	0.328	0.121	0.527	219	0.331603027167622
OPRL1	0.593	0.676	0.824	370	0.345287729983919
OPRM1	0.369	0.229	0.584	493	0.329618495020547
SIX6	0.535	0.535	0.75	246	0.329704439154729
OR1D2	0.421	0.374	0.658	312	0.336742955071838
OR1F1	0.423	0.361	0.655	312	0.335324532173238
OR2C1	0.444	0.421	0.682	312	0.341855667598143
OR3A1	0.407	0.32	0.631	315	0.329667190715194
OR3A2	0.382	0.297	0.619	321	0.334541254626762
ORC1	0.309	0.049	0.487	861	0.316707828713907
ORC2	0.192	-0.276	0.315	577	0.31461322265947
ACO2	0.503	0.444	0.703	780	0.360326861420658
ORC4	0.167	-0.333	0.278	436	0.307342255295079
ORC5	0.19	-0.306	0.294	435	0.314367331766441
SLC22A18	0.609	0.716	0.845	424	0.325331884647634
SLC22A18AS	0.325	0.078	0.51	150	0.286162184862387
ORM1	0.469	0.414	0.687	201	0.359092189214812
ORM2	0.458	0.391	0.675	201	0.351029936716496
OSBP	0.334	0.121	0.533	807	0.329195386698594
OSM	0.518	0.552	0.753	252	0.308642460392513
OTC	0.236	-0.155	0.377	354	0.318834179573499
ALDH7A1	0.271	-0.073	0.426	539	0.328816963431069
CLDN11	0.555	0.588	0.778	207	0.366188481845388
OTX1	0.531	0.519	0.75	354	0.315751270967183
OTX2	0.333	0.063	0.509	297	0.316931575454195
OVGP1	0.304	0.034	0.485	678	0.310702465355159
OVOL1	0.648	0.672	0.826	267	0.351050830671815
OXA1L	0.289	0.068	0.495	495	0.298886542555072
OXCT1	0.227	-0.208	0.355	520	0.319058470371294
OXT	0.732	0.832	0.911	125	0.378267509210235
OXTR	0.698	0.801	0.892	389	0.337737354560802
P2RX1	0.567	0.559	0.765	399	0.365057154470163
P2RX3	0.507	0.494	0.732	397	0.362307979508872
P2RX4	0.452	0.382	0.67	404	0.362469606961389
P2RX5	0.504	0.485	0.726	422	0.362939403937195
P2RX7	0.44	0.347	0.651	595	0.351518034499153
P2RY1	0.418	0.33	0.638	373	0.35122389652568
P2RY2	0.585	0.628	0.797	377	0.327622159129672
P2RY4	0.428	0.366	0.654	365	0.310017089810015
P2RY6	0.568	0.566	0.764	328	0.344719295348356
P2RY11	0.633	0.686	0.831	374	0.343905054151208
P4HA1	0.205	-0.303	0.302	534	0.315960186284916
P4HB	0.541	0.483	0.727	508	0.370962463434392
MS4A13	0.159	-0.41	0.224	152	0.293552533335317
SPRN	0.562	0.643	0.808	151	0.293134364417835
ARGFX	0.295	-0.009	0.465	315	0.313419582401688
PA2G4	0.293	-0.011	0.47	394	0.346924958584091
DEFB107A	0.166	-0.391	0.239	70	0.34739884279046
DEFB107B	0.166	-0.391	0.239	70	0.34739884279046
DEFB104B	0.191	-0.174	0.343	72	0.314087600142696
PEBP1	0.48	0.454	0.711	187	0.325360284124494
DPRX	0.306	0.064	0.5	191	0.319522158770328
DUXA	0.225	-0.187	0.364	204	0.325668965529894
DEFB106B	0.326	0.068	0.5	65	0.390791003429621
DEFB105B	0.295	-0.024	0.447	78	0.349191453487409
PABPC3	0.235	-0.212	0.36	631	0.32727787122429
FURIN	0.54	0.529	0.75	794	0.335862245162542
PCSK6	0.452	0.373	0.669	969	0.337217888040206
PAEP	0.558	0.584	0.774	180	0.346158766145314
PAFAH1B1	0.22	-0.241	0.345	410	0.307387643376974
RRM2B	0.225	-0.189	0.364	351	0.326493700983688
SMARCAL1	0.357	0.155	0.549	954	0.330158688636609
G0S2	0.732	0.83	0.908	103	0.393172135683918
PLA2G3	0.49	0.415	0.686	509	0.325250922269205
MINK1	0.525	0.494	0.73	1332	0.339625731854532
CD207	0.341	0.159	0.553	328	0.338465883157346
PAFAH1B2	0.262	-0.054	0.434	229	0.32921335449947
PAFAH1B3	0.475	0.425	0.691	231	0.32439825861158
DUOX2	0.518	0.496	0.728	1548	0.333569110235895
NOX4	0.235	-0.132	0.388	578	0.309450517228427
NOX3	0.318	0.127	0.53	568	0.318293016489521
COL5A3	0.375	0.161	0.561	1745	0.304720929212128
PAFAH2	0.37	0.199	0.573	392	0.341133695684913
SYCP3	0.191	-0.312	0.302	236	0.356737275242731
PODXL2	0.472	0.41	0.687	605	0.325243546043555
CHST11	0.554	0.552	0.76	352	0.358990276890768
PRDX1	0.293	-0.047	0.448	199	0.352500481621227
PAH	0.309	0.05	0.489	452	0.342826542119744
SERPINE1	0.505	0.486	0.726	402	0.336412857211373
SERPINB2	0.278	-0.021	0.458	415	0.332204025442104
PAK1	0.315	-0.011	0.465	553	0.344712884233797
ATP5F1B	0.276	-0.04	0.443	529	0.332408746802723
IL20	0.288	0.045	0.476	176	0.323028936148885
UBQLN3	0.328	0.081	0.509	655	0.312101049154149
GALNT9	0.661	0.714	0.845	603	0.35464723128683
IL21R	0.49	0.45	0.708	538	0.310882618955052
IL22	0.39	0.241	0.587	179	0.354590236683914
ATP6V0A4	0.354	0.187	0.56	840	0.342162748032975
ITSN2	0.233	-0.151	0.384	1697	0.330794355634554
DEF6	0.597	0.618	0.793	631	0.354980246179805
PAK2	0.238	-0.199	0.364	524	0.327556197155279
CUZD1	0.241	-0.158	0.384	607	0.31790553767351
ZFTRAF1	0.647	0.726	0.854	404	0.349057175127067
GEMIN4	0.453	0.409	0.68	1058	0.33474333509523
PAK3	0.239	-0.196	0.365	580	0.32312935730048
CALY	0.694	0.755	0.87	217	0.339074563568369
ANO7	0.583	0.616	0.793	933	0.342240733373431
PALM	0.623	0.658	0.819	387	0.330935824699582
PNPLA8	0.171	-0.387	0.254	782	0.31236824580863
ARHGEF4	0.572	0.564	0.766	690	0.350251514120221
ARHGEF3	0.303	0.083	0.506	558	0.319624770225511
SLC45A1	0.573	0.62	0.795	782	0.318267410666107
PAM	0.23	-0.208	0.36	974	0.30942703047708
CNTN3	0.226	-0.219	0.357	1028	0.313707359314136
NEUROG3	0.54	0.584	0.776	214	0.287566422547391
REG3A	0.381	0.202	0.577	175	0.314141474612554
PAPPA	0.437	0.329	0.645	1627	0.335049467251719
RDH8	0.491	0.46	0.709	331	0.344305476410926
PRKN	0.368	0.188	0.571	465	0.340112163453352
DCAF8	0.356	0.139	0.545	597	0.315856701963724
PARN	0.251	-0.113	0.41	639	0.329750710768312
PAWR	0.341	0.182	0.566	340	0.314262812699549
PAX1	0.557	0.592	0.783	534	0.30862553286232
PAX2	0.439	0.315	0.639	396	0.311686567728988
PAX3	0.416	0.298	0.627	505	0.313592925918896
PAX4	0.367	0.188	0.562	343	0.313899916176945
PAX5	0.436	0.334	0.648	391	0.315624748608942
PAX6	0.305	0.054	0.498	436	0.29894534197849
KCNK4	0.575	0.613	0.791	393	0.30907576068969
MYEF2	0.207	-0.287	0.319	600	0.29426522311525
IRX4	0.622	0.672	0.827	545	0.325338221818523
ASAP1	0.284	-0.02	0.456	1129	0.312785058624889
AK3	0.331	0.133	0.532	227	0.326265038160693
HP1BP3	0.276	-0.093	0.424	553	0.336672537096852
PAX7	0.571	0.578	0.776	520	0.32476538687399
HDGFL3	0.285	-0.118	0.422	203	0.327945480022083
COPS7A	0.407	0.3	0.624	275	0.363599785557842
NSDHL	0.405	0.275	0.612	373	0.343390703979602
PDCL	0.367	0.182	0.564	301	0.35626534880384
PAX9	0.557	0.556	0.765	341	0.335657804866264
TAS2R3	0.296	0.085	0.495	316	0.311461190268835
TAS2R4	0.276	-0.003	0.449	299	0.332235292732522
TAS2R16	0.258	0.021	0.456	291	0.309008236164665
TAS2R1	0.253	0.002	0.444	299	0.331554387606558
TAS2R9	0.227	-0.047	0.417	312	0.311549679786999
TAS2R8	0.196	-0.195	0.34	309	0.309583205530198
TAS2R7	0.225	-0.054	0.417	318	0.312018288315136
TAS2R13	0.212	-0.098	0.391	303	0.303050219566293
TAS2R10	0.198	-0.166	0.355	307	0.316138123954528
TAS2R14	0.224	-0.104	0.395	317	0.307297125445609
DHH	0.504	0.543	0.751	396	0.30284908454289
F11R	0.35	0.143	0.546	299	0.325846259944856
TRAT1	0.235	-0.17	0.376	186	0.323721207379869
VILL	0.535	0.529	0.749	856	0.344615100432193
SNHG32	0.237	-0.096	0.408	75	0.304367886984694
PARD6A	0.463	0.421	0.685	346	0.295214489032005
CLEC4A	0.258	-0.176	0.379	237	0.333470639459826
SPOCK3	0.253	-0.147	0.395	436	0.327376648775028
STMN3	0.742	0.807	0.897	180	0.350880824306075
RNF141	0.224	-0.241	0.342	230	0.333645076736115
NTM	0.402	0.292	0.623	355	0.338265242154534
HEBP1	0.349	0.134	0.545	189	0.343255164422544
PBX1	0.365	0.204	0.58	430	0.333826232594885
PBX2	0.455	0.363	0.663	430	0.331021585900608
ATP5F1C	0.253	-0.121	0.395	298	0.343495076820147
PBX3	0.318	0.041	0.493	434	0.336119355185366
PC	0.584	0.598	0.785	1178	0.351582933168143
PCBD1	0.448	0.302	0.626	104	0.356062264894086
PCBP1	0.429	0.358	0.656	356	0.336884243098633
CDON	0.255	-0.137	0.4	1287	0.310930010823536
IMPG2	0.237	-0.17	0.378	1241	0.311137470152111
PCBP2	0.33	0.101	0.518	366	0.323146825976779
PDE11A	0.295	0.024	0.475	933	0.329405218663931
FOXP3	0.512	0.452	0.708	431	0.319167379943135
SHANK1	0.561	0.572	0.774	2161	0.301623287928197
TBX22	0.267	-0.065	0.436	520	0.312311562128915
PCCA	0.222	-0.188	0.365	728	0.320223584370178
PCCB	0.317	0.078	0.507	559	0.323891872512843
SOST	0.707	0.776	0.88	213	0.333015813973663
PCDH1	0.486	0.415	0.69	1237	0.33276196569627
PCDHGC3	0.393	0.294	0.623	934	0.319778511338374
PCDH7	0.486	0.442	0.704	1072	0.341641235507679
TMED5	0.274	0.009	0.468	229	0.326193195507742
ACOX1	0.315	0.067	0.499	660	0.340930059157102
PCDH8	0.594	0.636	0.806	1070	0.318748710729053
SLC35B3	0.193	-0.26	0.321	401	0.317168969686695
MTERF3	0.21	-0.259	0.319	417	0.316088911354402
TPRKB	0.177	-0.321	0.282	214	0.309591941417452
MED31	0.237	-0.119	0.4	131	0.387194636444435
COQ6	0.311	0.079	0.508	468	0.317839547388597
AMDHD2	0.494	0.466	0.713	594	0.318389176813689
SLC35C2	0.491	0.537	0.746	394	0.325212432030236
ASCC1	0.248	-0.119	0.401	400	0.331297547615025
DERL2	0.25	-0.034	0.436	239	0.309236093040563
PCDH9	0.265	-0.101	0.417	1237	0.327765172248199
EXOSC3	0.257	-0.029	0.446	275	0.31285353339988
FAHD2A	0.392	0.282	0.619	314	0.335839779272464
PRELID3B	0.195	-0.337	0.291	194	0.28566167276782
EXOSC1	0.363	0.205	0.577	195	0.329761403757275
TMED7	0.276	-0.037	0.45	224	0.316511580768195
ISOC1	0.308	0.166	0.552	298	0.312928131015438
EMC9	0.411	0.314	0.633	208	0.353240962051323
RRP15	0.226	-0.276	0.335	282	0.328905334645761
WASHC3	0.193	-0.316	0.302	194	0.296623790265194
HDDC2	0.263	-0.019	0.454	204	0.314210464617878
MRPS16	0.309	0.072	0.492	137	0.31939487886136
GLRX2	0.234	-0.205	0.358	165	0.322868086946369
MRPS18C	0.212	-0.26	0.328	142	0.341136672002838
FIS1	0.558	0.581	0.776	152	0.39473800982051
PAM16	0.48	0.432	0.697	125	0.370840659134962
GOLT1B	0.163	-0.332	0.275	138	0.293327353848777
BOLA1	0.488	0.487	0.724	137	0.297339820590175
VPS36	0.252	-0.049	0.431	386	0.328010244758145
DESI2	0.225	-0.182	0.374	194	0.323804791022447
TVP23B	0.228	-0.142	0.383	205	0.304391366394791
GLOD4	0.279	-0.073	0.434	298	0.342605260583212
CELA2B	0.516	0.526	0.748	269	0.35755074752889
UBXN1	0.331	0.142	0.535	312	0.310732034470063
SERPINA5	0.488	0.475	0.718	406	0.349144933173041
ZNF593	0.529	0.486	0.723	134	0.288794647930537
ZBTB7B	0.477	0.383	0.674	573	0.317443206163121
ST8SIA3	0.28	0.017	0.473	380	0.320629092266412
PCK1	0.454	0.391	0.675	622	0.342437071232228
PI15	0.226	-0.228	0.349	258	0.320154238470571
PRLH	0.543	0.491	0.716	87	0.291751359023068
GMNN	0.202	-0.34	0.291	209	0.324802087526549
LAP3	0.274	-0.025	0.454	519	0.331651677270088
WDPCP	0.244	-0.078	0.411	746	0.315247465606766
ZNF691	0.408	0.262	0.61	315	0.308395243592845
FAM135B	0.304	0.05	0.492	1406	0.313521656639619
PCK2	0.447	0.337	0.644	640	0.328498977408603
TXNDC12	0.256	-0.13	0.398	172	0.325126238452369
TXNDC11	0.356	0.202	0.572	985	0.317717386086868
ATL1	0.243	-0.126	0.397	558	0.32633581145933
CALHM2	0.605	0.623	0.796	323	0.36018106506078
RPS27L	0.2	-0.292	0.317	84	0.311392410533192
SSUH2	0.452	0.396	0.677	375	0.340287517957359
YARS2	0.308	0.108	0.517	477	0.305988614037382
NMD3	0.211	-0.263	0.325	529	0.333354665760187
MRPL2	0.38	0.23	0.583	305	0.326719556952495
NOSIP	0.612	0.639	0.808	304	0.336909809724341
DERA	0.23	-0.17	0.368	318	0.316867721003228
MEMO1	0.222	-0.225	0.346	297	0.318447327004743
MRPL4	0.545	0.595	0.781	311	0.300251597481269
APIP	0.221	-0.243	0.342	242	0.324141800327262
TMX2	0.338	0.162	0.546	296	0.330940572060256
CUTC	0.209	-0.227	0.337	273	0.300205887157373
FCF1	0.239	-0.118	0.395	198	0.342607814598513
THAP4	0.517	0.459	0.715	577	0.326076302820247
NDUFA13	0.527	0.572	0.765	144	0.315812526221249
PCM1	0.184	-0.402	0.259	2024	0.319495347784673
MRPS7	0.395	0.257	0.599	242	0.337801934407591
POLR1D	0.267	-0.081	0.425	133	0.319201588151526
GAL	0.457	0.443	0.695	123	0.302463007928407
CRYL1	0.358	0.218	0.579	319	0.342400089993347
MLXIPL	0.519	0.501	0.733	852	0.300332520880238
TNNI3K	0.217	-0.227	0.342	835	0.319504370083848
YBX2	0.441	0.348	0.658	364	0.29476891016887
KLHL5	0.186	-0.366	0.27	755	0.304691101100918
PLLP	0.537	0.583	0.775	182	0.329133641263324
SEPSECS	0.212	-0.224	0.34	501	0.323979096745507
SIDT2	0.537	0.554	0.76	832	0.362101963122286
METTL25B	0.432	0.359	0.649	475	0.327693906632099
ADIPOR1	0.362	0.19	0.567	375	0.328761885240994
TRNT1	0.176	-0.354	0.267	434	0.307837265964527
UTP18	0.238	-0.158	0.384	556	0.31701626184487
SCCPDH	0.257	-0.136	0.393	429	0.318148091272196
IFT52	0.285	-0.03	0.452	437	0.333072080278925
ABHD5	0.222	-0.226	0.342	349	0.311386139265346
PCMT1	0.249	-0.078	0.425	286	0.303300655778195
SH3GLB1	0.208	-0.242	0.332	394	0.327193731425781
ZC2HC1A	0.186	-0.46	0.231	325	0.308787190443158
MECR	0.38	0.277	0.611	373	0.32742370331597
NDUFAF1	0.247	-0.187	0.366	327	0.31678363638082
ABHD17B	0.197	-0.335	0.286	293	0.318623051501498
PHF20L1	0.211	-0.291	0.317	1017	0.317551016208013
TFB1M	0.233	-0.138	0.382	346	0.321349351810491
APH1A	0.376	0.297	0.616	265	0.312487798107944
METTL9	0.271	0.022	0.47	318	0.319136275663515
RDH11	0.308	0.111	0.52	318	0.318410699021632
PCNA	0.269	-0.026	0.452	261	0.32151793546474
LACTB2	0.199	-0.261	0.318	288	0.32686165544051
KMT5B	0.226	-0.235	0.345	885	0.320845967552705
TRAPPC12	0.495	0.478	0.724	735	0.328373367434229
ZDHHC9	0.375	0.181	0.561	364	0.333935441946462
RMDN1	0.224	-0.202	0.354	314	0.330208765485101
MRPS2	0.564	0.603	0.784	296	0.328664836925933
COQ4	0.491	0.512	0.731	265	0.296880467903399
UTP11	0.261	-0.089	0.415	253	0.349627799282839
SBDS	0.28	0.003	0.465	250	0.349079959196269
RPL26L1	0.389	0.273	0.61	145	0.348013732960986
COMMD2	0.253	-0.023	0.441	199	0.321056504424536
ZNF706	0.252	-0.205	0.378	76	0.394679515237772
IER3IP1	0.242	0.034	0.462	82	0.314837414051907
GOLGA7	0.308	0.06	0.493	137	0.343099330925568
NAA20	0.232	-0.152	0.382	178	0.321031737890693
TRIM17	0.574	0.579	0.775	477	0.354229383652124
SAR1B	0.19	-0.282	0.303	198	0.298303747484305
ANGPTL4	0.562	0.583	0.776	406	0.325346765800721
ASB3	0.195	-0.285	0.306	518	0.328548276719461
PHF11	0.212	-0.251	0.335	331	0.323120745075293
RLIM	0.184	-0.379	0.261	624	0.266837256993438
KCTD3	0.195	-0.328	0.293	815	0.286474688795307
CEP83	0.165	-0.374	0.257	701	0.328641052546214
IRAK4	0.171	-0.453	0.226	460	0.318724603333118
RNFT1	0.189	-0.265	0.313	435	0.294877223346733
COPS4	0.203	-0.239	0.328	420	0.331831336608614
INSIG2	0.178	-0.339	0.28	225	0.301576968609064
CHCHD2	0.383	0.113	0.534	151	0.341442662167006
DYNC1LI1	0.199	-0.284	0.32	523	0.303393614005435
HSD17B12	0.283	0.017	0.473	312	0.333840607694635
A4GNT	0.361	0.19	0.562	340	0.32478026342553
ING4	0.356	0.151	0.55	249	0.35861848869544
CERCAM	0.571	0.579	0.773	595	0.33425887126036
MRNIP	0.337	0.098	0.524	343	0.310034027252262
SDF4	0.643	0.686	0.833	362	0.349463235401912
SLC45A2	0.36	0.216	0.579	530	0.325195259813178
MRTO4	0.456	0.342	0.65	239	0.358253396789107
JPT1	0.296	-0.033	0.451	181	0.301014597589141
SERPINA10	0.357	0.187	0.563	444	0.328479988756846
ZNF580	0.699	0.779	0.882	172	0.285142475939438
PCNT	0.377	0.26	0.601	3336	0.328616660411842
VPS28	0.595	0.607	0.788	233	0.33528792914259
C3orf18	0.469	0.364	0.66	162	0.327105263353416
EGFL7	0.556	0.52	0.743	273	0.333161602651809
DBR1	0.223	-0.244	0.337	544	0.324687753744565
DCTN4	0.292	0	0.465	467	0.335915038435836
AADAT	0.191	-0.277	0.314	429	0.308955517665661
CYB5R4	0.189	-0.297	0.302	521	0.305108884154193
MYO15A	0.535	0.517	0.741	3530	0.326953618176551
HSD17B11	0.217	-0.22	0.345	300	0.322854486913326
HSD17B14	0.489	0.453	0.707	270	0.343264256772313
NAGPA	0.554	0.569	0.77	515	0.320164346382107
TUBD1	0.221	-0.213	0.355	453	0.335644024715495
TUBE1	0.22	-0.157	0.379	475	0.317029128566892
LEF1	0.305	0.002	0.475	399	0.315958778755943
PLEKHO1	0.451	0.363	0.658	409	0.323427828833771
HAO2	0.267	-0.034	0.438	364	0.327743041721043
PCOLCE	0.498	0.47	0.72	449	0.322978887474484
DCXR	0.535	0.593	0.782	244	0.32794087981872
HSPA14	0.172	-0.379	0.261	509	0.316900004027794
GPN3	0.27	-0.054	0.438	323	0.336926970300837
CRBN	0.206	-0.268	0.321	442	0.322007037890227
TCEAL9	0.21	-0.261	0.327	104	0.317433924154781
RSL24D1	0.248	-0.156	0.383	163	0.364590577935246
SS18L2	0.372	0.247	0.595	77	0.35834662181898
CHMP1A	0.647	0.675	0.828	196	0.38643280365652
HERC5	0.228	-0.158	0.379	1024	0.316593251329524
CKLF	0.222	-0.112	0.393	152	0.306929593446117
ZNF639	0.198	-0.345	0.289	485	0.32411404973998
IPO11	0.181	-0.322	0.285	1015	0.31327925979262
RAPGEFL1	0.508	0.518	0.74	662	0.327868631741128
PLCE1	0.281	-0.027	0.452	2302	0.329602471131378
NIN	0.265	-0.013	0.456	2090	0.33466200419364
CPA4	0.349	0.148	0.546	421	0.346330361846243
ZDHHC2	0.25	-0.125	0.399	367	0.31769305186394
DDX47	0.248	-0.113	0.4	455	0.324788256708887
NUSAP1	0.26	-0.129	0.401	441	0.330761749899164
TACO1	0.378	0.202	0.572	297	0.34402295106098
ACP6	0.38	0.251	0.597	428	0.336566542201142
GP6	0.35	0.153	0.548	620	0.297634684448296
DUSP13	0.461	0.387	0.671	334	0.319804590966272
CLDN18	0.431	0.325	0.642	261	0.363093749304211
RAB9B	0.293	0.034	0.49	201	0.330559113385597
PCP4	0.271	-0.168	0.4	62	0.369575707731681
LUZP4	0.212	-0.202	0.36	313	0.298515313750056
GLRX5	0.531	0.618	0.796	157	0.350641467204582
PCSK1	0.295	-0.016	0.461	753	0.336943969530728
ZNF219	0.506	0.474	0.72	722	0.297905739778511
ELOA2	0.413	0.285	0.621	753	0.324137982492259
ABI3	0.525	0.475	0.721	366	0.324969692860119
COPZ2	0.429	0.38	0.668	210	0.350646969754452
PIGP	0.216	-0.126	0.389	158	0.329198365854418
GLTP	0.591	0.646	0.81	209	0.369254598412132
PHF20	0.31	0.027	0.486	1012	0.334774345233287
VRK3	0.442	0.322	0.641	474	0.332823520948872
CRIM1	0.363	0.163	0.558	1036	0.350491817031507
DRICH1	0.245	-0.16	0.385	229	0.300626830772945
EMC4	0.343	0.201	0.566	183	0.328666655626609
HGH1	0.56	0.605	0.785	390	0.314894617390219
MZB1	0.394	0.269	0.606	189	0.315956750652779
ANKRD39	0.506	0.49	0.726	183	0.32760718227788
COX16	0.231	-0.207	0.35	106	0.321453267066478
CCDC174	0.247	-0.159	0.385	467	0.325416562553861
SHISA5	0.476	0.356	0.662	240	0.321120815797369
PAIP2	0.231	-0.254	0.336	127	0.339237293520479
PDZD11	0.34	0.059	0.496	140	0.337535340825017
TMEM69	0.196	-0.255	0.323	247	0.285095126201459
PCSK5	0.389	0.187	0.575	1860	0.353457911350514
MTRES1	0.189	-0.29	0.303	245	0.31110051138288
NT5C3A	0.203	-0.219	0.346	331	0.338101282880405
FAM178B	0.504	0.48	0.716	679	0.329675234249745
MRPL37	0.349	0.196	0.566	483	0.316864672626549
RNF181	0.382	0.22	0.582	153	0.328192016924585
TBC1D7	0.252	-0.065	0.427	293	0.311296347919176
MARCHF2	0.55	0.572	0.77	246	0.323687730666621
MRPL51	0.29	0.078	0.487	128	0.310739973973085
TMEM216	0.324	0.189	0.547	148	0.31986343425561
PCSK2	0.431	0.309	0.634	638	0.347398809036903
PBDC1	0.257	-0.153	0.394	233	0.353343730463179
MRPL30	0.196	-0.265	0.318	161	0.304284889056168
MRPL27	0.341	0.152	0.549	148	0.320136038142961
CDKL3	0.182	-0.376	0.263	592	0.31483469710152
CLEC1B	0.273	-0.021	0.455	229	0.347961640074097
CLEC1A	0.303	0.034	0.483	280	0.322773916558494
PIPOX	0.376	0.251	0.593	390	0.326570436983143
CDK16	0.433	0.36	0.652	570	0.321535633855465
TFDP3	0.402	0.287	0.623	405	0.353935847712724
UBAP1	0.31	0.068	0.505	566	0.321136233828682
BET1L	0.428	0.347	0.644	111	0.315455049323656
KLF3	0.316	0.073	0.511	345	0.298679413994371
ZNF571	0.21	-0.334	0.295	609	0.345999854795142
DNAJC27	0.261	-0.091	0.42	273	0.333527183153545
IER5	0.59	0.671	0.828	327	0.306444917941495
C1RL	0.45	0.386	0.675	487	0.330819718886251
CDK17	0.192	-0.289	0.303	523	0.296729107374046
GOLM1	0.421	0.329	0.641	401	0.363915050725562
ANKMY1	0.502	0.473	0.718	1030	0.338316772849814
SCAND1	0.536	0.526	0.744	179	0.2976117021971
BFAR	0.309	0.122	0.524	450	0.329442614871136
TLR7	0.244	-0.069	0.42	1049	0.326632491761371
RASL12	0.627	0.643	0.808	266	0.3294414882885
CEND1	0.543	0.538	0.762	149	0.338443956027832
COA4	0.49	0.393	0.683	87	0.348666248573685
RXFP3	0.622	0.712	0.845	469	0.327973854416753
CDK18	0.553	0.555	0.758	504	0.329724068813528
ERGIC2	0.16	-0.47	0.215	377	0.285330786810735
GMIP	0.519	0.492	0.728	970	0.317739508006873
GMPR2	0.318	0.061	0.5	427	0.33235899722919
CD320	0.481	0.465	0.713	282	0.300464697798866
PCDH12	0.4	0.277	0.611	1184	0.321366365139846
ECSIT	0.563	0.557	0.762	431	0.337950180429317
SLC15A3	0.615	0.688	0.83	581	0.335068071600592
BPIFA1	0.351	0.258	0.589	256	0.32432883175888
THEG	0.464	0.389	0.669	379	0.310414779804179
NRN1	0.463	0.501	0.735	168	0.32547734141573
ATP5F1D	0.637	0.693	0.836	168	0.360857316457166
PCYT1A	0.34	0.074	0.511	367	0.327979183848676
TIMMDC1	0.249	-0.113	0.401	285	0.321144735710356
GCNT4	0.221	-0.176	0.364	453	0.33617657066327
CYP39A1	0.199	-0.247	0.324	469	0.328096467773798
FKBP11	0.353	0.228	0.577	201	0.318518069500393
ZDHHC3	0.419	0.321	0.637	333	0.349801786451415
KCNK9	0.628	0.683	0.83	374	0.355505651059818
FAM13B	0.185	-0.363	0.27	915	0.319747298956326
FAM53C	0.431	0.304	0.627	392	0.298249758402503
REEP2	0.552	0.514	0.74	254	0.344045232277507
ARMCX1	0.258	-0.08	0.422	453	0.331148161208685
SLC22A17	0.51	0.521	0.738	538	0.329190769465947
TLR8	0.216	-0.149	0.374	1059	0.319695137320587
SLC25A37	0.543	0.569	0.77	338	0.343659328952744
GASK1B	0.317	0.105	0.515	527	0.317180127636273
NME8	0.178	-0.359	0.274	588	0.330091117295886
KRCC1	0.242	-0.149	0.391	259	0.326653787538415
PLAC8	0.291	-0.053	0.444	115	0.341575044744045
PHF21A	0.304	0.026	0.486	680	0.327152763463759
MRPL35	0.239	-0.151	0.376	188	0.309832764255061
RSRC1	0.192	-0.338	0.276	334	0.284852618100908
PDC	0.195	-0.305	0.304	246	0.317999344728536
MEX3C	0.348	0.155	0.553	659	0.29594939790112
AMZ2	0.234	-0.146	0.385	360	0.320201781019857
WAC	0.203	-0.352	0.29	647	0.293393557820753
SPG21	0.233	-0.169	0.372	308	0.315954276460224
ARL17B	0.282	-0.043	0.446	177	0.299917329308523
ARL17A	0.282	-0.043	0.446	177	0.299917329308523
AHSP	0.453	0.369	0.663	102	0.374937757527006
ARL6IP4	0.461	0.412	0.686	421	0.304427880286188
PDCD1	0.554	0.542	0.756	288	0.303683572299891
TNFRSF12A	0.538	0.588	0.772	129	0.304039422482128
SPTBN5	0.539	0.541	0.75	3674	0.337370490238264
ZNF771	0.714	0.783	0.885	317	0.315602917296197
PRR16	0.321	0.037	0.49	304	0.313813912837668
NGRN	0.335	0.14	0.539	291	0.302111667783294
THEM6	0.709	0.823	0.901	208	0.291693312637423
MS4A4A	0.247	-0.132	0.395	239	0.312480137552679
DACT1	0.421	0.326	0.642	836	0.320064960680769
PDCD2	0.334	0.108	0.523	344	0.334352609653954
CRNKL1	0.266	-0.048	0.437	848	0.332952408046687
ZBTB7A	0.747	0.847	0.92	584	0.354405851926138
FZR1	0.629	0.675	0.826	496	0.336692587667843
TAOK3	0.288	0.033	0.48	898	0.337761232758021
KLRF1	0.19	-0.308	0.298	231	0.327873794000376
KRT76	0.435	0.313	0.638	638	0.33267935117213
ZNF117	0.199	-0.376	0.277	483	0.342831709075397
PDE1A	0.219	-0.209	0.351	545	0.318485769805993
MBTPS2	0.211	-0.198	0.355	519	0.303711402722363
HOOK1	0.191	-0.282	0.31	728	0.334644487841206
CDC40	0.21	-0.319	0.305	579	0.320230079542272
CHST15	0.43	0.372	0.662	561	0.336384927120293
ZMYND10	0.504	0.461	0.709	440	0.342253469398425
PLA1A	0.339	0.154	0.547	456	0.337174800788044
UBR5	0.192	-0.339	0.282	2799	0.302290461318764
POP5	0.328	0.177	0.55	163	0.333687512465693
TEX264	0.488	0.447	0.704	313	0.318826319522732
PDE1C	0.308	0.023	0.48	769	0.327917549320023
POMP	0.168	-0.401	0.243	141	0.303230650742003
TMA7	0.456	0.344	0.661	64	0.412241219692096
MRPS17	0.239	-0.088	0.417	130	0.321001511425173
ATRAID	0.336	0.139	0.538	284	0.315010404608805
SNX7	0.238	-0.151	0.384	451	0.319266006856002
UCHL5	0.191	-0.256	0.33	355	0.326322206446079
ANGPT4	0.549	0.554	0.759	503	0.354408316996483
CRLF3	0.234	-0.126	0.397	442	0.302985587065688
PDE2A	0.567	0.581	0.775	941	0.363136031819419
CSAD	0.47	0.42	0.687	520	0.341614135899312
ATP6V1D	0.214	-0.195	0.349	247	0.335126141816817
WNT16	0.383	0.211	0.578	365	0.342991443502245
ZNF589	0.297	-0.009	0.463	364	0.311354161997019
EIF3L	0.398	0.271	0.61	564	0.368872439228204
NIP7	0.343	0.137	0.54	180	0.35039345322497
RWDD1	0.201	-0.306	0.312	243	0.339360413132108
PDE3A	0.301	0.036	0.484	1141	0.31327504293239
AIG1	0.333	0.181	0.555	238	0.330894785157522
TRPV2	0.51	0.493	0.725	764	0.347716014891689
COMMD10	0.213	-0.164	0.372	202	0.318798294514482
WDR83OS	0.561	0.548	0.761	106	0.352706499639222
TRAPPC4	0.365	0.174	0.554	219	0.349683815361947
ATP5F1E	0.325	0.032	0.49	51	0.396105583885413
PDE3B	0.254	-0.09	0.414	1112	0.307636554355485
PPME1	0.254	-0.11	0.407	400	0.311096302854883
NOL7	0.323	0.134	0.538	257	0.338209080100992
HEMK1	0.408	0.307	0.619	338	0.303895340151429
PDE4A	0.512	0.489	0.728	886	0.316786638355835
BIN2	0.328	0.058	0.505	597	0.326466818716953
ACTL6B	0.565	0.57	0.772	426	0.353464762384154
PDE4B	0.282	-0.025	0.452	736	0.319093959736667
AMOTL2	0.477	0.402	0.678	837	0.324643925353183
PRKAG2	0.324	0.124	0.532	569	0.306361133544168
POLK	0.181	-0.386	0.263	870	0.322305637138176
ZNF107	0.21	-0.339	0.297	852	0.347412392932473
DDX41	0.511	0.495	0.728	622	0.344824579376434
SNX9	0.286	-0.049	0.448	595	0.332324074801336
PDE4C	0.529	0.531	0.747	712	0.328943802947904
SUCO	0.2	-0.322	0.297	1405	0.304949141356764
ANAPC5	0.321	0.144	0.538	755	0.344635613769676
ANAPC7	0.27	-0.004	0.459	599	0.334502779979705
SCARA3	0.48	0.447	0.705	606	0.335691261472142
MAGEC2	0.333	0.107	0.531	373	0.310997883798032
FAM8A1	0.368	0.237	0.594	413	0.307781732062387
PDE4D	0.303	0.056	0.497	809	0.30533216029026
HPCAL4	0.759	0.813	0.9	191	0.398150586383795
YTHDF2	0.263	-0.153	0.399	579	0.33436383723053
VGLL1	0.329	0.096	0.52	258	0.312729321607242
RNF138	0.23	-0.239	0.346	245	0.325108490952131
IP6K2	0.366	0.2	0.574	426	0.337073508771149
PCYOX1	0.253	-0.061	0.43	505	0.326112698180927
PDE6A	0.397	0.265	0.608	860	0.36210921358333
PRRX2	0.671	0.742	0.863	253	0.311051763780089
LCMT1	0.3	0.071	0.497	334	0.320381064008903
GULP1	0.188	-0.391	0.261	304	0.306591199717313
REV1	0.207	-0.31	0.305	1251	0.31617610836206
RHCG	0.482	0.481	0.722	479	0.34692848195198
PDE6C	0.275	-0.046	0.442	858	0.345662357124141
SFMBT1	0.257	-0.103	0.411	866	0.326620363412796
GPR89B	0.259	-0.015	0.444	455	0.316769243102007
UBE2J1	0.218	-0.211	0.353	318	0.29514834157977
EVL	0.424	0.29	0.627	418	0.326470508883711
PDE6D	0.278	0.02	0.475	150	0.319382843062217
DCDC2	0.273	-0.062	0.438	476	0.329818605918082
LIMA1	0.272	-0.108	0.417	760	0.325874569698415
CABP2	0.626	0.701	0.838	220	0.328191831652662
ISYNA1	0.615	0.687	0.832	558	0.328911718263799
HSD17B7	0.288	-0.004	0.456	341	0.330126585002907
ANKFY1	0.38	0.256	0.599	1211	0.340090925771421
PDE6G	0.497	0.393	0.679	87	0.344261313835547
VCX2	0.518	0.452	0.719	139	0.308503360318122
VCX3A	0.508	0.418	0.699	186	0.31706247303665
PDE6H	0.323	-0.067	0.438	83	0.322185159517267
SPOUT1	0.497	0.45	0.707	376	0.349310441783214
NOP16	0.368	0.225	0.581	232	0.321595801840512
RTCB	0.281	-0.029	0.453	505	0.344866787919469
HACD3	0.265	-0.048	0.43	362	0.334021814760187
CTDSPL2	0.178	-0.403	0.247	466	0.297568166362735
NELFCD	0.391	0.242	0.595	599	0.347622573668031
TRIAP1	0.46	0.36	0.667	76	0.382492511604596
ATP5PB	0.253	-0.087	0.419	256	0.336723042707161
PDE7A	0.197	-0.225	0.334	482	0.297560631247692
HIKESHI	0.21	-0.324	0.308	197	0.322537073969158
CWC15	0.217	-0.308	0.302	229	0.323350164048318
TRMT112	0.498	0.49	0.723	125	0.316079068887469
UFC1	0.339	0.072	0.5	167	0.348320935355695
RTF2	0.323	0.08	0.515	336	0.347610339227555
PDE8A	0.266	-0.053	0.434	829	0.327543403304968
CHMP5	0.27	-0.076	0.429	219	0.352403718562647
GTSE1	0.332	0.081	0.512	739	0.307302967900644
ETV7	0.481	0.433	0.693	341	0.332064339875485
DTL	0.25	-0.172	0.384	730	0.317743547306874
NCKIPSD	0.485	0.441	0.699	722	0.313429878538204
PDE9A	0.45	0.386	0.67	593	0.343755435238959
LARS1	0.224	-0.221	0.349	1176	0.333697445802866
TMEM14C	0.259	-0.102	0.413	112	0.314844445099694
CXXC5	0.512	0.428	0.699	322	0.334997702529782
TMEM138	0.395	0.372	0.654	162	0.3367928284159
OSER1	0.261	-0.137	0.403	292	0.294702539963288
GSKIP	0.227	-0.191	0.368	139	0.320517391160511
JKAMP	0.18	-0.262	0.313	325	0.321478391591271
ANAPC11	0.324	0.005	0.471	196	0.312730935129233
PDE1B	0.454	0.362	0.658	536	0.341947944434521
ZC3HC1	0.297	0.002	0.469	502	0.299107210847904
TRMO	0.269	-0.107	0.414	441	0.312506692453027
PHF7	0.301	0.006	0.472	381	0.349076774057159
VTA1	0.221	-0.271	0.328	307	0.333309640769662
PPHLN1	0.234	-0.224	0.35	458	0.294126551072603
MTFP1	0.536	0.512	0.738	166	0.328411965348705
ZCCHC17	0.337	0.067	0.51	263	0.342027815748675
PDGFA	0.455	0.436	0.694	211	0.319648973153605
SCLY	0.436	0.365	0.663	453	0.32510991916485
VPS54	0.173	-0.351	0.272	977	0.30840757120784
ZNF581	0.492	0.391	0.677	197	0.310165232585869
SIRT7	0.525	0.554	0.757	400	0.307225586831735
SIRT6	0.643	0.692	0.834	355	0.309754219701367
PDGFB	0.55	0.561	0.762	241	0.328507171694562
CINP	0.337	0.159	0.547	212	0.324270303438182
RAB14	0.206	-0.291	0.311	215	0.326634517927253
ACKR4	0.247	-0.089	0.412	350	0.330553241250821
PEX5L	0.259	-0.044	0.442	626	0.318801775000716
LGSN	0.236	-0.189	0.365	509	0.320706127818021
NT5DC3	0.352	0.185	0.561	548	0.33047464991165
PDGFRA	0.313	0.067	0.501	1089	0.336879992335899
RAB6B	0.494	0.456	0.709	208	0.35140999977441
IL23A	0.348	0.165	0.547	189	0.304428684135561
MBIP	0.204	-0.247	0.327	344	0.323884380892772
HDAC7	0.493	0.45	0.705	991	0.31237065497011
ARMCX3	0.215	-0.247	0.329	379	0.347157191138334
TDP2	0.229	-0.155	0.379	362	0.317746688535296
UFM1	0.186	-0.427	0.235	103	0.270400981224107
PDGFRL	0.381	0.221	0.586	375	0.336600377489481
CYRIB	0.19	-0.331	0.288	324	0.312738073094551
GDE1	0.303	0.05	0.489	331	0.311388770772261
LARP7	0.194	-0.333	0.29	589	0.325013831831288
ESF1	0.195	-0.373	0.276	851	0.327192515043433
PDE6B	0.629	0.65	0.813	854	0.375235193895808
AZIN1	0.207	-0.339	0.295	448	0.344229657917551
PCF11	0.186	-0.404	0.256	1555	0.297792995893173
MED15	0.492	0.435	0.703	788	0.352040402779894
PIAS4	0.641	0.706	0.843	510	0.349542201206198
PDGFRB	0.509	0.491	0.727	1106	0.334675145689118
TRIM33	0.245	-0.152	0.392	1127	0.313742749595665
SRRT	0.463	0.369	0.663	876	0.331399522007453
NBAS	0.236	-0.133	0.389	2371	0.320718367350547
CUTA	0.365	0.204	0.577	198	0.319323905098115
LSR	0.524	0.525	0.747	649	0.319593389351636
ATP5MC1	0.362	0.199	0.568	136	0.350922092397829
PDHA1	0.316	0.048	0.489	428	0.343906181906839
LIPT1	0.187	-0.316	0.289	373	0.322311877241881
NOP58	0.191	-0.329	0.289	529	0.33649204451351
METTL13	0.406	0.288	0.617	699	0.342730067777286
PIGT	0.506	0.497	0.729	578	0.319910055731899
TRMT6	0.245	-0.176	0.374	497	0.325426475331842
ATP6V1H	0.249	-0.12	0.4	483	0.34752050324825
GET4	0.614	0.676	0.827	327	0.338491663370471
PDHA2	0.256	-0.112	0.404	388	0.331510550826351
DPH5	0.2	-0.219	0.342	285	0.316227595350981
ERGIC3	0.464	0.391	0.677	388	0.358150105593745
TAF9B	0.214	-0.31	0.302	251	0.316088052838491
NSG2	0.48	0.427	0.698	171	0.352508910865764
UBE2D4	0.363	0.177	0.56	147	0.331703188958264
PDHB	0.24	-0.149	0.388	359	0.32628842470475
KLF13	0.713	0.833	0.911	288	0.291475686292568
CCZ1	0.273	-0.005	0.461	482	0.337878377009929
DYNC2LI1	0.192	-0.328	0.287	352	0.311196716868159
SLC25A39	0.513	0.467	0.713	359	0.332143031237401
PDK1	0.265	-0.037	0.442	456	0.314346806228266
LUC7L2	0.223	-0.157	0.368	392	0.290109737419993
OTUD6B	0.21	-0.217	0.343	323	0.334517646437668
RBMX2	0.336	0.095	0.517	322	0.327443169847523
DHRS7	0.267	0	0.453	339	0.318781919895669
RTRAF	0.209	-0.214	0.34	244	0.355230906523791
SF3B6	0.239	-0.169	0.372	125	0.361026155720546
PDK2	0.593	0.623	0.798	407	0.341030067499847
MRPL48	0.27	-0.015	0.452	212	0.33344307234196
TMBIM4	0.24	-0.057	0.421	285	0.312138209546631
PPIL1	0.346	0.086	0.516	166	0.342607061214902
YPEL5	0.304	0.034	0.479	121	0.315828911832184
CIAO2B	0.467	0.441	0.7	163	0.330465957749685
MRPS23	0.28	0.01	0.471	190	0.313433503012456
PDK3	0.248	-0.132	0.393	415	0.322566958927547
MRPS33	0.257	-0.118	0.4	106	0.315324849212475
PTRH2	0.227	-0.153	0.385	180	0.333545461351189
CHMP3	0.318	0.084	0.51	222	0.346918581092486
CDK5RAP1	0.312	0.068	0.496	587	0.323003736767263
RASD1	0.799	0.891	0.941	281	0.358188345795422
STYXL1	0.348	0.192	0.563	313	0.341091557332287
GINS2	0.393	0.3	0.621	185	0.339414362662505
PDK4	0.238	-0.152	0.381	411	0.317650745960762
MPC1	0.335	0.143	0.54	109	0.32864201802877
FKBP7	0.236	-0.177	0.377	222	0.336715807156232
ZFR	0.213	-0.325	0.305	1074	0.324037879511759
ASB1	0.424	0.366	0.657	335	0.320285643569265
ASB4	0.313	0.103	0.518	426	0.356397117422602
NUB1	0.256	-0.055	0.429	639	0.337759755215295
IFT25	0.197	-0.345	0.286	144	0.310935996727108
SARAF	0.277	-0.075	0.435	339	0.310848035966898
ENPP1	0.24	-0.149	0.388	925	0.322674214866687
TPPP3	0.574	0.552	0.767	176	0.383100971927187
ASB2	0.594	0.621	0.796	635	0.348884071165143
PALS2	0.195	-0.292	0.303	540	0.315170829999662
ENPP2	0.26	-0.125	0.402	915	0.318768889167983
SUFU	0.411	0.297	0.623	484	0.305886515231365
OAZ3	0.397	0.267	0.604	235	0.340837864614084
ENPP3	0.231	-0.222	0.351	875	0.324956857518817
LSM7	0.648	0.722	0.85	103	0.383779940338903
LSM8	0.178	-0.298	0.298	96	0.314704890412988
CPSF3	0.215	-0.212	0.348	684	0.326070726894293
TRAPPC2L	0.568	0.601	0.788	146	0.371016121736704
HECA	0.537	0.523	0.749	543	0.358538682725586
VPS29	0.233	-0.179	0.362	214	0.33559637477753
ATP5MC2	0.375	0.245	0.592	157	0.316831554698081
PDPK1	0.341	0.161	0.552	556	0.334156844267018
CYB5R2	0.369	0.203	0.568	276	0.322987578879731
NLK	0.239	-0.174	0.376	527	0.314413518485499
PADI3	0.519	0.476	0.72	664	0.345009824243232
ACSL5	0.299	0.035	0.483	739	0.338443199421011
GPRC5B	0.575	0.627	0.797	403	0.33774210385507
EMCN	0.174	-0.441	0.238	261	0.280666320583764
CYB5R1	0.432	0.338	0.642	305	0.32657647301047
ZNF44	0.219	-0.312	0.313	663	0.311086583199281
SELENOT	0.259	0.022	0.469	194	0.317583350596218
RAB23	0.195	-0.31	0.304	237	0.322302669501494
CAB39	0.228	-0.135	0.387	341	0.344778419462196
SLC26A4	0.253	-0.057	0.428	780	0.330134332678766
UIMC1	0.267	-0.112	0.415	719	0.327046998291715
FBXO40	0.346	0.148	0.548	709	0.333620524873918
DNAJB11	0.26	-0.075	0.425	358	0.323595930258931
CMPK1	0.277	0.014	0.466	228	0.339595848709668
POLR3K	0.449	0.298	0.631	108	0.367708752357772
WBP11	0.23	-0.289	0.318	641	0.300972542442572
PDYN	0.454	0.386	0.671	254	0.338263369380394
UPB1	0.433	0.345	0.65	384	0.349105733972914
MSRB1	0.485	0.417	0.699	115	0.348693632032046
RAPGEF6	0.207	-0.281	0.316	1609	0.307648120887256
GHRL	0.441	0.41	0.685	117	0.331983297394217
PDZK1	0.278	-0.055	0.444	519	0.334367908441143
WWOX	0.359	0.176	0.561	414	0.319106999854347
ARID4B	0.195	-0.387	0.272	1312	0.319932362496535
CD244	0.322	0.118	0.528	370	0.336939864580359
LUC7L3	0.187	-0.286	0.299	489	0.296595584628368
PECAM1	0.34	0.128	0.539	738	0.34617484867983
RTEL1	0.514	0.473	0.719	1300	0.338906186102846
HIGD1B	0.326	0.077	0.5	99	0.321903619509119
ERAP1	0.254	-0.121	0.401	948	0.312016434625588
TMEM8B	0.502	0.486	0.722	472	0.324613223324805
CDK12	0.278	-0.071	0.431	1490	0.301545388642072
C9orf78	0.382	0.206	0.577	289	0.344986362915058
SERPINF1	0.47	0.452	0.704	418	0.322514733835397
SYT17	0.45	0.372	0.662	474	0.323790876791056
ATP8A2	0.303	0.078	0.502	1188	0.338161160885933
RAB8B	0.274	-0.009	0.455	207	0.31741488045732
INPP5K	0.458	0.427	0.689	448	0.330182239170165
GNG13	0.814	0.844	0.917	67	0.395597073867288
STK26	0.214	-0.282	0.318	416	0.333813222575482
TM7SF3	0.276	0.01	0.465	570	0.317651312004424
RSF1	0.233	-0.225	0.351	1441	0.318100123121975
MAP3K20	0.26	-0.083	0.423	800	0.312653638048582
MYOZ2	0.212	-0.299	0.31	264	0.304121485463862
PEG3	0.3	-0.026	0.459	1588	0.330562398565179
KDM3B	0.304	0.026	0.484	1761	0.311889124822445
PENK	0.355	0.191	0.566	267	0.329006125639307
ATP5MC3	0.248	-0.157	0.377	142	0.339729709143733
ASIC5	0.24	-0.154	0.385	505	0.33771028396998
SIX4	0.344	0.173	0.564	781	0.31268281572283
COQ3	0.222	-0.196	0.362	369	0.319762015336065
CALML5	0.691	0.762	0.873	146	0.367528562344334
TUBA8	0.488	0.428	0.697	449	0.354899449666369
PHAX	0.218	-0.285	0.318	394	0.329290266406826
GALNT7	0.229	-0.168	0.375	657	0.318651770799354
ADA2	0.396	0.24	0.59	511	0.34033008205164
PEPD	0.554	0.554	0.763	493	0.337379216570177
PER1	0.48	0.389	0.677	1290	0.313157105700965
GATB	0.334	0.136	0.534	557	0.335844817202611
PEX1	0.19	-0.296	0.303	1283	0.302761806296624
PEX6	0.394	0.299	0.619	980	0.302480614825405
PEX7	0.264	-0.099	0.414	323	0.309361390938135
PEX10	0.572	0.632	0.797	346	0.304853725008599
PEX12	0.258	-0.099	0.411	359	0.327131794192528
PEX13	0.194	-0.359	0.279	403	0.297262519078587
PEX14	0.514	0.49	0.729	377	0.334189305816103
PF4	0.45	0.415	0.68	101	0.354130339301384
PF4V1	0.452	0.412	0.676	104	0.34090052292272
PFAS	0.444	0.347	0.651	1338	0.329472917377006
CFP	0.488	0.399	0.684	469	0.331004093576085
ACP1	0.248	-0.144	0.39	158	0.343852260804648
PFDN1	0.276	0.011	0.466	122	0.353662881058068
PFDN2	0.391	0.261	0.607	154	0.362652384045664
PFDN4	0.176	-0.322	0.295	134	0.345401673018398
PFDN5	0.413	0.315	0.637	154	0.398046524515601
ATP8B1	0.283	-0.007	0.459	1251	0.340726023568845
PFKFB1	0.382	0.219	0.579	471	0.340017380415464
PFKFB2	0.349	0.167	0.553	505	0.349203774152277
PFKFB3	0.53	0.524	0.745	568	0.341480521688398
ATP5ME	0.356	0.247	0.588	69	0.331555633387232
PFKFB4	0.489	0.427	0.692	469	0.355292459781063
PFKL	0.618	0.656	0.816	780	0.354669884127038
VIT	0.353	0.166	0.558	693	0.340369356048586
PFKM	0.342	0.12	0.53	883	0.33572281623161
PFKP	0.503	0.475	0.719	784	0.355237286075957
PFN1	0.454	0.444	0.707	140	0.340515602260672
PFN2	0.304	0.078	0.511	140	0.342218456462766
CDK14	0.27	-0.054	0.436	469	0.321489877467053
ATP5PF	0.262	-0.12	0.402	116	0.321641991548699
PGA5	0.577	0.567	0.77	388	0.349625809821671
PGAM1	0.428	0.315	0.631	254	0.335240217949719
PGAM2	0.64	0.686	0.831	253	0.360269697835712
PGC	0.544	0.535	0.755	388	0.359329357599187
PGD	0.376	0.237	0.592	483	0.349314980092933
PGF	0.556	0.556	0.761	170	0.333541735951372
PGGT1B	0.219	-0.211	0.347	377	0.304185804319349
ATP6V1A	0.23	-0.205	0.357	617	0.320994969382816
PGK1	0.325	0.085	0.516	417	0.365685106791688
PGK2	0.262	-0.081	0.427	417	0.34635660824866
PGM1	0.314	0.039	0.488	580	0.3374649162885
PGM3	0.202	-0.283	0.319	570	0.322611795723339
PGM5	0.37	0.197	0.567	567	0.323931265996571
PGR	0.357	0.238	0.595	933	0.309573049984496
ABCB1	0.235	-0.15	0.381	1280	0.326002441028346
ABCB4	0.253	-0.103	0.407	1286	0.331934675238347
PHB1	0.404	0.295	0.619	272	0.347078952117253
ATP6V1B1	0.528	0.53	0.747	513	0.348360045074151
SLC25A3	0.281	-0.036	0.448	362	0.328497682122434
PHEX	0.265	-0.072	0.426	749	0.335317373423071
PHF1	0.377	0.194	0.568	567	0.305899055541504
PHF2	0.509	0.464	0.718	1096	0.342839084109668
PHKA1	0.258	-0.08	0.419	1223	0.318375689699262
PHKA2	0.346	0.184	0.561	1235	0.324810203348194
PHKB	0.23	-0.153	0.376	1093	0.322965482569277
ATP6V1B2	0.257	-0.076	0.421	511	0.323769132934145
PHKG1	0.575	0.586	0.777	419	0.349580725425521
PHKG2	0.447	0.372	0.66	406	0.321682588446182
PHYH	0.339	0.145	0.545	338	0.344633463321076
SERPINA1	0.446	0.378	0.669	418	0.352302477111979
PI3	0.291	0.014	0.482	117	0.346253078207989
SERPINA4	0.441	0.385	0.668	427	0.334728616912266
SERPINB5	0.276	-0.058	0.438	375	0.344047842312187
SERPINB6	0.358	0.187	0.569	395	0.346049091782478
ATP6V0C	0.655	0.736	0.857	155	0.368588254930796
SERPINE2	0.333	0.132	0.535	409	0.330827718380975
SERPINB8	0.313	0.062	0.503	374	0.348392790143002
SERPINB9	0.345	0.144	0.543	376	0.337501215120462
SERPINB10	0.261	-0.079	0.424	397	0.334380346012165
SERPINI1	0.213	-0.284	0.318	410	0.342865217579514
SERPINB13	0.291	-0.012	0.465	400	0.3312465546212
SERPINI2	0.186	-0.334	0.286	415	0.318062543131736
PIGA	0.214	-0.188	0.356	484	0.310277159856924
PIGC	0.301	0.068	0.495	297	0.331796430311725
ATP6V1C1	0.206	-0.249	0.332	382	0.346199811312297
PIGF	0.174	-0.3	0.288	219	0.291732816052495
PIGH	0.393	0.346	0.643	188	0.333694516543132
PIGR	0.46	0.385	0.674	764	0.34638916193414
PIK3C2A	0.178	-0.373	0.263	1686	0.308965890355633
PIK3C2B	0.471	0.414	0.685	1634	0.337047080118321
PIK3C2G	0.207	-0.264	0.323	1486	0.315517447906782
PIK3C3	0.207	-0.256	0.327	887	0.321293110025778
ATP6V1E1	0.26	-0.043	0.435	226	0.354246615014067
PIK3CA	0.185	-0.333	0.277	1068	0.322460486322667
PIK3CB	0.205	-0.241	0.33	1070	0.330353966531957
PIM1	0.525	0.537	0.748	313	0.324519923101433
PIK3CD	0.64	0.69	0.833	1044	0.356153018342542
PIK3CG	0.358	0.208	0.574	1102	0.334207503265558
PIK3R1	0.212	-0.223	0.343	724	0.332237486272296
PIK3R2	0.613	0.648	0.81	728	0.328169911293386
PI4KA	0.467	0.415	0.685	2102	0.348760235762876
PI4KB	0.409	0.297	0.622	828	0.335872421464161
ACP2	0.472	0.449	0.703	423	0.321767555209208
PIN1	0.662	0.699	0.84	163	0.329468886400638
PIN4	0.222	-0.203	0.372	156	0.318520997146592
PIP	0.282	0.034	0.476	146	0.356771010756929
PIP4K2A	0.363	0.18	0.565	406	0.348998808330199
PITPNA	0.367	0.151	0.551	270	0.357711975143237
PITX1	0.69	0.789	0.889	314	0.332125887577039
PITX2	0.524	0.513	0.744	324	0.336564143579366
PITX3	0.651	0.715	0.851	302	0.341224298960916
PKD1	0.61	0.662	0.819	4303	0.324308945459276
PKD2	0.325	0.127	0.529	968	0.315437228229478
PKLR	0.475	0.445	0.701	574	0.338514666740348
PKHD1	0.268	-0.046	0.44	4074	0.318406091024181
PKM	0.441	0.325	0.639	531	0.363209554294204
PKNOX1	0.302	0.044	0.495	436	0.328998056487512
PKP1	0.562	0.562	0.766	747	0.360604080827099
PKP2	0.354	0.186	0.563	881	0.327019000836727
PLA2G1B	0.539	0.461	0.717	148	0.413409201726025
PLA2G2A	0.373	0.185	0.567	144	0.361021075522496
PLA2G4A	0.214	-0.262	0.331	749	0.312978873235005
PLA2G5	0.508	0.482	0.725	138	0.376356576736418
PLAG1	0.257	-0.094	0.422	500	0.312111212759403
PLAGL1	0.413	0.276	0.617	463	0.331145675630875
PLAGL2	0.443	0.326	0.643	496	0.326451306126371
PLAT	0.478	0.424	0.694	562	0.345793557862862
PLAU	0.413	0.294	0.624	431	0.346018022813011
PLAUR	0.458	0.378	0.668	335	0.338988135853961
ATP6V0B	0.414	0.328	0.636	261	0.344938240565516
PLCB2	0.528	0.502	0.735	1185	0.349463858309832
PLCB3	0.585	0.607	0.789	1234	0.342291137402512
PLCB4	0.241	-0.15	0.388	1194	0.337086148035908
PLCD1	0.561	0.58	0.774	777	0.348736362277225
BCL11A	0.439	0.362	0.663	835	0.310494587663665
CPXCR1	0.204	-0.31	0.3	301	0.303048983086346
BTBD1	0.266	-0.048	0.439	482	0.305369454627392
PLCL1	0.255	-0.083	0.42	1095	0.327502199137611
SPA17	0.254	-0.131	0.405	151	0.333472246725838
IL17D	0.737	0.832	0.909	202	0.31010893707552
NUDT9	0.251	-0.136	0.396	350	0.323031666518129
CHIC1	0.309	0.132	0.537	224	0.313356063802606
TM6SF2	0.514	0.517	0.739	377	0.346121249257767
TM6SF1	0.241	-0.105	0.404	370	0.332433567972715
UBASH3A	0.447	0.39	0.673	661	0.329962599995913
ZFYVE1	0.384	0.224	0.588	777	0.337390276961073
PLCG1	0.501	0.468	0.715	1291	0.348667948898364
LRP1B	0.222	-0.247	0.338	4599	0.328745016116808
PANK1	0.396	0.279	0.616	598	0.32812360085083
SHC3	0.445	0.38	0.67	594	0.312035206551781
PLCG2	0.448	0.381	0.669	1265	0.3442366898071
PLD1	0.253	-0.078	0.419	1074	0.321588347770446
NUP54	0.193	-0.33	0.292	507	0.31174773961696
TPCN1	0.518	0.511	0.735	888	0.341264229558356
PLD2	0.442	0.378	0.663	933	0.32049938359165
PLEC	0.7	0.767	0.874	4684	0.347797811524162
ATP6V1G2	0.5	0.471	0.717	118	0.383743182783836
PLG	0.302	-0.033	0.459	810	0.327630520417381
CLIC5	0.386	0.211	0.582	410	0.355125733150016
STX18	0.285	0.029	0.477	335	0.332765660348368
PLEK	0.332	0.093	0.515	350	0.355445555931405
PLGLB2	0.224	-0.168	0.376	96	0.328404682901736
PLGLB1	0.224	-0.168	0.376	96	0.328404682901736
SERPINF2	0.56	0.585	0.777	491	0.334219835508677
PLIN1	0.544	0.526	0.748	522	0.324596852576381
PLK1	0.482	0.452	0.703	603	0.332048412361887
FXYD1	0.5	0.518	0.733	92	0.327537844533427
FXYD3	0.387	0.272	0.612	144	0.329745871146328
ATP6V0A1	0.315	0.098	0.512	838	0.337259115131008
PLN	0.206	-0.03	0.408	52	0.317380453621309
PLOD1	0.587	0.605	0.787	727	0.348703921755749
PLOD2	0.193	-0.343	0.286	758	0.317500316383926
PLP1	0.371	0.199	0.575	277	0.358401644778538
PLP2	0.386	0.321	0.63	152	0.315770955369867
PLRG1	0.197	-0.364	0.278	514	0.306240289640933
PLS1	0.225	-0.168	0.37	629	0.342747721346138
PLS3	0.22	-0.198	0.356	630	0.352095176554256
PLSCR1	0.209	-0.333	0.3	318	0.325978489552648
PLTP	0.53	0.541	0.751	493	0.331635503610258
PLXNA1	0.653	0.689	0.833	1896	0.349857177115078
MBD3	0.749	0.829	0.909	291	0.347316982791405
ADAM22	0.241	-0.161	0.382	906	0.327900635735059
PLXNA2	0.532	0.524	0.745	1894	0.3477788554224
BCO1	0.391	0.239	0.595	547	0.342624171824615
PRKAG3	0.457	0.367	0.658	489	0.323386214958392
PTOV1	0.616	0.684	0.828	416	0.328378804283279
S1PR5	0.585	0.696	0.833	398	0.297592471482521
PLXNB1	0.473	0.409	0.685	2135	0.324473285499077
PLXNB3	0.58	0.591	0.781	1932	0.34048061714878
PMAIP1	0.352	0.198	0.566	54	0.327029412405576
PMCH	0.169	-0.408	0.247	165	0.314936292241964
PNOC	0.514	0.496	0.729	176	0.334668844997924
ATP6AP1	0.496	0.486	0.724	470	0.319020528848921
PML	0.587	0.591	0.781	882	0.337678909026686
PMM1	0.565	0.543	0.755	262	0.357218578094161
PMM2	0.292	0.021	0.475	246	0.332303151555543
PMP2	0.297	0.05	0.492	132	0.334669828062466
PMP22	0.472	0.472	0.711	160	0.331055573487039
PMS1	0.166	-0.42	0.242	932	0.316500961776762
ATP7A	0.205	-0.274	0.317	1500	0.317336245559582
RIPPLY3	0.344	0.141	0.549	190	0.296025962259785
FXYD7	0.513	0.39	0.679	80	0.345746717033769
FXYD6	0.447	0.374	0.663	95	0.354754798056128
FXYD5	0.338	0.101	0.522	194	0.273341597367148
FXYD4	0.414	0.274	0.609	89	0.362405975518073
P2RY13	0.262	-0.017	0.448	354	0.326553456985119
GPR84	0.393	0.307	0.624	396	0.329309664190352
IL20RA	0.289	0.02	0.478	553	0.325334133360196
IL20RB	0.388	0.238	0.591	311	0.331837027262593
FGFRL1	0.662	0.708	0.844	504	0.327591175362898
GPR87	0.251	-0.054	0.425	358	0.31444854774232
C11orf24	0.359	0.125	0.547	449	0.291435184456057
TRIM34	0.282	-0.007	0.461	488	0.334146195174859
CDHR5	0.51	0.457	0.716	845	0.305234477644993
CLDN22	0.286	0.098	0.51	220	0.313030924721206
ATP5PO	0.25	-0.088	0.415	213	0.331358541082475
MYO3A	0.217	-0.224	0.343	1616	0.329883114836696
DUOX1	0.534	0.536	0.748	1551	0.327706039444099
RAB4B	0.529	0.507	0.736	213	0.352229584155889
RAB24	0.508	0.449	0.709	203	0.360340962043002
PELO	0.429	0.344	0.651	385	0.351098202813082
SLCO1C1	0.212	-0.241	0.338	730	0.32174352895419
EXOSC9	0.196	-0.303	0.298	456	0.313884566347827
PPIL3	0.255	-0.131	0.403	165	0.318864874040827
EXOSC10	0.321	0.061	0.499	885	0.336716405259037
FTHL17	0.746	0.79	0.887	183	0.385332794544719
CNTN5	0.22	-0.248	0.338	1100	0.30562136431546
CSNK1G1	0.243	-0.126	0.398	475	0.309814836746367
A4GALT	0.687	0.762	0.871	353	0.33098866169123
PMS2	0.271	-0.052	0.441	862	0.322954277359064
PRRX1	0.447	0.37	0.664	245	0.34070689431898
CPSF2	0.189	-0.325	0.288	782	0.315990678443248
ACP5	0.5	0.445	0.703	325	0.341668513654275
ATP7B	0.363	0.204	0.574	1465	0.340985768214596
BRWD1	0.182	-0.399	0.252	2320	0.299777120339841
SLC37A1	0.454	0.436	0.695	533	0.336943012599504
RBM11	0.239	-0.213	0.362	281	0.334347808288527
PCBP3	0.459	0.378	0.668	371	0.335916397083118
C21orf58	0.432	0.308	0.626	322	0.302372986484785
YBEY	0.35	0.173	0.549	167	0.324183090440959
PNLIP	0.267	-0.107	0.416	465	0.326469560452118
SMIM11	0.24	-0.133	0.382	58	0.36650674951292
MIS18A	0.35	0.237	0.592	233	0.342257018624052
PNLIPRP1	0.368	0.148	0.549	467	0.34349997031905
TSPEAR	0.53	0.516	0.741	669	0.334508524376766
PNMT	0.582	0.609	0.79	282	0.338979480083268
SETD4	0.253	-0.079	0.419	440	0.320851384498593
FAM3B	0.298	0.007	0.467	235	0.339131435834397
RIPK4	0.608	0.645	0.809	784	0.333020221506954
CLIC6	0.429	0.374	0.673	704	0.313499921507778
GSAP	0.234	-0.113	0.398	854	0.327420177126702
TLR9	0.591	0.632	0.799	1032	0.328674587249682
POLE3	0.433	0.298	0.629	147	0.366960917732726
CHRAC1	0.317	0.149	0.547	131	0.335725218533958
PNN	0.212	-0.254	0.332	717	0.293504812428545
GPR88	0.692	0.831	0.908	384	0.30843826897761
UBL3	0.195	-0.307	0.297	117	0.295533621711199
SEPTIN5	0.619	0.658	0.817	369	0.360452370117153
SEPTIN4	0.414	0.262	0.605	493	0.330397196425521
CT45A6	0.227	-0.263	0.328	189	0.327364564240857
CT45A1	0.227	-0.271	0.322	189	0.325097844611672
LURAP1	0.477	0.391	0.672	239	0.305831537281749
MRPL39	0.216	-0.194	0.359	353	0.299721597579493
C21orf91	0.217	-0.218	0.352	297	0.330019643155104
C8orf58	0.444	0.393	0.673	365	0.300073610964809
EOLA2	0.333	0.172	0.549	158	0.33453719010905
DCUN1D1	0.188	-0.332	0.29	259	0.325578226847485
NANS	0.417	0.297	0.627	359	0.351053054725278
PODXL	0.403	0.264	0.614	558	0.288724245223931
CYCS	0.328	0.051	0.5	105	0.377609416572625
ERRFI1	0.232	-0.222	0.353	462	0.297990332367952
KCNK10	0.423	0.352	0.653	543	0.339369441556622
TREM2	0.456	0.408	0.679	230	0.306895785024255
TREM1	0.34	0.128	0.531	234	0.315240941345929
SNTG1	0.259	-0.077	0.423	517	0.327791969418082
POLA1	0.238	-0.188	0.368	1468	0.340085004185259
SNTG2	0.363	0.219	0.584	539	0.317402613449208
POLB	0.228	-0.195	0.361	335	0.323004776772755
POLD1	0.632	0.68	0.827	1133	0.335931184751721
POLD2	0.501	0.461	0.712	504	0.333327783244904
POLE	0.488	0.438	0.698	2286	0.349943942265052
POLE2	0.194	-0.339	0.285	527	0.303174396756875
POLG	0.472	0.423	0.691	1239	0.336431619208494
POLH	0.249	-0.139	0.397	713	0.316805222033918
POLR2B	0.199	-0.299	0.299	1174	0.325927418043517
POLR2C	0.393	0.285	0.616	275	0.343710057491672
GPR173	0.536	0.5	0.731	373	0.356328656958419
GPR85	0.266	-0.023	0.443	370	0.308604607162571
POLR2D	0.301	0.049	0.489	142	0.327587879938779
GNG2	0.366	0.171	0.559	71	0.372310129865024
GDAP1	0.237	-0.108	0.399	358	0.323848587519139
POLR2E	0.669	0.725	0.851	210	0.357707686537298
DPM3	0.42	0.425	0.681	122	0.309295376549637
SOX18	0.713	0.82	0.904	384	0.30183350449667
UNC93A	0.441	0.423	0.689	457	0.331462490776729
POLR2F	0.486	0.443	0.702	158	0.324054598471685
POLR2G	0.381	0.249	0.599	172	0.358771422359201
CYTL1	0.514	0.502	0.727	136	0.322369154664732
WNT4	0.607	0.635	0.806	351	0.351192568150621
HAO1	0.262	-0.063	0.427	370	0.335783421302091
POLR2H	0.25	-0.11	0.399	175	0.320821045701867
POLR2I	0.649	0.67	0.826	125	0.395794057479028
TERF2IP	0.419	0.33	0.645	399	0.327963697687407
POLR2J	0.476	0.456	0.707	117	0.355981274111687
POLR2K	0.203	-0.315	0.291	58	0.33060871834021
SLC38A2	0.208	-0.221	0.337	506	0.328295629373427
POLR2L	0.685	0.717	0.844	67	0.383536390458786
NLGN3	0.453	0.376	0.669	848	0.328811295824943
SIAE	0.315	0.065	0.503	523	0.32732980339734
POLRMT	0.654	0.731	0.855	1230	0.334699514164214
TAS2R5	0.315	0.17	0.541	299	0.32032328095986
POMC	0.721	0.764	0.875	267	0.340363554358938
DNAJC10	0.18	-0.389	0.259	793	0.318841801411966
YIPF1	0.254	-0.105	0.405	306	0.314579334500991
GAR1	0.2	-0.314	0.302	217	0.285979238766851
SSH1	0.413	0.297	0.626	1049	0.320312396042581
SH3TC1	0.59	0.621	0.796	1336	0.342909740562286
SEMA5B	0.535	0.524	0.747	1205	0.329348522273919
GFOD1	0.743	0.825	0.906	390	0.359097328939351
RBM27	0.213	-0.26	0.328	1060	0.302815382308867
PON1	0.232	-0.183	0.368	355	0.330480085263981
SASH3	0.519	0.433	0.7	380	0.32473107211332
KCTD5	0.498	0.525	0.746	234	0.351242085142387
ANLN	0.194	-0.353	0.281	1124	0.306780145372303
PON2	0.221	-0.175	0.368	354	0.319243528196241
RIN2	0.433	0.348	0.652	944	0.322771096960788
ATAD2B	0.19	-0.327	0.285	1458	0.302173928929645
FBXO42	0.284	-0.051	0.443	717	0.305809493433765
MOV10L1	0.308	0.071	0.502	1211	0.3258687425157
TAF7L	0.249	-0.155	0.389	462	0.332507929464902
PRR13	0.339	-0.069	0.458	148	0.32490459518872
PON3	0.257	-0.076	0.424	354	0.330465472641146
MRPS21	0.389	0.253	0.587	87	0.357043545734706
FBXW5	0.708	0.775	0.879	566	0.33491963709564
CCSER2	0.192	-0.381	0.27	1047	0.304268184964051
RETREG1	0.27	-0.023	0.452	497	0.312041707378665
XRN1	0.189	-0.36	0.278	1706	0.31649973398846
ETAA1	0.189	-0.421	0.251	926	0.322020612282128
SPIN2A	0.263	-0.116	0.407	258	0.325579702033358
ANKIB1	0.214	-0.273	0.322	1089	0.315182341431429
MIOS	0.172	-0.4	0.252	875	0.307090582876506
ZFAND6	0.198	-0.388	0.281	208	0.328650960414382
POR	0.636	0.684	0.831	680	0.358569232379869
ARMCX6	0.29	0.012	0.473	300	0.332185156012413
MIEF1	0.426	0.36	0.651	478	0.322338059877145
TOLLIP	0.669	0.707	0.844	274	0.3656238703604
KRT20	0.308	0.121	0.525	424	0.336498256714848
NLE1	0.472	0.422	0.69	485	0.317862936618969
RNF216	0.308	0.007	0.472	923	0.340478686259582
PLEKHA5	0.221	-0.225	0.347	1282	0.307515191826805
PIMREG	0.443	0.38	0.667	248	0.3110317676546
CHPF2	0.434	0.371	0.658	772	0.319574463506878
TRMT13	0.187	-0.353	0.276	481	0.328772604106652
DGCR8	0.382	0.226	0.59	773	0.326884322299469
POU1F1	0.217	-0.283	0.315	317	0.320001841024422
UGT2B28	0.221	-0.21	0.353	529	0.315994391711766
OTULINL	0.254	-0.069	0.422	356	0.315038552122931
NEURL1B	0.72	0.822	0.905	555	0.31057355507021
C11orf71	0.278	0.055	0.483	147	0.265438122205612
TMX3	0.195	-0.329	0.292	454	0.32215662348571
PRMT7	0.467	0.39	0.675	692	0.331022946149028
HEATR5B	0.178	-0.341	0.277	2071	0.30186047794967
SMOX	0.511	0.463	0.714	585	0.33153319480276
TMCO1	0.278	0	0.456	239	0.318886481223774
ATR	0.181	-0.322	0.285	2644	0.314215971255122
POU2AF1	0.472	0.386	0.677	256	0.314820872013135
RBM47	0.56	0.526	0.75	593	0.370299092056232
ZDHHC13	0.212	-0.203	0.351	622	0.316734176115708
CPVL	0.266	-0.065	0.433	476	0.336039576105111
DHX29	0.184	-0.345	0.278	1369	0.323260912559025
ADAMTSL4	0.425	0.302	0.628	1097	0.302801509909866
RHOF	0.692	0.773	0.878	211	0.377503873227674
POU2F1	0.311	0.045	0.495	766	0.314302182869246
PCDH18	0.247	-0.128	0.396	1135	0.310782864547118
HMGCLL1	0.219	-0.237	0.346	370	0.329664743860317
EXOSC4	0.478	0.446	0.7	245	0.33532057037383
DDX4	0.18	-0.427	0.242	724	0.304812431115996
MTRF1L	0.227	-0.13	0.386	380	0.299387612665058
PUS7	0.232	-0.169	0.376	661	0.327748929649336
APBB1IP	0.304	0.04	0.495	666	0.322168361527756
POU2F2	0.501	0.477	0.723	479	0.311990759166193
CCDC93	0.276	-0.007	0.457	631	0.335465510213187
WDR44	0.19	-0.379	0.272	913	0.30563809081934
ANKRD16	0.409	0.295	0.619	361	0.333615390340474
ASNSD1	0.162	-0.42	0.232	643	0.314551742813378
POU3F1	0.678	0.786	0.888	451	0.300171479362701
MIER2	0.52	0.482	0.726	545	0.333446636230977
USP53	0.181	-0.411	0.253	1073	0.300663493803
MRPL50	0.2	-0.266	0.318	158	0.290400716700847
CCHCR1	0.422	0.35	0.646	871	0.329164797223665
EXOC6	0.206	-0.243	0.331	804	0.324957221258478
SHLD2	0.178	-0.366	0.271	904	0.310689885393556
ROBO4	0.432	0.322	0.637	1007	0.300313841733619
NDUFB11	0.413	0.32	0.636	163	0.313826162942403
POU3F2	0.633	0.694	0.84	443	0.331120266897843
FAM193B	0.461	0.344	0.657	822	0.306979417125791
DDIT4	0.601	0.665	0.819	232	0.302324469817354
RC3H2	0.207	-0.288	0.315	1191	0.307973669067333
TOMM7	0.321	0.102	0.51	55	0.325584812540581
CRCT1	0.592	0.605	0.796	99	0.336164242120735
MTMR12	0.279	-0.006	0.46	747	0.326992331411774
RNF186	0.539	0.56	0.761	227	0.332222654400927
SDK2	0.579	0.585	0.779	2172	0.329908231116996
POU3F3	0.727	0.825	0.909	500	0.330762134081748
NECAB2	0.548	0.529	0.747	386	0.329097765039169
MAGEL2	0.429	0.264	0.614	1249	0.306205363528226
GNL3L	0.375	0.208	0.579	582	0.352000154208564
WDR5B	0.206	-0.308	0.308	330	0.316095454843182
DDX49	0.615	0.645	0.807	483	0.353695651755761
ING3	0.216	-0.308	0.313	418	0.326975625648788
SGTB	0.217	-0.226	0.352	304	0.331978966115176
SPATA6	0.241	-0.197	0.363	488	0.30383683319809
POU3F4	0.475	0.433	0.701	361	0.316832397082864
EPB41L4B	0.344	0.132	0.538	900	0.31202118204307
DLL4	0.502	0.457	0.713	685	0.347157741444804
POU4F1	0.728	0.85	0.921	419	0.322304009450641
UGT1A10	0.28	0.013	0.473	530	0.320741951452822
UGT1A8	0.284	0.009	0.47	530	0.322858404729611
UGT1A7	0.285	0.026	0.479	530	0.321502190545756
UGT1A6	0.305	0.066	0.499	532	0.337509044387495
UGT1A5	0.334	0.135	0.535	534	0.328180993282778
POU4F2	0.627	0.665	0.824	409	0.317874481586949
EGLN1	0.463	0.401	0.684	426	0.333148098196596
GNB1L	0.593	0.64	0.806	327	0.323542288996032
LZTFL1	0.211	-0.172	0.367	299	0.34349558308058
EQTN	0.205	-0.347	0.289	294	0.305569408262328
MXRA8	0.64	0.722	0.85	450	0.313793858944762
POU4F3	0.568	0.569	0.771	338	0.334533664708506
L1TD1	0.185	-0.327	0.291	865	0.303432125021617
ATRX	0.189	-0.387	0.267	2492	0.327033382429606
POU5F1	0.428	0.333	0.65	360	0.331072849183346
UGT1A9	0.281	0.022	0.476	530	0.324260973857388
NDFIP2	0.27	-0.074	0.43	336	0.303573239447258
DDX56	0.377	0.28	0.608	547	0.329000006980934
INO80	0.282	-0.014	0.453	1556	0.328223820389614
CCNJ	0.23	-0.139	0.386	383	0.317120646985244
POU5F1B	0.417	0.318	0.641	359	0.333148947243374
FBXL19	0.497	0.483	0.719	694	0.296594928375863
VSIG10	0.405	0.317	0.635	540	0.333377954337504
ARL15	0.214	-0.189	0.359	204	0.31459816725836
PAF1	0.434	0.281	0.624	531	0.345441101944519
PARP14	0.248	-0.113	0.408	1801	0.335693864392818
HES2	0.662	0.736	0.856	173	0.292170472241435
MAP10	0.244	-0.133	0.395	1047	0.305597257498601
MINDY2	0.287	0.002	0.474	621	0.329127965978695
POU6F1	0.412	0.254	0.606	611	0.340626694653788
PPA1	0.241	-0.237	0.35	289	0.341306937415945
PPARA	0.362	0.212	0.578	468	0.343718991546331
UGT1A4	0.332	0.131	0.534	534	0.33122695650602
UGT1A1	0.344	0.149	0.544	533	0.334005305298013
UGT1A3	0.328	0.106	0.52	534	0.32833419963686
TBC1D13	0.518	0.485	0.721	400	0.36097496474444
WDR74	0.38	0.273	0.609	385	0.31765351806397
TMEM106B	0.193	-0.331	0.289	274	0.322578769804115
RSBN1	0.258	-0.081	0.425	802	0.307862499798446
PPARD	0.576	0.574	0.772	441	0.367944080165149
LRRN3	0.198	-0.27	0.309	708	0.323447030814908
CRLS1	0.257	-0.057	0.424	301	0.32474238582928
GTPBP2	0.448	0.395	0.676	602	0.332579215669989
CROT	0.189	-0.335	0.284	640	0.31142446712239
PPARG	0.334	0.104	0.52	505	0.337680884515116
ZNHIT6	0.228	-0.196	0.366	470	0.331835445285034
P4HTM	0.507	0.499	0.731	563	0.319373691998386
MANSC1	0.248	-0.135	0.394	431	0.303353104194589
MED1	0.266	-0.13	0.408	1581	0.305235396989757
KIF1A	0.594	0.612	0.792	1791	0.338468334206376
PPEF2	0.347	0.179	0.557	753	0.322789254466773
RRN3	0.25	-0.117	0.398	651	0.320608541393689
PDP1	0.259	-0.112	0.404	562	0.322349292784343
GPN2	0.586	0.625	0.798	310	0.360937960356272
MARCHF5	0.178	-0.351	0.27	278	0.314394152303222
PPAT	0.194	-0.323	0.292	517	0.317047058464876
CNGB3	0.221	-0.212	0.351	809	0.325182542871056
RBFOX1	0.341	0.09	0.526	425	0.321871220622108
SLC6A20	0.573	0.614	0.792	592	0.363942337438353
OTUD4	0.21	-0.344	0.292	1049	0.313440615002935
PPBP	0.265	-0.049	0.429	128	0.328473955732003
TMED9	0.509	0.523	0.741	235	0.336512100996383
SLC35F2	0.319	0.143	0.531	374	0.330202802417071
RAB39A	0.291	0.035	0.481	217	0.313141218050282
MPHOSPH8	0.246	-0.135	0.398	860	0.331276011540705
FEV	0.71	0.8	0.895	238	0.356963191445042
XAF1	0.315	0.049	0.495	301	0.338116441800165
LEPROT	0.238	-0.106	0.403	140	0.321067950231089
LY6K	0.376	0.24	0.59	165	0.333433956324628
EPDR1	0.473	0.45	0.705	224	0.336928150940064
PPEF1	0.234	-0.126	0.393	653	0.326134115365908
FBLIM1	0.452	0.314	0.636	374	0.326498894211384
FNDC8	0.446	0.36	0.66	324	0.34095835305113
ZNF853	0.509	0.556	0.763	659	0.359306872425395
NUTM2F	0.427	0.284	0.621	756	0.316104931462164
IL17RD	0.399	0.307	0.632	739	0.334558887827011
FAM20A	0.467	0.456	0.704	541	0.322717698529404
KLHDC4	0.459	0.394	0.683	520	0.327601947742476
CTSA	0.497	0.489	0.727	498	0.357379009029895
PCSK4	0.67	0.746	0.864	755	0.326161748978016
GRAMD1C	0.203	-0.234	0.333	662	0.312361679574056
ROPN1	0.358	0.198	0.567	212	0.330427030762192
ZRANB1	0.203	-0.31	0.296	708	0.308963555033481
TRIM44	0.355	0.14	0.553	344	0.340744199152205
BTG4	0.23	-0.204	0.36	223	0.319778888847553
HYDIN	0.356	0.174	0.559	5121	0.336138005461136
DIRAS2	0.592	0.613	0.793	199	0.369077223574761
PPP1R12C	0.528	0.512	0.738	782	0.311901133887784
CFAP46	0.464	0.428	0.691	2715	0.340721536039844
RNF111	0.211	-0.339	0.297	1003	0.291541841632516
PPIA	0.368	0.124	0.541	165	0.345948598460473
NSMCE4A	0.27	-0.021	0.448	385	0.285447076834855
ALKBH4	0.591	0.662	0.817	302	0.319513737754712
BORCS6	0.532	0.572	0.771	357	0.294967481319242
DNAJB12	0.474	0.408	0.685	409	0.328317773014159
PPIB	0.465	0.384	0.675	216	0.342715512444229
TET2	0.244	-0.198	0.371	2002	0.328330205705127
KCTD9	0.207	-0.239	0.331	389	0.320364819765424
TRPM4	0.522	0.554	0.758	1214	0.321428213445311
BNC2	0.32	0.066	0.503	1099	0.313182326516777
MED18	0.346	0.193	0.563	208	0.322361837950274
DCHS2	0.284	-0.001	0.467	3371	0.31025280122593
MBTD1	0.205	-0.302	0.312	628	0.314005819744376
PPIC	0.342	0.134	0.541	212	0.324591147132632
KLHL24	0.21	-0.257	0.325	600	0.317035991765995
HAUS6	0.176	-0.377	0.265	955	0.306447749045421
TRIT1	0.277	-0.001	0.462	467	0.327036499270817
CNNM2	0.484	0.48	0.72	875	0.337709175223405
AHI1	0.195	-0.353	0.283	1196	0.309464150334904
ZNF586	0.23	-0.225	0.345	402	0.310343409612917
DYM	0.228	-0.14	0.38	669	0.322582252635685
SAMD9	0.189	-0.338	0.283	1589	0.329983766639742
PPID	0.195	-0.326	0.296	370	0.327911003496645
GIPC2	0.242	-0.088	0.417	315	0.316209436297633
ZNF562	0.231	-0.227	0.357	426	0.328261322360647
AFTPH	0.196	-0.366	0.283	936	0.304288496886032
KLHL28	0.192	-0.314	0.298	585	0.319689486202012
QPCTL	0.461	0.451	0.697	382	0.290579236149396
GATAD2A	0.474	0.437	0.7	634	0.315256436528701
ZNF280D	0.188	-0.455	0.238	979	0.312919890077986
ZCCHC10	0.237	-0.2	0.372	192	0.277109970587732
NDE1	0.377	0.246	0.595	335	0.32955728560221
ERCC6L	0.194	-0.313	0.297	1250	0.316152403764211
TRPM7	0.174	-0.39	0.254	1865	0.314965911194511
SWT1	0.182	-0.344	0.278	900	0.314109716620052
CDHR2	0.54	0.539	0.755	1310	0.353720906702029
GIN1	0.174	-0.401	0.25	522	0.310330472572822
NXPE4	0.282	0.004	0.461	544	0.32402088159723
BCAS3	0.274	-0.081	0.427	950	0.301973725393827
NUP62CL	0.233	-0.16	0.38	184	0.311361846220631
BEST2	0.569	0.61	0.79	509	0.328975075510448
SSX4B	0.324	0.049	0.497	188	0.339896211706566
VPS13C	0.194	-0.299	0.302	3753	0.322451477487901
GDAP2	0.211	-0.249	0.333	497	0.314889063429465
BSPRY	0.472	0.453	0.706	402	0.32449066238201
WBP1L	0.449	0.315	0.635	363	0.327715747396155
LRRC49	0.197	-0.233	0.328	691	0.32222502573829
APTX	0.3	0.037	0.486	342	0.34282987228997
BIVM	0.212	-0.303	0.309	503	0.319382366043487
MFSD6	0.291	0.009	0.47	791	0.320235606041506
SYTL2	0.228	-0.229	0.348	935	0.312953782331038
ESRP1	0.264	-0.082	0.424	681	0.329527807263087
SIDT1	0.385	0.262	0.605	832	0.343245505101071
ARHGEF38	0.267	-0.053	0.434	777	0.342780871601495
DEF8	0.583	0.591	0.78	512	0.352633921282889
FBXL12	0.569	0.623	0.79	326	0.308444184666456
ANKRD49	0.219	-0.244	0.333	239	0.326425026602896
PAQR5	0.434	0.358	0.652	330	0.337780044215012
WDR55	0.406	0.267	0.609	383	0.328986026799569
FAM83E	0.55	0.567	0.767	478	0.29819695096179
TENT5C	0.439	0.369	0.66	391	0.347706494730025
GON4L	0.296	-0.025	0.459	2241	0.322069728557606
GDPD2	0.351	0.234	0.579	590	0.308856550473854
PGPEP1	0.488	0.452	0.709	209	0.351014619406072
ELP6	0.407	0.315	0.632	266	0.334208291163294
SLX1A	0.509	0.511	0.737	275	0.305751394179911
CKMT1A	0.337	0.113	0.517	417	0.311290154471301
MS4A12	0.251	-0.139	0.395	267	0.339785176945968
SNRK	0.305	0.043	0.491	765	0.318242619204835
CC2D1A	0.503	0.445	0.703	951	0.332559741348242
TOR4A	0.673	0.772	0.876	423	0.304412460943983
POLR2J3	0.486	0.501	0.728	115	0.340335100713534
DNAJC25	0.356	0.22	0.578	360	0.343244129816518
GPATCH4	0.341	0.094	0.522	375	0.342799229933618
PPP1R14D	0.361	0.216	0.574	200	0.29079923294044
TMEM214	0.461	0.414	0.682	689	0.328196109283123
TMEM104	0.604	0.659	0.816	496	0.34649021404726
EPS8L1	0.569	0.591	0.781	723	0.307470791863623
QRICH1	0.363	0.182	0.568	776	0.353380171875615
PIGG	0.314	0.143	0.537	983	0.30893471248097
PALMD	0.233	-0.207	0.358	551	0.318326594251822
FNBP1L	0.209	-0.278	0.323	605	0.319911458505704
CNTLN	0.197	-0.258	0.326	1406	0.323887616683171
DCAF16	0.21	-0.27	0.322	216	0.293211949406208
ZCCHC2	0.318	0.086	0.517	1178	0.305146626144197
DPP8	0.203	-0.294	0.305	898	0.309764029346386
ST7L	0.194	-0.289	0.304	575	0.301799164910815
BCOR	0.345	0.12	0.535	1755	0.317126416945036
TEX10	0.198	-0.209	0.338	929	0.308539532638531
ANKHD1	0.208	-0.313	0.308	2542	0.307290730029392
CWC25	0.36	0.2	0.57	425	0.328347275441237
RETSAT	0.425	0.331	0.641	610	0.34634912284774
TBC1D8B	0.196	-0.314	0.294	1120	0.320388494943429
PLPPR1	0.312	0.081	0.508	325	0.336929457521334
BLTP3A	0.324	0.081	0.509	1440	0.319273850349482
NSUN2	0.282	-0.011	0.46	767	0.316248849927792
ALKBH5	0.609	0.609	0.791	394	0.350468172537185
INO80D	0.319	0.055	0.498	1027	0.306547701863168
NCAPG2	0.241	-0.092	0.407	1156	0.330070114178058
MTMR10	0.253	-0.075	0.423	777	0.312093140267084
RNF43	0.409	0.234	0.592	783	0.307344167618351
SLC66A1	0.611	0.678	0.824	291	0.345731860286987
CASZ1	0.66	0.692	0.839	1759	0.34328695106848
ELOVL2	0.269	-0.027	0.449	296	0.333181332857338
PXK	0.268	-0.045	0.438	578	0.330945503230708
AUH	0.242	-0.057	0.427	339	0.313450068365887
LAX1	0.304	0.038	0.49	398	0.311491728260082
CDKAL1	0.229	-0.209	0.355	579	0.325806090510586
TTC19	0.305	0.095	0.508	380	0.335491424945672
MKS1	0.401	0.282	0.615	559	0.311535781158104
NSD3	0.243	-0.202	0.367	1437	0.331882770170716
CYP2W1	0.625	0.705	0.838	490	0.317466295864889
TASOR2	0.21	-0.264	0.329	2430	0.31148184175822
SPDL1	0.193	-0.266	0.32	605	0.336721848830015
SEMA4C	0.521	0.507	0.736	833	0.338354135343293
RPP25	0.564	0.629	0.804	199	0.302918347600645
FOCAD	0.217	-0.161	0.369	1801	0.314865201002484
YTHDF1	0.443	0.337	0.656	559	0.340471714932443
TMEM260	0.225	-0.152	0.379	707	0.320681658358565
CMTM6	0.255	-0.079	0.413	183	0.30932532999164
DNAAF5	0.589	0.639	0.803	855	0.321673874839142
DUS2	0.358	0.185	0.561	493	0.337864433080025
CHTF8	0.377	0.254	0.593	121	0.319169684188178
RASIP1	0.551	0.588	0.777	963	0.30756656250882
LIME1	0.55	0.557	0.76	295	0.303796430578305
ZSCAN32	0.321	0.041	0.494	697	0.327445410563657
UBE2R2	0.339	0.081	0.515	238	0.345125715379528
CHCHD3	0.332	0.096	0.518	232	0.358650428449187
BPNT2	0.33	0.126	0.535	359	0.324133471581387
TMEM161A	0.565	0.606	0.784	479	0.329131499805121
PPL	0.582	0.602	0.785	1756	0.359258179061895
HAUS4	0.334	0.193	0.562	363	0.342792396211583
TRMT10C	0.179	-0.347	0.276	403	0.32405138325867
EXD3	0.576	0.6	0.783	876	0.331266681981158
RHBDL2	0.285	-0.016	0.449	303	0.341245412327098
KANSL2	0.264	-0.099	0.41	492	0.325425878214796
DUSP23	0.605	0.624	0.796	150	0.330270301258277
ADPRS	0.466	0.402	0.682	363	0.342049371976659
SOHLH2	0.244	-0.127	0.398	425	0.324862046754933
SARS2	0.513	0.491	0.725	520	0.327306707828449
COMMD4	0.503	0.486	0.723	199	0.33208428035436
PPM1A	0.215	-0.24	0.341	455	0.321525009972997
OCIAD1	0.18	-0.442	0.236	245	0.308348723965106
RNF125	0.273	-0.008	0.456	232	0.303562958395151
ABITRAM	0.231	-0.179	0.373	181	0.323654571328678
DNAJC28	0.196	-0.316	0.293	388	0.335313991546466
SLC41A3	0.415	0.331	0.637	507	0.325906117692727
LPCAT2	0.221	-0.173	0.371	544	0.308489793164247
MRPL16	0.284	-0.003	0.46	251	0.307071475329214
SDHAF2	0.281	-0.025	0.439	166	0.321929571266331
PPM1B	0.195	-0.36	0.279	479	0.32085988444355
COMMD8	0.202	-0.208	0.345	183	0.329604819619587
TRNAU1AP	0.401	0.193	0.579	287	0.365412156297868
ODR4	0.179	-0.379	0.262	454	0.314305798426656
FAM120C	0.323	0.086	0.513	1096	0.315511927461886
C1orf109	0.376	0.291	0.612	203	0.341236136835919
PARP16	0.433	0.383	0.668	323	0.320719372451451
TXNL4B	0.231	-0.187	0.366	149	0.328989211385614
TMEM160	0.588	0.663	0.818	188	0.30550852493985
ODAM	0.199	-0.28	0.32	279	0.312613474216082
PPM1G	0.353	0.128	0.543	546	0.35170085320827
GEMIN8	0.354	0.123	0.537	242	0.331341911007745
SSH3	0.515	0.495	0.73	659	0.319720854487922
TIPIN	0.182	-0.365	0.269	301	0.308605342252403
UCKL1	0.593	0.623	0.797	548	0.331050967775669
C1orf56	0.453	0.395	0.675	341	0.282174217526902
PIGX	0.256	-0.024	0.444	276	0.325002889955373
CT55	0.24	-0.152	0.385	264	0.322018841152714
TMEM70	0.253	-0.129	0.394	260	0.304184243201562
HPF1	0.197	-0.328	0.294	346	0.334876773421221
TTC12	0.308	0.088	0.507	711	0.349515471415878
BANP	0.526	0.55	0.761	519	0.349927380580423
TMEM132A	0.527	0.496	0.731	1024	0.316989019980314
INTS11	0.645	0.691	0.835	606	0.360436250306889
THG1L	0.324	0.085	0.512	298	0.339707739071629
ADISSP	0.462	0.397	0.68	199	0.309875383681303
SLC25A38	0.303	0.098	0.51	304	0.309691955844666
SLC35F6	0.537	0.571	0.766	371	0.330851017747121
PLAAT2	0.376	0.222	0.581	162	0.337037138502497
PPOX	0.335	0.155	0.542	477	0.300966198912509
C2orf42	0.305	0.026	0.48	574	0.325698493976086
NMRK1	0.224	-0.245	0.333	203	0.322547363746302
CLN6	0.577	0.634	0.8	311	0.329993193195732
PINX1	0.367	0.15	0.555	328	0.356564243676237
HCFC1R1	0.558	0.552	0.756	138	0.305186293555947
ULK4	0.235	-0.108	0.397	1275	0.318411386468964
CZIB	0.449	0.358	0.66	160	0.383433596924179
ACSM5	0.4	0.239	0.593	579	0.324477048804331
ZNF770	0.192	-0.376	0.27	691	0.331937438664673
PPP1CA	0.568	0.559	0.762	341	0.368105255055317
C1orf159	0.464	0.406	0.681	380	0.302849544646858
ZSCAN2	0.433	0.319	0.642	614	0.328353671538781
GID8	0.371	0.233	0.583	228	0.329264297196231
OXSM	0.196	-0.354	0.28	459	0.316538009887621
MTARC2	0.38	0.231	0.582	335	0.329443580255618
TESC	0.6	0.623	0.797	214	0.352147701136608
AURKAIP1	0.548	0.585	0.774	199	0.316367472654371
ACP3	0.274	0.012	0.465	418	0.310041652148519
AUP1	0.355	0.248	0.593	410	0.293982006747799
PPP1CB	0.206	-0.296	0.3	327	0.325858700618385
TTC22	0.663	0.732	0.854	569	0.345404060112846
TMCO3	0.324	0.214	0.571	677	0.318018576355763
PAK1IP1	0.233	-0.185	0.371	392	0.322754552447081
LAMTOR1	0.489	0.405	0.682	161	0.342933559538374
RMND1	0.21	-0.238	0.329	449	0.309749839720846
TRMT61B	0.228	-0.14	0.389	477	0.302198467467561
FAM118A	0.397	0.301	0.626	357	0.338499969728885
HERC6	0.241	-0.125	0.397	1022	0.315854414635443
FAM174C	0.648	0.789	0.885	132	0.292867828109508
PPP1CC	0.22	-0.177	0.363	337	0.324721676809823
PARPBP	0.188	-0.341	0.277	656	0.323128041762954
PIH1D1	0.48	0.466	0.711	290	0.340574979957057
PPP2R3C	0.186	-0.277	0.312	453	0.321794243494103
MCUB	0.247	-0.11	0.404	336	0.318231201924158
STX17	0.2	-0.248	0.327	302	0.327431324592939
PRPF39	0.174	-0.438	0.234	669	0.320199276320515
MARCHF1	0.299	0.015	0.475	289	0.310329576829531
C14orf119	0.298	-0.019	0.458	140	0.313110836053145
ANKRD40CL	0.262	-0.055	0.423	114	0.353371298012306
PPP1R1A	0.4	0.236	0.594	171	0.288810247111731
TTC38	0.475	0.422	0.689	469	0.341913178766131
PID1	0.483	0.437	0.7	250	0.336314269449709
PHIP	0.188	-0.359	0.273	1821	0.297967742966986
BANK1	0.212	-0.27	0.324	785	0.319043871875616
TMEM255A	0.341	0.099	0.521	349	0.331373965675098
HEATR3	0.251	-0.064	0.426	680	0.32849781756187
C17orf80	0.216	-0.248	0.338	609	0.305031660569115
FBXO34	0.27	-0.108	0.417	711	0.332988599333726
USP47	0.196	-0.339	0.287	1375	0.313583159388699
SLC35A5	0.24	-0.126	0.391	424	0.326220230635009
FKBP14	0.228	-0.183	0.365	211	0.328707793975593
MOCOS	0.342	0.135	0.538	888	0.319520355286241
NOL8	0.225	-0.25	0.342	1167	0.32314416491802
CCDC40	0.529	0.52	0.742	1142	0.35232256541985
PTCD3	0.219	-0.207	0.351	689	0.313654631132263
CDCA4	0.461	0.397	0.678	241	0.320748052066264
TRMT12	0.274	-0.047	0.439	448	0.320455507748378
PPP1R2	0.243	-0.124	0.407	205	0.318397563618168
EPN3	0.567	0.574	0.774	632	0.307759214206067
PLEKHB2	0.328	0.063	0.505	236	0.329195636741988
VPS37C	0.475	0.374	0.669	355	0.315170067196195
REX1BD	0.597	0.635	0.802	201	0.315829509662565
NRDE2	0.33	0.101	0.519	1164	0.332215718712207
MRPL20	0.366	0.22	0.572	149	0.346915598593552
ATG16L1	0.296	0.025	0.475	624	0.318615351510138
ZWILCH	0.194	-0.285	0.308	591	0.316520594303431
PPP1R3A	0.171	-0.461	0.229	1122	0.305742699219467
SUSD4	0.385	0.232	0.594	490	0.325070885866217
WIPI1	0.335	0.117	0.53	446	0.323033525552132
ZCWPW1	0.291	-0.016	0.463	648	0.32842821449857
CCDC157	0.566	0.569	0.768	752	0.328140744649852
SPATA6L	0.259	-0.101	0.41	334	0.311675635031746
NBDY	0.322	-0.014	0.47	68	0.286369019011664
SLC52A1	0.449	0.36	0.656	448	0.324582469404412
PDPR	0.375	0.216	0.58	879	0.336331365204798
ENOX1	0.29	0.021	0.476	643	0.332578224974932
TMEM248	0.374	0.225	0.588	314	0.326284790374258
PPP1R3C	0.29	0.007	0.475	317	0.330742151830255
DET1	0.342	0.129	0.531	561	0.32239005680014
C9orf40	0.454	0.433	0.699	194	0.292752485144798
RNF31	0.423	0.306	0.627	1072	0.330375997874503
OXR1	0.197	-0.374	0.276	874	0.304566424544593
UACA	0.199	-0.234	0.338	1416	0.338520163543107
TMEM45A	0.231	-0.09	0.406	291	0.315924181771232
FEZF2	0.591	0.622	0.801	459	0.346762559398046
TAPBPL	0.441	0.359	0.656	468	0.323311099847523
IFT57	0.24	-0.135	0.395	429	0.332604287418539
ARGLU1	0.331	0.194	0.556	273	0.309860195778253
KIF26B	0.555	0.561	0.768	2108	0.324167161903751
SOBP	0.48	0.425	0.697	873	0.319366918727368
RADX	0.222	-0.215	0.347	855	0.313300707779717
CCDC186	0.171	-0.383	0.259	898	0.326236917816421
SLC38A4	0.222	-0.147	0.38	547	0.318326317680246
PPP1R3D	0.68	0.765	0.874	299	0.304220188666254
MED9	0.531	0.546	0.759	146	0.335286775757252
TMEM51	0.489	0.416	0.69	253	0.34507304364529
NTAQ1	0.279	-0.081	0.431	205	0.332200899967956
GPATCH1	0.275	-0.066	0.439	931	0.31564184403417
SAMD4B	0.501	0.45	0.706	694	0.319511247180415
EBLN2	0.204	-0.234	0.335	272	0.296504401808632
AVP	0.792	0.883	0.938	164	0.372857484472852
PPP1R7	0.385	0.328	0.63	360	0.34249351385037
WDR70	0.238	-0.201	0.366	654	0.311640136542359
DMAC2	0.467	0.412	0.681	263	0.339321827634409
ATG2B	0.212	-0.253	0.331	2078	0.304901366752076
RALGPS2	0.175	-0.395	0.258	583	0.304625527205656
GPATCH2	0.216	-0.257	0.333	528	0.294902314809576
SLFN12	0.219	-0.194	0.357	578	0.331213735778338
ANO1	0.574	0.598	0.784	986	0.357282758719001
BSDC1	0.414	0.272	0.619	474	0.322998671007549
AGGF1	0.211	-0.3	0.315	714	0.316543836379966
PPP1R8	0.34	0.101	0.522	351	0.323523048258144
MAGOHB	0.226	-0.174	0.368	148	0.339203794468401
PLEKHJ1	0.52	0.506	0.736	277	0.314027622483721
DYNC2I1	0.276	-0.044	0.441	1066	0.307506975751878
XKR8	0.637	0.706	0.838	395	0.329549136640459
ARHGAP17	0.317	0.059	0.504	881	0.313693492180724
TMEM39B	0.541	0.559	0.761	492	0.325946103162272
SLC6A15	0.203	-0.265	0.32	730	0.321484269117319
CRTAC1	0.509	0.477	0.723	661	0.348685347460396
PRPF38B	0.23	-0.172	0.366	546	0.284621985952412
FANCL	0.193	-0.271	0.311	380	0.302329972303525
AKIRIN2	0.255	-0.062	0.434	203	0.295917644739495
PIWIL2	0.288	0.006	0.465	973	0.327489908567342
CEP192	0.202	-0.306	0.305	2537	0.308418493522472
HEATR1	0.228	-0.124	0.391	2144	0.327803945333345
TRIM68	0.371	0.195	0.566	485	0.330967924213352
ANO10	0.255	-0.039	0.436	660	0.344721220321417
ODAD2	0.211	-0.233	0.336	1044	0.329979748224955
RBM28	0.302	0.02	0.482	759	0.345293267035403
LARP1B	0.184	-0.422	0.245	914	0.303190456875968
SRBD1	0.221	-0.198	0.357	995	0.325784530931458
WRAP53	0.4	0.251	0.604	548	0.318392344662388
FIGN	0.271	-0.075	0.431	759	0.303141256107416
FAM90A1	0.387	0.223	0.589	464	0.306607193238463
ANKZF1	0.318	0.064	0.497	726	0.311616883041178
PPP1R10	0.322	0.021	0.484	940	0.295466690574678
ELP3	0.248	-0.102	0.405	547	0.319309271090691
HAUS2	0.202	-0.212	0.345	235	0.344950953584522
CDCA8	0.327	0.118	0.52	280	0.32947570721745
LRRC8D	0.251	-0.075	0.42	858	0.333849254165366
THAP1	0.26	-0.065	0.435	213	0.340613645944546
ZDHHC4	0.313	0.137	0.532	344	0.329417009205957
RBM23	0.307	-0.004	0.458	439	0.310669901661615
UBR7	0.267	-0.084	0.43	425	0.351281570901536
MTPAP	0.22	-0.178	0.363	582	0.309085630982417
PPP2CA	0.235	-0.177	0.369	309	0.316368360908252
C19orf73	0.342	0.221	0.576	129	0.24979946168833
TMEM38B	0.231	-0.203	0.362	291	0.297777612816981
DALRD3	0.44	0.383	0.665	543	0.311225282735486
SDAD1	0.242	-0.135	0.391	687	0.339093769632951
MSTO1	0.37	0.203	0.573	570	0.30740627205428
ARMC1	0.199	-0.285	0.312	282	0.309765145050499
DARS2	0.235	-0.108	0.4	645	0.310677525982653
RFWD3	0.289	-0.021	0.456	774	0.32288240724531
PPP2CB	0.221	-0.185	0.366	309	0.311380731482738
ARHGEF10L	0.577	0.598	0.784	1279	0.335245374914679
TMEM33	0.201	-0.185	0.349	247	0.307846245398018
PNPO	0.408	0.27	0.611	261	0.32500238737067
SHQ1	0.25	-0.118	0.403	577	0.327009047998114
CEP55	0.205	-0.239	0.333	464	0.331122299383163
CENPQ	0.192	-0.303	0.301	268	0.329769525105158
MSL2	0.227	-0.211	0.357	577	0.31409975131337
MRPS18A	0.383	0.262	0.599	196	0.311177386135165
PRMT6	0.577	0.636	0.804	375	0.324092327704448
TBCCD1	0.254	-0.1	0.409	557	0.317246642892933
DNAAF2	0.372	0.247	0.6	837	0.305987556828246
MRPS10	0.194	-0.248	0.33	201	0.314134464800063
INTS10	0.255	-0.02	0.448	710	0.333578447336029
KLHL11	0.277	-0.017	0.456	708	0.323457801370251
SEC61A2	0.252	-0.045	0.432	476	0.335101324185556
RMDN3	0.38	0.239	0.59	470	0.327318533148954
MRM3	0.358	0.192	0.566	420	0.320543893532493
FAIM	0.206	-0.248	0.335	213	0.309689632857954
PPP2R1A	0.539	0.555	0.76	589	0.353182777406357
LINS1	0.209	-0.203	0.354	757	0.327955236519184
SMG8	0.243	-0.157	0.385	991	0.317417974449774
RNF220	0.393	0.228	0.589	566	0.324833872219747
RIF1	0.168	-0.435	0.235	2472	0.310433504230761
DZANK1	0.277	-0.056	0.437	752	0.332720161737841
SLC25A36	0.187	-0.372	0.264	311	0.308101148786325
VPS13D	0.268	-0.045	0.44	4388	0.319807848151146
RIC8B	0.235	-0.097	0.405	560	0.315871674271952
PPP2R1B	0.221	-0.172	0.367	667	0.321688855577425
NUDT11	0.496	0.534	0.753	164	0.322410930361663
NADSYN1	0.472	0.449	0.703	706	0.336331937830046
DNAJC17	0.41	0.309	0.628	304	0.340017385888261
PBRM1	0.244	-0.173	0.374	1634	0.32694300430992
EVA1B	0.748	0.874	0.931	165	0.292045898924708
CCDC198	0.233	-0.176	0.364	336	0.313914301961403
RESF1	0.188	-0.392	0.27	1747	0.317912635111027
RPRD1A	0.228	-0.133	0.388	312	0.305729546198934
APPL2	0.27	-0.037	0.446	670	0.334855729049445
FAM86C1P	0.422	0.372	0.66	165	0.301743397603174
AVPR1A	0.538	0.549	0.76	418	0.335366389596034
PPP2R2A	0.205	-0.313	0.298	457	0.311650612040408
PLEKHG6	0.478	0.426	0.688	790	0.311942524139565
MAP1S	0.587	0.612	0.793	1059	0.305525688885648
LGI2	0.368	0.218	0.579	545	0.330133602911467
GOLPH3L	0.26	-0.04	0.437	285	0.295650498584599
ZNF532	0.343	0.119	0.537	1301	0.336908875498118
SBNO1	0.181	-0.37	0.269	1393	0.311133336731384
ARL8B	0.245	-0.049	0.425	186	0.318654041136763
DCUN1D2	0.278	0.011	0.471	259	0.327343955636101
SETD5	0.258	-0.134	0.4	1442	0.300267797320259
PPP2R2B	0.344	0.163	0.551	509	0.319729974885742
ATAD3A	0.565	0.603	0.786	634	0.339851022970231
DPPA4	0.269	-0.108	0.413	304	0.32638870994974
BBS7	0.204	-0.261	0.324	715	0.320134311703109
RCBTB1	0.283	-0.043	0.449	531	0.338321239830266
P3H2	0.327	0.102	0.517	708	0.319354369336001
FANCI	0.239	-0.088	0.412	1328	0.328054018067798
NKAPD1	0.246	-0.224	0.358	293	0.313238012073808
TMLHE	0.258	-0.054	0.432	421	0.31584593980744
EXD2	0.334	0.148	0.539	621	0.334776112750132
MACO1	0.278	0.022	0.476	664	0.339870199420591
PPP2R2C	0.588	0.609	0.791	447	0.35093769336359
KLHDC8A	0.525	0.556	0.763	350	0.334019178939047
LRRC20	0.594	0.66	0.815	184	0.343901783397654
TRIM62	0.669	0.733	0.856	475	0.347258291203291
ETNK2	0.492	0.458	0.709	394	0.346502898148634
RAVER2	0.232	-0.166	0.381	678	0.320749149662716
NAT10	0.344	0.169	0.55	1025	0.342650222115271
LRRC1	0.246	-0.031	0.434	524	0.321586861749289
PNMA8A	0.394	0.217	0.586	439	0.346228032331037
PANK4	0.544	0.578	0.773	781	0.337551003747911
PPP2R3A	0.218	-0.229	0.347	1150	0.318104631263127
USP40	0.227	-0.145	0.383	1247	0.321490586208854
CCDC87	0.413	0.329	0.636	849	0.318772253249017
MOB1A	0.231	-0.229	0.345	216	0.332716323123884
SMU1	0.252	-0.114	0.402	513	0.323638049973374
UBA6	0.174	-0.399	0.253	1052	0.309399550382157
VRTN	0.529	0.519	0.741	702	0.331569273717382
SLC38A7	0.522	0.521	0.742	462	0.348094862159625
OGFOD1	0.299	-0.001	0.467	542	0.333082854368484
PTPA	0.459	0.361	0.66	323	0.36068065172352
STEAP3	0.612	0.656	0.814	498	0.334687816245406
KIRREL1	0.503	0.45	0.707	757	0.337456406042753
SLC47A1	0.356	0.264	0.598	570	0.337479745263297
UQCC1	0.304	0.062	0.493	299	0.316529418030545
CCDC25	0.272	-0.085	0.428	208	0.359844404305065
NEIL3	0.234	-0.19	0.368	605	0.324955693673775
PACC1	0.394	0.292	0.621	411	0.333249764752023
YY1AP1	0.312	0.075	0.505	888	0.323230223494755
PPP2R5A	0.23	-0.15	0.38	486	0.326443433401543
ELP2	0.216	-0.24	0.342	891	0.317784939389855
PCMTD2	0.291	0	0.462	361	0.332388142364247
TYW1	0.287	-0.007	0.466	732	0.330961293851151
TMEM39A	0.247	-0.054	0.425	488	0.312233481215776
WDR41	0.192	-0.259	0.319	459	0.313505989360144
ADI1	0.489	0.455	0.707	179	0.346890577007673
MRGBP	0.481	0.43	0.701	204	0.332043426558118
THNSL2	0.426	0.323	0.637	484	0.337912692545338
DNAI7	0.187	-0.338	0.283	722	0.320967300510682
PPP2R5B	0.529	0.537	0.75	497	0.336816822291128
TMEM143	0.554	0.616	0.791	459	0.308120451860302
TRAPPC14	0.505	0.495	0.729	580	0.318490627090119
TMEM19	0.215	-0.179	0.363	336	0.309893902331142
ECHDC2	0.432	0.39	0.667	292	0.329181210396537
PSPC1	0.264	-0.093	0.416	523	0.304312797166336
PPP2R5C	0.232	-0.122	0.399	555	0.318852465572328
NUDT15	0.249	-0.134	0.404	164	0.311924583441185
IMP3	0.648	0.746	0.86	184	0.323701832372538
TMEM100	0.359	0.221	0.581	134	0.337571747137054
PHF10	0.239	-0.215	0.359	498	0.324210355423883
VPS53	0.372	0.222	0.581	832	0.338738194648263
PGM2	0.262	-0.118	0.407	612	0.339292093023779
FGGY	0.266	-0.025	0.454	575	0.322823229631956
QRSL1	0.196	-0.294	0.311	528	0.31267125444806
ZNF654	0.189	-0.364	0.273	1128	0.319251276443167
PPP2R5D	0.458	0.389	0.672	602	0.344437182631702
CWF19L1	0.264	-0.115	0.407	538	0.34082629617223
TMEM140	0.478	0.506	0.726	185	0.334707505073972
LRRC36	0.252	-0.083	0.417	754	0.310374209051711
MCOLN3	0.232	-0.134	0.387	553	0.335003995868436
UBE2W	0.206	-0.284	0.311	191	0.286427772307829
RBM41	0.24	-0.157	0.38	413	0.321999463390879
C4orf19	0.292	-0.05	0.456	314	0.323786027514201
TMEM40	0.326	0.126	0.539	233	0.308955868537321
RHOT1	0.212	-0.232	0.338	691	0.323604684848451
ATXN7L3B	0.391	0.235	0.594	97	0.360937471135474
ACOXL	0.349	0.192	0.564	580	0.329759578295367
PPP2R5E	0.209	-0.212	0.344	467	0.314887752990542
BRF2	0.361	0.229	0.585	419	0.32490218965858
BOLA2B	0.431	0.381	0.667	152	0.318895692998366
BOLA2	0.431	0.381	0.667	152	0.318895692998366
PPP6R3	0.235	-0.156	0.383	879	0.306617538660395
UEVLD	0.209	-0.235	0.34	471	0.318553168740612
FBXW7	0.21	-0.242	0.339	707	0.298621560575065
KLHL26	0.731	0.804	0.895	615	0.347785685038072
TBC1D19	0.179	-0.339	0.273	526	0.320687404199125
CCDC91	0.174	-0.401	0.251	441	0.331364552243796
RNF121	0.354	0.204	0.571	327	0.334482384912359
BRIX1	0.21	-0.259	0.322	353	0.318143007548201
AVPR1B	0.566	0.592	0.777	424	0.31782742470931
PPP3CA	0.244	-0.133	0.394	521	0.324598336421375
PI4K2B	0.251	-0.11	0.406	481	0.321144784137797
OLAH	0.212	-0.261	0.326	318	0.312568595362411
GIMAP4	0.297	0.049	0.486	343	0.333550035318538
SPTLC3	0.252	-0.058	0.432	552	0.323698528221576
DDX19A	0.393	0.269	0.608	478	0.359279462354047
PPP4C	0.528	0.512	0.737	307	0.353449650660321
ZNF444	0.673	0.739	0.861	327	0.302994696937093
PEF1	0.413	0.232	0.6	284	0.338477686447119
RFK	0.269	-0.068	0.432	155	0.340882235872777
CPPED1	0.514	0.505	0.736	314	0.349037934194101
TMEM144	0.2	-0.24	0.331	345	0.301814661868109
SLC29A3	0.53	0.553	0.758	475	0.325979302725479
PRR5-ARHGAP8	0.545	0.571	0.767	564	0.337460357835415
RSAD1	0.459	0.423	0.687	442	0.31697794157222
AP5S1	0.46	0.451	0.697	200	0.30943247018799
TMA16	0.225	-0.202	0.35	203	0.333444479276014
PPP3CB	0.196	-0.306	0.301	525	0.311335281313598
MIS18BP1	0.178	-0.42	0.246	1132	0.32176972834194
TMEM74B	0.456	0.387	0.671	256	0.306379742076819
C5orf22	0.202	-0.289	0.315	442	0.313602244437797
LARP6	0.464	0.39	0.675	491	0.319370532637879
ABCF3	0.418	0.322	0.632	709	0.337530971347656
UFSP2	0.206	-0.268	0.316	469	0.314542810495948
AGPAT5	0.245	-0.065	0.423	364	0.31764698282791
LIN7C	0.178	-0.343	0.28	197	0.305167816947108
RNLS	0.263	-0.091	0.417	342	0.343324203333467
MNS1	0.176	-0.339	0.275	495	0.36681174406235
PPP3CC	0.251	-0.105	0.408	521	0.318951831928815
BLOC1S4	0.63	0.702	0.841	217	0.314146750914092
ACER3	0.226	-0.094	0.402	267	0.300959314752517
DRAM1	0.288	0.052	0.493	238	0.323517072166756
SYNJ2BP	0.311	0.139	0.536	145	0.331393780391445
SLC39A9	0.267	-0.042	0.441	307	0.310620753209432
NIPSNAP3B	0.196	-0.294	0.311	247	0.318514732000405
FBXL8	0.555	0.592	0.777	374	0.297729639959336
SHFL	0.551	0.544	0.757	291	0.33188036070156
WDR33	0.246	-0.191	0.372	1336	0.291904815977775
PPP3R1	0.209	-0.235	0.344	170	0.329642420947783
GIMAP5	0.4	0.287	0.615	307	0.356865600094478
LSG1	0.275	-0.061	0.434	658	0.322292250974116
STRBP	0.207	-0.294	0.311	672	0.310463436899081
SLC35C1	0.666	0.748	0.864	364	0.344429315758037
PLCXD1	0.613	0.698	0.836	323	0.32557860278252
ZGRF1	0.188	-0.355	0.279	2104	0.320793448294177
TCP11L1	0.304	0.083	0.506	509	0.331541495880622
ABHD10	0.215	-0.187	0.359	306	0.303898074064501
CHDH	0.546	0.544	0.756	594	0.336489460826641
PPP3R2	0.522	0.515	0.739	173	0.354286329133938
STK32B	0.479	0.436	0.697	414	0.351343019113499
COPRS	0.359	0.097	0.531	184	0.323398006226936
LAPTM4B	0.365	0.229	0.581	317	0.320521123710373
HJURP	0.278	-0.02	0.454	748	0.301464037746806
SLC22A15	0.309	0.123	0.525	547	0.32386794300244
TBC1D2	0.554	0.558	0.762	928	0.354009474499446
STYK1	0.29	0.062	0.488	422	0.324755655288392
PPP5C	0.545	0.534	0.753	499	0.369080029476567
PI4K2A	0.443	0.362	0.66	479	0.33719968506358
TMEM63B	0.551	0.561	0.763	832	0.352439176655452
HEMGN	0.189	-0.445	0.246	484	0.330148232458714
IMPACT	0.214	-0.235	0.338	320	0.33774222482431
TMEM176A	0.422	0.331	0.635	235	0.32762866689484
LGR4	0.23	-0.123	0.395	951	0.313778248054463
PIDD1	0.55	0.553	0.756	910	0.320860246092575
PPP6C	0.223	-0.19	0.363	342	0.306930205793106
TMCO6	0.391	0.31	0.622	499	0.333616047827886
LRRC59	0.492	0.456	0.705	307	0.354753981282593
PPT1	0.323	0.13	0.534	306	0.339935542023695
MCM10	0.283	-0.026	0.452	875	0.328534938054963
PPY	0.418	0.358	0.648	95	0.325081351184436
AVPR2	0.534	0.542	0.751	371	0.310049819563632
NPY4R	0.555	0.589	0.777	375	0.356883633510502
PRB1	0.256	-0.273	0.345	198	0.296078286550639
NCBP3	0.276	-0.027	0.452	620	0.312438701511316
ZNF331	0.292	-0.027	0.458	463	0.346098340297382
ANKRD30BL	0.256	-0.128	0.398	258	0.341287113528163
SIRPG	0.396	0.27	0.612	387	0.313023979889939
ASPDH	0.429	0.382	0.667	283	0.309758141914445
GPALPP1	0.202	-0.398	0.263	340	0.296230517869663
FBXO48	0.229	-0.2	0.349	155	0.319942611908798
FAM72C	0.265	-0.051	0.434	149	0.348096747791785
H4C15	0.501	0.529	0.743	103	0.336009076519505
YOD1	0.274	-0.039	0.442	348	0.304620837018309
AP1AR	0.189	-0.331	0.291	302	0.303119793980437
STRADB	0.207	-0.256	0.327	418	0.294025772567995
PRB4	0.274	-0.238	0.362	247	0.290204805916488
CAMK2N1	0.627	0.628	0.803	78	0.370134645434833
CSGALNACT2	0.226	-0.188	0.364	542	0.324864302371804
PRCC	0.386	0.177	0.568	491	0.330430178614059
DNAJA4	0.356	0.201	0.574	426	0.351193059440786
PRCP	0.253	-0.101	0.411	517	0.323998128674381
NDUFAF7	0.209	-0.258	0.326	441	0.30646678970263
PARL	0.231	-0.172	0.372	379	0.298529395262905
PRELP	0.535	0.524	0.738	382	0.335006517731343
PREP	0.302	0.045	0.493	710	0.338972798424139
ETNK1	0.292	0.038	0.485	452	0.329893719659661
CHST12	0.766	0.856	0.922	414	0.336832814382705
HES6	0.606	0.633	0.802	224	0.320168864606285
TRPV6	0.493	0.484	0.718	765	0.336857797130016
TNFRSF19	0.331	0.103	0.526	423	0.339152056337022
NOP10	0.409	0.296	0.623	64	0.324967614007816
MACROH2A2	0.408	0.321	0.638	372	0.338682313839194
GPRC5D	0.361	0.297	0.617	345	0.334517827656163
SLC35E3	0.32	0.176	0.552	313	0.342723728311655
BATF3	0.507	0.484	0.724	127	0.340145890610733
PRF1	0.558	0.551	0.759	555	0.328614740017087
DDX43	0.183	-0.34	0.282	648	0.290691576919987
SAGE1	0.215	-0.315	0.305	904	0.311435080936328
SMPD3	0.58	0.579	0.776	655	0.35096942283352
ASIC4	0.517	0.493	0.727	666	0.322278234861243
SRGN	0.255	-0.045	0.434	158	0.312232728621445
ELAC1	0.24	-0.15	0.385	363	0.31188298596099
TRIM36	0.215	-0.266	0.324	728	0.325113417124941
DHTKD1	0.338	0.149	0.544	919	0.326760472385282
FEM1A	0.656	0.709	0.844	669	0.352552962710904
PIP4P2	0.235	-0.184	0.36	257	0.314535937663388
PRG2	0.351	0.153	0.545	222	0.324333616055298
SVOP	0.381	0.27	0.604	548	0.320976392347031
ELMOD1	0.257	-0.132	0.386	334	0.339926171120621
SLC30A10	0.462	0.442	0.699	485	0.337509672123569
MAML3	0.372	0.161	0.561	1138	0.343171907863319
CDCA7L	0.296	0.006	0.469	454	0.319478748050726
PRR4	0.255	-0.24	0.36	187	0.303784080235651
PRH1	0.255	-0.24	0.36	187	0.303784080235651
IL17RB	0.325	0.075	0.509	502	0.332418152134705
RBM38	0.723	0.757	0.872	239	0.364913853645955
PRH2	0.258	-0.216	0.37	166	0.30324152305158
ZNF823	0.225	-0.292	0.324	610	0.314249619787523
SOX6	0.292	-0.011	0.464	808	0.318229586375759
KLK15	0.465	0.408	0.682	256	0.308537418804202
ENOSF1	0.337	0.166	0.554	443	0.33676431814535
PLXNA3	0.614	0.648	0.811	1871	0.341641308429364
HAUS7	0.531	0.539	0.754	368	0.345414295054836
CDC42BPG	0.56	0.559	0.761	1551	0.319969043806881
ZNF821	0.35	0.176	0.558	412	0.326618247567195
DNAH3	0.353	0.182	0.559	4116	0.346621437592444
GALNT10	0.458	0.395	0.675	603	0.329838691902972
PRIM1	0.228	-0.192	0.36	420	0.327536040494858
CNOT11	0.324	0.16	0.548	510	0.304517155997835
FOXRED1	0.391	0.263	0.605	486	0.328845533573442
CDV3	0.292	-0.044	0.46	258	0.316166663873537
STAB2	0.337	0.109	0.528	2551	0.349812845836998
NAGK	0.414	0.325	0.636	390	0.319115393277654
SUPT20H	0.208	-0.295	0.314	811	0.305429658944705
PRIM2	0.216	-0.216	0.343	509	0.334237393324986
KIF27	0.193	-0.286	0.309	1401	0.323265371843447
CHRNA9	0.374	0.22	0.581	479	0.348426726733104
UBE2Q1	0.395	0.273	0.613	422	0.345660599961266
MIOX	0.647	0.696	0.84	285	0.351922729206832
MED29	0.434	0.32	0.641	221	0.351167210016772
BMP2K	0.24	-0.191	0.375	1161	0.319745291155204
VEZT	0.208	-0.24	0.334	779	0.314351914941057
OTUD5	0.426	0.3	0.634	571	0.328093157586922
ZCCHC8	0.259	-0.16	0.393	469	0.31163411744347
RNPC3	0.188	-0.366	0.271	517	0.312254886027676
ITLN1	0.385	0.161	0.562	313	0.336834072862724
DDX60	0.194	-0.287	0.309	1712	0.321007327959998
CDKN2AIP	0.242	-0.154	0.394	580	0.301520781609324
TENT5A	0.421	0.337	0.645	442	0.354969470779867
CARMIL1	0.26	-0.045	0.439	1371	0.315802468538804
KIF21A	0.209	-0.273	0.319	1674	0.321796515205528
PPP1R9A	0.247	-0.181	0.377	1374	0.324453607812167
ANKRD10	0.359	0.19	0.572	420	0.325629248641229
ZNF280C	0.204	-0.356	0.286	737	0.310414456679091
VPS50	0.183	-0.346	0.276	964	0.319807261581161
OTUB1	0.587	0.59	0.782	271	0.382055013760528
FERMT1	0.266	-0.041	0.441	677	0.327585618768001
MTMR8	0.286	0.009	0.469	704	0.332499907690958
KIF16B	0.266	-0.016	0.452	1392	0.337398433668938
PRR5	0.644	0.702	0.84	411	0.327988446987948
ASAP3	0.471	0.421	0.691	903	0.332305457922218
TASP1	0.24	-0.153	0.391	420	0.326899127296111
DOCK10	0.263	-0.078	0.424	2199	0.329442456561275
PRKAA1	0.201	-0.293	0.305	574	0.301450965077655
STAP2	0.458	0.383	0.673	449	0.323538231950358
TRMT1	0.468	0.414	0.687	659	0.334806084590091
TTC27	0.214	-0.184	0.36	843	0.325380764250153
THUMPD1	0.295	-0.017	0.465	353	0.36000475586882
POMGNT1	0.427	0.302	0.626	748	0.326594531819681
ZDHHC7	0.365	0.216	0.58	345	0.325708303835932
AMBRA1	0.374	0.197	0.57	1238	0.306811770472537
SMPD4	0.49	0.462	0.71	866	0.322883080642954
ZNF407	0.274	-0.054	0.444	2248	0.322993586754122
PNRC2	0.193	-0.354	0.295	139	0.338342940000223
PRKAA2	0.219	-0.225	0.343	552	0.312034092430143
SLC39A4	0.601	0.656	0.814	647	0.322170448999453
LRRC40	0.166	-0.325	0.268	602	0.298430787563422
G2E3	0.176	-0.39	0.255	706	0.324611208894768
TBC1D22B	0.336	0.134	0.532	505	0.326161833376642
KRBOX4	0.287	-0.018	0.463	171	0.320301645053285
DEPDC1	0.162	-0.406	0.239	811	0.308472315453039
CHD7	0.279	-0.07	0.432	2997	0.323655340258043
SYBU	0.362	0.177	0.561	663	0.311280494277294
PRKAB1	0.412	0.328	0.644	270	0.324483479746911
FLVCR2	0.414	0.339	0.645	526	0.337070707516795
BTBD2	0.676	0.754	0.87	525	0.348597356849464
OSGEP	0.338	0.093	0.514	335	0.32414654857283
LYAR	0.293	-0.011	0.469	379	0.36959507081869
RAB20	0.562	0.574	0.772	234	0.353720584412919
PRKAB2	0.338	0.141	0.546	272	0.322092272065403
PIGV	0.318	0.116	0.52	493	0.318009276059974
NHP2	0.463	0.434	0.698	153	0.345479765361675
SLC48A1	0.634	0.756	0.868	146	0.32338987166242
BCAS4	0.474	0.456	0.706	211	0.31244478617823
TMEM127	0.508	0.481	0.721	238	0.338930327530634
NLRP2	0.382	0.275	0.606	1062	0.331962255089182
INTS8	0.184	-0.292	0.301	995	0.320655124262084
ZNF692	0.403	0.224	0.587	524	0.3109078743881
RNF126	0.586	0.612	0.794	311	0.317919693769464
ZNF416	0.265	-0.113	0.413	594	0.323372697931579
PRKACA	0.501	0.468	0.716	351	0.373591800960323
PRPF40A	0.189	-0.422	0.254	930	0.312957648791711
DDX27	0.382	0.236	0.59	796	0.348590035357625
HIF1AN	0.347	0.144	0.545	349	0.35893357748219
ZNF446	0.503	0.447	0.708	450	0.307298908249042
CDC37L1	0.198	-0.309	0.311	337	0.328441872090085
URGCP	0.4	0.306	0.623	931	0.322160260190358
NPLOC4	0.389	0.243	0.598	608	0.34030874568647
DENND4C	0.19	-0.356	0.276	1958	0.301061223475723
GPATCH2L	0.276	-0.123	0.404	482	0.30601345216189
MFN1	0.195	-0.293	0.306	741	0.318084690518224
PRKACB	0.203	-0.285	0.313	398	0.317655978517622
PEX26	0.44	0.411	0.681	305	0.32784903182717
PPP4R3A	0.197	-0.288	0.308	820	0.314517442068952
SLC30A6	0.173	-0.353	0.265	501	0.288943245731759
IWS1	0.259	-0.17	0.387	819	0.307348560881024
LIMS2	0.687	0.729	0.856	365	0.38940254808624
PRKACG	0.627	0.679	0.828	351	0.367412039381979
RUFY2	0.201	-0.223	0.337	641	0.337816804528412
SCYL2	0.185	-0.359	0.276	933	0.322146648732763
KANSL3	0.37	0.184	0.564	878	0.307353821796381
RABL6	0.537	0.487	0.73	730	0.332130937207321
MREG	0.291	0.031	0.476	214	0.326068667786224
TRMU	0.37	0.208	0.577	421	0.339718754427938
YEATS2	0.277	-0.083	0.43	1422	0.319668945230208
PKIA	0.162	-0.513	0.2	76	0.297391852795371
PACS1	0.46	0.389	0.676	963	0.329517245205733
FRMD4A	0.448	0.39	0.674	1039	0.317909424904426
LUC7L	0.312	0.128	0.521	371	0.296946117205041
KDM4D	0.333	0.08	0.511	523	0.325999730419934
NSUN5	0.466	0.423	0.689	470	0.328349338563191
RBM22	0.302	-0.061	0.438	420	0.332783054133626
VAC14	0.553	0.576	0.769	782	0.350713659591635
RADIL	0.609	0.669	0.821	1075	0.322373942904873
IARS2	0.212	-0.239	0.338	1012	0.314826708984924
PKIB	0.245	-0.237	0.354	85	0.315219455404702
MAP7D1	0.519	0.463	0.715	841	0.308011476922411
ARHGEF40	0.41	0.289	0.616	1519	0.310315065401341
YJU2	0.629	0.643	0.81	323	0.361259002863816
POLR3B	0.237	-0.139	0.388	1133	0.331407238398136
CCDC88A	0.177	-0.334	0.281	1870	0.320156876952664
IPO9	0.321	0.093	0.514	1041	0.330395473330668
NDC1	0.213	-0.212	0.346	674	0.304736222242891
NECAP2	0.412	0.269	0.613	273	0.331543403054517
KBTBD4	0.362	0.186	0.565	543	0.341372921284026
PRKAG1	0.32	0.084	0.508	340	0.337503919537466
FAR2	0.284	0.015	0.465	515	0.334622959434243
ZNF334	0.229	-0.243	0.345	703	0.331735553463016
TENM3	0.304	0.045	0.49	2699	0.323621275022856
DOK4	0.518	0.497	0.731	365	0.336552825685898
LMBR1L	0.455	0.439	0.691	489	0.32452646290791
WDR11	0.23	-0.148	0.382	1224	0.319542442954607
POLR3E	0.514	0.496	0.732	708	0.346343671930982
SLF2	0.204	-0.304	0.303	1186	0.306324668337007
TSR1	0.266	-0.079	0.425	804	0.316381430011967
IQCC	0.351	0.146	0.543	546	0.29843713778927
CEP72	0.422	0.353	0.652	647	0.320354628238173
ASF1B	0.581	0.597	0.785	202	0.356410276982811
INTS13	0.175	-0.383	0.259	706	0.3069592763655
BTBD7	0.23	-0.194	0.361	1132	0.304024181024831
N4BP2	0.181	-0.387	0.267	1770	0.314964909268241
ATF7IP	0.205	-0.381	0.277	1278	0.305586115743798
PRKAR1A	0.252	-0.114	0.402	381	0.331020410988145
FAM222B	0.451	0.332	0.648	562	0.324662459524319
C1orf112	0.203	-0.228	0.336	853	0.317848568694216
HHAT	0.426	0.389	0.668	494	0.322663162546086
ZFP64	0.507	0.457	0.715	681	0.345796766519087
DNAJC11	0.372	0.219	0.579	559	0.33208872611791
VPS35	0.216	-0.207	0.346	796	0.335254675056307
ARFGAP1	0.495	0.446	0.712	414	0.332839411432125
NAXD	0.343	0.218	0.579	390	0.301261213469269
ENAH	0.237	-0.183	0.363	591	0.303437320384717
EDEM2	0.411	0.307	0.629	578	0.338808776132217
CHFR	0.416	0.3	0.629	664	0.330210945475034
COA1	0.334	0.143	0.539	146	0.348126868391644
AP5M1	0.179	-0.382	0.262	490	0.303372571767088
NUP133	0.223	-0.184	0.363	1156	0.31736373609501
CNDP2	0.463	0.4	0.68	475	0.353403853379709
CCAR1	0.187	-0.346	0.283	1150	0.316774510526616
PRKAR1B	0.576	0.619	0.796	381	0.34477848892364
AGK	0.274	-0.053	0.436	422	0.318907745554406
TMEM184C	0.181	-0.327	0.285	438	0.308853157779654
SEPTIN11	0.312	0.055	0.499	439	0.358289769058744
OGDHL	0.541	0.503	0.735	1010	0.341184877869158
TMEM30A	0.232	-0.217	0.346	361	0.330495140775675
CDK5RAP2	0.302	0.055	0.492	1893	0.340121367434841
INTS9	0.404	0.295	0.622	658	0.342044400915232
UGGT2	0.176	-0.375	0.259	1516	0.32300527388359
RCOR3	0.257	-0.157	0.39	553	0.322402189617877
WDR12	0.222	-0.235	0.343	423	0.305901778112854
PRKAR2A	0.31	0.081	0.508	404	0.329186756532283
DHX32	0.245	-0.125	0.397	743	0.334487630782272
TTC17	0.254	-0.067	0.427	1141	0.325992297393417
ZNF701	0.223	-0.267	0.331	531	0.3200031041354
EXOC1	0.204	-0.274	0.319	894	0.327393359391628
IFT122	0.417	0.312	0.63	1292	0.355077241681424
INAVA	0.519	0.478	0.719	578	0.294761266753442
H2AJ	0.608	0.684	0.828	129	0.355360404127384
NGLY1	0.21	-0.237	0.336	654	0.318245351631423
ZNF83	0.208	-0.33	0.303	516	0.32233845195368
PRKAR2B	0.281	-0.039	0.447	418	0.332616269313917
EXOC2	0.247	-0.084	0.417	924	0.321550949163167
PRR11	0.217	-0.232	0.338	360	0.291861810243689
TBC1D23	0.204	-0.294	0.307	699	0.316131764108461
TDP1	0.293	-0.035	0.453	608	0.326164659599096
SAYSD1	0.365	0.222	0.583	183	0.31276588303627
MBD5	0.223	-0.246	0.341	1494	0.298732821953619
ZNF839	0.33	0.115	0.528	927	0.30840135826762
CFAP44	0.216	-0.23	0.34	1854	0.327745017284178
PRKCA	0.345	0.132	0.541	672	0.34428584375314
ERMARD	0.224	-0.111	0.393	678	0.309848154638546
RIOK2	0.184	-0.382	0.265	552	0.319551147087164
CMTR2	0.198	-0.299	0.303	770	0.325119716784359
MCTP2	0.264	-0.011	0.453	878	0.317556425899349
FGD6	0.225	-0.218	0.354	1430	0.326153281798361
ZNF415	0.236	-0.229	0.352	555	0.325767707781298
TXLNG	0.27	-0.03	0.448	528	0.344707832183125
LMBRD1	0.172	-0.335	0.272	540	0.312043616957637
DEPDC1B	0.232	-0.16	0.375	529	0.322318787912652
PRKCB	0.401	0.254	0.606	673	0.348343087681326
CSGALNACT1	0.398	0.279	0.613	532	0.344551696887331
LRIF1	0.189	-0.38	0.275	769	0.311358160359781
MINDY1	0.371	0.178	0.563	517	0.324451066791481
DDX28	0.386	0.306	0.619	540	0.2929984140749
PCID2	0.311	0.08	0.506	453	0.347679101203493
MBNL3	0.269	-0.142	0.396	354	0.331109470055677
METTL2B	0.298	0.012	0.475	378	0.339279910170377
CACNA2D3	0.32	0.089	0.513	1091	0.343046248716903
AXL	0.445	0.361	0.66	894	0.322086543634886
PRKCD	0.537	0.52	0.744	676	0.369164605049835
SCN3B	0.488	0.47	0.717	215	0.355137115891167
IL26	0.217	-0.167	0.36	171	0.340613245133149
DCP1A	0.304	0.041	0.49	582	0.308000302487607
ADAP2	0.402	0.298	0.62	387	0.340071584759046
LRP2BP	0.247	-0.129	0.398	347	0.356670637549429
HR	0.474	0.397	0.679	1189	0.319446496220652
ST6GALNAC1	0.427	0.306	0.628	600	0.326555516871983
TRERF1	0.447	0.357	0.661	1220	0.331478257438088
PRKCE	0.44	0.367	0.662	737	0.350721721109973
FOXJ2	0.393	0.176	0.57	574	0.327193322991345
ADCY10	0.288	0.03	0.475	1610	0.348682554601061
SPATA7	0.2	-0.282	0.319	599	0.306397572973865
UTP6	0.245	-0.138	0.387	597	0.336044892512782
BDP1	0.187	-0.386	0.266	2624	0.30960476330653
TSNAXIP1	0.453	0.399	0.676	712	0.347096030892173
DOK5	0.305	0.071	0.5	306	0.327781060599342
KDM3A	0.229	-0.206	0.359	1321	0.327861900782413
RNF130	0.315	0.104	0.515	419	0.318476120990513
PRKCG	0.542	0.531	0.75	697	0.333320730220815
ALLC	0.272	-0.054	0.435	391	0.30931501386175
VPS11	0.434	0.344	0.648	941	0.347337974762111
PAG1	0.35	0.138	0.547	432	0.326379362900831
PECR	0.31	0.066	0.505	303	0.344605041587106
DCAF6	0.201	-0.339	0.286	951	0.296456545603598
SELENOS	0.288	0.034	0.481	188	0.324818065981752
PRKCH	0.371	0.208	0.576	683	0.336755216768693
GLT8D1	0.23	-0.167	0.37	371	0.323129388472357
EMC3	0.295	0.052	0.49	261	0.318621429087764
CAND1	0.174	-0.367	0.26	1230	0.310128092151052
UBAP2	0.305	-0.029	0.464	1119	0.306424358959833
CENPJ	0.223	-0.228	0.349	1338	0.324711998987753
EAPP	0.227	-0.249	0.345	285	0.325851187113266
CENPN	0.243	-0.118	0.397	353	0.325225843089857
PRKCI	0.219	-0.234	0.341	596	0.313338907959299
EAF2	0.204	-0.337	0.294	260	0.292316688014198
WWC3	0.44	0.387	0.669	1092	0.3181995331901
ARHGAP15	0.236	-0.14	0.387	475	0.318105194320507
PPP2R2D	0.334	0.139	0.539	453	0.321736676755629
BRK1	0.33	0.165	0.542	75	0.317667489264708
ITFG2	0.422	0.289	0.622	447	0.334571895241949
CISD1	0.241	-0.229	0.35	108	0.347908763628997
PLGRKT	0.225	-0.143	0.378	147	0.334070108330839
PKN1	0.57	0.59	0.779	948	0.322938801959448
USE1	0.488	0.487	0.721	259	0.323658800967054
PSENEN	0.509	0.552	0.755	101	0.339550908752141
TEX2	0.31	0.051	0.496	1134	0.313308842367
ZC3H15	0.203	-0.335	0.297	426	0.3418018611677
ACOT13	0.217	-0.18	0.368	140	0.297085646619831
KIZ	0.225	-0.225	0.352	673	0.313702160240783
TMEM165	0.221	-0.158	0.377	324	0.294423458456957
BEX1	0.269	-0.085	0.414	125	0.320174422790503
PKN2	0.167	-0.433	0.229	984	0.300567563371579
ACTR10	0.181	-0.304	0.294	417	0.29936670878239
DBNDD2	0.325	0.063	0.5	263	0.287861974843667
ECHDC1	0.169	-0.369	0.262	307	0.301927504443123
TMEM126B	0.184	-0.352	0.279	230	0.297638194935717
SLC22A11	0.534	0.561	0.761	550	0.325430039402224
HDAC8	0.285	-0.001	0.468	377	0.324346534713825
PRKD1	0.289	-0.005	0.463	920	0.32038556165681
ASH1L	0.23	-0.213	0.353	2964	0.31380451518887
ZNG1A	0.194	-0.233	0.335	395	0.314480129429316
PBK	0.176	-0.437	0.234	333	0.3243855020829
GSDMB	0.322	0.14	0.536	416	0.325884352753619
GABRQ	0.383	0.246	0.595	632	0.32580318498006
PRKCQ	0.352	0.18	0.561	706	0.349415649568832
WSB2	0.361	0.221	0.581	421	0.305487747884163
LMO3	0.279	0.002	0.465	167	0.353722209134057
ZKSCAN7	0.283	-0.059	0.443	754	0.321536918124593
GOLGA6B	0.387	0.258	0.603	693	0.340753387339501
PRKCSH	0.554	0.524	0.75	535	0.353687177488788
GPRC5C	0.565	0.584	0.778	486	0.347636033
LENEP	0.489	0.519	0.737	61	0.324695879774453
MYNN	0.208	-0.302	0.313	610	0.321436533697887
ZNF395	0.476	0.369	0.669	513	0.328918219627468
DEFB103A	0.274	0.041	0.47	67	0.34180440617471
DEFB103B	0.274	0.041	0.47	67	0.34180440617471
MESP1	0.628	0.711	0.844	268	0.27747243390072
UNC45A	0.478	0.45	0.704	944	0.353508411913796
PRKCZ	0.499	0.485	0.723	592	0.33785196516043
ZNF302	0.213	-0.283	0.327	443	0.327060898737125
THSD1	0.357	0.142	0.544	852	0.315971161834077
ACSS2	0.396	0.238	0.595	714	0.332402409976395
KMT2E	0.2	-0.392	0.27	1858	0.296798735114374
RNF114	0.418	0.29	0.626	228	0.354657830458774
ZC4H2	0.387	0.19	0.563	224	0.371290772560414
CMAS	0.217	-0.188	0.363	434	0.320312891547371
ANGPTL8	0.496	0.481	0.716	198	0.32088079908713
BIN3	0.506	0.487	0.724	253	0.36960355508673
PRKDC	0.264	-0.038	0.44	4128	0.326075700629945
APOBR	0.386	0.227	0.595	1097	0.315140282893307
ERBIN	0.177	-0.4	0.253	1419	0.303723123441072
LANCL2	0.327	0.141	0.538	450	0.330567570405478
NXT2	0.256	-0.136	0.402	197	0.312198918422206
CTTNBP2NL	0.3	0.017	0.478	639	0.32035580103038
PRKG1	0.282	-0.017	0.454	686	0.330991998688167
RCC2	0.437	0.375	0.669	522	0.330753098447898
NKRF	0.233	-0.222	0.353	705	0.336652444308222
INKA2	0.394	0.234	0.592	297	0.305709863065952
DMAP1	0.467	0.383	0.67	467	0.339187557277634
PRKG2	0.263	-0.073	0.422	762	0.332098594572972
MYO5C	0.301	0.065	0.496	1742	0.348777290060428
APOM	0.394	0.228	0.587	188	0.344370322410705
MAPK1	0.32	0.116	0.52	360	0.34779877311767
MAPK3	0.604	0.647	0.809	379	0.356912481358397
ZMAT5	0.523	0.483	0.72	170	0.333397597746353
LIN37	0.49	0.371	0.662	246	0.320560974615906
KLHL9	0.189	-0.355	0.279	617	0.31398766728233
SULF2	0.549	0.537	0.752	870	0.352031794170059
MAPK4	0.613	0.664	0.819	587	0.33567237179444
SEPTIN3	0.397	0.248	0.598	856	0.31823913580628
AJAP1	0.498	0.514	0.74	411	0.29863190473437
NDUFA12	0.265	-0.141	0.4	145	0.317913232477264
NSFL1C	0.368	0.183	0.566	372	0.320737498538704
RAB5IF	0.296	0.058	0.493	143	0.297006759119761
MAPK6	0.204	-0.288	0.312	721	0.320881257774153
GNG12	0.236	-0.053	0.429	72	0.309364463536013
BAIAP2L1	0.327	0.096	0.52	511	0.32821754582921
SLC25A40	0.172	-0.406	0.245	338	0.315649848034982
BCAP29	0.174	-0.361	0.264	348	0.322860361064027
SLC50A1	0.404	0.379	0.66	221	0.323713202671529
KLHL7	0.206	-0.288	0.316	586	0.329500493110011
MAPK7	0.455	0.325	0.64	816	0.32668146467806
MAPK8	0.214	-0.225	0.344	427	0.321615480475669
CFC1	0.499	0.534	0.748	223	0.295448696358572
ACRV1	0.226	-0.261	0.342	265	0.314108953177907
MAPK11	0.64	0.688	0.831	364	0.345550528734813
NXF3	0.337	0.134	0.542	531	0.328908920975833
NXF2	0.358	0.186	0.566	626	0.341667445686426
MYDGF	0.485	0.419	0.697	173	0.33118358305175
SMG9	0.424	0.303	0.628	520	0.321126401517839
MAPK9	0.231	-0.178	0.371	424	0.325599000251905
MAPK10	0.287	0.012	0.475	464	0.338728764514984
MAPK13	0.608	0.618	0.795	365	0.363156221819821
BARX1	0.624	0.683	0.831	254	0.318936578712067
PDGFC	0.22	-0.188	0.362	345	0.309105088845712
MAP2K1	0.379	0.24	0.593	393	0.334173101379367
MAP2K2	0.606	0.646	0.809	400	0.344963889141798
ALG1	0.442	0.403	0.677	464	0.326686693740063
MAP2K3	0.578	0.578	0.774	347	0.357548393054802
UBFD1	0.401	0.262	0.614	309	0.343179833465704
KLHL4	0.213	-0.25	0.333	720	0.315601406652333
TMEM234	0.39	0.318	0.627	140	0.338355636440486
MAP2K5	0.232	-0.144	0.386	448	0.313912700802502
MAP2K6	0.273	-0.052	0.439	334	0.325596480322446
MAP2K7	0.627	0.68	0.827	435	0.337303330527506
PCDHGC5	0.398	0.264	0.608	944	0.320290354583726
PCDHGC4	0.344	0.129	0.535	938	0.315373494596665
PCDHGB7	0.371	0.243	0.597	929	0.32753803419723
EIF2AK2	0.178	-0.389	0.26	551	0.313669163778817
PCDHGB6	0.352	0.194	0.569	930	0.32519306250472
PCDHGB5	0.365	0.23	0.59	923	0.324685431897705
PCDHGB3	0.38	0.235	0.592	929	0.330253153719177
PCDHGB2	0.368	0.218	0.583	931	0.326236885834608
PCDHGB1	0.377	0.237	0.594	927	0.329617989108523
PCDHGA11	0.386	0.272	0.611	935	0.327460771280767
PCDHGA10	0.379	0.261	0.606	936	0.32083634642093
PCDHGA9	0.345	0.156	0.549	932	0.32489317488627
PCDHGA7	0.384	0.267	0.609	932	0.323484996058258
PCDHGA6	0.4	0.303	0.628	932	0.322094985372279
DNAJC3	0.198	-0.308	0.303	504	0.344328241667363
PCDHGA5	0.393	0.291	0.621	931	0.32036604932683
PCDHGA4	0.354	0.184	0.564	962	0.314858066574883
PCDHGA3	0.404	0.316	0.633	932	0.329540018133121
PCDHGA2	0.408	0.319	0.636	932	0.325772118695852
PCDHGA1	0.373	0.258	0.604	931	0.325640714840204
THAP12	0.212	-0.225	0.34	761	0.319274483921751
PCDHB15	0.401	0.313	0.631	787	0.319774186854576
PCDHB14	0.369	0.249	0.596	798	0.317681899031936
PCDHB13	0.403	0.324	0.638	798	0.322524027189224
PCDHB12	0.399	0.306	0.629	795	0.326658426418873
PCDHB11	0.38	0.284	0.616	797	0.322547033817334
PCDHB10	0.38	0.263	0.605	800	0.323668748897506
PCDHB9	0.368	0.235	0.591	797	0.31719587973675
PCDHB8	0.39	0.295	0.623	801	0.320955133844654
PCDHB7	0.389	0.314	0.631	793	0.318060381172809
PRKX	0.488	0.49	0.727	358	0.326775707036676
PCDHB6	0.424	0.375	0.665	794	0.322841950013675
PCDHB4	0.386	0.28	0.612	795	0.321664361942356
PCDHB3	0.394	0.309	0.63	796	0.317063945093236
PCDHB2	0.414	0.359	0.656	798	0.322955046494724
PCDHAC2	0.397	0.253	0.601	1007	0.324706062875425
PCDHAC1	0.323	0.107	0.524	963	0.318901217002536
PCDHA13	0.408	0.317	0.636	950	0.319426498053985
PCDHA12	0.422	0.339	0.648	941	0.331237056413323
PCDHA11	0.414	0.332	0.644	949	0.324719294693856
PCDHA10	0.415	0.322	0.639	948	0.329865222872574
PCDHA8	0.414	0.338	0.647	950	0.322203845045073
PCDHA7	0.423	0.346	0.652	937	0.323993061965888
PCDHA6	0.42	0.346	0.652	950	0.323913029408327
PCDHA5	0.403	0.304	0.629	936	0.324258732039674
PCDHA4	0.408	0.32	0.637	947	0.325615419784758
PCDHA3	0.403	0.307	0.631	950	0.322923012852314
PCDHA2	0.408	0.326	0.642	948	0.321099794288893
PCDHA1	0.393	0.283	0.617	950	0.321409459620798
TEX15	0.18	-0.404	0.257	3172	0.321471677038334
TEX14	0.269	-0.07	0.43	1497	0.312574537387575
TEX13B	0.378	0.262	0.607	312	0.321525276826096
TEX13A	0.388	0.209	0.583	409	0.323760131394087
TEX12	0.183	-0.354	0.267	123	0.314974080571614
TEX11	0.198	-0.265	0.318	940	0.333096579872866
NSMCE3	0.49	0.495	0.729	304	0.342632105515253
RNF17	0.176	-0.388	0.258	1623	0.320906838254205
STK31	0.198	-0.271	0.318	1019	0.332504031225931
TDRD1	0.188	-0.318	0.298	1189	0.32758460682073
GSDMC	0.292	0.053	0.488	508	0.326036854315925
PRL	0.378	0.284	0.61	227	0.332322588924965
DNAH7	0.201	-0.272	0.315	4024	0.321596691376703
ANKH	0.425	0.365	0.657	492	0.33453166267578
PRLR	0.302	-0.024	0.461	622	0.327962435773118
MOSPD1	0.185	-0.26	0.324	213	0.318368256216113
MTFR1L	0.316	0.067	0.498	292	0.307069479231479
PRM1	0.334	0.193	0.531	51	0.266490060410414
PRM2	0.36	0.224	0.572	140	0.27353967448466
LMOD3	0.27	-0.054	0.437	560	0.337575495284117
ATOSA	0.187	-0.381	0.266	1083	0.307823791022419
PRNP	0.442	0.324	0.647	253	0.334854663172102
PSPN	0.607	0.646	0.808	156	0.320213001790691
PROC	0.596	0.647	0.811	461	0.337051267608992
SUSD2	0.601	0.608	0.792	822	0.326680060424038
ZNF253	0.21	-0.299	0.315	499	0.322692168444046
KIAA1217	0.31	0.026	0.486	1943	0.312003949810613
BTNL2	0.371	0.208	0.576	482	0.322053116599014
C21orf62	0.377	0.238	0.589	219	0.332313690003121
MRAP	0.526	0.525	0.745	172	0.329309472189731
PRODH	0.584	0.595	0.781	600	0.33544217849157
YLPM1	0.238	-0.235	0.348	2146	0.290702513892745
CRTAM	0.269	-0.018	0.455	393	0.315319846575677
RNF20	0.295	0.018	0.47	975	0.34171517717942
TMX4	0.301	0.022	0.483	349	0.321014304560826
SERTAD4	0.256	-0.144	0.397	356	0.332511941906752
MEPCE	0.437	0.367	0.663	689	0.305439269482823
CTNNBL1	0.364	0.225	0.578	563	0.33967829830676
PROP1	0.436	0.301	0.627	226	0.300151289570563
C8orf44	0.292	0.023	0.47	159	0.31417732780842
GPCPD1	0.186	-0.322	0.29	672	0.307343043461225
LRRC8A	0.717	0.799	0.89	810	0.355491834123247
CPXM1	0.481	0.43	0.695	734	0.321799074481179
KYAT3	0.199	-0.314	0.297	454	0.324578737193384
IRGC	0.587	0.634	0.803	463	0.335055728170301
PROS1	0.204	-0.3	0.309	676	0.337948271468483
WDR45B	0.318	0.102	0.524	344	0.338547424872978
BEX4	0.253	-0.115	0.404	120	0.325632079025153
GKN1	0.323	0.058	0.508	199	0.369086501158185
PARD3	0.272	-0.07	0.431	1356	0.30708292950061
PROX1	0.342	0.143	0.545	737	0.326343100605278
AZGP1	0.444	0.336	0.649	298	0.361831245102769
PRPH	0.676	0.765	0.873	470	0.328606035007208
IL36G	0.276	-0.05	0.442	169	0.348083207473383
SLC7A10	0.621	0.691	0.833	523	0.338719638652768
TRPV5	0.434	0.37	0.657	729	0.336165932262886
PRPS1	0.299	0.031	0.479	318	0.346012810193529
ANKRD7	0.186	-0.305	0.298	254	0.351339795903416
METTL3	0.284	-0.006	0.462	580	0.314003647850311
PRPS2	0.395	0.262	0.603	321	0.359855479711929
PRMT8	0.456	0.372	0.668	394	0.361002964464133
PPAN	0.582	0.619	0.795	473	0.33752234113121
CABP5	0.384	0.262	0.6	173	0.331177512540666
PRPSAP1	0.338	0.16	0.546	385	0.339696485146468
PRPSAP2	0.301	0.064	0.494	369	0.337427271631798
PRRG1	0.267	-0.065	0.432	218	0.312250480466837
PRRG2	0.438	0.308	0.626	202	0.294777698902735
LGMN	0.389	0.239	0.596	433	0.339261448022556
LTB4R2	0.584	0.676	0.823	358	0.306448213814959
PRSS1	0.449	0.337	0.65	247	0.381258887123214
PRSS2	0.434	0.32	0.639	261	0.371447045801022
PRSS3	0.483	0.404	0.684	304	0.348997643231098
CTPS2	0.247	-0.1	0.407	586	0.32682760303806
RPRM	0.7	0.822	0.905	109	0.351851254873159
CCL28	0.284	0	0.463	127	0.340785820556091
EIF4ENIF1	0.265	-0.085	0.421	985	0.297833989927876
KCNQ5	0.292	0.019	0.472	951	0.308950199346161
MASP1	0.439	0.329	0.645	728	0.343485173377066
RELN	0.282	-0.034	0.45	3460	0.321415703893088
KLK7	0.425	0.354	0.656	253	0.331648122975672
TMPRSS15	0.201	-0.303	0.308	1019	0.316500132221556
PRSS8	0.519	0.515	0.742	343	0.342915133874668
DNAJC12	0.279	-0.071	0.433	198	0.32304454246903
KLK6	0.433	0.33	0.643	244	0.351476670932249
HTRA1	0.488	0.462	0.711	480	0.341857703505566
MMP26	0.281	-0.026	0.457	261	0.313769812538272
CHST7	0.634	0.706	0.839	486	0.308828648960524
KLK10	0.506	0.529	0.746	276	0.32761177837256
PRTN3	0.626	0.671	0.823	256	0.339611605437055
AZU1	0.577	0.615	0.792	251	0.325167065774145
PSAP	0.496	0.439	0.703	524	0.381320034263321
CYP26B1	0.691	0.758	0.869	512	0.331003543671269
ERO1B	0.219	-0.181	0.366	467	0.322385602793408
SLC2A9	0.395	0.294	0.616	540	0.329282240566753
DIABLO	0.258	-0.095	0.415	239	0.321965966107519
PSD	0.484	0.407	0.685	1024	0.315628829766539
INPP5E	0.574	0.62	0.795	644	0.309084714333102
ASAH2	0.258	-0.112	0.409	780	0.316906765043442
PSEN1	0.258	-0.051	0.433	467	0.327474702890691
PSEN2	0.536	0.56	0.763	448	0.348098831350621
BCCIP	0.243	-0.116	0.408	322	0.334735955152133
EIF5A2	0.222	-0.265	0.333	153	0.339863908573644
TMPRSS4	0.463	0.4	0.68	437	0.337848414192673
CLDND1	0.241	-0.13	0.392	276	0.317921153766812
TWNK	0.366	0.222	0.579	684	0.312569119012581
NPDC1	0.553	0.567	0.767	325	0.307239780552559
POLE4	0.319	0.078	0.509	117	0.324598820661557
OR2S2	0.458	0.41	0.68	319	0.350514305563396
TRIM39	0.374	0.22	0.579	518	0.328291553609764
KCNK13	0.575	0.627	0.797	408	0.34034923265406
KCNK12	0.8	0.926	0.959	430	0.325197025949593
PANX2	0.786	0.886	0.938	677	0.340479732854787
MUC13	0.237	-0.215	0.361	512	0.313835032196075
SUCNR1	0.27	0.045	0.475	334	0.337903984665583
AKIP1	0.31	0.077	0.51	210	0.311179265600942
C11orf16	0.339	0.127	0.535	467	0.320701258030794
TMEM9B	0.282	0.062	0.487	198	0.318141549459002
NRIP3	0.38	0.273	0.605	241	0.338536120902596
ASCL3	0.387	0.199	0.571	181	0.330821884046461
SAR1A	0.245	-0.094	0.407	198	0.309363255884846
CFAP298	0.289	0.045	0.487	290	0.343594608516071
PSG1	0.299	0.083	0.507	428	0.30214682545693
B2M	0.285	0.008	0.47	119	0.341924028685432
PSG2	0.28	0.023	0.477	335	0.301225038031734
JPH1	0.433	0.308	0.638	661	0.337130496055748
PSG3	0.297	0.087	0.511	428	0.309162132280529
PSG4	0.292	0.077	0.504	419	0.307559963632457
RETN	0.483	0.459	0.709	108	0.326489439835859
PSG5	0.274	0.018	0.471	335	0.309845126982789
SLC2A4RG	0.612	0.652	0.815	387	0.292497229322754
PSG6	0.296	0.087	0.508	435	0.308728955407132
BARHL1	0.564	0.6	0.786	327	0.30476099345671
PSG7	0.328	0.128	0.533	297	0.3025412537704
FMN2	0.324	0.093	0.52	1722	0.295547106067929
PSG9	0.3	0.106	0.518	426	0.308717730018716
PSG11	0.284	0.032	0.481	335	0.309271239182547
PSKH1	0.503	0.453	0.705	424	0.32593721033438
PSMA1	0.19	-0.353	0.273	269	0.320334521342966
ZC3HAV1	0.323	0.074	0.509	902	0.326244044337096
PSMA2	0.2	-0.301	0.308	234	0.336619771104536
IFNK	0.276	-0.005	0.454	207	0.341410383699874
SLAMF8	0.414	0.318	0.634	285	0.30954101238644
GPR137	0.511	0.514	0.737	475	0.328947357052912
PSMA3	0.179	-0.367	0.275	255	0.326434781897908
SPHK2	0.506	0.492	0.725	654	0.299738869427425
TCEAL7	0.243	-0.242	0.33	100	0.317721122648753
PSMA4	0.191	-0.336	0.285	261	0.341627962210833
GRIPAP1	0.418	0.345	0.647	841	0.35247098608091
EMC7	0.258	-0.079	0.427	242	0.295812212641583
RAD18	0.202	-0.298	0.307	495	0.317255103161852
CELF4	0.579	0.578	0.778	486	0.366493739524084
PSMA5	0.266	-0.083	0.424	241	0.342745841782331
PSMA6	0.221	-0.254	0.336	246	0.334083813081011
PSMA7	0.377	0.235	0.59	248	0.353665321023112
CDC42SE1	0.292	0.026	0.479	79	0.312702312396598
FSTL5	0.229	-0.205	0.36	847	0.334335233148138
UGGT1	0.245	-0.137	0.392	1555	0.330972267164449
KCMF1	0.191	-0.333	0.29	381	0.284487432417814
TM9SF3	0.204	-0.28	0.314	589	0.317808490378515
PSMB1	0.27	-0.036	0.444	241	0.325300641061143
MDM1	0.209	-0.319	0.303	714	0.32143068237208
LGALS14	0.316	0.076	0.503	168	0.328610945302251
TCIM	0.35	0.171	0.553	106	0.338484860368024
UBQLN4	0.48	0.427	0.696	601	0.337161597273148
AGPAT3	0.515	0.56	0.762	376	0.33188945715005
AGPAT4	0.486	0.474	0.715	378	0.344500570911396
DPYSL5	0.468	0.391	0.677	564	0.343086477972378
WRNIP1	0.483	0.461	0.713	665	0.328920094276977
BDH2	0.253	-0.103	0.411	245	0.352261150607127
ANKS1B	0.236	-0.185	0.368	1248	0.314916763247698
PSMB2	0.342	0.148	0.538	201	0.345835764352077
TMEM167B	0.279	-0.013	0.457	74	0.356931953892246
NDUFA4L2	0.47	0.511	0.732	87	0.343234341891053
PNO1	0.265	-0.083	0.415	252	0.312792336999315
PAPOLB	0.223	-0.16	0.374	637	0.307009650642675
SH3GLB2	0.531	0.501	0.734	404	0.340676142931561
C15orf39	0.45	0.284	0.621	1047	0.31512883320749
THAP10	0.341	0.068	0.506	257	0.319385027542365
SPIRE1	0.327	0.092	0.512	756	0.320920106573946
PSMB3	0.479	0.428	0.693	205	0.360610019682013
STARD7	0.364	0.203	0.572	370	0.316880978903311
MAP3K7CL	0.307	0.057	0.494	242	0.340650202393355
IFT46	0.307	0.003	0.472	355	0.325625641849591
C1GALT1	0.177	-0.402	0.256	363	0.319709225653203
OTOR	0.254	-0.099	0.419	128	0.363878882696591
EXOSC5	0.495	0.467	0.714	235	0.340356169589994
SMARCAD1	0.176	-0.385	0.256	1028	0.314754054824425
MEIS3	0.485	0.428	0.695	421	0.323842484545215
C2orf83	0.306	0.042	0.493	150	0.320185152475457
DHX33	0.398	0.293	0.619	707	0.331233335667732
PSMB4	0.345	0.171	0.555	264	0.319955912635346
SEMA3G	0.533	0.511	0.738	782	0.326342998162632
MCCC1	0.262	-0.09	0.419	725	0.330613519643084
NMUR2	0.466	0.443	0.7	415	0.338670578710118
PAK6	0.577	0.558	0.764	681	0.328041599442652
LXN	0.211	-0.241	0.346	222	0.337318404896352
NCLN	0.689	0.759	0.871	563	0.349561675313307
GPR108	0.581	0.64	0.805	543	0.353213631849522
SPPL2B	0.617	0.668	0.822	592	0.345351374327378
FEM1C	0.204	-0.242	0.329	617	0.323559764087002
PSMB5	0.354	0.19	0.566	263	0.323674309335015
DUS3L	0.618	0.655	0.815	650	0.341606225507898
CA10	0.3	0.099	0.514	328	0.315830797444422
SMCO4	0.714	0.803	0.895	59	0.380182166236952
CCDC177	0.621	0.693	0.833	707	0.29882480374256
PMEPA1	0.639	0.689	0.834	287	0.320035394389717
BMAL2	0.197	-0.308	0.304	636	0.30660462198438
PSMB6	0.349	0.17	0.559	239	0.327702171446544
DUSP22	0.405	0.262	0.606	205	0.339822217814418
HMCES	0.339	0.093	0.518	354	0.32175600844135
CMC2	0.242	-0.185	0.364	79	0.358608710191896
ENY2	0.205	-0.174	0.361	101	0.332432625472299
OLFML3	0.372	0.204	0.571	406	0.321816288111015
MRPS22	0.229	-0.166	0.372	360	0.302822316880484
EMSY	0.245	-0.17	0.384	1337	0.303467447106033
MFF	0.192	-0.339	0.274	342	0.291822168072311
SDR39U1	0.401	0.312	0.63	293	0.326494431777139
XAB2	0.634	0.666	0.819	855	0.348976464502532
PSMB7	0.304	0.026	0.481	277	0.330880040711593
SMYD2	0.351	0.173	0.559	433	0.354010593291361
C5orf15	0.263	-0.105	0.412	265	0.310074946065138
PRTFDC1	0.265	-0.009	0.456	225	0.332026058962403
NT5M	0.601	0.651	0.811	228	0.322491271846749
NIT2	0.265	-0.092	0.419	276	0.336666552480306
MEPE	0.22	-0.301	0.317	556	0.316299730713393
LHX9	0.477	0.437	0.701	397	0.341541704964225
OTUD7B	0.356	0.137	0.541	843	0.315938632191155
PSMB8	0.35	0.174	0.56	276	0.330226867676521
SHD	0.505	0.455	0.711	340	0.31116554035691
RGMA	0.628	0.662	0.821	458	0.343734057015558
WDR93	0.318	0.063	0.502	686	0.339116732492035
PARP6	0.378	0.196	0.569	630	0.33808553537036
C14orf132	0.453	0.377	0.673	114	0.356057309047224
PYY	0.584	0.688	0.83	97	0.302668135300511
ATXN7L3	0.405	0.274	0.616	354	0.333928933081971
CEACAM19	0.457	0.37	0.662	300	0.334632318590549
FAM20C	0.646	0.723	0.851	584	0.328330602754256
STOX2	0.363	0.146	0.548	926	0.313058244856028
PRDM8	0.522	0.527	0.75	689	0.321903681718742
PRDM9	0.343	0.12	0.531	894	0.31237784396715
PSMB9	0.341	0.115	0.529	219	0.322791135486052
PRDM10	0.399	0.246	0.601	1160	0.327638338725132
PRDM11	0.524	0.506	0.734	1177	0.345419493063077
POGLUT1	0.253	-0.131	0.393	392	0.31625665092593
PSMG2	0.209	-0.218	0.343	264	0.303602239588569
ADPRM	0.232	-0.201	0.366	342	0.326058222470741
DTWD1	0.175	-0.409	0.247	304	0.329678372309383
BBX	0.236	-0.231	0.352	941	0.316208336959479
PSMB10	0.517	0.516	0.742	273	0.323652701603485
CDC42SE2	0.274	-0.111	0.416	84	0.326423989026375
KIF15	0.217	-0.193	0.36	1388	0.337652019045724
TOMM22	0.343	0.206	0.575	142	0.309865121824586
CHPT1	0.234	-0.082	0.415	406	0.30180884088161
TULP4	0.474	0.413	0.688	1543	0.329924368427228
SLC12A9	0.519	0.542	0.752	914	0.325070491330552
COQ8A	0.556	0.533	0.75	647	0.362320339159557
CTNNBIP1	0.57	0.582	0.776	81	0.326448079527131
ADAMTS9	0.29	-0.023	0.46	1935	0.328584625698763
BAAT	0.242	-0.103	0.406	418	0.31491217379126
PSMC1	0.262	-0.073	0.424	440	0.334117110713159
SDHAF3	0.254	-0.095	0.413	125	0.325692575472703
YAE1	0.195	-0.267	0.324	226	0.318760781692971
CCDC47	0.259	-0.145	0.393	483	0.33814314534418
ACKR3	0.639	0.726	0.852	362	0.359057321983077
PSMC2	0.248	-0.148	0.381	433	0.338295722833462
CABP4	0.492	0.453	0.706	275	0.300142032995482
AKR1B10	0.391	0.22	0.585	316	0.364193947010188
COQ9	0.412	0.285	0.617	318	0.315003351669727
CCNL1	0.24	-0.124	0.392	526	0.287550729161488
CIAPIN1	0.322	0.038	0.489	312	0.351927633358947
PSMC3	0.484	0.442	0.7	439	0.363697384870519
VPS35L	0.344	0.175	0.557	1052	0.331778540033822
PDXP	0.702	0.797	0.89	296	0.310477037949862
SLC17A7	0.563	0.593	0.782	560	0.331037039033779
RSRP1	0.313	0.109	0.514	290	0.257345465992052
ANKMY2	0.238	-0.176	0.376	441	0.349240316571064
RARS2	0.191	-0.272	0.315	578	0.309675433206584
PSMC4	0.488	0.425	0.69	418	0.352130807154001
TWSG1	0.279	-0.079	0.433	223	0.343349914256058
PLSCR2	0.214	-0.259	0.325	297	0.32261022382392
PLSCR3	0.48	0.414	0.688	295	0.32792566204974
PSMC5	0.36	0.207	0.57	406	0.344666553600288
UTP3	0.258	-0.085	0.419	479	0.333051520846552
CHRNA10	0.561	0.582	0.772	450	0.316269586442152
DAZ3	0.227	-0.33	0.314	438	0.343623807808204
DAZ2	0.219	-0.393	0.284	558	0.337557586694098
TBX20	0.38	0.194	0.572	447	0.307937431410515
PSMC6	0.19	-0.264	0.31	403	0.318278903018658
PCBP4	0.467	0.413	0.687	403	0.328895551924828
DDX24	0.319	0.033	0.485	859	0.343585944943988
PSMD1	0.22	-0.219	0.349	953	0.33560461136181
PSMD2	0.352	0.174	0.556	908	0.342482903156567
KNL1	0.191	-0.349	0.283	2342	0.31906741558152
SLC17A6	0.257	-0.088	0.418	582	0.317345254248409
AGTRAP	0.502	0.513	0.735	159	0.326544593184457
PLSCR4	0.251	-0.196	0.369	329	0.317605610804485
ENTPD7	0.283	0.004	0.461	604	0.321384622612717
PSMD3	0.458	0.417	0.686	534	0.338109625534415
CASS4	0.365	0.198	0.572	786	0.31612853284128
PCNP	0.23	-0.33	0.312	178	0.318388087595904
TRIM49	0.27	-0.027	0.446	452	0.328869047507473
CPA6	0.23	-0.19	0.36	437	0.324773970210805
PITHD1	0.361	0.164	0.551	211	0.306560668740774
RPGRIP1	0.286	-0.003	0.463	1286	0.323586774399282
PARP11	0.244	-0.186	0.373	338	0.335292030639438
AVEN	0.281	-0.023	0.458	362	0.306109847415061
BACH1	0.226	-0.227	0.349	736	0.325593549211282
PSMD4	0.374	0.172	0.561	380	0.352350489754567
ANO2	0.401	0.262	0.604	999	0.340123859419973
C12orf4	0.183	-0.311	0.293	552	0.311124474567785
TIGAR	0.208	-0.261	0.327	270	0.302008102892808
PNPLA2	0.667	0.744	0.861	504	0.332705118351319
CYSLTR2	0.304	0.107	0.509	346	0.327003377509047
NAT14	0.628	0.689	0.831	206	0.325116743747699
PDSS2	0.261	-0.021	0.449	399	0.322734247509384
REXO4	0.384	0.213	0.585	422	0.339198441998811
PSMD5	0.223	-0.157	0.372	504	0.31464728761685
PLAAT1	0.321	0.125	0.532	273	0.296541850804569
RAB25	0.463	0.403	0.681	213	0.344905864756356
TRPC7	0.405	0.328	0.637	862	0.351314726604448
PGLYRP4	0.404	0.274	0.614	373	0.344624486047778
ZNF695	0.226	-0.275	0.327	515	0.349064679532635
INTS12	0.204	-0.351	0.294	462	0.304358303137072
CAMK1D	0.373	0.231	0.591	385	0.341096883194338
EPPIN	0.272	-0.045	0.449	133	0.364110220507701
GOPC	0.225	-0.188	0.366	462	0.328892110852656
LPAR5	0.67	0.783	0.881	372	0.313476419908812
NUP107	0.188	-0.313	0.293	925	0.303856320553887
CD248	0.511	0.425	0.696	757	0.324241894141822
PLXDC1	0.485	0.42	0.692	500	0.317309994100063
CD177	0.431	0.349	0.654	437	0.32735760697123
RHBG	0.462	0.448	0.705	458	0.327732921219641
LYRM4	0.263	-0.034	0.435	130	0.305813290249184
MRPL47	0.181	-0.269	0.305	250	0.298437202827352
PSMD7	0.342	0.155	0.551	324	0.352319372309337
ATP13A1	0.606	0.671	0.823	1204	0.343224924480758
CHMP1B	0.444	0.375	0.67	199	0.364844971621971
MAN1C1	0.508	0.511	0.738	630	0.328068502379486
DAZ4	0.228	-0.32	0.317	390	0.34087838086892
APMAP	0.343	0.186	0.56	416	0.301160799317978
RGL3	0.501	0.469	0.714	716	0.310066794033761
PSMD8	0.519	0.538	0.749	350	0.34295942113142
RTN4	0.224	-0.243	0.345	1192	0.311520011001818
ADCK1	0.482	0.481	0.718	523	0.351571116953422
PAK5	0.36	0.179	0.564	719	0.311117133811962
LDAF1	0.38	0.259	0.599	185	0.327777084123396
SCYL3	0.238	-0.168	0.377	742	0.312631008575822
RALGAPB	0.224	-0.194	0.358	1494	0.309600247623374
LYRM1	0.248	-0.09	0.398	122	0.297867842799069
PSMD9	0.523	0.479	0.722	223	0.357773592881136
SMIM8	0.22	-0.277	0.323	97	0.307693466090576
LYZL6	0.37	0.243	0.589	148	0.342190864103211
SLURP1	0.687	0.707	0.845	103	0.365555085258825
SLC44A2	0.471	0.441	0.696	711	0.360501442867572
SMURF1	0.352	0.197	0.569	757	0.328604738090118
TMEM63C	0.494	0.476	0.717	806	0.338419811651356
PHTF2	0.177	-0.34	0.279	751	0.289740235971085
JPH2	0.647	0.691	0.837	696	0.318504886213724
TRIM54	0.522	0.5	0.732	400	0.35061417470938
PSMD10	0.251	-0.116	0.404	226	0.351588186034489
PELI2	0.375	0.191	0.574	420	0.332907505571401
PELI1	0.203	-0.322	0.302	418	0.305641986336346
GJC2	0.696	0.771	0.878	439	0.322831976351821
SALL4	0.418	0.311	0.638	1053	0.328416817606476
ASPHD2	0.501	0.481	0.722	369	0.340447893781102
ZNFX1	0.358	0.188	0.563	1918	0.344179732909566
PSMD11	0.31	0.102	0.512	422	0.349048646232558
DOLPP1	0.46	0.486	0.72	238	0.30635541862734
CAMK1G	0.443	0.359	0.659	476	0.350539407350285
CORO1B	0.635	0.686	0.832	489	0.334036290200204
VARS2	0.407	0.306	0.626	1093	0.317408037160262
ZMIZ1	0.534	0.499	0.737	1067	0.332336980665634
KIAA1191	0.359	0.132	0.541	305	0.312624867029454
PSMD12	0.205	-0.162	0.37	456	0.330319526111006
ACTR3B	0.313	0.073	0.504	418	0.325600981272854
SLC39A10	0.188	-0.343	0.283	831	0.305850318708115
ANKRD50	0.168	-0.39	0.257	1429	0.305192719960245
FAM219B	0.447	0.399	0.679	198	0.318986509715862
NIPAL3	0.429	0.376	0.663	406	0.35578187730743
RALGAPA2	0.267	-0.04	0.441	1873	0.318717406125715
THOC2	0.196	-0.319	0.298	1593	0.324330257973855
ADAMTSL3	0.295	-0.024	0.457	1691	0.326375907816488
DENND11	0.485	0.453	0.707	455	0.349320062309622
PSMD13	0.329	0.135	0.535	378	0.344231804747817
SELENON	0.599	0.625	0.799	588	0.325134036667281
VN1R1	0.252	-0.07	0.424	353	0.310947584792321
MCOLN1	0.598	0.661	0.817	580	0.336017097234254
ATP10A	0.461	0.432	0.694	1499	0.32588909793334
ATP8B2	0.471	0.435	0.697	1223	0.348894421945337
BAD	0.538	0.522	0.748	168	0.28144889118101
PSME1	0.43	0.303	0.627	250	0.362685395312106
ATP10D	0.251	-0.084	0.417	1426	0.324777498176163
ZNF248	0.238	-0.209	0.364	579	0.340627155725576
PSME2	0.389	0.237	0.591	239	0.365185919178699
SLC45A4	0.605	0.662	0.819	808	0.343180844529987
ADGRG6	0.236	-0.147	0.386	1250	0.329257372078842
SPRYD7	0.232	-0.164	0.381	196	0.329522562523993
CEMIP	0.41	0.289	0.622	1361	0.343655490377058
THAP11	0.51	0.507	0.739	314	0.351439984033606
VANGL2	0.555	0.571	0.768	521	0.332520156829826
TTC7A	0.541	0.539	0.751	882	0.344886656908739
ARFGEF3	0.417	0.325	0.638	2177	0.332960971989445
ERGIC1	0.554	0.592	0.781	290	0.357951973105926
PPP4R3B	0.195	-0.32	0.293	849	0.319793117009306
NHSL1	0.354	0.119	0.538	1610	0.302871655505732
LYRM2	0.182	-0.196	0.337	88	0.306290514069847
SMAGP	0.377	0.245	0.596	97	0.316917998820983
PSPH	0.257	-0.108	0.406	225	0.317494769906155
SNX14	0.185	-0.315	0.287	946	0.317741676438192
ZNF630	0.24	-0.191	0.37	657	0.324990944419398
PTAFR	0.525	0.549	0.756	342	0.362825325715116
PTBP1	0.593	0.648	0.813	557	0.355447679335925
TAS2R38	0.352	0.211	0.565	333	0.326505412393779
PTCH1	0.406	0.313	0.632	1447	0.328943707649475
PTEN	0.214	-0.289	0.319	403	0.323221907727982
SLC4A10	0.211	-0.246	0.327	1118	0.305257741984994
PTGDR	0.506	0.536	0.746	359	0.321667507780518
BAG1	0.371	0.253	0.598	345	0.309126128059674
PTGDS	0.63	0.674	0.828	190	0.340516062706511
PTGER1	0.677	0.796	0.888	402	0.297943951729844
PTGER2	0.469	0.5	0.725	358	0.312146159391608
KAT14	0.279	-0.058	0.434	782	0.314342508593918
PBXIP1	0.453	0.354	0.656	731	0.327855711847998
PTGER3	0.482	0.537	0.748	418	0.326567312881933
CBX8	0.473	0.429	0.692	389	0.305109940175682
RCN3	0.569	0.569	0.77	328	0.329998667008521
ZNF286A	0.224	-0.267	0.334	521	0.322209124439639
ZNF287	0.216	-0.286	0.318	761	0.321547058460936
SENP7	0.181	-0.356	0.274	1050	0.305814382082203
JPH3	0.688	0.761	0.873	748	0.329155996699065
PTGER4	0.485	0.506	0.732	488	0.317077422091964
ZNF304	0.282	-0.056	0.443	706	0.328907545889124
TTYH1	0.537	0.564	0.762	460	0.326806918898247
GJD2	0.393	0.265	0.604	321	0.347812326376681
PTGFR	0.209	-0.181	0.356	359	0.313516933972378
AICDA	0.376	0.287	0.608	198	0.317937454851104
PTGFRN	0.445	0.364	0.661	879	0.321458650538313
MRS2	0.227	-0.1	0.392	446	0.3036273661581
RHOJ	0.41	0.261	0.611	214	0.369209262378571
PTGIR	0.676	0.755	0.868	386	0.339028253111284
CLTRN	0.233	-0.156	0.373	222	0.322584541026425
CLK4	0.202	-0.285	0.308	481	0.293856727567727
PTGIS	0.451	0.401	0.672	500	0.310459543988618
CLLU1-AS1	0.251	-0.158	0.384	101	0.342539918920005
S100A14	0.488	0.407	0.683	104	0.344731802345916
RAB22A	0.233	-0.162	0.374	194	0.309177081581408
CYP20A1	0.206	-0.231	0.338	462	0.311464979058653
SPC25	0.207	-0.303	0.303	224	0.350423983762525
ABHD6	0.382	0.267	0.606	337	0.348543464298651
NMRAL1	0.51	0.484	0.723	299	0.356223584375346
LRTM1	0.298	0.088	0.506	345	0.325456428519732
MIF4GD	0.472	0.398	0.676	263	0.358634937753078
PTH	0.207	-0.249	0.333	115	0.33179572872544
SCYL1	0.534	0.505	0.738	808	0.335065651156309
AS3MT	0.242	-0.149	0.387	375	0.344081036435772
TMIGD3	0.376	0.269	0.6	347	0.346060677277128
RHBDD2	0.535	0.531	0.749	364	0.318519780876107
C3orf14	0.141	-0.504	0.187	128	0.309596664099661
WDR18	0.658	0.749	0.865	432	0.322023027861362
SLC24A3	0.43	0.372	0.661	644	0.338803461354416
PTGS1	0.48	0.447	0.702	599	0.330624180403413
PTGS2	0.266	-0.106	0.41	604	0.328537975404077
PTHLH	0.398	0.337	0.644	177	0.310194111911431
PRR9	0.407	0.179	0.583	116	0.404141800500271
NDRG3	0.291	0.039	0.486	375	0.323461394828614
NDRG2	0.379	0.21	0.579	371	0.333506192410831
BIRC6	0.19	-0.308	0.299	4857	0.302585087962616
PLEKHG5	0.582	0.594	0.782	1085	0.323789778252904
PTH1R	0.547	0.544	0.755	593	0.335277473032412
TENM2	0.422	0.333	0.644	2535	0.337699179777731
GALNT16	0.492	0.455	0.707	558	0.339431991231256
DSCAML1	0.566	0.568	0.77	2113	0.335421361148464
UGT2A2	0.201	-0.259	0.323	536	0.317843021903959
REXO1	0.612	0.648	0.813	1221	0.324008413297575
KIAA1143	0.254	-0.134	0.408	154	0.329495320918949
TMCC3	0.409	0.316	0.632	477	0.344603565847062
GATAD2B	0.274	-0.028	0.447	593	0.321008045394051
PTH2R	0.311	0.077	0.505	550	0.32778944107769
PPM1H	0.39	0.271	0.607	514	0.325010228419241
ISY1	0.282	-0.025	0.449	307	0.341056432320957
MYORG	0.639	0.7	0.838	714	0.32356088383852
AMIGO1	0.47	0.422	0.689	493	0.335946997282198
STRIP2	0.378	0.24	0.589	834	0.333195404429787
TBC1D24	0.674	0.718	0.849	559	0.365339316078811
SCAF4	0.231	-0.282	0.324	1147	0.310894978485851
HHATL	0.471	0.435	0.695	504	0.338972573850738
SLC12A5	0.506	0.484	0.723	1139	0.337450239514036
PNMA8B	0.525	0.532	0.75	635	0.329970792982102
PTK2	0.255	-0.109	0.405	1065	0.318159492356643
LRRC47	0.501	0.521	0.74	583	0.319257176649843
ERMN	0.233	-0.212	0.358	297	0.322520864725326
CNOT6	0.228	-0.172	0.366	557	0.317903903833943
ZNF512B	0.522	0.478	0.725	892	0.323748589545015
ZNF490	0.253	-0.181	0.38	529	0.325966840727045
PLEKHH1	0.427	0.316	0.635	1364	0.331305368412564
GRAMD1B	0.443	0.378	0.667	745	0.329890795088844
SHROOM4	0.337	0.088	0.517	1493	0.319955106516445
USP31	0.361	0.184	0.569	1352	0.306576533379452
PRR12	0.504	0.446	0.708	2036	0.307362635289034
PLEKHG1	0.319	0.077	0.507	1385	0.319800013595501
KIAA1210	0.267	-0.134	0.405	1709	0.323918323977508
CRACD	0.419	0.296	0.627	1233	0.315926055587922
RNF150	0.454	0.39	0.675	438	0.340564261144639
NLN	0.225	-0.185	0.363	704	0.320745786760275
ESYT2	0.342	0.216	0.575	893	0.314102516997457
ODF2L	0.176	-0.343	0.277	636	0.349921390250574
AHRR	0.483	0.425	0.693	719	0.308545139594346
ARID1B	0.421	0.288	0.629	2289	0.321751553776455
HEG1	0.296	-0.008	0.468	1381	0.292977117177346
RIMKLB	0.284	0.009	0.467	386	0.323539098744136
NWD2	0.282	0.019	0.47	1742	0.32260979297432
MRTFB	0.308	0.022	0.483	1099	0.315215661912751
LRFN2	0.562	0.581	0.775	789	0.324854099521361
KIDINS220	0.235	-0.15	0.381	1771	0.311298933426077
ADGRB1	0.653	0.717	0.849	1584	0.332669720293083
CFAP92	0.297	0.046	0.492	409	0.320446845351911
NLGN4X	0.406	0.315	0.635	816	0.331598190306858
MTA3	0.224	-0.221	0.347	594	0.316043584864272
AARS2	0.438	0.359	0.655	985	0.326059786530327
MAVS	0.441	0.301	0.632	540	0.306571047495858
ZNF608	0.316	0.023	0.49	1512	0.329384425726331
INTS2	0.191	-0.27	0.309	1204	0.315833660658914
MTUS1	0.23	-0.223	0.355	1270	0.320171852304787
XPO5	0.277	-0.007	0.457	1204	0.325094783752462
COG6	0.181	-0.279	0.311	657	0.30760176860463
GPR158	0.329	0.126	0.533	1215	0.32131576285268
CASKIN2	0.501	0.443	0.703	1202	0.313766374400977
ARHGAP31	0.351	0.12	0.534	1444	0.310241216069007
SERINC1	0.194	-0.291	0.305	453	0.310235076427292
STARD9	0.296	-0.01	0.464	4700	0.312243116213334
HECW2	0.303	0.028	0.482	1572	0.311061450723477
RPTOR	0.507	0.506	0.734	1335	0.337378022096323
SRGAP1	0.293	0.003	0.466	1085	0.324800491388771
NYNRIN	0.434	0.342	0.648	1898	0.32293731071579
CASKIN1	0.622	0.644	0.811	1431	0.319843326065966
PCDH19	0.488	0.446	0.705	1148	0.341887310255978
KCTD16	0.312	0.047	0.489	428	0.320151059973991
RTL9	0.244	-0.183	0.378	1388	0.274722712158303
PTK6	0.652	0.723	0.851	451	0.345056771949643
CGN	0.432	0.349	0.648	1203	0.334696831065435
HACE1	0.196	-0.296	0.304	909	0.314752766246998
NUFIP2	0.247	-0.194	0.378	695	0.31925028894508
TBC1D14	0.339	0.163	0.549	693	0.326418712318715
MIB1	0.214	-0.248	0.335	1006	0.326310074289532
ELAPOR1	0.417	0.25	0.607	1013	0.345037162498676
KIAA1328	0.23	-0.199	0.36	577	0.308828827454128
SORCS2	0.564	0.589	0.781	1159	0.328474429935692
ALPK3	0.441	0.331	0.647	1907	0.317519564282711
WDR35	0.209	-0.246	0.332	1181	0.333576540213255
PTK7	0.498	0.44	0.702	1078	0.340619612223283
DISP3	0.587	0.623	0.798	1392	0.337226569259058
ZNF398	0.377	0.173	0.561	642	0.318310885763174
KLHL42	0.542	0.562	0.764	505	0.349284884920388
TXNDC16	0.169	-0.399	0.247	825	0.311931416618122
CC2D2A	0.234	-0.166	0.374	1620	0.310819382368318
PDP2	0.362	0.192	0.563	529	0.322610877037664
ZNF624	0.214	-0.313	0.307	865	0.325718982184991
IGSF9	0.465	0.386	0.671	1179	0.313636410027563
TAOK1	0.222	-0.173	0.37	1001	0.314266592046365
NCEH1	0.327	0.093	0.515	448	0.335422230742205
MICAL3	0.459	0.385	0.672	2002	0.325581529867648
LRRC7	0.224	-0.206	0.356	1537	0.312205205989985
NLGN2	0.603	0.634	0.805	835	0.330019070363658
SEMA6A	0.369	0.192	0.571	1047	0.323572999101549
USP35	0.548	0.549	0.757	1018	0.329960359712344
STAMBPL1	0.214	-0.233	0.339	436	0.326358910533395
TWF1	0.19	-0.331	0.284	357	0.312860928466698
IFT80	0.168	-0.409	0.244	777	0.31317004620371
ARRDC3	0.22	-0.234	0.342	414	0.306134774701659
CEP126	0.178	-0.405	0.254	1117	0.313535650462375
KLHL8	0.191	-0.337	0.289	620	0.311867601679219
KLHL14	0.436	0.369	0.662	628	0.339438780955386
ZNF319	0.639	0.655	0.819	582	0.34325223037031
SIPA1L2	0.339	0.131	0.538	1722	0.319720137602944
ARHGAP20	0.262	-0.084	0.422	1191	0.313526657388943
PTMA	0.332	0.03	0.509	111	0.369216013464417
TRMT5	0.206	-0.263	0.321	509	0.315045483581811
CARNS1	0.549	0.543	0.754	950	0.322707418512368
DOCK6	0.541	0.54	0.752	2047	0.328848156747363
ZNF471	0.206	-0.344	0.293	626	0.326307707852511
MARCHF4	0.481	0.414	0.686	410	0.324887562726073
PCDH10	0.484	0.444	0.705	1040	0.337709194459084
KIF17	0.594	0.601	0.787	1029	0.351747852278323
CCDC191	0.258	-0.084	0.416	936	0.331962067721351
UNC79	0.288	0.024	0.475	2458	0.32228449699643
FAM135A	0.171	-0.419	0.243	1515	0.30192465536525
PREX1	0.579	0.599	0.784	1659	0.357556218772023
KCNT1	0.71	0.799	0.891	1235	0.348777712066297
TMEM181	0.354	0.218	0.578	612	0.317533669095075
ARHGAP21	0.226	-0.228	0.348	1958	0.296113314440757
CRAMP1	0.488	0.445	0.705	1269	0.318178789999034
SYT13	0.531	0.51	0.738	426	0.341258141968188
CFAP97	0.196	-0.338	0.295	532	0.299735666623177
RIC1	0.242	-0.122	0.398	1423	0.311263923122879
WDFY1	0.389	0.262	0.607	410	0.328396121424837
MRTFA	0.516	0.484	0.725	966	0.322125090412102
ZNF687	0.419	0.259	0.611	1237	0.326029715462531
EBF4	0.636	0.684	0.832	598	0.337314293115423
HOMEZ	0.283	-0.04	0.448	550	0.295221434546835
PDZD4	0.649	0.693	0.834	775	0.33132454421278
BEGAIN	0.705	0.77	0.878	593	0.331555488914737
BAHCC1	0.607	0.63	0.804	2639	0.323403672107337
WDR48	0.2	-0.295	0.309	677	0.316428651277175
ADGRB2	0.545	0.528	0.748	1584	0.321886697392752
FNIP2	0.288	-0.017	0.458	1114	0.31828769309581
USP36	0.433	0.32	0.641	1123	0.329080322134634
TRMT9B	0.257	-0.123	0.404	454	0.318032933519716
PITPNM2	0.608	0.618	0.796	1349	0.32993591255966
SLAIN2	0.262	-0.098	0.417	581	0.289047273129386
JCAD	0.343	0.117	0.534	1359	0.300374403816715
DIP2B	0.267	-0.046	0.441	1576	0.313525696502186
RANBP10	0.458	0.399	0.683	620	0.328067161011882
ISLR2	0.53	0.554	0.762	745	0.319543755440816
FAM234B	0.308	0.081	0.505	622	0.314455940842026
RELCH	0.202	-0.231	0.336	1250	0.301403999992337
ZNF492	0.225	-0.287	0.327	531	0.354506402882921
TSHZ3	0.496	0.461	0.717	1081	0.336621711959994
VPS18	0.528	0.505	0.733	973	0.343030429864706
SHROOM3	0.404	0.258	0.606	1996	0.309232709596617
STIM2	0.237	-0.152	0.385	754	0.306332461102907
ZBTB2	0.353	0.179	0.563	514	0.33293820697538
LRFN1	0.606	0.68	0.827	771	0.311193653399637
ZFAT	0.418	0.283	0.622	1243	0.350926304430946
NYAP2	0.39	0.25	0.605	653	0.296122147192433
KLHL1	0.238	-0.147	0.389	748	0.310989359653354
DPP10	0.218	-0.198	0.358	800	0.318107894980964
PTMS	0.524	0.4	0.68	104	0.363406022611937
SH3RF1	0.302	-0.007	0.469	888	0.314021481099134
LRCH2	0.191	-0.287	0.311	765	0.300985623684807
LRRN1	0.27	0	0.461	716	0.334694137433562
EP400	0.409	0.29	0.623	3123	0.331470218511032
ARHGAP23	0.559	0.571	0.77	1491	0.303382415492692
CCDC146	0.21	-0.174	0.363	955	0.346458066950582
PTN	0.401	0.177	0.571	168	0.393111024493787
COL20A1	0.529	0.514	0.741	1284	0.313952383053882
ZSWIM5	0.361	0.21	0.573	1185	0.324314829364511
MYH7B	0.608	0.638	0.805	1983	0.361618506842568
POGK	0.372	0.205	0.576	609	0.335165849836123
USP28	0.242	-0.154	0.385	1077	0.328861285278443
DHX37	0.526	0.51	0.738	1157	0.340774198467526
KIAA1522	0.454	0.341	0.653	1094	0.29366097242094
PHF12	0.377	0.226	0.589	1004	0.321564445101674
CIP2A	0.168	-0.325	0.277	905	0.313465157822676
UVSSA	0.471	0.414	0.686	709	0.334472538728244
GRAMD1A	0.587	0.615	0.793	724	0.320932742125881
HCN3	0.494	0.467	0.71	774	0.307130810067601
CALCOCO1	0.414	0.291	0.622	691	0.33605068146046
ZBTB4	0.428	0.286	0.624	1013	0.312672356427962
PHRF1	0.478	0.402	0.681	1649	0.303460072096492
CAMSAP3	0.561	0.572	0.772	1276	0.311016180720013
USP29	0.233	-0.168	0.377	922	0.338660096530202
PLEKHA4	0.422	0.358	0.653	779	0.272447228037766
RDH14	0.353	0.232	0.582	336	0.310747984082466
FBRSL1	0.653	0.713	0.848	1045	0.290005104283338
EPB41L5	0.208	-0.261	0.325	733	0.310611934845865
KIAA1549	0.358	0.173	0.56	1950	0.299439252906353
BEND3	0.641	0.676	0.826	828	0.351572505697619
RNF213	0.398	0.3	0.623	5207	0.337326311627863
ZFP14	0.217	-0.263	0.328	533	0.333146132766261
GPAM	0.248	-0.093	0.409	828	0.318586015129032
ALS2	0.242	-0.149	0.386	1657	0.312633042732373
QSOX1	0.493	0.434	0.697	747	0.34215384215023
CHD8	0.276	-0.053	0.437	2581	0.316213391828159
ZDBF2	0.191	-0.387	0.27	2354	0.320361672991683
ZBTB26	0.223	-0.215	0.357	441	0.325706108659261
CACHD1	0.311	0.067	0.502	1223	0.325251374609339
VAT1L	0.412	0.326	0.643	419	0.357808716899345
ZSWIM6	0.332	0.173	0.555	1215	0.312295904270614
LRRC4C	0.293	0.032	0.476	640	0.322619977336838
TNRC6C	0.334	0.075	0.518	1726	0.31396917867283
KIAA1586	0.144	-0.513	0.185	787	0.318863114907895
MAGEE1	0.382	0.207	0.58	957	0.302532845767693
ZNF317	0.42	0.3	0.631	595	0.33441601011682
USP37	0.218	-0.254	0.33	979	0.319807083504188
DDX55	0.336	0.134	0.533	600	0.346372503576885
FANCM	0.178	-0.376	0.265	2048	0.315650982183623
SHTN1	0.218	-0.205	0.359	631	0.330143845980838
CPNE5	0.55	0.54	0.756	593	0.350920706440781
ADGRB3	0.217	-0.223	0.347	1522	0.309984418083306
PTPN1	0.352	0.156	0.551	435	0.336639456369777
FHIP2A	0.197	-0.26	0.319	765	0.314702093074452
NCKAP5L	0.48	0.391	0.677	1334	0.305783601728291
CWC22	0.196	-0.31	0.296	908	0.311962861735901
GBA2	0.369	0.175	0.561	927	0.330553277068227
WDFY4	0.404	0.304	0.625	3184	0.328178111863082
DENND1A	0.429	0.323	0.638	1009	0.318274050928969
MEAK7	0.441	0.37	0.665	456	0.337635577222462
MIER1	0.182	-0.461	0.236	565	0.31253933729464
SLC7A14	0.411	0.323	0.637	771	0.337173851180589
PTPN2	0.214	-0.225	0.342	415	0.313399861926266
KIAA1614	0.454	0.341	0.649	1190	0.300205911666201
ZNF529	0.207	-0.322	0.305	563	0.329026131679986
SFMBT2	0.337	0.126	0.535	894	0.333166609812354
SEMA4G	0.409	0.282	0.613	843	0.309196816768751
PRX	0.454	0.381	0.672	1461	0.328605378860366
PCDHB16	0.396	0.312	0.631	776	0.319282526414975
PPP4R4	0.183	-0.309	0.292	873	0.307011757756637
ANO8	0.596	0.647	0.81	1232	0.323254995318545
GPR107	0.299	0.055	0.491	600	0.326953912623824
METTL14	0.193	-0.321	0.286	456	0.31482135551036
IGDCC4	0.496	0.456	0.71	1250	0.321681226481668
EPG5	0.272	-0.011	0.456	2579	0.327159896868702
NCOA5	0.331	0.077	0.502	579	0.310466550587783
WDR19	0.226	-0.199	0.357	1342	0.338191751417708
ANKRD36B	0.191	-0.325	0.291	1353	0.334013359794219
SPTBN4	0.579	0.613	0.79	2564	0.328118485103273
ZFYVE28	0.562	0.569	0.771	887	0.335902477329372
PTPN3	0.297	0.046	0.491	913	0.326215921534052
PTPN4	0.186	-0.364	0.273	926	0.312682341421483
SCUBE2	0.367	0.144	0.549	999	0.34471778333504
TRIB3	0.462	0.404	0.677	385	0.318047224334141
ANKRA2	0.195	-0.331	0.292	313	0.318019547379421
PTPN6	0.528	0.512	0.739	624	0.345327878300037
PTPN7	0.45	0.386	0.671	465	0.323206784758676
RBAK	0.232	-0.228	0.358	714	0.330168987790232
MARK4	0.532	0.527	0.746	752	0.311010554629051
SUGP1	0.512	0.44	0.705	645	0.356208869691452
BRINP2	0.447	0.362	0.655	783	0.341139850883483
GATAD1	0.32	0.081	0.517	269	0.320319676108571
RAB40C	0.712	0.807	0.896	281	0.344263417618485
BAK1	0.458	0.382	0.67	211	0.349300143768976
PTPN9	0.347	0.158	0.548	593	0.333236510810359
HES4	0.663	0.77	0.876	247	0.285834185817044
POLD4	0.585	0.616	0.792	107	0.312207776811751
CCAR2	0.42	0.291	0.62	923	0.325882037108348
PTPN11	0.258	-0.095	0.418	597	0.324666464506538
HAMP	0.431	0.367	0.654	84	0.335046695983797
G6PC2	0.26	-0.039	0.438	355	0.310029168393066
LSM2	0.378	0.235	0.591	95	0.349723161292648
PTPN12	0.18	-0.445	0.235	780	0.298432328663166
CCNB1IP1	0.249	-0.136	0.393	277	0.320460863705957
CCDC181	0.196	-0.305	0.302	509	0.326773938462074
GRHL3	0.448	0.343	0.652	626	0.335032891106879
SLAMF7	0.343	0.171	0.556	335	0.320807491396254
HMHB1	0.226	-0.2	0.35	41	0.310874439246104
RAP2C	0.274	-0.045	0.446	183	0.340371412838733
C6orf47	0.362	0.211	0.571	294	0.291605236610009
CATSPERG	0.535	0.531	0.749	1159	0.347603588792278
ZP4	0.322	0.073	0.507	540	0.323187736506681
PTPN13	0.21	-0.254	0.33	2490	0.307868151180436
KRTAP5-8	0.563	0.488	0.742	187	0.434881179791142
CYP4F11	0.444	0.387	0.667	524	0.32671437791862
SLC4A5	0.448	0.377	0.663	1137	0.331283201731322
PTPN14	0.409	0.305	0.629	1187	0.331528054936385
PTPRA	0.364	0.179	0.564	802	0.343422921499334
ZNF410	0.263	-0.094	0.422	516	0.308993555338547
CADM3	0.434	0.344	0.651	432	0.330550312917188
SLC46A2	0.477	0.48	0.719	475	0.328680864790055
PTPRB	0.293	0.018	0.477	2215	0.321884654679015
PTPRC	0.224	-0.26	0.335	1306	0.324896450004964
PTPRD	0.251	-0.125	0.401	1912	0.311662380440634
NKX3-2	0.59	0.659	0.819	333	0.314356826033803
PTPRCAP	0.488	0.488	0.724	206	0.296708042917412
PTPRE	0.417	0.333	0.642	700	0.345552467281873
PTPRF	0.554	0.534	0.752	1907	0.333684677619651
PTPRG	0.325	0.072	0.508	1445	0.325588190086914
PTPRH	0.446	0.343	0.654	1115	0.326963745157003
PTPRJ	0.313	0.06	0.504	1337	0.321444099506491
PTPRK	0.24	-0.159	0.382	1462	0.322978026744314
PTPRM	0.32	0.061	0.501	1465	0.329629383140874
PTPRN	0.465	0.398	0.677	979	0.319045458424842
PTPRN2	0.515	0.497	0.73	1015	0.320847210138339
ACTA1	0.731	0.779	0.882	377	0.360374337312523
BARD1	0.217	-0.231	0.342	777	0.310264880254178
PTPRO	0.259	-0.114	0.409	1216	0.320542500486498
PTPRR	0.243	-0.079	0.419	657	0.321814787037955
PTPRS	0.589	0.607	0.791	1948	0.334728287840552
PTPRZ1	0.21	-0.289	0.32	2315	0.308499079775166
PTS	0.246	-0.159	0.391	145	0.342057240269076
PTX3	0.363	0.225	0.582	381	0.313407691292351
BAX	0.476	0.464	0.711	218	0.316706788981843
RAD1	0.209	-0.251	0.332	282	0.334684999574382
PURA	0.692	0.755	0.87	322	0.363063946917306
PURB	0.631	0.695	0.838	312	0.337772006063184
PTBP2	0.185	-0.383	0.264	537	0.327348804201988
NGB	0.579	0.563	0.764	151	0.322522940093883
NEUROD4	0.295	-0.004	0.469	331	0.31057885904649
PVALB	0.443	0.301	0.635	110	0.371427051346077
NFE4	0.346	0.176	0.56	179	0.287432152334639
PVR	0.481	0.432	0.698	417	0.322941195156359
NECTIN1	0.563	0.561	0.768	517	0.354210673219581
WFDC1	0.434	0.387	0.67	220	0.3230646729263
NECTIN2	0.518	0.49	0.73	538	0.322032475286303
CTDSP1	0.533	0.534	0.75	261	0.343048170211217
CXCL16	0.375	0.231	0.586	273	0.311086012167628
BBS1	0.466	0.44	0.697	593	0.330783489184646
PWP2	0.482	0.425	0.693	919	0.332287501315199
PEX19	0.329	0.092	0.523	299	0.335752012355756
ABCD3	0.199	-0.22	0.336	659	0.314528747017985
ABCD4	0.455	0.433	0.691	606	0.326101655356093
PXMP2	0.495	0.542	0.749	195	0.331569954832304
PEX2	0.211	-0.23	0.338	305	0.330080411852503
PXN	0.564	0.557	0.768	605	0.343811835191817
BBS2	0.26	-0.077	0.419	721	0.319112357993227
PEX5	0.379	0.21	0.578	660	0.341009624079114
PYCR1	0.554	0.538	0.753	346	0.344487010140235
ALDH18A1	0.304	0.079	0.503	795	0.326156413328731
PCYT2	0.523	0.493	0.73	407	0.350737794905851
PYGB	0.611	0.635	0.804	843	0.367318467246148
PYGL	0.361	0.187	0.563	847	0.353950722388727
PYGM	0.541	0.538	0.751	842	0.358909508113849
SQOR	0.321	0.042	0.49	450	0.346839294138512
PLEKHB1	0.523	0.499	0.732	243	0.306140561300317
MS4A7	0.258	-0.039	0.443	240	0.304863201410013
TP53INP2	0.63	0.714	0.847	220	0.293262547622066
SRPRB	0.301	0.119	0.523	271	0.327991515714332
ENOPH1	0.302	0.03	0.486	261	0.330872442150745
RHOU	0.47	0.43	0.7	258	0.345242034993046
NLRC4	0.278	0.01	0.464	1024	0.333374161598802
TRAPPC1	0.478	0.447	0.703	145	0.333772954735453
CREBZF	0.5	0.503	0.734	354	0.307970047574139
PCTP	0.437	0.378	0.667	219	0.368729605952245
ABHD17C	0.52	0.547	0.759	329	0.32894952120185
RPRD1B	0.3	0.052	0.491	326	0.325652984043229
ZNF71	0.638	0.683	0.834	489	0.355598356621789
ZNF77	0.301	-0.035	0.461	545	0.332167701168909
INIP	0.211	-0.266	0.324	104	0.333830543460783
JAM2	0.244	-0.124	0.403	312	0.315391288865219
OVOL2	0.606	0.611	0.794	275	0.326266703473162
LY6G5B	0.406	0.301	0.625	201	0.334496872155102
PRUNE1	0.322	0.101	0.516	453	0.323225139518793
MYL7	0.555	0.541	0.757	175	0.369195094663204
ZNF462	0.356	0.134	0.544	2506	0.339575579819421
BBS4	0.282	-0.021	0.456	519	0.357149291905121
ZNF250	0.391	0.237	0.596	560	0.33407494650379
OPRPN	0.21	-0.288	0.307	248	0.26720544415226
ARHGAP22	0.523	0.546	0.756	714	0.308945816429092
OSTC	0.26	0.002	0.453	171	0.313745653276474
SCAF1	0.566	0.567	0.771	1312	0.295909596228375
KMT2C	0.223	-0.276	0.327	4911	0.31046387719147
CACTIN	0.719	0.784	0.883	758	0.330877357932442
PRODH2	0.439	0.39	0.669	536	0.316760290665386
DNASE2B	0.245	-0.088	0.416	361	0.322388214283887
DLGAP3	0.562	0.558	0.765	979	0.308641014980793
EPS15L1	0.391	0.244	0.602	910	0.323308711026955
SELENOK	0.202	-0.28	0.307	93	0.285676482886411
SINHCAF	0.28	-0.108	0.416	221	0.331896818300678
RBM25	0.204	-0.294	0.299	843	0.30990273778228
DMRT3	0.471	0.431	0.698	472	0.316812683544044
WIZ	0.554	0.534	0.752	835	0.31810069796227
MID1IP1	0.599	0.654	0.816	183	0.353786574730257
ABRACL	0.173	-0.31	0.287	81	0.315230884887549
RRAGD	0.306	0.048	0.491	400	0.32810273089607
MYOZ1	0.375	0.171	0.563	299	0.334539352715726
LY6G6D	0.39	0.201	0.577	133	0.340643683827979
PRM3	0.613	0.596	0.79	103	0.337015550328321
SNX6	0.182	-0.372	0.267	418	0.319613070755169
MPP4	0.305	0.047	0.491	637	0.33630439840611
PZP	0.291	0.016	0.477	1482	0.331548896540843
QARS1	0.411	0.275	0.611	775	0.336102516512307
BCAT1	0.253	-0.128	0.397	398	0.315380270689409
QDPR	0.382	0.231	0.594	244	0.335396443021849
RAB1A	0.229	-0.181	0.374	205	0.326623136820504
RAB2A	0.203	-0.277	0.317	212	0.328884674167709
RGL2	0.372	0.223	0.582	777	0.295936709278639
RAB3A	0.597	0.614	0.796	220	0.365593882308959
RAB3B	0.437	0.321	0.641	219	0.356691436956693
RAB3IL1	0.599	0.61	0.791	382	0.333930298882413
RAB4A	0.223	-0.156	0.379	218	0.319314377383746
RAB5A	0.178	-0.393	0.264	215	0.307232572802872
RAB5B	0.344	0.127	0.538	215	0.355548919419986
BCAT2	0.541	0.578	0.772	392	0.333025897140905
RAB6A	0.236	-0.163	0.377	208	0.315232562064532
MAP4K2	0.536	0.514	0.737	820	0.324025620729886
RAB13	0.43	0.326	0.638	203	0.373851427063602
RAB27A	0.248	-0.093	0.415	221	0.319422192455462
RAB27B	0.228	-0.173	0.376	218	0.325257253209149
RABGGTA	0.481	0.439	0.693	567	0.328374393402155
RABGGTB	0.179	-0.356	0.27	331	0.318943090811602
RABIF	0.421	0.335	0.644	123	0.347706889645379
RAB5C	0.416	0.272	0.615	249	0.337142684883857
RAC1	0.299	0.038	0.485	211	0.328383582789245
RAC2	0.648	0.682	0.83	192	0.371745892492813
RAC3	0.65	0.699	0.84	192	0.359878365077825
RAD9A	0.536	0.516	0.742	391	0.332882384095974
RAD17	0.172	-0.375	0.259	681	0.300461958125736
RAD21	0.213	-0.26	0.326	631	0.315953375394195
RAD23A	0.509	0.474	0.722	363	0.347074072561911
RAD23B	0.219	-0.3	0.32	409	0.322473059216176
RAD51	0.257	-0.123	0.398	340	0.325905931450723
RAD51C	0.196	-0.246	0.324	376	0.302139976965294
RAD51B	0.223	-0.186	0.358	425	0.304242065426319
MOK	0.313	0.124	0.527	419	0.323388034531449
RAD51D	0.343	0.152	0.543	348	0.313196515988874
RAD52	0.346	0.135	0.543	418	0.338073362445838
RAF1	0.303	0.018	0.475	668	0.314255107471135
RAG1	0.327	0.076	0.505	1043	0.340587551201251
RAG2	0.242	-0.191	0.371	527	0.32365976033331
RALA	0.234	-0.124	0.402	206	0.355447752999625
IL22RA1	0.451	0.367	0.664	574	0.321659793852252
PGAP6	0.625	0.683	0.83	771	0.336490582886539
RALB	0.333	0.121	0.535	206	0.362545514126757
ACTA2	0.411	0.267	0.608	377	0.350071578579813
BCHE	0.189	-0.348	0.282	602	0.312741433432426
RALGDS	0.547	0.527	0.748	914	0.339223292316008
RAN	0.284	-0.021	0.459	216	0.353386701903183
RANBP1	0.39	0.234	0.59	278	0.326792984557461
RANBP2	0.186	-0.424	0.252	3224	0.314468065767013
RANGAP1	0.486	0.418	0.69	587	0.368065822709667
RAP1A	0.225	-0.158	0.382	184	0.343825382047774
IL21	0.228	-0.21	0.348	162	0.309063985327465
RAP1B	0.159	-0.421	0.242	184	0.325058977884277
CARD18	0.215	-0.179	0.36	90	0.342547277787955
ENPP5	0.199	-0.265	0.323	477	0.304291472869761
RAP1GAP	0.518	0.503	0.737	748	0.330355616520177
RAP1GDS1	0.173	-0.332	0.279	608	0.318583420116185
RAP2A	0.516	0.496	0.733	183	0.367719225126272
RAP2B	0.745	0.85	0.92	183	0.3773462205532
RAPSN	0.678	0.728	0.854	412	0.372171082274039
RARA	0.616	0.657	0.817	462	0.34092805452958
RARB	0.303	0.011	0.47	448	0.325930978420822
RARG	0.525	0.48	0.722	454	0.343981579030979
RARS1	0.212	-0.223	0.34	660	0.33513733991351
RARRES1	0.313	0.104	0.518	294	0.307002704135912
RARRES2	0.569	0.556	0.761	163	0.341054383269348
PLAAT4	0.383	0.222	0.587	164	0.344410130814119
RASA1	0.201	-0.26	0.324	1047	0.308244641765708
RASA2	0.214	-0.24	0.34	849	0.323144704569782
RASGRF1	0.492	0.463	0.71	1273	0.339233393303689
RASGRF2	0.297	0.053	0.488	1237	0.322509242354032
RB1	0.19	-0.328	0.284	928	0.308228831135351
ARID4A	0.183	-0.402	0.257	1257	0.317329394544456
HIVEP3	0.415	0.265	0.612	2406	0.299140700522468
KDM5A	0.247	-0.141	0.392	1690	0.322984807071068
EVA1C	0.365	0.222	0.583	441	0.332245657214725
ACE2	0.235	-0.179	0.372	805	0.334514169672881
TLNRD1	0.674	0.752	0.868	362	0.337109478712005
NTN4	0.318	0.029	0.49	628	0.344306236010898
RBBP4	0.232	-0.219	0.357	425	0.313681933737988
CACNG8	0.705	0.839	0.914	425	0.327904359313925
CACNG7	0.562	0.603	0.787	275	0.325577807544973
CACNG6	0.601	0.674	0.823	260	0.326551043267782
UBL5	0.396	0.327	0.638	73	0.38829772158456
RBBP5	0.242	-0.162	0.382	538	0.319166946396307
BCKDHA	0.556	0.551	0.759	445	0.351567076088807
RBBP6	0.209	-0.361	0.284	1792	0.309090250870427
SIGIRR	0.562	0.608	0.788	410	0.321565720548554
RBBP7	0.232	-0.219	0.355	469	0.309738074410068
RBBP8	0.19	-0.373	0.273	897	0.313859979726737
RBL1	0.195	-0.295	0.303	1068	0.303659745028966
PRDM12	0.766	0.841	0.915	367	0.347108484168028
PRDM13	0.554	0.589	0.782	707	0.315102386733047
PLEKHA1	0.231	-0.215	0.358	404	0.321628453709755
PLEKHA2	0.379	0.23	0.589	425	0.332760422445923
RBL2	0.235	-0.162	0.379	1139	0.317233275064346
HRH4	0.198	-0.253	0.322	390	0.30320092875034
TRPV4	0.595	0.624	0.797	871	0.348248127041762
SCPEP1	0.351	0.177	0.561	452	0.341637997535627
SENP2	0.233	-0.173	0.367	589	0.311089368882613
ALOXE3	0.495	0.457	0.707	843	0.328456751727998
GNB4	0.204	-0.284	0.311	340	0.3114497397073
ZNF350	0.253	-0.123	0.407	532	0.327129984805368
KLHL12	0.273	-0.066	0.43	568	0.319336647653209
RBM3	0.32	0.051	0.5	157	0.319123043103271
RXFP1	0.21	-0.203	0.347	784	0.323744773084404
PBOV1	0.186	-0.203	0.336	135	0.301728130338484
LGR6	0.502	0.495	0.727	967	0.330253455538187
TMEM35A	0.385	0.277	0.605	167	0.347482963431472
RBM4	0.392	0.224	0.59	364	0.346798167876788
RBMS1	0.26	-0.173	0.387	406	0.324671009268275
RBMS2	0.324	0.038	0.496	407	0.326911948360551
BCKDHB	0.238	-0.172	0.374	392	0.312995561593803
RBMY1A1	0.177	-0.487	0.209	496	0.26872975876737
RBP1	0.518	0.492	0.73	197	0.340984803566631
RBP2	0.385	0.19	0.575	134	0.351894520079749
CPLX3	0.541	0.521	0.747	158	0.357122969221818
NPS	0.233	-0.187	0.357	89	0.300151490842381
RBP3	0.553	0.557	0.762	1247	0.333329348246923
CCND1	0.692	0.755	0.868	295	0.36948232052024
RBP4	0.563	0.576	0.774	201	0.357585819937219
RCN1	0.373	0.209	0.578	331	0.326656679285094
RCN2	0.248	-0.143	0.39	335	0.333488290533806
OPN1LW	0.517	0.499	0.734	364	0.353536101058365
RCVRN	0.611	0.607	0.792	200	0.391364785835711
RDH5	0.489	0.457	0.704	318	0.321192813472739
BCL2	0.6	0.627	0.801	239	0.318210227729132
PRPH2	0.53	0.535	0.749	346	0.364346818073924
RDX	0.197	-0.311	0.3	604	0.343464315451832
RECQL	0.195	-0.34	0.287	649	0.337209031943114
REL	0.201	-0.345	0.289	619	0.307947792665696
REG1A	0.468	0.35	0.66	166	0.35702807905947
REG1B	0.454	0.311	0.641	166	0.35158361148421
BCL2A1	0.23	-0.164	0.38	175	0.334038972131747
RELA	0.487	0.388	0.674	551	0.33010074987532
RELB	0.561	0.589	0.781	579	0.321476973826245
REN	0.437	0.36	0.658	406	0.321907244791557
RENBP	0.527	0.507	0.736	427	0.339903362914643
UPF1	0.562	0.583	0.778	1129	0.358370238946236
DPF2	0.412	0.253	0.604	405	0.348018480252266
REST	0.251	-0.204	0.374	1097	0.331996755431832
RET	0.518	0.511	0.738	1114	0.329963686095308
BCL2L1	0.433	0.322	0.641	233	0.325889304338154
REV3L	0.19	-0.357	0.277	3130	0.309739829193667
RFC1	0.226	-0.246	0.342	1148	0.322586412859735
RFC2	0.389	0.213	0.576	354	0.358795753757561
RFC3	0.221	-0.214	0.342	356	0.334230719322154
RFC4	0.194	-0.29	0.31	363	0.321100694583153
RFC5	0.309	0.086	0.502	340	0.318013109837034
RFNG	0.603	0.662	0.817	331	0.313622696921466
TRIM27	0.427	0.357	0.655	513	0.336994521447439
RFPL1	0.346	0.124	0.53	317	0.317569606504438
RFX1	0.645	0.692	0.838	979	0.342074683806391
BCL2L2	0.428	0.32	0.641	193	0.324598023664327
RFX2	0.577	0.616	0.795	723	0.336077400225547
RFX3	0.264	-0.072	0.431	749	0.319384767898058
RFX4	0.338	0.1	0.521	744	0.320293120610825
RFX5	0.3	-0.018	0.459	616	0.310178428937455
RFXAP	0.362	0.285	0.626	272	0.327475334179417
RGR	0.516	0.516	0.738	295	0.334040831672637
RGS1	0.217	-0.29	0.315	209	0.33418688519411
RGS2	0.27	-0.103	0.419	211	0.347995691429111
RGS3	0.456	0.384	0.672	1198	0.323993903794514
RGS4	0.31	0.034	0.485	302	0.33986069508064
ACTB	0.667	0.683	0.831	375	0.36171640323191
RGS7	0.254	-0.084	0.422	487	0.316855630545623
RGS10	0.365	0.197	0.572	181	0.339109526821861
RGS12	0.413	0.311	0.634	1447	0.317546535317485
RGS13	0.23	-0.197	0.356	159	0.346276002046947
RGS16	0.518	0.423	0.694	202	0.345684282068866
RHAG	0.263	-0.035	0.445	409	0.328839385318691
RHCE	0.378	0.28	0.608	417	0.329408021799252
RHD	0.357	0.21	0.574	493	0.330384401295787
RHEB	0.215	-0.251	0.333	184	0.345617797639366
RHO	0.633	0.672	0.826	348	0.373489498797592
GRK1	0.62	0.647	0.811	563	0.367511836435837
RLN1	0.222	-0.163	0.367	185	0.324282852209811
RIT2	0.307	0.018	0.478	217	0.349201262889505
RING1	0.422	0.31	0.634	406	0.315919126604203
RIT1	0.272	-0.086	0.416	236	0.311283746319284
RLBP1	0.509	0.477	0.721	317	0.357149742245785
RLF	0.194	-0.33	0.294	1914	0.317836917896711
RLN2	0.198	-0.221	0.339	185	0.306402735907774
BCL3	0.564	0.601	0.785	454	0.304558678832741
AFAP1	0.419	0.301	0.629	814	0.338545459123176
GPBP1L1	0.286	-0.102	0.424	474	0.304000679057251
MYG1	0.441	0.368	0.659	376	0.309497215010684
FAM3A	0.533	0.512	0.741	244	0.339425728758057
RNASE1	0.506	0.469	0.718	156	0.344418659030537
RNASE2	0.257	-0.134	0.396	161	0.340172682885607
RNASE3	0.241	-0.136	0.381	160	0.31173769812326
AVPI1	0.531	0.474	0.713	147	0.319736948156734
RNASE4	0.393	0.263	0.6	147	0.33324304280294
TSKS	0.527	0.531	0.749	592	0.331616357555064
SLC25A19	0.434	0.343	0.65	320	0.348728866487175
RNASE6	0.297	0.026	0.479	150	0.346747973914333
BCL6	0.468	0.368	0.665	706	0.34167204407603
EDA2R	0.39	0.207	0.583	318	0.334780894893979
RNASEL	0.283	-0.034	0.447	741	0.335317880293601
EXOC4	0.321	0.106	0.515	974	0.344630353071947
TGIF2	0.447	0.373	0.662	237	0.314832399373019
CDH26	0.282	-0.025	0.452	832	0.311390141727617
RNF2	0.207	-0.261	0.327	336	0.31733825681147
BRD2	0.3	0.009	0.475	836	0.318454936136315
BACH2	0.416	0.288	0.623	841	0.331416448407822
RNF4	0.286	-0.036	0.441	190	0.315885182404531
RNF5	0.356	0.166	0.56	180	0.30088505545691
ELOVL5	0.342	0.156	0.545	326	0.336511356263604
SLC5A7	0.241	-0.119	0.398	580	0.323906074173118
HAPLN2	0.609	0.679	0.827	340	0.317256464046152
SAV1	0.208	-0.295	0.31	383	0.313255537827846
TRMT11	0.215	-0.251	0.33	463	0.310383751839421
MRPS35	0.21	-0.257	0.329	323	0.310537926399102
APOBEC3G	0.412	0.267	0.607	384	0.333856898500027
RNF6	0.177	-0.362	0.26	685	0.278981736810264
PPCDC	0.416	0.331	0.642	204	0.345224693980224
NIF3L1	0.268	-0.014	0.452	377	0.31374668845898
CCDC90B	0.187	-0.315	0.289	254	0.294411798718456
FASTKD5	0.241	-0.084	0.414	764	0.319525053585842
CCDC81	0.276	0	0.459	652	0.339850835595355
HPSE2	0.335	0.186	0.557	592	0.331337047078667
AASDHPPT	0.218	-0.258	0.326	309	0.309940706461536
BCL7A	0.427	0.279	0.626	231	0.334050917163771
RNH1	0.646	0.709	0.841	461	0.354928200475046
NYX	0.717	0.838	0.911	481	0.311911501763674
AGBL5	0.357	0.154	0.549	886	0.304317982799272
RNPEP	0.46	0.393	0.677	650	0.33851883878175
LDAH	0.22	-0.194	0.354	325	0.325423135451005
ELAC2	0.39	0.272	0.608	826	0.325846501668985
ALX4	0.573	0.582	0.782	411	0.340995360118958
GUF1	0.183	-0.36	0.271	669	0.323200501926778
SPCS3	0.251	-0.088	0.416	180	0.296971474693445
NAA35	0.197	-0.31	0.3	725	0.323323871143529
RINT1	0.195	-0.256	0.32	792	0.321655275677005
ABCE1	0.178	-0.362	0.268	599	0.326105470691547
SCOC	0.221	-0.131	0.391	159	0.294301477345081
KCNK15	0.72	0.84	0.913	330	0.32774144235062
DHX35	0.275	-0.038	0.442	703	0.326893982841943
RIC8A	0.485	0.451	0.703	537	0.323142499912282
CYB5RL	0.413	0.328	0.639	315	0.33025569483201
MIIP	0.529	0.466	0.714	388	0.299408514805492
ATG101	0.573	0.579	0.775	218	0.357277554621954
PROK2	0.322	0.103	0.508	129	0.323463650803705
PAPPA2	0.368	0.167	0.559	1791	0.330342835607007
CELF6	0.524	0.515	0.744	481	0.331420285856624
EEFSEC	0.533	0.54	0.753	596	0.336822582199593
CELF5	0.612	0.643	0.811	485	0.34059191872365
FKBP10	0.549	0.553	0.76	582	0.33453108879569
SMAP1	0.259	-0.156	0.394	467	0.326816349856896
TRAPPC11	0.225	-0.184	0.366	1133	0.330349211016515
ZFAND3	0.35	0.138	0.545	227	0.305918730706771
C14orf93	0.361	0.145	0.545	538	0.33349271742804
BCL9	0.333	0.031	0.494	1426	0.304900350479762
TNFRSF17	0.243	-0.137	0.388	184	0.337579575588349
ROBO1	0.254	-0.155	0.391	1651	0.30769845301689
ROBO2	0.245	-0.171	0.379	1394	0.301337164941432
ROCK1	0.18	-0.351	0.278	1354	0.332917525580082
ROM1	0.417	0.357	0.651	351	0.313271499442889
RORA	0.254	-0.083	0.422	556	0.332316313183834
RORB	0.309	0.08	0.507	459	0.35806014101045
RORC	0.478	0.419	0.688	518	0.3421069297474
ROS1	0.218	-0.223	0.346	2347	0.319750609514173
HCN2	0.755	0.875	0.933	889	0.322105341243453
RP9	0.321	0.072	0.507	221	0.327352167482649
RP1	0.197	-0.338	0.291	2156	0.316854558958332
RP2	0.246	-0.121	0.406	350	0.338849269987724
RPGR	0.23	-0.217	0.368	1152	0.327119732710341
OPN1SW	0.461	0.404	0.684	348	0.360067687394067
RPA1	0.313	0.06	0.502	616	0.353803121796857
RPA2	0.311	0.017	0.481	278	0.338721473297904
RPA3	0.252	-0.119	0.4	121	0.339002430646115
RPE	0.277	-0.013	0.462	228	0.331588637724631
RPE65	0.261	-0.114	0.41	533	0.337999366951765
RPL3	0.499	0.433	0.698	403	0.362353589183424
RPL3L	0.6	0.632	0.804	407	0.343950167645446
RPL4	0.276	-0.051	0.433	427	0.345699144876752
RPL5	0.265	-0.118	0.407	297	0.361921814279685
RPL6	0.312	0.055	0.493	288	0.352395286160858
RPL7	0.275	-0.047	0.426	248	0.3606681313325
BCR	0.605	0.631	0.803	1271	0.338295407956668
RPL7A	0.405	0.255	0.599	266	0.375265441924414
NPIPB13	0.315	0.05	0.488	1138	0.274814888836323
RPL8	0.505	0.447	0.704	257	0.355359678046112
DEFB135	0.181	-0.263	0.307	77	0.310679116173065
DEFB136	0.249	-0.107	0.411	78	0.323659215883979
DEFB134	0.218	-0.169	0.377	66	0.345233294400998
CTXN3	0.282	0.012	0.461	81	0.313864309690639
HIGD1C	0.198	-0.253	0.326	97	0.30477732498491
RPL9	0.243	-0.109	0.398	192	0.34218549615509
RPL10	0.442	0.312	0.629	214	0.355249312232507
RPL11	0.361	0.206	0.569	178	0.347997855275762
RPL12	0.364	0.164	0.549	165	0.355194583389136
RPL13	0.537	0.56	0.761	211	0.33543941825014
RPL15	0.321	0.096	0.505	204	0.302351109180366
RPL17	0.264	-0.052	0.437	184	0.340269011802089
RPL18	0.48	0.475	0.712	188	0.312778677381459
RPL18A	0.598	0.656	0.815	176	0.330904456629409
RPL19	0.456	0.429	0.683	196	0.344433107602667
RPL21	0.258	-0.131	0.399	160	0.344377743463856
RPL22	0.31	0.033	0.488	128	0.387077224512175
RPL23A	0.383	0.212	0.578	156	0.384107377245156
MRPL23	0.571	0.56	0.764	153	0.345965329819321
RPL24	0.282	-0.07	0.431	157	0.366958241400831
RPL26	0.311	0.048	0.489	145	0.352446479747049
RPL27	0.404	0.241	0.595	136	0.365873350167392
RPL30	0.31	0.054	0.491	115	0.382098125206339
RPL27A	0.394	0.263	0.607	148	0.35385632241478
RPL28	0.478	0.438	0.695	170	0.318003162332424
RPL29	0.434	0.316	0.636	159	0.392419206764089
RPL31	0.31	0.027	0.476	128	0.329214985814803
RPL32	0.423	0.352	0.646	135	0.368880759579654
RPL34	0.223	-0.213	0.342	117	0.340371342025678
RPL35A	0.266	-0.091	0.41	110	0.341423719482097
RPL36AL	0.369	0.135	0.538	106	0.375822112792293
RPL37	0.302	-0.017	0.457	97	0.304763322187565
RPL37A	0.422	0.341	0.651	92	0.376610767644361
RPL38	0.409	0.277	0.609	70	0.37810858215614
BCS1L	0.385	0.249	0.593	419	0.324668771904805
RPL39	0.278	-0.032	0.426	51	0.329155860700198
RPL41	0.396	0.27	0.571	25	0.306128699578816
RPL36A	0.349	0.135	0.54	142	0.352726889668276
RPLP0	0.408	0.243	0.596	317	0.37022140158342
RPLP1	0.329	0.032	0.495	114	0.363643613728376
RPLP2	0.382	0.191	0.575	115	0.374704020062405
MRPL12	0.48	0.462	0.71	198	0.354525560906634
MRPS12	0.577	0.622	0.797	138	0.32771282995002
RPN1	0.413	0.3	0.624	607	0.343149984820013
RPN2	0.356	0.173	0.559	631	0.340743851060772
RPS2	0.512	0.479	0.721	293	0.337656742834489
RPS3	0.334	0.125	0.528	259	0.337594469432542
RPS3A	0.244	-0.167	0.382	264	0.344306442168345
RPS4X	0.336	0.095	0.508	263	0.339016205546652
SERINC4	0.386	0.244	0.593	518	0.328493855412797
RPS4Y1	0.308	0.039	0.48	263	0.328016160277183
FAM229B	0.249	-0.259	0.338	80	0.278489727963579
ZNF704	0.415	0.278	0.62	412	0.306229415561303
RPS5	0.536	0.491	0.724	204	0.367658460855899
MBOAT4	0.351	0.182	0.556	435	0.323313357858683
RPS6	0.263	-0.061	0.422	249	0.334206365468336
RPS6KA1	0.512	0.475	0.718	744	0.335956161360537
RPS6KA2	0.467	0.443	0.701	758	0.335861708251525
RPS6KA3	0.184	-0.365	0.269	740	0.308977701999382
RPS6KB1	0.23	-0.207	0.355	525	0.308027987756506
RPS6KB2	0.514	0.482	0.721	482	0.318027271144425
RPS7	0.323	0.122	0.526	194	0.33835309424601
RPS8	0.412	0.277	0.608	208	0.358155759245859
RPS9	0.54	0.563	0.758	194	0.333286896258777
RPS10	0.34	0.123	0.529	165	0.326973390615812
RPS11	0.591	0.59	0.779	158	0.37948517434949
RPS12	0.248	-0.074	0.43	132	0.378472732716205
RPS13	0.238	-0.093	0.401	151	0.32129949896299
RPS14	0.35	0.15	0.544	151	0.321069593388093
RPS15	0.742	0.847	0.917	152	0.342360355888862
RPS15A	0.317	0.099	0.508	130	0.33662347034787
RPS16	0.359	0.192	0.564	152	0.296450526353506
RPS17	0.38	0.283	0.611	135	0.336680115000719
BDH1	0.489	0.46	0.711	343	0.327080160788263
RPS18	0.373	0.252	0.588	152	0.334840362866269
RPS19	0.429	0.363	0.662	145	0.349105116379243
RPS20	0.25	-0.151	0.38	142	0.309419142554524
RPS21	0.459	0.344	0.65	83	0.385425187063009
RPS23	0.228	-0.235	0.34	143	0.341710112285217
RPS24	0.3	0.034	0.484	289	0.326220362232471
BDKRB1	0.441	0.412	0.676	353	0.334679064358353
RPS25	0.302	0.049	0.496	125	0.374759628723653
RPS26	0.342	0.077	0.504	115	0.33432101696461
RPS27	0.321	0.027	0.488	84	0.321663968407491
RPS27A	0.296	-0.022	0.455	156	0.372800843851354
RPS28	0.504	0.484	0.716	69	0.309493369802357
RPS29	0.407	0.261	0.597	67	0.332772748828943
RRAD	0.534	0.562	0.765	308	0.303037083879028
RRAS	0.608	0.658	0.819	218	0.348807402896721
RRBP1	0.507	0.478	0.723	977	0.367109431972057
RREB1	0.542	0.512	0.743	1742	0.331375061249005
BDKRB2	0.626	0.686	0.829	391	0.35077532716597
RRM1	0.251	-0.139	0.39	792	0.351633867156998
RRM2	0.332	0.149	0.542	449	0.319248001512117
RTKN	0.435	0.341	0.644	563	0.307707981115376
RS1	0.432	0.396	0.675	224	0.337146369145416
RSC1A1	0.187	-0.381	0.271	617	0.31019014883761
CLIP1	0.278	-0.021	0.456	1438	0.340383690301129
RSU1	0.393	0.305	0.622	277	0.346850716962512
RTN1	0.411	0.292	0.625	776	0.317909284021627
RTN2	0.402	0.322	0.634	545	0.300116747134337
RXRA	0.67	0.743	0.862	462	0.340305028824047
RXRB	0.396	0.257	0.604	537	0.30637277319665
RXRG	0.366	0.202	0.573	463	0.327517286125327
RYK	0.258	-0.023	0.447	610	0.316015830201164
RYR1	0.552	0.556	0.762	5038	0.341332717117471
RYR2	0.266	-0.04	0.442	4967	0.328211411430485
RYR3	0.341	0.155	0.546	4870	0.338740498563458
BDNF	0.306	0.051	0.494	329	0.327886814164107
S100A1	0.601	0.596	0.789	94	0.40670980286344
SORT1	0.322	0.074	0.507	831	0.31753227311741
S100A2	0.569	0.549	0.763	97	0.387193265964575
S100A3	0.59	0.592	0.786	101	0.393404994975745
S100A4	0.538	0.467	0.719	101	0.388099778525781
S100A5	0.59	0.587	0.779	92	0.369323120072236
S100A6	0.573	0.582	0.773	90	0.404940282178178
S100A7	0.416	0.27	0.615	101	0.350608528087539
S100A8	0.394	0.253	0.6	93	0.363681261765633
S100A9	0.524	0.49	0.729	114	0.346800417814538
S100A10	0.315	0.057	0.506	97	0.357343558909629
S100A11	0.369	0.17	0.56	105	0.34871123110894
S100A12	0.314	0.096	0.516	92	0.351070093606293
S100A13	0.471	0.414	0.684	98	0.347389555539126
S100B	0.395	0.253	0.609	92	0.376118740922144
S100P	0.46	0.396	0.681	95	0.346232483457538
SAA1	0.362	0.154	0.552	122	0.348765515908113
SAA2	0.362	0.177	0.56	122	0.343889690793525
CFB	0.368	0.191	0.571	764	0.342831620206006
SAA4	0.278	0.066	0.5	130	0.324535380463015
VPS52	0.359	0.202	0.566	723	0.331172576687861
SAFB	0.363	0.171	0.559	917	0.300189631488459
SAG	0.415	0.308	0.633	405	0.343877226417214
ACSM3	0.227	-0.212	0.356	586	0.307140616950227
SALL2	0.366	0.154	0.557	1007	0.308798235492703
SALL1	0.369	0.188	0.572	1324	0.316382353998795
MAPK12	0.649	0.669	0.822	367	0.358633137641657
SARS1	0.391	0.247	0.597	536	0.351795494565284
TSPAN31	0.315	0.112	0.52	210	0.348249948246413
SLC22A23	0.576	0.639	0.805	686	0.333003252610316
SAT1	0.289	0.01	0.469	171	0.32978026473562
BCORL1	0.395	0.231	0.595	1711	0.315139762621542
CELA2A	0.521	0.524	0.747	269	0.350733110648383
SATB1	0.299	0.009	0.473	795	0.337892066834904
SBF1	0.596	0.616	0.794	1893	0.327727434520267
MSMO1	0.181	-0.397	0.25	293	0.325847811218979
SC5D	0.207	-0.258	0.323	299	0.299313947130154
BFSP1	0.394	0.252	0.599	665	0.332300624760427
ATXN1	0.506	0.487	0.73	815	0.329951093935028
ATXN2	0.283	-0.064	0.446	1313	0.298091639032707
ATXN7	0.316	0.048	0.499	945	0.296963859138613
SERPINB3	0.265	-0.069	0.435	390	0.334849418916893
SERPINB4	0.262	-0.083	0.429	390	0.342464343495794
SCD	0.364	0.177	0.557	359	0.331730588097941
BGLAP	0.456	0.392	0.673	100	0.326736273966501
CLEC11A	0.592	0.639	0.806	323	0.317382640534561
SCML1	0.254	-0.116	0.406	329	0.321907608315107
SCN1A	0.238	-0.139	0.387	2009	0.326154904029019
SCN1B	0.506	0.516	0.739	268	0.323842116694506
SCN2A	0.248	-0.112	0.402	2005	0.330294924703281
SCN2B	0.545	0.542	0.756	215	0.35637428097226
SCN3A	0.25	-0.099	0.41	2000	0.330964501692244
SCN4A	0.623	0.669	0.822	1836	0.364718315677003
BGN	0.651	0.705	0.84	368	0.36109460520403
SCN4B	0.522	0.545	0.754	228	0.35727884971064
SCN5A	0.528	0.533	0.748	2016	0.339014238034102
SCN7A	0.197	-0.271	0.311	1682	0.326234586543948
SCN8A	0.365	0.211	0.574	1980	0.343133713949624
SCN9A	0.233	-0.148	0.381	1977	0.32286296495393
SCN10A	0.379	0.239	0.59	1956	0.335536226012184
SCNN1A	0.543	0.524	0.747	728	0.345197675543825
SCNN1B	0.543	0.542	0.755	640	0.357725494084432
SCNN1D	0.555	0.588	0.779	802	0.304072133532104
CEACAM1	0.347	0.151	0.552	526	0.32008313623143
SCNN1G	0.455	0.376	0.667	649	0.350399807125677
SCO1	0.285	0.032	0.479	301	0.301840257451781
SCP2	0.228	-0.247	0.344	547	0.344555770463404
SCT	0.553	0.628	0.795	121	0.27613550055421
SCTR	0.463	0.451	0.7	440	0.340790774035649
SRL	0.446	0.392	0.67	473	0.339851666418743
CCL1	0.372	0.265	0.6	96	0.333771086036348
CCL2	0.429	0.318	0.635	99	0.370663688622192
CCL3	0.471	0.445	0.708	92	0.35557571622558
BHMT	0.305	0.011	0.477	406	0.341840052286968
CCL4	0.386	0.242	0.602	92	0.337803856711849
CCL5	0.462	0.376	0.67	91	0.361391182459501
CCL7	0.388	0.182	0.562	99	0.358216379172274
CCL8	0.375	0.184	0.558	99	0.35621258372751
CCL11	0.41	0.258	0.602	97	0.355012218291577
CCL13	0.441	0.285	0.617	98	0.363722889141751
CCL14	0.465	0.441	0.705	109	0.3582622861712
CCL15	0.329	0.163	0.561	113	0.33328062914748
BICD1	0.333	0.148	0.543	975	0.336359075269186
CCL16	0.379	0.262	0.598	120	0.349977222297078
CCL17	0.455	0.392	0.67	94	0.370675348024024
CCL18	0.41	0.385	0.671	89	0.363057480844571
CCL19	0.472	0.381	0.66	98	0.323707719061727
CCL20	0.307	0.017	0.467	96	0.369008233078688
CCL21	0.449	0.332	0.641	134	0.351092854751451
CCL22	0.411	0.352	0.648	93	0.324521151852838
CCL23	0.35	0.186	0.562	137	0.329703254361848
CCL24	0.509	0.453	0.711	119	0.362769338283115
BID	0.493	0.45	0.7	241	0.326037215685254
CCL25	0.434	0.378	0.667	150	0.345300925277053
CXCL6	0.403	0.377	0.664	114	0.32447001262717
CXCL11	0.21	-0.216	0.344	94	0.351672738900062
CXCL5	0.359	0.242	0.589	114	0.35020831059793
XCL1	0.316	0.114	0.518	114	0.309534546953508
CX3CL1	0.482	0.406	0.687	397	0.32044062118107
BIK	0.502	0.538	0.743	160	0.31775736031301
SDC1	0.466	0.37	0.67	310	0.322919913311262
SRR	0.227	-0.228	0.346	340	0.340321828668162
BCAN	0.452	0.345	0.652	911	0.318292537528026
SDC2	0.272	-0.11	0.408	201	0.319446198964203
SDC4	0.426	0.351	0.653	198	0.32765790498072
SDCBP	0.198	-0.298	0.298	318	0.319833119900068
CXCL12	0.418	0.358	0.652	140	0.363292676363652
ABHD4	0.394	0.247	0.596	342	0.310811598335314
MRPL17	0.392	0.292	0.608	175	0.304576145058998
PKNOX2	0.488	0.442	0.705	472	0.350539458157092
FAM204A	0.218	-0.26	0.336	233	0.333224697829416
SDF2	0.338	0.111	0.53	211	0.310773321991452
SDHA	0.376	0.216	0.582	664	0.329844139293675
RNF123	0.51	0.482	0.719	1314	0.333105830286787
THADA	0.225	-0.152	0.377	1953	0.320707434877757
UBE2O	0.526	0.489	0.731	1292	0.341768385182137
VIPAS39	0.305	0.079	0.503	493	0.313768453024531
PIEZO2	0.328	0.128	0.53	2752	0.338119294431722
HEATR6	0.249	-0.071	0.424	1181	0.315258643474856
SH2D4A	0.296	0.015	0.47	454	0.328919036850457
NSUN3	0.212	-0.23	0.333	340	0.329315511294935
PRDM1	0.402	0.268	0.612	825	0.33705217181961
SDHB	0.343	0.117	0.526	280	0.361871992942704
FAM111A	0.216	-0.249	0.338	611	0.332026120565045
DUSP21	0.429	0.381	0.665	190	0.328994697796091
MANBAL	0.489	0.422	0.69	85	0.350933112958546
GPATCH3	0.402	0.275	0.611	525	0.309689530417941
NAPB	0.274	-0.089	0.424	302	0.370041998353376
SDHC	0.286	0.064	0.487	169	0.315281776398782
SLC17A9	0.555	0.6	0.784	436	0.33395882373081
BLOC1S5	0.235	-0.152	0.382	187	0.319129382433386
ELMO2	0.4	0.269	0.603	720	0.342895098017008
GALNT11	0.279	-0.017	0.455	608	0.318172110077867
SDHD	0.244	-0.078	0.417	159	0.320074129853108
FAM200C	0.186	-0.328	0.286	594	0.307479033040782
CHTF18	0.595	0.634	0.803	975	0.323750485580492
TNN	0.494	0.435	0.703	1299	0.349051069129384
CIDEC	0.48	0.441	0.7	251	0.337625853454417
ZNF335	0.481	0.375	0.671	1342	0.323105025390462
ANKEF1	0.222	-0.22	0.346	776	0.327712096296724
CHP2	0.422	0.368	0.658	196	0.318086833219179
XPNPEP3	0.281	-0.019	0.452	507	0.328383927997893
MRPS14	0.245	-0.038	0.424	128	0.292170765275864
STEEP1	0.346	0.127	0.538	208	0.357518852045026
MCUR1	0.327	0.211	0.569	359	0.309200580852264
ZNF667	0.217	-0.23	0.345	610	0.325807376996131
PCIF1	0.512	0.472	0.717	704	0.323964265643257
FAM217B	0.252	-0.19	0.371	383	0.311913701832541
GPSM3	0.429	0.319	0.632	160	0.2966735548408
NECAB3	0.535	0.54	0.753	396	0.318959222364622
FKBPL	0.298	0.047	0.488	349	0.324959692172798
DMRTC2	0.426	0.282	0.618	367	0.305894384613202
DMRTC1	0.412	0.255	0.598	192	0.331072433602209
DMRTB1	0.587	0.597	0.788	342	0.312283473644991
DMRTA2	0.588	0.63	0.805	542	0.313163996290914
DMRTA1	0.296	0.05	0.494	504	0.303686359305235
SEC13	0.416	0.284	0.622	368	0.342293017140978
CLSPN	0.233	-0.228	0.352	1339	0.322693242526213
SEC14L1	0.373	0.22	0.581	719	0.328905935033626
TP53AIP1	0.267	-0.047	0.437	124	0.286669225196396
KIF13A	0.28	-0.023	0.455	1805	0.321780287451774
NEUROG2	0.583	0.662	0.82	272	0.303537449510321
NEUROD6	0.284	-0.012	0.459	337	0.326369651970437
PRDM16	0.6	0.631	0.806	1276	0.338488994330409
PRDM15	0.533	0.516	0.744	1507	0.336494810416971
PRDM14	0.376	0.199	0.579	571	0.322639035305653
FIGNL1	0.194	-0.364	0.276	674	0.318898199152412
SECTM1	0.47	0.434	0.699	248	0.338293033556089
ANO3	0.24	-0.132	0.389	981	0.326304994867053
TRAPPC2	0.22	-0.163	0.38	174	0.314257326776341
BLK	0.5	0.473	0.717	505	0.342194016144039
SEL1L	0.239	-0.166	0.381	794	0.33545104637907
MYO1G	0.566	0.566	0.765	1018	0.343660895797524
SELE	0.313	-0.012	0.472	610	0.352763706908376
SELL	0.289	-0.043	0.449	385	0.342579405124656
SELP	0.307	-0.003	0.474	830	0.342910853114
SELPLG	0.413	0.225	0.591	428	0.307720042509321
SEMA3F	0.517	0.486	0.726	785	0.331192417893268
SEMG1	0.186	-0.371	0.282	462	0.306324671374135
TSPYL2	0.433	0.312	0.633	693	0.333228613808287
RBM26	0.191	-0.383	0.263	1009	0.29795512457822
PRSS22	0.534	0.531	0.748	317	0.333985301860632
OXCT2	0.587	0.637	0.805	517	0.344576612672809
PERP	0.543	0.566	0.764	193	0.372856190391833
MMP27	0.243	-0.171	0.373	513	0.32138168947711
NPAS3	0.473	0.428	0.696	933	0.32277147553155
SEMG2	0.183	-0.39	0.273	582	0.306548772890014
CDH23	0.564	0.557	0.763	3354	0.346559995615583
C19orf33	0.596	0.588	0.79	106	0.34446223067779
LHPP	0.498	0.456	0.71	270	0.35922726943096
SLC28A3	0.283	0.01	0.468	691	0.326479102643548
RBKS	0.271	-0.07	0.433	322	0.345591508396512
PBLD	0.269	-0.052	0.436	288	0.312220273844096
GOLPH3	0.313	0.174	0.551	298	0.322727140518335
CLSTN2	0.436	0.34	0.649	955	0.345191341217982
MCCC2	0.243	-0.105	0.408	563	0.330312613071272
SNX16	0.167	-0.438	0.237	344	0.301470483245995
GAL3ST2	0.761	0.882	0.935	398	0.331353864552023
POPDC2	0.396	0.275	0.608	364	0.329316546807593
SAMSN1	0.233	-0.197	0.362	441	0.310765361541747
SMOC1	0.444	0.314	0.637	435	0.335277404926279
SMOC2	0.401	0.259	0.61	457	0.340251829367273
GFRA4	0.555	0.644	0.806	299	0.296063258939643
EPB41L4A	0.235	-0.193	0.365	686	0.315183097604839
PARVG	0.512	0.502	0.731	331	0.345633401533906
BLM	0.201	-0.307	0.306	1417	0.315666880858858
ELSPBP1	0.375	0.163	0.565	223	0.359472608805391
LRRC4	0.469	0.43	0.694	653	0.336250486738945
TNMD	0.253	-0.146	0.389	317	0.344673843439517
CENPK	0.155	-0.428	0.226	269	0.304822381292038
NPFFR1	0.655	0.75	0.865	430	0.322818949277359
RTP4	0.32	0.096	0.519	246	0.338041449848193
CRLF2	0.395	0.304	0.63	371	0.331943566649432
MAGEF1	0.425	0.331	0.636	307	0.325966037373344
NPVF	0.194	-0.291	0.305	196	0.313751589887556
MOAP1	0.238	-0.057	0.423	351	0.31636747283317
TMBIM1	0.475	0.398	0.678	311	0.350759618401644
VSIR	0.542	0.538	0.753	311	0.326980365829788
SLC39A8	0.255	-0.061	0.43	460	0.317573706874125
DUS1L	0.589	0.587	0.779	473	0.36310666994696
RRAGC	0.277	-0.027	0.454	399	0.325110330797189
FN3K	0.529	0.537	0.75	309	0.339125084192142
ADGRL4	0.189	-0.323	0.29	690	0.313264619343517
NOD2	0.436	0.38	0.663	1040	0.334068637675785
TINAGL1	0.507	0.453	0.707	467	0.335439305837745
LIN7B	0.52	0.553	0.759	207	0.324621381912089
XYLT1	0.526	0.505	0.736	959	0.328603805788442
XYLT2	0.552	0.543	0.755	865	0.324997290364957
ZNF674	0.233	-0.219	0.359	581	0.319193690332206
IFIH1	0.22	-0.216	0.35	1025	0.332475986842026
ABCG4	0.532	0.537	0.75	646	0.345513615122191
ACOT1	0.471	0.424	0.689	421	0.330585676864302
ACOT6	0.224	-0.253	0.337	207	0.326277133542789
SELENOP	0.204	-0.273	0.321	371	0.315749433938407
RBSN	0.379	0.224	0.583	784	0.329965871055588
POTEM	0.259	-0.08	0.427	508	0.341062333497957
PDF	0.636	0.734	0.856	243	0.303906605977469
KIF9	0.38	0.25	0.596	790	0.343749507532268
C17orf75	0.231	-0.178	0.371	396	0.324015760578336
SELENOW	0.436	0.368	0.667	86	0.409749408323903
NCAPG	0.176	-0.335	0.275	1015	0.324198740720341
MAP2K4	0.237	-0.172	0.376	410	0.310498502015339
TMEM91	0.422	0.348	0.651	172	0.320624985564755
HEPN1	0.247	-0.056	0.42	88	0.290185594307567
ERAP2	0.241	-0.139	0.388	960	0.320277822583099
NECAB1	0.258	-0.055	0.435	351	0.32607337601225
CARD9	0.706	0.788	0.884	536	0.344527551578659
ECSCR	0.388	0.215	0.584	205	0.299842029936395
OSGEPL1	0.151	-0.457	0.21	414	0.296781652903805
DPEP2	0.437	0.404	0.679	486	0.319293736307643
P3H1	0.431	0.341	0.649	804	0.340862088342322
SET	0.215	-0.318	0.31	290	0.320335942002774
DPEP3	0.437	0.388	0.667	513	0.307847428362831
EDDM3B	0.276	0.007	0.467	147	0.327955394652237
SETMAR	0.249	-0.133	0.397	684	0.329431894375272
BLMH	0.318	0.057	0.5	455	0.346352555800853
IRF2BPL	0.547	0.573	0.776	796	0.321492585859533
POPDC3	0.22	-0.155	0.373	291	0.305802828346306
SFPQ	0.278	-0.072	0.437	707	0.292947372580827
MMS19	0.364	0.212	0.573	1030	0.330667942543859
LHX5	0.665	0.738	0.861	402	0.328749867698314
DNAJC1	0.285	0.002	0.463	554	0.323703991982814
TFB2M	0.196	-0.225	0.332	396	0.294687103975923
SEMA4A	0.433	0.357	0.657	761	0.326311384530462
PJA1	0.316	0.006	0.477	643	0.313607611812172
SFRP1	0.66	0.711	0.847	314	0.384234952563403
STRA6	0.489	0.478	0.715	706	0.328687270942559
ROBO3	0.445	0.347	0.652	1386	0.304720699675268
TOR3A	0.485	0.478	0.715	397	0.327757581542782
MLST8	0.633	0.66	0.819	326	0.364713425505464
HERPUD2	0.21	-0.3	0.316	406	0.312499996063562
ATL2	0.2	-0.285	0.312	583	0.322192224103567
FAM110C	0.634	0.706	0.843	321	0.303675380434527
SFRP2	0.598	0.638	0.805	295	0.36926394333865
MS4A6A	0.264	-0.071	0.422	276	0.324939522955564
MS4A5	0.197	-0.276	0.304	200	0.307248327097329
PDLIM2	0.518	0.528	0.746	602	0.286943316564476
SFRP4	0.429	0.341	0.645	346	0.336033596193244
ABCG5	0.354	0.221	0.577	651	0.322474146029885
ABCG8	0.481	0.473	0.713	673	0.338761732848257
TRIM64B	0.285	0	0.465	449	0.321205663104188
MROH6	0.538	0.571	0.765	719	0.297413700000893
SFRP5	0.71	0.8	0.893	317	0.348950587035361
AGAP9	0.36	0.185	0.567	658	0.315794966777575
AKAIN1	0.359	0.2	0.573	76	0.35741214479684
SRSF1	0.294	0.003	0.463	248	0.283483145951848
TRIM49C	0.271	-0.027	0.446	452	0.328896064138018
UBTFL1	0.276	-0.08	0.431	393	0.346541707746011
RAD21L1	0.182	-0.345	0.275	556	0.316245380631412
SCX	0.732	0.842	0.915	201	0.299743175076114
SRSF2	0.52	0.508	0.731	221	0.258531933314342
NPIPA3	0.274	-0.046	0.436	350	0.303703244562077
NPIPA1	0.274	-0.046	0.436	350	0.302764717284235
NPIPA2	0.274	-0.046	0.436	350	0.302764717284235
SRSF3	0.208	-0.286	0.292	164	0.265710386597595
ZNF487	0.239	-0.121	0.4	208	0.341692784438443
TENT4B	0.288	0.038	0.491	698	0.301520622747341
ARHGEF28	0.277	-0.035	0.446	1731	0.317819182353145
RAB17	0.551	0.527	0.749	212	0.373331764996479
CPSF4L	0.459	0.411	0.69	179	0.374042990236806
RHBDF1	0.602	0.634	0.802	855	0.321734803240757
ZSCAN31	0.29	-0.002	0.465	406	0.331635822905912
SRSF4	0.353	0.15	0.541	494	0.282680503076884
INSYN2A	0.396	0.26	0.609	479	0.333706390288326
FAM163B	0.74	0.851	0.921	166	0.350092695754384
TMEM232	0.176	-0.359	0.27	657	0.326766906280308
CXCR5	0.613	0.672	0.821	372	0.342153410834503
SRSF5	0.205	-0.25	0.316	272	0.269758278001119
SMIM5	0.556	0.537	0.747	77	0.369223176330314
C11orf97	0.326	0.121	0.528	126	0.323720843320884
SRSF6	0.28	-0.02	0.444	344	0.268964484613588
ZC3H11B	0.24	-0.2	0.368	805	0.312555156142617
SMIM15	0.243	-0.162	0.377	74	0.368580347171978
FAM25A	0.433	0.275	0.621	89	0.372926614183188
NOC3L	0.19	-0.299	0.297	800	0.322800074260238
FBRS	0.483	0.405	0.685	980	0.294115558038986
SRSF7	0.188	-0.36	0.252	238	0.249421392672794
RNF25	0.359	0.148	0.547	459	0.321829836403207
SOX17	0.699	0.779	0.884	414	0.328590989635991
GRXCR2	0.346	0.122	0.533	248	0.348225499600583
TMEM72	0.553	0.547	0.757	275	0.343764096594879
NSD1	0.25	-0.167	0.383	2696	0.322191137829939
MAP1LC3B2	0.327	0.18	0.558	125	0.317921488498303
COP1	0.271	-0.062	0.438	731	0.326412272935454
LMBR1	0.205	-0.161	0.361	490	0.319748034173007
XPO4	0.2	-0.216	0.342	1151	0.314338162814411
SFSWAP	0.374	0.188	0.573	1003	0.318053088432898
CT47B1	0.525	0.501	0.741	299	0.341870393010554
NFKBIZ	0.328	0.101	0.525	718	0.338548251226583
ARHGAP9	0.402	0.303	0.623	821	0.294142961005458
C15orf62	0.501	0.471	0.713	175	0.293943571755181
BTBD18	0.304	0.009	0.472	712	0.310307519696509
TMEM253	0.343	0.187	0.56	217	0.314590669367148
SPINK9	0.188	-0.419	0.256	86	0.319754801937024
TRA2B	0.227	-0.227	0.332	288	0.269089892776719
LIPK	0.214	-0.262	0.324	399	0.341239297689542
LIPN	0.217	-0.239	0.338	398	0.313397361135724
HS1BP3	0.467	0.404	0.684	392	0.33060862823011
AZI2	0.197	-0.32	0.294	392	0.317389036771421
HIF3A	0.515	0.483	0.722	669	0.309922879866396
NXN	0.575	0.643	0.808	435	0.335728035287867
RNF224	0.542	0.558	0.763	156	0.314083337569203
ZNF862	0.46	0.393	0.673	1169	0.335760691072763
SLC35G6	0.442	0.395	0.673	338	0.330180215648244
CCER2	0.551	0.547	0.758	266	0.330031289636805
CCDC168	0.183	-0.37	0.272	7081	0.306566279712002
GOLGA8N	0.327	0.1	0.519	632	0.339398893935039
GOLGA6L10	0.376	0.199	0.563	574	0.321915987434988
GOLGA6L4	0.376	0.199	0.563	574	0.321915987434988
SIL1	0.504	0.474	0.717	461	0.350922512420264
IKZF4	0.433	0.327	0.643	585	0.31417591995331
IKZF5	0.247	-0.195	0.372	419	0.313233499567207
CHST8	0.622	0.673	0.822	424	0.315918079456506
KRTAP24-1	0.297	0.027	0.49	254	0.310363711796016
KRTAP27-1	0.276	-0.136	0.412	207	0.323466498410834
PGA3	0.58	0.572	0.773	388	0.351799835252629
ZFP62	0.287	-0.071	0.437	900	0.334533907694118
HEIH	0.287	-0.071	0.437	900	0.334533907694118
PGA4	0.582	0.577	0.775	388	0.350991642065486
TMPPE	0.425	0.348	0.646	453	0.337520026191629
CTAGE9	0.186	-0.381	0.262	777	0.309850763785567
MMP25	0.601	0.621	0.797	562	0.310728856223324
CBLN3	0.439	0.378	0.668	205	0.309986453123537
GREM2	0.786	0.896	0.945	168	0.376954259535258
SFTPB	0.528	0.527	0.745	393	0.346217490564071
RNF222	0.722	0.776	0.879	220	0.319028616468538
ZMAT3	0.307	-0.013	0.468	289	0.347221973368764
GMCL1	0.217	-0.186	0.362	515	0.322530673111589
TMEM88B	0.616	0.737	0.855	163	0.277203958686987
ZNF106	0.227	-0.23	0.348	1883	0.308001752031234
PALS1	0.2	-0.279	0.312	675	0.320405597039365
FNDC10	0.844	0.966	0.982	226	0.316587035451835
HHIP	0.26	-0.059	0.43	700	0.318974619459329
BLVRA	0.336	0.138	0.537	296	0.344394749259707
SFTPC	0.529	0.522	0.745	197	0.3492460595911
AKTIP	0.232	-0.247	0.344	293	0.308190115954736
ZNG1F	0.197	-0.228	0.338	395	0.316129875974859
CDH24	0.503	0.462	0.714	819	0.326519631057737
C18orf63	0.191	-0.315	0.296	685	0.319266992075343
CDH22	0.645	0.704	0.842	828	0.325273806659007
FAM25C	0.457	0.319	0.644	89	0.371004364777763
RGS18	0.183	-0.369	0.268	235	0.302758505197216
GSG1L2	0.431	0.35	0.652	293	0.337870901881683
GALNT17	0.457	0.431	0.692	598	0.347992474319617
SDHAF1	0.654	0.726	0.85	115	0.281433986288679
SFTPD	0.323	0.038	0.499	375	0.327137462716504
KLHL25	0.61	0.652	0.814	589	0.337635649620063
ARL14EPL	0.306	-0.004	0.469	152	0.362886546121444
ARAP3	0.432	0.332	0.64	1544	0.309045330195822
GZF1	0.395	0.23	0.595	711	0.33873827785192
PIRT	0.526	0.57	0.766	137	0.326258971164538
EXOC1L	0.245	-0.128	0.398	172	0.357863798417192
WIPF3	0.376	0.156	0.556	483	0.279229096924131
DRGX	0.445	0.361	0.664	263	0.32382332001847
TMEM267	0.181	-0.276	0.307	215	0.290716018763037
TMEM168	0.178	-0.309	0.284	697	0.29981353411061
SYCE3	0.451	0.371	0.662	88	0.362026651357583
MTMR14	0.425	0.332	0.642	650	0.322616670174756
SGCA	0.498	0.469	0.714	387	0.308402129433555
SUSD1	0.286	-0.022	0.454	757	0.315776127610555
DCLRE1C	0.227	-0.181	0.37	692	0.30355125724577
ATG3	0.212	-0.324	0.301	314	0.329887949645635
INF2	0.601	0.61	0.791	1249	0.331776389170567
POLR1E	0.304	0.052	0.488	419	0.331812189272478
SUDS3	0.339	0.104	0.519	328	0.348069652295536
TTC31	0.379	0.226	0.583	519	0.316140118019551
CIAO3	0.527	0.521	0.745	476	0.335679230057807
ZDHHC6	0.201	-0.246	0.33	413	0.31662285989554
SGCB	0.239	-0.127	0.397	318	0.319418368243724
PCNX4	0.172	-0.335	0.276	1172	0.301624417867897
ACTR6	0.179	-0.403	0.251	396	0.328359047059545
MRPS25	0.518	0.484	0.726	173	0.385142594455488
NOM1	0.351	0.222	0.581	860	0.323789548360578
ZCCHC18	0.302	0.021	0.472	403	0.327800709832833
SGCD	0.261	-0.038	0.441	290	0.327617774909022
DEFB131A	0.25	-0.167	0.373	70	0.365300009429722
DNAI2	0.532	0.509	0.739	605	0.358718078361889
SGCG	0.247	-0.049	0.436	291	0.32142106488328
NKX2-4	0.736	0.836	0.914	354	0.32037603674765
SMIM10	0.59	0.681	0.825	83	0.330623241056016
PPIAL4G	0.37	0.117	0.535	164	0.355808156692007
SMIM10L2B	0.61	0.778	0.878	78	0.303638419975431
SGK1	0.341	0.113	0.528	526	0.346104403251876
CLDN25	0.343	0.238	0.582	229	0.311003703309882
SCG5	0.281	-0.087	0.424	212	0.309329839976419
CSMD1	0.323	0.089	0.518	3564	0.320510214145239
SGSH	0.63	0.707	0.843	502	0.323092571666201
FAM83G	0.553	0.533	0.752	823	0.327151701963633
PHGR1	0.417	0.16	0.58	82	0.266016392758323
MEIG1	0.206	-0.346	0.298	88	0.348650788667523
SGTA	0.579	0.602	0.789	313	0.37346203348649
RASSF10	0.545	0.609	0.788	507	0.309921925968594
SMIM23	0.37	0.266	0.601	172	0.329105939107977
BLVRB	0.532	0.507	0.739	206	0.326970867454048
SH3BGR	0.27	-0.128	0.408	239	0.34572128332305
EVPLL	0.56	0.54	0.753	301	0.340512961787682
GAGE13	0.257	-0.267	0.351	117	0.316798873072472
CPEB1	0.322	0.073	0.505	561	0.305450585325705
GAGE12G	0.255	-0.284	0.342	117	0.316014587588801
SH3BGRL	0.232	-0.251	0.342	114	0.353767396767604
CLRN2	0.424	0.404	0.677	232	0.356560702794112
CCNI2	0.446	0.396	0.674	385	0.31906616468817
PPIAL4D	0.357	0.091	0.519	164	0.34833093087978
TEKT3	0.328	0.12	0.526	490	0.326592356053982
LINGO3	0.801	0.925	0.959	592	0.319073653745005
SH3BP2	0.556	0.524	0.749	618	0.311836291177006
ITSN1	0.278	-0.013	0.458	1721	0.326923737382378
PRAMEF25	0.367	0.264	0.595	478	0.328096268399429
PRAMEF26	0.367	0.264	0.595	478	0.328096268399429
TMEM200C	0.607	0.668	0.823	621	0.302629304931829
PRAMEF33	0.374	0.249	0.588	474	0.319762817044323
USP17L4	0.329	0.12	0.532	530	0.34299771835615
PRAMEF20	0.367	0.285	0.606	475	0.32735732608743
TMEM191C	0.589	0.678	0.822	347	0.307260688356068
ARRDC5	0.447	0.406	0.685	342	0.335255983948308
SH3GL1	0.682	0.733	0.858	368	0.357347299097281
SH3GL2	0.295	0.003	0.467	352	0.339027380907294
SH3GL3	0.226	-0.144	0.388	355	0.323578962280561
MT1HL1	0.669	0.639	0.817	61	0.509264519832754
ALDH8A1	0.378	0.239	0.594	487	0.33169354342575
NDST4	0.234	-0.145	0.383	872	0.318813763489859
CLEC7A	0.199	-0.283	0.316	247	0.300418315885709
GPR135	0.623	0.733	0.856	494	0.317497773351288
SEBOX	0.376	0.195	0.575	190	0.303074455469614
USP17L3	0.333	0.128	0.536	530	0.341212951508616
MAGEB17	0.399	0.264	0.607	336	0.330485523107538
TSPY2	0.467	0.382	0.67	308	0.34598851440385
PABPC1L2B	0.578	0.594	0.782	200	0.36427898045282
MOSPD3	0.441	0.398	0.674	235	0.300866294027802
GIGYF1	0.513	0.483	0.723	1035	0.323260460507879
BNC1	0.343	0.129	0.537	994	0.318743671744713
PLA2G2F	0.538	0.501	0.739	211	0.369789475460799
SLC35G4	0.434	0.379	0.663	338	0.321590520730305
VPS16	0.442	0.359	0.654	839	0.345666448598391
CBY3	0.605	0.675	0.824	242	0.298852274017988
SHB	0.55	0.567	0.771	509	0.32417732149688
C16orf90	0.481	0.402	0.678	182	0.307952338336382
SHBG	0.373	0.264	0.599	402	0.303603229288405
SHC1	0.407	0.277	0.615	584	0.314843593910561
EBF2	0.328	0.121	0.534	575	0.320636979910771
SPINK8	0.254	-0.048	0.44	97	0.345071648260374
MFSD14A	0.206	-0.2	0.353	490	0.295596691800433
C19orf67	0.484	0.449	0.704	358	0.320849274255309
SPANXD	0.336	0.146	0.549	97	0.315155588712983
FABP12	0.284	-0.033	0.452	140	0.312849918151808
C3orf84	0.429	0.349	0.653	204	0.327397215436539
CSRNP1	0.442	0.294	0.625	589	0.31743376119934
C4orf51	0.246	-0.235	0.351	202	0.300564403286047
URAD	0.551	0.591	0.776	173	0.31791280660968
LYPD8	0.331	0.098	0.528	237	0.348933106499035
SPANXC	0.343	0.167	0.56	97	0.315569130174461
SBK2	0.67	0.76	0.87	348	0.326116688915476
SYNDIG1L	0.513	0.48	0.724	238	0.331255571761431
TRIM64C	0.285	-0.015	0.459	450	0.322175563799383
ZAR1L	0.43	0.288	0.623	321	0.342274129981148
FBXW4	0.471	0.459	0.707	412	0.319301185787725
SETSIP	0.215	-0.336	0.302	302	0.322720266935832
ANAPC1	0.22	-0.199	0.356	1944	0.310897128341535
RNF225	0.633	0.72	0.85	329	0.274117552161381
ZNF723	0.213	-0.317	0.311	513	0.338134173957655
GORASP1	0.449	0.303	0.634	440	0.317590439860897
SH2D7	0.44	0.31	0.631	451	0.318627881893585
SHH	0.613	0.694	0.836	462	0.319227970942236
CTAGE1	0.169	-0.436	0.233	745	0.310206577847386
PRSS56	0.57	0.616	0.792	603	0.31035379838616
HRCT1	0.532	0.51	0.732	115	0.273527671647609
TMPRSS3	0.404	0.298	0.625	454	0.34049136582909
SHMT1	0.419	0.305	0.628	483	0.355617751944803
C6orf132	0.446	0.3	0.632	1188	0.298816807585908
GOLGA6L10	0.365	0.168	0.548	522	0.321027248828961
SPATA31A1	0.301	0.02	0.479	1361	0.309842047330418
COPS7B	0.324	0.142	0.531	278	0.337871467695932
STMP1	0.28	-0.076	0.422	47	0.388323960194211
NUCKS1	0.258	-0.243	0.363	243	0.320380033186715
HS3ST6	0.752	0.849	0.919	342	0.316382529754195
SRGAP2B	0.425	0.343	0.65	459	0.366959404059428
PDIA2	0.557	0.557	0.764	525	0.341445597073564
C13orf42	0.447	0.355	0.656	325	0.324615722352481
SERPINE3	0.35	0.157	0.549	424	0.317445847965908
UNKL	0.634	0.656	0.816	277	0.32969922595635
SHMT2	0.437	0.356	0.652	504	0.342189380772602
ASCL5	0.697	0.767	0.876	206	0.32347370581065
RD3L	0.245	-0.101	0.413	198	0.313857295060349
SHOX	0.563	0.624	0.8	292	0.33913429495966
GMNC	0.271	-0.082	0.431	334	0.33060187767552
TEX22	0.622	0.666	0.819	150	0.294942378387313
SHOX2	0.419	0.342	0.651	355	0.311523941898483
WDR13	0.513	0.496	0.729	485	0.321289474350204
SMAP2	0.3	-0.033	0.46	429	0.346809189731819
METTL17	0.292	0.026	0.478	478	0.3043539958361
ACBD3	0.3	0.025	0.483	528	0.330783275703906
MFSD1	0.24	-0.074	0.419	514	0.32145153469092
PLPPR2	0.541	0.543	0.755	427	0.304120901030311
SMURF2	0.21	-0.236	0.335	748	0.31163715849708
CCDC136	0.406	0.312	0.633	1154	0.35674005399162
SMYD3	0.329	0.142	0.537	428	0.341794994322135
RUSF1	0.45	0.433	0.696	468	0.325120287634309
ATPAF1	0.352	0.166	0.556	351	0.3385927572609
MTARC1	0.419	0.345	0.645	337	0.31242712106613
ANHX	0.491	0.427	0.694	379	0.328079672159061
TNS3	0.449	0.357	0.661	1445	0.320715379689968
SI	0.184	-0.384	0.263	1827	0.30917545777642
FHIP2B	0.557	0.555	0.761	743	0.339468183430321
PARP12	0.439	0.347	0.654	701	0.344176959326782
GAREM1	0.355	0.145	0.546	876	0.319934063849968
ZNF574	0.456	0.342	0.649	986	0.318481881253742
CREB3L2	0.43	0.325	0.64	520	0.319863945265856
S100PBP	0.231	-0.194	0.368	408	0.300431307867987
IPPK	0.382	0.275	0.612	491	0.339929263590449
MEAF6	0.347	0.101	0.526	201	0.334500900208298
SIAH1	0.237	-0.197	0.361	313	0.314526029631553
CCDC14	0.197	-0.301	0.302	912	0.312740703100262
ILRUN	0.342	0.143	0.552	298	0.333754882526276
ENGASE	0.491	0.466	0.712	743	0.322643967756093
PCED1A	0.453	0.378	0.667	454	0.309983181413664
CFAP68	0.316	-0.052	0.45	150	0.339481117438471
RMND5B	0.517	0.509	0.734	393	0.354120260577375
FNDC3B	0.272	-0.073	0.432	1204	0.313371250245643
MTHFSD	0.383	0.27	0.608	383	0.31616132447921
SIAH2	0.468	0.413	0.69	324	0.33997479975535
MICAL1	0.475	0.399	0.678	1086	0.334272944178042
CERK	0.433	0.375	0.667	537	0.327575167585003
AEN	0.512	0.467	0.715	325	0.333237514250446
RBM15	0.315	0.069	0.497	977	0.289657347709984
CRTC3	0.367	0.183	0.566	619	0.303420632354176
GINS3	0.377	0.216	0.579	255	0.331268115025357
TBC1D15	0.175	-0.348	0.275	691	0.30689956990899
EPS8L2	0.663	0.715	0.848	715	0.342002911496661
LMF1	0.608	0.666	0.818	567	0.323619079184569
EXO5	0.279	0.003	0.465	373	0.324263256032675
IFT22	0.358	0.162	0.555	185	0.335346007510081
CEP85	0.326	0.087	0.511	762	0.328482032724397
DDX31	0.306	0.085	0.51	851	0.304848759675859
RMND5A	0.257	-0.039	0.44	391	0.33474647972871
DEPTOR	0.394	0.274	0.612	409	0.317035960936315
IQCH	0.254	-0.049	0.433	1027	0.314272792355681
BMI1	0.213	-0.263	0.324	326	0.308706032982565
ST6GAL1	0.399	0.257	0.605	406	0.349571035713172
EFCAB6	0.282	-0.006	0.459	1501	0.324506812310108
ARV1	0.277	0.022	0.469	271	0.369288751013632
NMNAT1	0.282	-0.044	0.44	279	0.345821558607557
P2RY12	0.267	-0.032	0.439	342	0.325279315477615
IL25	0.466	0.432	0.692	177	0.310153859697653
CYP3A43	0.238	-0.115	0.398	504	0.327565599856111
ST3GAL1	0.569	0.592	0.781	340	0.344748358265682
ST3GAL2	0.641	0.68	0.83	350	0.35480734515293
ELOVL1	0.429	0.382	0.667	279	0.343951388497047
KLC2	0.531	0.504	0.734	622	0.343819670646343
FNDC4	0.426	0.337	0.645	234	0.321940606484024
FBXL17	0.398	0.307	0.629	701	0.333548481974659
ST3GAL4	0.504	0.499	0.729	333	0.353807904547046
PORCN	0.488	0.508	0.733	461	0.322067031389328
GNPNAT1	0.171	-0.426	0.242	184	0.310736708157592
ISL2	0.691	0.774	0.879	359	0.343230657738811
MARCHF7	0.163	-0.479	0.208	704	0.276188620193026
SPATA20	0.512	0.48	0.722	802	0.332092470795009
YTHDC2	0.182	-0.368	0.264	1430	0.304139723617158
SLC13A3	0.493	0.495	0.725	602	0.33010971730122
ETNPPL	0.249	-0.143	0.393	499	0.335070509406093
TUT1	0.372	0.236	0.591	912	0.305995961727275
AIDA	0.201	-0.267	0.32	306	0.321752910413905
USP46	0.288	-0.01	0.461	366	0.360245324710727
NIBAN2	0.655	0.708	0.844	746	0.354546515169574
VWA1	0.632	0.691	0.834	445	0.306612297421753
PLEKHG2	0.389	0.228	0.587	1386	0.303750143212119
DCLRE1B	0.319	0.097	0.514	532	0.306566951690495
NABP1	0.215	-0.261	0.327	204	0.302667725872054
ARMCX5	0.224	-0.209	0.357	558	0.319384518391563
METTL4	0.188	-0.336	0.286	472	0.324553808348827
CDCP1	0.442	0.365	0.661	836	0.326635432277746
ST3GAL3	0.376	0.22	0.581	449	0.327795153694765
PPP1R3G	0.647	0.728	0.856	358	0.325982114268842
PCDH20	0.283	0.006	0.466	951	0.319823247815511
ST8SIA1	0.345	0.152	0.547	356	0.328500374269401
PAPOLG	0.181	-0.368	0.266	736	0.297435940674094
C12orf43	0.391	0.234	0.598	293	0.323549922587529
BMP1	0.582	0.582	0.779	986	0.349336079086291
PMEL	0.338	0.11	0.526	668	0.311576056700521
LPIN3	0.482	0.415	0.688	852	0.323072477675455
RANBP17	0.213	-0.159	0.371	1088	0.319631835270453
AGXT2	0.284	-0.017	0.457	514	0.321397219136464
STIL	0.199	-0.33	0.294	1288	0.31341043382255
ZSCAN5C	0.386	0.218	0.587	496	0.326758004785745
BCL11B	0.694	0.786	0.886	894	0.319235899827545
SIM1	0.383	0.227	0.589	766	0.316082865307899
CASD1	0.19	-0.287	0.303	797	0.32657488532879
LRRC19	0.171	-0.336	0.276	370	0.311061125601394
PNMA6E	0.483	0.407	0.683	369	0.333782851059864
SLC30A5	0.192	-0.282	0.308	765	0.30450722565534
CCDC71	0.366	0.162	0.553	467	0.326789333622195
RASAL3	0.506	0.485	0.721	1011	0.298059000340333
TTC23	0.272	-0.011	0.459	447	0.323885046022977
MRPL14	0.479	0.439	0.7	145	0.347162464917516
SIM2	0.531	0.531	0.75	667	0.326950764156508
HNRNPCL3	0.312	0.019	0.486	293	0.356531238169362
SIPA1	0.586	0.587	0.778	1042	0.306780748867562
NT5DC2	0.593	0.637	0.803	557	0.334583672332854
CENPH	0.213	-0.119	0.392	247	0.340899566456564
MRPS26	0.666	0.722	0.848	205	0.33048459526413
SIX1	0.56	0.591	0.782	284	0.329123540319498
MRPS24	0.475	0.457	0.708	167	0.333450551356055
SIX3	0.629	0.709	0.845	332	0.309901553473651
MRPS15	0.343	0.186	0.556	257	0.332474990662451
MRPS11	0.426	0.282	0.617	194	0.341338303799897
MRPS9	0.219	-0.178	0.365	396	0.306664685834427
MRPS6	0.27	-0.015	0.446	125	0.327838997117572
MRPS5	0.286	0.01	0.467	430	0.319076074515479
SKI	0.702	0.78	0.883	728	0.335582351713841
MRPL41	0.696	0.773	0.879	137	0.328986712491697
MRPL40	0.332	0.117	0.518	206	0.333034797091495
MRPL38	0.538	0.523	0.743	380	0.320228749226778
MRPL36	0.364	0.225	0.576	103	0.308160453682072
SKIL	0.189	-0.308	0.304	684	0.321030848845429
MRPL34	0.539	0.597	0.779	92	0.304814753883494
MRPL32	0.295	0.043	0.486	188	0.31812169619514
SKIC2	0.419	0.322	0.634	1246	0.317908686473025
BMP2	0.327	0.135	0.536	396	0.310540834996797
SKP1	0.242	-0.2	0.365	163	0.348764469007191
MRPL11	0.405	0.279	0.611	192	0.361203408497387
MRPL9	0.359	0.278	0.611	267	0.322859103871463
MRPL1	0.177	-0.395	0.253	325	0.319822730517828
NDRG4	0.584	0.609	0.792	391	0.350766392976864
SLC26A6	0.483	0.481	0.72	759	0.339790343029251
PINK1	0.452	0.418	0.684	581	0.327392046935213
SKP2	0.286	0.077	0.498	424	0.301099521473723
SLA	0.406	0.281	0.613	316	0.312677953367052
SLAMF1	0.341	0.196	0.563	357	0.318050724395965
SLC1A1	0.32	0.112	0.52	524	0.337342300101005
REEP1	0.345	0.122	0.535	208	0.323094412256302
GPBP1	0.208	-0.354	0.289	493	0.310766334774371
ACD	0.419	0.334	0.644	544	0.290609013028115
RAPH1	0.28	-0.107	0.42	1250	0.303690692196757
SLC1A2	0.334	0.173	0.552	574	0.3385714414901
CDK15	0.3	0.017	0.473	429	0.318086717377056
TMEM237	0.218	-0.234	0.335	408	0.312968360983233
NBEAL1	0.191	-0.294	0.301	2694	0.313987892296201
SLC1A3	0.32	0.133	0.53	542	0.34147247830071
RTN4R	0.563	0.553	0.758	473	0.318449874621456
SLC4A3	0.515	0.502	0.731	1259	0.311539317855175
MRPL44	0.237	-0.087	0.414	332	0.320184068002164
VPS33A	0.291	0.061	0.491	596	0.325175448371503
NOL6	0.427	0.346	0.646	1146	0.313383604439956
TMEM135	0.234	-0.155	0.374	458	0.318737721420682
SLC1A4	0.434	0.398	0.675	532	0.33258430838166
JMJD4	0.528	0.537	0.753	463	0.324379938554921
KRI1	0.529	0.498	0.734	709	0.353027554879827
BMP3	0.316	0.074	0.502	472	0.326781177322723
SLC1A5	0.521	0.565	0.764	541	0.332692829366227
MARCKSL1	0.489	0.359	0.675	195	0.355294414397486
UPF3B	0.225	-0.222	0.343	483	0.320857473734658
SLC1A6	0.526	0.555	0.757	564	0.330386283461099
UPF3A	0.317	0.076	0.503	476	0.321050485455295
RSRC2	0.183	-0.394	0.248	434	0.286733398419405
SLC1A7	0.569	0.596	0.781	619	0.335833754805185
PRAMEF1	0.352	0.253	0.586	474	0.321500975498761
PRAMEF2	0.357	0.261	0.592	474	0.323017888061136
INTS3	0.383	0.257	0.598	1042	0.329719813503604
SOWAHC	0.578	0.615	0.795	525	0.310940955633289
WNK1	0.25	-0.166	0.389	2634	0.295851389219588
SLC2A1	0.572	0.594	0.78	492	0.345777234447141
SLC2A2	0.24	-0.131	0.39	524	0.321967591011244
SLC2A3	0.321	0.133	0.532	496	0.328717347042994
SLC2A4	0.457	0.451	0.7	509	0.332669949401554
ANKRD33B	0.635	0.711	0.846	494	0.314339283370912
SLC2A5	0.479	0.5	0.728	501	0.347832606676336
SLC3A1	0.271	-0.025	0.451	685	0.319550057062291
BMP4	0.409	0.327	0.637	408	0.313391747555917
SLC3A2	0.414	0.341	0.646	631	0.326175635394871
SLC4A1	0.525	0.532	0.745	911	0.327168549431962
PCDH15	0.221	-0.252	0.331	1962	0.309778223705752
SLC4A2	0.549	0.556	0.76	1241	0.323902084413519
NADK	0.486	0.458	0.713	591	0.334325966956369
SLC5A1	0.393	0.294	0.616	664	0.338897338526184
SLC5A2	0.563	0.618	0.793	672	0.329971962581638
ZFP69B	0.242	-0.162	0.381	534	0.317474764525132
SPATS2	0.257	-0.137	0.403	545	0.321139560037013
ZSWIM4	0.62	0.676	0.824	989	0.328648951428489
SMTN	0.496	0.434	0.698	1002	0.307846920605075
CPLANE1	0.18	-0.372	0.265	3197	0.307786535953091
ZNF649	0.275	-0.073	0.434	505	0.33329254917239
MPPE1	0.316	0.113	0.521	396	0.317926861672888
SLC5A3	0.274	0	0.458	718	0.33250318727039
COA7	0.405	0.223	0.595	231	0.386029869094167
PYCR3	0.552	0.55	0.759	286	0.332615190126416
UBE2Z	0.401	0.276	0.617	354	0.305823324592688
C8orf33	0.346	0.13	0.536	229	0.331262854540865
WNK4	0.437	0.332	0.644	1243	0.299649684538339
WNK3	0.209	-0.295	0.318	1800	0.314086420869914
WNK2	0.537	0.503	0.738	2297	0.317848444023887
SLC5A4	0.327	0.154	0.542	659	0.328055749927241
SLC5A5	0.525	0.553	0.758	643	0.330852288967074
SLC6A1	0.556	0.573	0.771	599	0.358113041920179
CASTOR1	0.56	0.56	0.763	329	0.32204724086793
SKOR2	0.546	0.577	0.778	1015	0.318772599000509
BMP5	0.234	-0.155	0.381	454	0.314214795497188
SLC6A2	0.504	0.514	0.738	628	0.348096370877791
XAGE1B	0.359	0.235	0.59	81	0.34348677558871
GOLGA8J	0.337	0.119	0.531	632	0.34200186450247
GOLGA8T	0.335	0.112	0.527	631	0.342072490359686
ZDHHC11B	0.458	0.419	0.688	371	0.347508166598318
SLC6A3	0.597	0.675	0.825	620	0.3451614693067
ZBTB8A	0.224	-0.253	0.336	441	0.308807081316984
GOLGA8T	0.333	0.111	0.526	630	0.341689580594322
GOLGA8K	0.333	0.111	0.526	630	0.341689580594322
FAM228A	0.248	-0.103	0.413	206	0.315097982039475
ANXA8	0.481	0.445	0.703	365	0.350862251011209
NBPF6	0.331	0.111	0.527	638	0.330488107506098
SLC6A4	0.413	0.32	0.634	630	0.342670611053532
XAGE1A	0.359	0.235	0.59	81	0.34348677558871
KRTAP4-11	0.654	0.632	0.808	195	0.399010481126163
PRB1	0.247	-0.363	0.306	416	0.289792157912997
PRB2	0.247	-0.363	0.306	416	0.289792157912997
POTEI	0.337	0.13	0.537	1075	0.346793708823742
CFC1B	0.495	0.523	0.742	223	0.295968005588126
CT47A7	0.509	0.49	0.734	288	0.33267931816315
SLC6A6	0.441	0.378	0.664	721	0.337240688804895
ASAH2B	0.233	-0.172	0.371	165	0.302249615667163
FAM153CP	0.334	0.089	0.519	144	0.308143693332517
MATCAP1	0.559	0.542	0.752	471	0.322338975306236
FAM86B2	0.434	0.396	0.673	330	0.313955637730633
NCF1	0.593	0.637	0.805	390	0.32528815399081
SLC6A7	0.575	0.621	0.794	636	0.34816272246183
FOXD4L6	0.483	0.474	0.716	417	0.298506666802685
SPAG11A	0.29	0.106	0.509	108	0.297988631633008
FOXD4L5	0.483	0.468	0.713	416	0.300915215245235
AQP12B	0.591	0.661	0.818	307	0.331506990662057
SRGAP2C	0.42	0.33	0.645	459	0.369018978830505
SCGB1C2	0.524	0.545	0.756	95	0.357032260508304
RGPD3	0.181	-0.386	0.263	1758	0.313150917078625
LGALS7B	0.661	0.736	0.858	136	0.327750173823233
LGALS7	0.661	0.736	0.858	136	0.327750173823233
SLC6A8	0.617	0.662	0.819	635	0.364121783647102
PPIAL4A	0.357	0.109	0.528	164	0.34975984000392
SFTPA1	0.362	0.102	0.526	263	0.323906416499619
GPR89A	0.258	-0.015	0.444	455	0.316512742505835
TP53TG3C	0.28	-0.078	0.43	124	0.277521760907314
TMEM236	0.27	0.036	0.473	351	0.308930744391715
PHLDB3	0.503	0.489	0.724	640	0.323568809841525
PPIAL4C	0.368	0.119	0.535	164	0.350594822429065
SLC6A9	0.557	0.588	0.778	706	0.351280230128707
H3C13	0.749	0.821	0.902	136	0.34619515278807
PRAMEF15	0.36	0.245	0.584	478	0.331962627136685
GOLGA6C	0.39	0.263	0.606	693	0.341497739102499
GOLGA6D	0.388	0.257	0.603	693	0.342983675030116
MBD3L4	0.35	0.187	0.555	208	0.304667765664984
MBD3L3	0.352	0.186	0.555	208	0.303487330719778
GSTT2B	0.484	0.452	0.701	244	0.344676467110652
GOLGA8M	0.326	0.093	0.518	632	0.341930350681403
POTEJ	0.329	0.112	0.527	1038	0.346222610407607
MZT2A	0.625	0.706	0.843	158	0.320600985733346
SLC6A11	0.503	0.489	0.725	632	0.356743465606596
ZG16	0.393	0.267	0.607	167	0.33066458109447
FAM72B	0.268	-0.076	0.424	149	0.351280571384969
ACTR3C	0.283	-0.023	0.454	210	0.325791177935358
SLC6A12	0.496	0.496	0.729	614	0.347655710708616
BMP6	0.484	0.473	0.72	513	0.33039812357975
SLC6A13	0.504	0.491	0.726	602	0.353574950883731
SLC7A1	0.409	0.357	0.653	629	0.341372329109332
SLC7A2	0.263	-0.028	0.447	698	0.322307820174491
OCM	0.351	0.145	0.552	109	0.341843339452665
ZNF732	0.228	-0.283	0.326	585	0.334097903844245
SLC8A2	0.654	0.731	0.856	921	0.342338116380752
LGALS9C	0.509	0.429	0.699	356	0.346612630904395
NME1-NME2	0.415	0.32	0.636	267	0.350298214066904
LRTM2	0.584	0.609	0.787	370	0.339821058046747
FER1L6	0.349	0.136	0.54	1857	0.345142189473567
BOLA2B	0.431	0.381	0.667	152	0.318895692998366
SLC7A4	0.53	0.544	0.753	635	0.333012551793269
IQCJ	0.31	0.092	0.506	159	0.320153961899768
SLC8A1	0.277	-0.041	0.444	973	0.332474947977805
SLC8A3	0.37	0.22	0.583	927	0.330613811980238
PCP4L1	0.356	0.057	0.507	68	0.362587723475699
SLC9A1	0.59	0.633	0.801	815	0.338418535017748
SLC9A2	0.315	0.102	0.513	812	0.318362315182961
BMP7	0.646	0.716	0.848	431	0.343933369545081
SLC9A3	0.67	0.768	0.875	834	0.338171196996607
SLC9A5	0.488	0.443	0.7	896	0.330926684149175
SLC10A1	0.418	0.351	0.647	349	0.349295766610329
SLC10A2	0.304	0.112	0.521	348	0.327710942179639
SLC11A1	0.539	0.583	0.773	550	0.335864994838986
SLC12A1	0.253	-0.077	0.422	1099	0.337007536200969
SLC12A2	0.232	-0.14	0.39	1212	0.314145612330024
SLC12A3	0.561	0.586	0.777	1030	0.353715514240367
BMP8B	0.604	0.651	0.811	402	0.314676710082663
SLC12A4	0.535	0.546	0.755	1087	0.340094083412514
SLC13A1	0.22	-0.189	0.359	595	0.312665440006753
SLC14A1	0.302	0.095	0.511	445	0.31801164683773
SLC15A1	0.324	0.076	0.507	708	0.352240004154026
SLC15A2	0.273	-0.056	0.432	729	0.332609714719366
SLC16A1	0.243	-0.127	0.398	500	0.318836355978243
SLC16A2	0.477	0.448	0.703	539	0.327873956807093
SLC17A1	0.231	-0.139	0.383	467	0.308121734881919
SLC34A1	0.569	0.604	0.785	639	0.32824387210214
BMPR1A	0.239	-0.135	0.388	532	0.333336846608758
SLC18A1	0.356	0.198	0.569	525	0.328077138533481
SLC18A2	0.346	0.183	0.557	514	0.331717751209261
SLC18A3	0.576	0.636	0.803	532	0.321956568121883
SLC19A1	0.644	0.732	0.855	591	0.333254445830465
SLC20A1	0.265	-0.046	0.439	679	0.320978425384443
SLC20A2	0.389	0.286	0.618	652	0.326943870439168
SLC25A1	0.62	0.691	0.834	311	0.346248513629836
SLCO2A1	0.46	0.422	0.687	643	0.341756134974019
SLCO1A2	0.179	-0.337	0.278	670	0.318149058938212
BMPR1B	0.242	-0.129	0.39	532	0.318216071381761
SLC22A1	0.447	0.44	0.695	554	0.331851972873976
SLC22A3	0.335	0.202	0.564	556	0.308665809617333
SLC22A2	0.338	0.186	0.556	555	0.328086986435105
SLC22A4	0.39	0.314	0.625	551	0.322931933294494
SLC22A5	0.437	0.396	0.672	581	0.32058927873
SLIT1	0.549	0.545	0.757	1534	0.362894162427763
SLIT3	0.545	0.545	0.756	1530	0.359409129447112
SLN	0.293	0.25	0.571	31	0.333769267876436
BMPR2	0.233	-0.202	0.36	1038	0.307247447414907
SLPI	0.374	0.097	0.528	132	0.388579041434052
SNAI2	0.341	0.103	0.527	268	0.33130515338381
SMARCA1	0.213	-0.247	0.328	1070	0.329681374020214
SMARCA2	0.328	0.108	0.523	1590	0.334910817811834
HLTF	0.168	-0.421	0.238	1009	0.312053321583445
SMARCA4	0.568	0.573	0.772	1647	0.340699393374514
STK33	0.208	-0.27	0.325	514	0.320774465308834
PLEKHA3	0.211	-0.277	0.323	300	0.300619805460592
PHACTR4	0.25	-0.167	0.378	712	0.293820712270465
SMARCB1	0.508	0.476	0.718	394	0.342173617921781
BRD9	0.411	0.28	0.621	597	0.330808879275779
CAPRIN2	0.229	-0.236	0.35	1077	0.317249549459654
ZSCAN18	0.535	0.502	0.736	566	0.318533111393656
GRAMD2B	0.236	-0.151	0.389	447	0.312400196432187
AACS	0.472	0.416	0.689	672	0.34755248407657
ZBTB10	0.267	-0.065	0.437	871	0.319147676722617
KCTD14	0.508	0.473	0.719	255	0.335845570042532
ZNF747	0.571	0.582	0.777	330	0.31554444088931
DLK2	0.46	0.348	0.655	383	0.346144771972693
SMARCC1	0.256	-0.162	0.389	1105	0.327116609947071
ANTKMT	0.604	0.654	0.811	235	0.315175364749994
FUNDC2	0.315	0.044	0.497	189	0.325498340131024
DDRGK1	0.496	0.466	0.711	314	0.339683118544226
MRPS34	0.596	0.665	0.817	225	0.298420244173679
RASL11B	0.429	0.347	0.65	248	0.346926762272191
ZFTA	0.627	0.673	0.825	678	0.308230318156339
LRRC61	0.565	0.593	0.778	259	0.320795581750128
BMX	0.283	-0.024	0.458	675	0.335110995920458
TMEM108	0.424	0.265	0.614	575	0.29404577075339
CYP4F12	0.452	0.4	0.672	524	0.315140231210469
LYNX1	0.661	0.76	0.872	116	0.35899198644624
CHID1	0.515	0.52	0.743	418	0.325103045380727
TRAK2	0.245	-0.107	0.407	914	0.312791603686166
SMARCC2	0.383	0.171	0.566	1245	0.33676880492685
SMARCD1	0.358	0.162	0.551	515	0.340829120245758
SMARCD2	0.456	0.374	0.663	531	0.32822794670841
SLC2A11	0.436	0.385	0.665	535	0.318054309928869
MTMR9	0.292	0.007	0.462	549	0.331681181861552
BOLL	0.202	-0.4	0.272	295	0.317251042158192
SMARCD3	0.523	0.52	0.742	483	0.332247589091703
SMARCE1	0.286	-0.062	0.442	411	0.327254891421202
SMN2	0.22	-0.327	0.305	294	0.312778754715664
SMN1	0.22	-0.327	0.305	294	0.312778754715664
SMN2	0.219	-0.334	0.301	294	0.312206250445182
SMO	0.558	0.552	0.76	787	0.336091517785261
SMPD1	0.43	0.328	0.637	631	0.314890046980343
POLR3D	0.408	0.265	0.605	398	0.328364164749179
SMPD2	0.429	0.333	0.641	423	0.337197235994455
SMS	0.253	-0.061	0.43	366	0.32810928005032
SUMO3	0.595	0.582	0.778	141	0.351207785745856
SUMO2	0.279	-0.104	0.418	95	0.352065019083117
SIGLEC1	0.492	0.453	0.707	1709	0.323988566484232
SNAI1	0.54	0.523	0.747	264	0.334138014727923
SNAP25	0.307	0.032	0.479	206	0.358004519359022
SNAPC1	0.204	-0.253	0.33	368	0.316327900481788
SNAPC2	0.464	0.391	0.674	334	0.30355274093727
SNAPC3	0.281	-0.05	0.439	411	0.321379954566292
BNIP1	0.293	0.049	0.485	271	0.3229899909865
SNCB	0.425	0.252	0.615	134	0.361175445902681
SNAPC4	0.471	0.408	0.683	1469	0.315381082000487
SNCA	0.285	-0.145	0.419	140	0.36502940105802
SNCG	0.583	0.574	0.784	127	0.387361637926098
FSCN1	0.763	0.839	0.915	493	0.352446272482703
SNRNP70	0.448	0.37	0.655	437	0.286050419869927
SNRPA	0.539	0.502	0.736	282	0.35248369489481
SNRPA1	0.266	-0.028	0.44	255	0.32365255138041
SNRPB	0.322	0	0.468	240	0.311030435780656
SNRPB2	0.227	-0.26	0.335	225	0.346004548150894
BNIP2	0.22	-0.168	0.372	435	0.300516016418969
SNRPC	0.297	-0.177	0.39	159	0.289920232723092
SNRPD1	0.19	-0.298	0.287	119	0.2883419142168
SNRPD2	0.599	0.632	0.804	118	0.368761749096514
SNRPD3	0.315	0.101	0.513	126	0.353866438885327
SNRPE	0.241	-0.018	0.442	92	0.337862264491741
SNRPF	0.189	-0.276	0.316	86	0.326458157999996
SNRPG	0.211	-0.15	0.389	96	0.326534992289758
SNRPN	0.256	-0.177	0.373	240	0.304746131424929
BNIP3	0.361	0.185	0.566	259	0.295454758650383
SNTA1	0.516	0.5	0.732	505	0.319077963121214
SNTB1	0.418	0.332	0.642	538	0.327658263601872
SNX1	0.331	0.137	0.54	557	0.331698237402255
SNX2	0.193	-0.335	0.29	519	0.315604596760552
SNTB2	0.393	0.294	0.619	540	0.303319045839679
SOAT1	0.249	-0.097	0.409	550	0.320185130581106
SOD1	0.284	-0.117	0.414	154	0.329028956075566
SOD2	0.348	0.137	0.54	222	0.357257524127036
SOD3	0.777	0.919	0.957	240	0.335121505275392
BNIP3L	0.321	0.09	0.522	219	0.314710632583582
CAPN15	0.659	0.71	0.846	1086	0.326704499689789
SON	0.225	-0.23	0.349	2426	0.286226984607742
SORD	0.36	0.192	0.569	357	0.339491763453354
SORL1	0.381	0.215	0.583	2214	0.340846789612108
SOS1	0.179	-0.383	0.258	1333	0.296499099002055
SOS2	0.184	-0.371	0.262	1332	0.306025858036105
SOX1	0.795	0.938	0.968	391	0.329182282197098
SOX2	0.689	0.782	0.886	317	0.336880778537776
SOX3	0.575	0.596	0.788	446	0.321213528275859
SOX4	0.707	0.813	0.903	474	0.327330896699045
BOK	0.672	0.728	0.852	212	0.326464861052369
SOX5	0.29	-0.022	0.459	763	0.331396454180764
SOX9	0.749	0.836	0.915	509	0.326775061654747
SOX10	0.627	0.656	0.82	466	0.325266473382404
SOX11	0.742	0.839	0.915	441	0.334722698506028
SOX15	0.596	0.619	0.798	233	0.319338442243381
SOX12	0.651	0.743	0.864	315	0.299317287016165
SP1	0.314	0.032	0.492	785	0.328018986409686
SP2	0.483	0.398	0.683	613	0.350578900995613
DST	0.222	-0.184	0.365	5537	0.331297976218404
SP3	0.204	-0.296	0.317	781	0.307874842918185
SP4	0.204	-0.306	0.314	784	0.323087167729898
SP100	0.245	-0.15	0.388	885	0.317873462640176
SPAG1	0.237	-0.184	0.369	926	0.334381056666811
UAP1	0.233	-0.178	0.374	522	0.343551053097254
SPAG4	0.485	0.452	0.708	437	0.314607983330892
SPAM1	0.201	-0.296	0.307	511	0.318998285928424
SPARC	0.571	0.518	0.745	303	0.378115425627031
FOXL2	0.65	0.714	0.851	376	0.318293918466909
SPAST	0.223	-0.19	0.362	616	0.309558000017495
SPG7	0.462	0.423	0.689	795	0.334079277932283
SPI1	0.671	0.736	0.86	271	0.330121375194879
SPIB	0.582	0.599	0.787	262	0.332606569732595
BPGM	0.247	-0.067	0.419	259	0.330897618854857
SPINK1	0.238	-0.147	0.385	79	0.349529814996191
SPINK2	0.337	0.086	0.511	134	0.304143231543139
SPINT1	0.555	0.541	0.757	529	0.351591675438161
SPN	0.39	0.237	0.599	400	0.285889025478356
SPP2	0.279	0.011	0.469	211	0.31672378185359
SPOCK1	0.462	0.373	0.67	439	0.357443325225612
SPP1	0.293	-0.07	0.443	314	0.320405814918197
SPR	0.553	0.58	0.772	261	0.353229409088296
SPRR1A	0.582	0.411	0.705	89	0.397866756242528
SPRR1B	0.569	0.416	0.705	89	0.385268963892336
BPHL	0.336	0.142	0.539	291	0.316767200895914
SPRR2A	0.493	0.183	0.592	72	0.393691283338313
SPRR2B	0.498	0.183	0.592	72	0.395289283975719
SPRR2D	0.497	0.183	0.592	72	0.394822369975937
SPRR2E	0.485	0.155	0.577	72	0.393519734111947
SPRR2F	0.496	0.183	0.592	72	0.395146002374096
SPRR2G	0.489	0.143	0.569	73	0.395600722412851
SPRR3	0.392	0.084	0.536	169	0.334353731206248
SPTA1	0.303	0.046	0.487	2419	0.349161879500017
SPTAN1	0.396	0.262	0.605	2498	0.359039617676556
BPI	0.436	0.367	0.663	487	0.343468696389834
SPTB	0.54	0.534	0.749	2328	0.355439655214029
SPTBN1	0.43	0.347	0.648	2364	0.350280917014566
SPTBN2	0.544	0.543	0.753	2390	0.345006118306038
SQLE	0.218	-0.197	0.356	574	0.319620999455601
SRC	0.635	0.672	0.826	536	0.351843987749475
SRD5A1	0.334	0.187	0.559	259	0.31067921830601
SRD5A2	0.343	0.198	0.563	254	0.324322683702743
SRI	0.27	-0.124	0.407	198	0.333646578010802
AKR1D1	0.266	-0.08	0.419	326	0.330417154967906
BRCA1	0.207	-0.301	0.313	1884	0.317161464851168
SREBF1	0.522	0.493	0.728	1177	0.311990019170699
SREBF2	0.447	0.371	0.663	1141	0.321228451300977
SRF	0.549	0.557	0.768	508	0.304456577270294
SRM	0.686	0.734	0.859	302	0.367170068932286
SRMS	0.633	0.711	0.844	488	0.332189050796053
SRP9	0.249	-0.087	0.425	86	0.348416375273546
SRP14	0.349	0.084	0.519	136	0.343005349943822
SRP19	0.207	-0.27	0.324	144	0.330889672444031
SRP54	0.179	-0.405	0.254	504	0.325190259722458
BRAF	0.232	-0.19	0.364	767	0.303117855291611
SRP68	0.329	0.118	0.525	627	0.359014998850171
SRP72	0.232	-0.167	0.378	671	0.344456445182934
SRPK1	0.236	-0.189	0.368	655	0.331610755739275
SRPK2	0.261	-0.102	0.415	699	0.319397760349349
SRPRA	0.344	0.14	0.541	638	0.349460407974747
SRY	0.337	0.136	0.539	204	0.343615228216672
TRIM21	0.363	0.177	0.558	475	0.338221171408539
RO60	0.169	-0.393	0.252	538	0.316624110028264
SSB	0.18	-0.407	0.254	408	0.334968674861326
SSBP1	0.188	-0.265	0.315	148	0.291009815679454
ITPRID2	0.216	-0.263	0.331	1259	0.304123484927335
SSR1	0.207	-0.255	0.326	286	0.310964500744932
SSR2	0.34	0.117	0.525	183	0.328447092050727
SSR3	0.292	0.038	0.484	198	0.343689464169009
SSR4	0.522	0.507	0.737	173	0.344768102041832
SSRP1	0.426	0.284	0.621	709	0.340925645825259
BRCA2	0.17	-0.454	0.231	3418	0.318469212190553
SST	0.454	0.352	0.652	116	0.374672914082988
SSTR1	0.606	0.677	0.826	391	0.354214789592582
SSTR2	0.469	0.437	0.695	369	0.35010545940353
SSTR3	0.655	0.742	0.862	418	0.327072983920446
SSTR4	0.643	0.727	0.852	388	0.348101282826669
SSTR5	0.715	0.819	0.903	364	0.34778453460436
SSX1	0.329	0.014	0.48	188	0.349689517177294
SSX2	0.312	-0.023	0.464	223	0.340706080800855
SSX5	0.311	0.012	0.477	229	0.335666709792375
SSX4	0.324	0.049	0.497	188	0.339896211706566
BRDT	0.185	-0.384	0.271	951	0.323110920941351
SS18	0.277	-0.2	0.388	418	0.350953889671868
DENND2B	0.432	0.342	0.647	1137	0.307420740928906
ST13	0.239	-0.222	0.353	369	0.340859801944846
ST14	0.608	0.635	0.807	855	0.350368149223837
STAC	0.34	0.122	0.535	402	0.332798934890141
ZFP36L1	0.573	0.583	0.778	338	0.309425070277828
STAR	0.513	0.494	0.728	285	0.348566999527807
STAT1	0.304	0.07	0.5	750	0.346962539591307
STAT2	0.376	0.244	0.59	851	0.334665304592012
STAT3	0.386	0.247	0.596	770	0.348182164877571
STAT4	0.227	-0.152	0.379	748	0.319426064276882
STAT5A	0.567	0.557	0.762	794	0.367865640556427
STAT5B	0.457	0.386	0.672	787	0.360986392938943
STAT6	0.451	0.383	0.668	847	0.336715167699124
STATH	0.194	-0.34	0.288	62	0.341723738388381
ZFP36L2	0.709	0.823	0.907	494	0.313167955777638
STAU1	0.291	-0.006	0.468	577	0.335507056409022
STC1	0.402	0.274	0.612	247	0.350739807583302
HSPA13	0.204	-0.228	0.341	471	0.320778841032677
SULT1E1	0.22	-0.279	0.322	294	0.331644819659367
ELOVL4	0.241	-0.14	0.388	314	0.328046624792587
STIM1	0.436	0.311	0.633	791	0.324145870620038
NEK4	0.267	-0.061	0.431	841	0.324221595609766
STK3	0.203	-0.278	0.32	519	0.320734337385798
STK4	0.248	-0.129	0.397	487	0.323330537322944
AURKA	0.22	-0.229	0.342	403	0.322345138027232
CDKL5	0.274	-0.056	0.437	1030	0.312577523351762
STK10	0.561	0.555	0.761	968	0.360299808299675
STK11	0.639	0.687	0.832	433	0.362505438469128
AURKC	0.389	0.25	0.59	309	0.3331090782728
SULT1A2	0.568	0.563	0.767	295	0.342756946011119
BRS3	0.273	-0.038	0.442	399	0.337255485812812
STRN	0.237	-0.189	0.37	780	0.31633223971053
STX1A	0.59	0.611	0.79	288	0.35574182262894
STX3	0.351	0.196	0.563	289	0.354630611489175
STX4	0.505	0.527	0.744	297	0.353477939939194
STX5	0.441	0.377	0.664	355	0.342948521016799
STXBP1	0.453	0.373	0.662	603	0.340804613437171
STXBP2	0.568	0.599	0.784	604	0.338175653022089
STXBP3	0.193	-0.314	0.296	592	0.32744086804312
STYX	0.18	-0.324	0.289	223	0.311984041974976
SULT1A1	0.588	0.59	0.783	295	0.341389943254973
SULT1A3	0.564	0.57	0.772	295	0.337251999223675
SULT1C2	0.34	0.096	0.521	307	0.342973060600879
BSG	0.662	0.735	0.859	385	0.340402701168035
SULT2B1	0.606	0.654	0.816	365	0.328660210114997
SUOX	0.358	0.154	0.55	545	0.319628477700807
SULT2A1	0.259	-0.022	0.452	285	0.31967967034188
SUPT4H1	0.33	0.114	0.527	117	0.309597423342317
SUPT5H	0.502	0.436	0.702	1087	0.341163190225172
BST1	0.357	0.186	0.559	318	0.327935441910914
SUPT6H	0.398	0.232	0.592	1726	0.347755372860553
SUPV3L1	0.236	-0.147	0.381	786	0.319490486799823
ABCC8	0.517	0.528	0.743	1603	0.340395246555905
SURF1	0.391	0.244	0.593	300	0.31308617153075
SURF2	0.517	0.466	0.714	256	0.323156310309164
SURF4	0.49	0.506	0.731	269	0.356181066007326
MED22	0.601	0.611	0.791	200	0.372197624855123
SURF6	0.573	0.569	0.766	361	0.346680998598793
SUV39H1	0.541	0.532	0.747	423	0.358886736870992
BST2	0.458	0.454	0.703	180	0.361706396486691
SVIL	0.341	0.135	0.54	2214	0.320281749343991
VAMP1	0.34	0.068	0.505	118	0.357321940238713
VAMP2	0.488	0.421	0.688	118	0.363513524203828
VAMP7	0.238	-0.143	0.388	260	0.328229644705342
XCL2	0.316	0.117	0.518	114	0.304722764044053
SYCP1	0.164	-0.433	0.235	976	0.338323043908856
BTC	0.287	0.011	0.463	178	0.339736859225166
SYK	0.387	0.252	0.602	635	0.350543832733958
SYN1	0.489	0.425	0.699	705	0.324177530136308
SYN2	0.501	0.432	0.701	582	0.329008992020578
SYP	0.563	0.57	0.776	313	0.361963620340066
SYPL1	0.242	-0.179	0.371	259	0.31791008064151
SYT1	0.309	0.021	0.484	422	0.356391896248376
BTD	0.328	0.091	0.515	545	0.336964811104986
SYT4	0.26	-0.07	0.428	425	0.324887222644451
SYT5	0.583	0.612	0.793	386	0.342460716310108
TBXT	0.511	0.465	0.719	435	0.321304928147069
TAC1	0.251	-0.068	0.423	129	0.330325489288015
TACR2	0.539	0.541	0.753	398	0.351440818693796
TAC3	0.396	0.232	0.59	121	0.318664700591854
TACC1	0.31	0.017	0.483	805	0.328043594065169
ADAM17	0.261	-0.108	0.415	824	0.332261396769094
TACR1	0.558	0.558	0.765	407	0.360221146431839
KLF9	0.501	0.465	0.717	244	0.312844950142379
TACR3	0.355	0.176	0.557	465	0.329727337987351
TADA2A	0.264	-0.071	0.422	443	0.330023350382502
TAF1	0.273	-0.092	0.419	1895	0.327473951953375
TAF2	0.203	-0.293	0.311	1199	0.314271019094937
TAF4	0.453	0.441	0.706	1085	0.308368002397902
TAF4B	0.234	-0.19	0.368	867	0.319777039608423
TAGLN	0.515	0.447	0.707	201	0.366592662096236
TAF5	0.256	-0.087	0.425	800	0.306745982254959
TAF6	0.478	0.417	0.689	714	0.332742410147612
TAF7	0.252	-0.12	0.4	349	0.326116867736737
KLF5	0.377	0.183	0.569	457	0.31330246410076
TAF9	0.193	-0.379	0.265	264	0.295894215811189
TAF10	0.5	0.508	0.743	218	0.324846377252975
TAF11	0.294	-0.016	0.466	211	0.334272325384736
TAF12	0.3	0.024	0.481	161	0.32628990200874
TAF13	0.174	-0.456	0.22	124	0.323630183342647
MAP3K7	0.229	-0.212	0.357	606	0.319950458412845
TAL1	0.572	0.609	0.793	331	0.30799473237934
TAL2	0.398	0.246	0.59	108	0.337042674244067
TALDO1	0.458	0.397	0.677	337	0.358632233791139
BTF3	0.278	-0.067	0.433	206	0.330856929085989
TAP1	0.404	0.337	0.641	808	0.313623384790224
TAP2	0.419	0.368	0.656	686	0.328413286668267
TAPBP	0.404	0.307	0.629	504	0.300062879324021
TARBP1	0.265	0.009	0.461	1621	0.317695034999953
TARBP2	0.434	0.332	0.644	366	0.322144941592556
TARS1	0.243	-0.163	0.378	756	0.331704517569848
TAT	0.349	0.147	0.541	454	0.34565616700292
TBX1	0.665	0.735	0.862	495	0.325289499999615
CNTN2	0.503	0.454	0.709	1040	0.3281700325632
TAFAZZIN	0.482	0.455	0.707	292	0.331831201860041
TBCA	0.227	-0.145	0.38	129	0.35409358457503
TBCC	0.462	0.449	0.703	346	0.330293777857909
TBCD	0.42	0.356	0.651	1192	0.329927139793517
TBCE	0.241	-0.079	0.418	578	0.318950560680881
SERPINA7	0.281	-0.026	0.453	415	0.343291135463455
TBL1X	0.375	0.228	0.592	577	0.321205000322406
TBP	0.29	-0.001	0.468	339	0.351218177172152
TBX2	0.618	0.657	0.818	712	0.313445697397994
TBX5	0.428	0.293	0.63	518	0.323240559269751
TBX6	0.479	0.398	0.68	436	0.308209441685238
TBX15	0.342	0.085	0.518	602	0.319334271572164
TBXA2R	0.611	0.707	0.84	407	0.315115410114417
TBXAS1	0.359	0.232	0.585	580	0.332325119259975
TCEA1	0.221	-0.25	0.334	301	0.334090223963725
TCEA2	0.556	0.527	0.746	299	0.33787300183933
TCEA3	0.42	0.301	0.628	348	0.343618694795593
MSMP	0.395	0.25	0.606	139	0.344274475517634
ELOC	0.225	-0.221	0.355	112	0.312167088597983
ELOB	0.513	0.452	0.71	161	0.310706414785923
PPAN-P2RY11	0.614	0.661	0.817	794	0.341869944616765
ELOA	0.333	0.097	0.523	798	0.32481889698769
TCF4	0.29	-0.046	0.449	773	0.302182794037541
TBX3	0.478	0.457	0.713	743	0.314549640581736
HNF1A	0.583	0.605	0.791	638	0.321224566799744
HNF1B	0.49	0.457	0.713	557	0.329040419919709
TCF3	0.568	0.598	0.788	654	0.3033714965492
TCF7	0.553	0.555	0.765	384	0.331776302430919
TCF7L2	0.361	0.223	0.589	602	0.301839647469069
ZEB1	0.213	-0.298	0.32	1125	0.32155578272519
GCFC2	0.191	-0.292	0.305	781	0.301782172890079
TCF12	0.219	-0.283	0.323	706	0.276662778985594
TCF15	0.749	0.878	0.934	199	0.31968493208258
BTG1	0.383	0.236	0.589	171	0.320865708007786
ZNF354A	0.212	-0.286	0.314	605	0.316726009050106
TCF19	0.401	0.246	0.597	345	0.309776232227622
TCF20	0.293	-0.051	0.45	1960	0.318683197300166
TCF21	0.587	0.639	0.808	179	0.337343951405619
VPS72	0.313	0.073	0.505	375	0.30701168286505
MLX	0.483	0.452	0.71	298	0.350055707521342
TCN1	0.266	-0.058	0.435	433	0.347831834598216
TCN2	0.405	0.342	0.642	427	0.331396021779915
TCOF1	0.405	0.213	0.595	1488	0.33505231886255
BTK	0.298	0.015	0.475	693	0.339778685044161
TCP1	0.195	-0.294	0.302	556	0.330350729032117
TCP10L3	0.3	0.03	0.486	326	0.303838012950401
TCP11	0.309	0.092	0.512	516	0.323832479394087
BTN1A1	0.349	0.155	0.545	526	0.315965698617867
TECTB	0.385	0.257	0.606	329	0.352083175304251
TCTA	0.439	0.416	0.684	103	0.309310395421173
BUB1	0.218	-0.258	0.334	1085	0.333819602384179
DYNLT3	0.282	-0.017	0.468	116	0.350690330744469
DYNLT2	0.232	-0.147	0.384	198	0.32528380889964
PPP1R11	0.385	0.17	0.566	126	0.284784666387322
DYNLT1	0.286	-0.024	0.467	113	0.356541917322054
TDG	0.208	-0.336	0.301	410	0.335559614436958
TDGF1	0.362	0.178	0.559	188	0.324383054393683
TDO2	0.225	-0.167	0.37	406	0.318863938705276
ACTC1	0.446	0.335	0.644	377	0.351836526125234
PRDX2	0.496	0.421	0.692	198	0.356496688038225
TEAD1	0.294	0.004	0.472	426	0.330132998685428
TEAD4	0.546	0.518	0.745	434	0.35094296543488
TEAD3	0.575	0.596	0.786	435	0.346697565447686
TEC	0.221	-0.239	0.341	631	0.322337509405583
TECTA	0.471	0.393	0.68	2155	0.363095050474344
TEF	0.56	0.525	0.749	303	0.340185300060973
TMBIM6	0.289	0.049	0.484	295	0.321016821952969
BUB1B	0.215	-0.225	0.344	1050	0.322189772554305
TEK	0.275	-0.032	0.448	1124	0.336842232871289
TEP1	0.362	0.201	0.568	2627	0.320142022551271
TERF1	0.232	-0.174	0.374	439	0.313741856606597
TERF2	0.354	0.169	0.558	542	0.322888348655668
TERT	0.582	0.62	0.793	1132	0.316504323007861
TESK1	0.457	0.382	0.668	626	0.301890797825162
TF	0.348	0.131	0.543	698	0.358730335832366
TFAM	0.189	-0.364	0.266	246	0.316758983759332
TFAP2A	0.46	0.439	0.701	437	0.327476186395879
TFAP2B	0.409	0.367	0.662	460	0.310470129531386
TFAP2C	0.407	0.331	0.642	450	0.326473025196449
TFAP4	0.604	0.649	0.811	338	0.33436929232066
TFCP2	0.257	-0.129	0.396	502	0.327633612179806
NR2F1	0.644	0.715	0.848	423	0.344970664228815
NR2F2	0.533	0.58	0.776	414	0.334274676878862
TFDP1	0.414	0.332	0.647	410	0.353120584954182
TFDP2	0.238	-0.138	0.393	446	0.313273220219049
TFE3	0.456	0.379	0.666	575	0.316007944239039
TFF1	0.47	0.352	0.663	84	0.358649163284884
TFF2	0.496	0.467	0.72	129	0.341244722857341
TFF3	0.574	0.558	0.767	94	0.371468559952734
TFPI	0.223	-0.296	0.312	304	0.349520802696204
TFR2	0.535	0.555	0.761	801	0.324225523520507
TFRC	0.241	-0.171	0.378	760	0.330124354170399
TG	0.361	0.167	0.558	2768	0.333929684961434
TGFA	0.456	0.393	0.677	166	0.355205338327058
TGFB1	0.597	0.657	0.814	390	0.331982475932899
TGFB1I1	0.524	0.48	0.726	461	0.32096228186674
TGFB2	0.315	0.103	0.519	442	0.326539589500171
TGFB3	0.465	0.391	0.672	412	0.346267663813639
LEFTY2	0.685	0.746	0.862	366	0.322612841311188
TGFBI	0.411	0.315	0.63	683	0.343471026797842
TGFBR1	0.207	-0.216	0.345	507	0.307353390687773
TGM4	0.383	0.238	0.594	684	0.34458436096753
TGFBR2	0.428	0.317	0.634	592	0.343350939365591
TGFBR3	0.321	0.062	0.502	851	0.328087460873083
BYSL	0.434	0.371	0.659	437	0.325894235669181
TGIF1	0.354	0.163	0.554	401	0.297655912360324
TGM1	0.46	0.4	0.681	817	0.325636119128207
TGM2	0.598	0.631	0.802	687	0.358843661723883
TGM3	0.429	0.334	0.644	693	0.344211718192836
TH	0.638	0.676	0.827	528	0.337246910872542
THBD	0.623	0.687	0.835	575	0.353493410251541
THBS1	0.431	0.269	0.616	1170	0.357016190053498
THBS2	0.525	0.49	0.733	1172	0.359962552982347
THBS3	0.409	0.254	0.607	956	0.348832596036446
TSPO	0.609	0.68	0.829	169	0.317308041813991
THBS4	0.39	0.205	0.58	961	0.350275516727269
TCHH	0.458	0.401	0.668	1943	0.326169500938933
THOP1	0.664	0.735	0.858	689	0.35189964537944
THPO	0.342	0.168	0.546	353	0.28687430529949
THRA	0.494	0.46	0.711	490	0.339101468089913
THRB	0.345	0.14	0.541	461	0.329485033204676
THRSP	0.553	0.545	0.759	146	0.349935064691575
THY1	0.54	0.601	0.783	161	0.319735973904795
KLF10	0.284	-0.116	0.416	480	0.30863718390264
TIA1	0.207	-0.365	0.291	386	0.31703068000685
TIAL1	0.198	-0.381	0.283	392	0.317734981764919
TIAM1	0.384	0.23	0.59	1591	0.325776106556885
TIE1	0.483	0.456	0.708	1138	0.325052194857076
TIMP1	0.452	0.42	0.688	207	0.340348484521545
TIMP2	0.587	0.625	0.8	220	0.357753456073662
TIMP3	0.635	0.677	0.828	211	0.379161404337209
TIMP4	0.408	0.305	0.628	224	0.336987738527219
C1QBP	0.375	0.225	0.587	282	0.325482038059422
NKX2-1	0.67	0.754	0.871	401	0.327996390141256
TJP1	0.217	-0.298	0.314	1768	0.301442778904654
TK1	0.54	0.485	0.727	267	0.376409281542197
TK2	0.333	0.177	0.552	265	0.308618523340948
TKT	0.535	0.511	0.739	631	0.361988512632487
ICAM5	0.525	0.529	0.749	924	0.308681084700294
TLE1	0.399	0.251	0.605	770	0.330154797491012
TLE2	0.548	0.558	0.766	744	0.336030356173591
TLE3	0.511	0.465	0.718	772	0.332865888960268
TLE4	0.333	0.087	0.517	805	0.323374528426446
TLL1	0.24	-0.183	0.373	1013	0.324451814603405
TLL2	0.45	0.343	0.654	1015	0.339194656774157
TLN1	0.407	0.25	0.602	2541	0.359003797807209
SEC62	0.229	-0.259	0.339	399	0.327780852940896
TLR1	0.227	-0.122	0.392	786	0.326173740534043
TLR2	0.235	-0.093	0.405	784	0.324953718352396
TLR3	0.218	-0.146	0.376	904	0.317960289042066
TLR4	0.253	-0.051	0.431	839	0.327587840779603
ACTG1	0.683	0.72	0.85	375	0.360253715228398
SERPING1	0.425	0.328	0.642	500	0.320593162050325
TLR5	0.258	-0.01	0.451	858	0.326953931751073
NR2E1	0.339	0.179	0.56	422	0.325383495289783
TSPAN7	0.413	0.271	0.609	249	0.346393869294298
TSPAN8	0.213	-0.189	0.354	237	0.342890932761765
TM4SF4	0.358	0.256	0.601	202	0.355231564749738
TSPAN6	0.242	-0.138	0.39	245	0.338803359696847
TSPAN4	0.692	0.77	0.876	238	0.387055442561407
GPR137B	0.388	0.329	0.639	399	0.333150963539241
TM7SF2	0.523	0.559	0.758	418	0.326555328111916
TRAPPC10	0.361	0.208	0.577	1259	0.327859780333517
TMF1	0.186	-0.35	0.281	1096	0.314673650088393
TMOD1	0.377	0.215	0.578	359	0.35083052674879
TMPO	0.228	-0.222	0.35	694	0.312736995205926
TMPRSS2	0.403	0.272	0.618	529	0.35091790046119
TMSB4X	0.357	0.077	0.524	44	0.370437437292421
C1QA	0.514	0.517	0.744	245	0.343302545782469
CLDN5	0.623	0.728	0.855	303	0.32985297373711
CLEC3B	0.724	0.794	0.891	202	0.373036237900154
TNF	0.535	0.564	0.764	233	0.337021546499289
TNNC2	0.647	0.632	0.805	160	0.38283718026087
TNFAIP1	0.547	0.555	0.76	316	0.353551986934503
TNFAIP2	0.665	0.731	0.854	654	0.336850186969585
TNFAIP3	0.352	0.16	0.553	790	0.340348345116147
C1QB	0.505	0.462	0.715	253	0.338592776510555
TNFAIP6	0.223	-0.234	0.345	277	0.328422164014069
TNFRSF1A	0.461	0.426	0.692	455	0.326765781147711
TNFRSF1B	0.482	0.423	0.699	461	0.319732033520918
TNNC1	0.618	0.584	0.78	161	0.38288289159237
TNNI1	0.602	0.625	0.797	187	0.356971713650423
TNNI2	0.683	0.707	0.842	182	0.368813458924576
TNNI3	0.511	0.481	0.717	210	0.338779307536271
TNNT1	0.546	0.52	0.743	278	0.351183645001891
TNNT2	0.462	0.341	0.647	298	0.372486762924877
C1QC	0.548	0.563	0.769	245	0.333738560241441
TNNT3	0.47	0.392	0.675	261	0.374939249446552
TNP1	0.353	0.168	0.547	55	0.29283707192478
TNP2	0.541	0.47	0.722	138	0.316646819727404
TNR	0.422	0.302	0.63	1358	0.331243000658617
TNS1	0.452	0.352	0.658	1735	0.316765566555042
TNXB	0.549	0.555	0.763	673	0.311814443806756
C1R	0.505	0.446	0.706	719	0.365732327696093
TOP1	0.298	-0.033	0.454	765	0.357971505685556
TOP2A	0.208	-0.302	0.309	1531	0.332585553957955
TOP2B	0.192	-0.396	0.263	1626	0.329945898452808
TOP3A	0.393	0.232	0.59	1001	0.344030079521674
TP53	0.4	0.218	0.586	393	0.316839565291006
TP53BP1	0.248	-0.175	0.382	1977	0.313657574331097
TP53BP2	0.255	-0.147	0.393	1134	0.330086906571677
C1S	0.29	-0.041	0.454	688	0.331676191322727
TP73	0.629	0.669	0.825	636	0.335312601424778
TPBG	0.482	0.524	0.741	420	0.314823799849982
TPD52	0.24	-0.17	0.384	247	0.321148621266463
TPD52L1	0.285	0.003	0.475	209	0.306591021696289
TPD52L2	0.395	0.218	0.586	229	0.321472139044021
TPH1	0.221	-0.202	0.358	444	0.321275995441288
TPI1	0.439	0.355	0.659	286	0.35490577555303
TPM1	0.343	0.165	0.551	284	0.373613999222438
TPM2	0.568	0.531	0.749	284	0.39621396160837
C2	0.425	0.32	0.637	752	0.336239385325289
TPM3	0.349	0.125	0.531	285	0.400403323190549
TPM4	0.395	0.25	0.599	284	0.382580023679939
TPMT	0.186	-0.365	0.271	245	0.31252502905706
TPO	0.465	0.412	0.685	933	0.322540845333064
TPP2	0.196	-0.334	0.291	1262	0.316518614953438
TPR	0.181	-0.364	0.273	2363	0.318013523195644
TPSAB1	0.626	0.67	0.824	275	0.332609382626823
TPT1	0.287	-0.008	0.459	197	0.35007419979419
TPTE	0.188	-0.309	0.288	551	0.305633218849226
C3	0.495	0.474	0.719	1663	0.351044178417012
CRISP2	0.216	-0.257	0.339	243	0.333994241023142
NR2C1	0.196	-0.308	0.3	603	0.310312209718064
NR2C2	0.344	0.161	0.55	615	0.323460803493356
HSP90B1	0.225	-0.225	0.348	803	0.335681317883981
TRAF1	0.54	0.52	0.743	416	0.349868487859408
TRAF2	0.55	0.558	0.763	501	0.354409251018279
TRAF3	0.405	0.289	0.622	568	0.348012804674838
TRAF5	0.287	0.017	0.476	557	0.355016631988872
TRAF6	0.25	-0.132	0.394	522	0.322583001012771
C3AR1	0.285	-0.013	0.456	482	0.31849031759662
ACTG2	0.465	0.375	0.666	376	0.347877693091963
C4A	0.456	0.395	0.676	1744	0.336180473137364
TRH	0.417	0.316	0.632	242	0.310556145066576
TRHR	0.299	0.065	0.496	398	0.343430555753851
CCT3	0.332	0.127	0.526	545	0.341806553193597
TRIO	0.405	0.316	0.634	3097	0.333717125732726
TRIP6	0.464	0.372	0.669	476	0.32472333463299
C4B	0.456	0.394	0.675	1744	0.335173698038096
TRO	0.333	0.041	0.499	1431	0.303240524278187
C4BPA	0.237	-0.228	0.351	597	0.317663539880549
TRPC1	0.209	-0.206	0.347	793	0.321665627418772
TRPC3	0.35	0.207	0.572	921	0.335219753410982
TRPC4	0.231	-0.122	0.391	982	0.318432331179501
TRPC5	0.327	0.133	0.531	973	0.336524067720374
TRPC6	0.245	-0.094	0.411	931	0.334595586859501
TRPM2	0.617	0.671	0.823	1553	0.34797959765963
TRPS1	0.279	-0.076	0.435	1294	0.325324196142659
H2AC19	0.571	0.626	0.797	130	0.353071814238517
INS-IGF2	0.47	0.38	0.668	200	0.315987819393805
TSN	0.254	-0.087	0.412	228	0.318145972116554
TSC1	0.299	0.034	0.484	1164	0.309294115073593
TSC2	0.537	0.545	0.755	1807	0.331232565522838
C4BPB	0.316	0.04	0.496	252	0.353530127417685
TSG101	0.248	-0.156	0.381	390	0.319202415509254
TSHB	0.263	-0.14	0.394	138	0.347465007386167
TSHR	0.346	0.182	0.558	764	0.344437974173263
TSNAX	0.196	-0.318	0.296	290	0.317215708082256
TSPY1	0.469	0.381	0.67	308	0.34572793077761
TSPYL1	0.395	0.285	0.616	437	0.324527018330593
CAPN5	0.611	0.625	0.8	640	0.34579089126635
EIPR1	0.426	0.329	0.642	414	0.332275479115039
PHLDA2	0.743	0.812	0.899	152	0.312092154786119
TST	0.549	0.544	0.757	297	0.322988324441809
GFUS	0.542	0.521	0.748	321	0.352114406920905
TTC1	0.227	-0.174	0.375	292	0.337479062373926
DNAJC7	0.27	-0.112	0.413	494	0.353279217483586
TTC3	0.213	-0.262	0.328	2025	0.334851977253821
TTC4	0.292	-0.022	0.454	387	0.339824079642913
C5	0.204	-0.275	0.32	1676	0.324226732550898
TTF1	0.254	-0.145	0.395	905	0.336353464883551
TTK	0.174	-0.401	0.255	857	0.325510932046383
TTN	0.222	-0.259	0.335	35991	0.318680724025382
TTPA	0.277	0.029	0.47	278	0.304289010307747
TUB	0.439	0.331	0.645	561	0.329022337222861
TTR	0.356	0.164	0.559	147	0.319756773016409
TUBA4A	0.507	0.43	0.697	448	0.360805000147707
TUBA3C	0.522	0.481	0.725	450	0.359804073603235
RNF208	0.582	0.596	0.786	261	0.328883913967069
SPATA31A3	0.3	0.016	0.477	1347	0.308864879975724
GOLGA6L6	0.479	0.424	0.693	724	0.352299083437556
SSX2B	0.312	-0.023	0.464	223	0.340706080800855
RGPD8	0.18	-0.388	0.26	1765	0.311724859599898
BHLHA9	0.656	0.774	0.878	235	0.279564521682661
FAM156B	0.392	0.257	0.598	213	0.30294117981397
MUC5B	0.57	0.535	0.758	5762	0.298572776180702
SPATA31A5	0.3	0.015	0.476	1347	0.309026750132248
GOLGA8Q	0.325	0.098	0.518	632	0.340357486820347
TLCD2	0.487	0.511	0.731	264	0.303790418471606
GXYLT2	0.367	0.247	0.591	443	0.315383953671659
RHOXF2B	0.365	0.165	0.561	288	0.320091341220061
MROH1	0.598	0.631	0.799	1641	0.332312943602288
C5AR1	0.553	0.591	0.777	350	0.339273521143291
TUBB2A	0.709	0.754	0.87	445	0.365176845248143
CT47A10	0.509	0.49	0.734	288	0.33267931816315
CT47A9	0.509	0.49	0.734	288	0.33267931816315
GOLGA8Q	0.327	0.103	0.521	632	0.337999276873563
GOLGA8O	0.327	0.103	0.521	632	0.337999276873563
CT47A8	0.509	0.49	0.734	288	0.33267931816315
CT47A6	0.504	0.477	0.727	288	0.333145133572338
CT47A5	0.509	0.49	0.734	288	0.33267931816315
CT47A4	0.509	0.49	0.734	288	0.33267931816315
CT47A3	0.509	0.49	0.734	288	0.33267931816315
CT47A2	0.509	0.49	0.734	288	0.33267931816315
CT47A1	0.506	0.484	0.73	288	0.332912276239933
ANXA8L1	0.49	0.459	0.709	327	0.35471657668702
ZBTB8B	0.399	0.253	0.603	495	0.343994017423165
NUTM2A	0.403	0.254	0.605	878	0.31478617909651
TSPY3	0.463	0.375	0.667	308	0.344594435658261
RSPH10B2	0.293	0.02	0.479	870	0.32919627288724
NALF1	0.411	0.317	0.637	458	0.340607293888668
KRTAP4-8	0.705	0.694	0.842	185	0.424836755292678
GGTLC3	0.532	0.503	0.739	225	0.349138911340627
TMEM191B	0.597	0.687	0.827	346	0.305030529318443
MAGED4	0.445	0.336	0.647	757	0.333349831077447
KRTAP1-4	0.605	0.526	0.756	121	0.372086315064336
MAGEA9B	0.41	0.298	0.631	315	0.342928144042808
CLEC19A	0.434	0.26	0.609	186	0.327067967000324
KRTAP2-2	0.844	0.873	0.934	123	0.376222340609721
D2HGDH	0.595	0.64	0.806	521	0.330561329025592
KRTAP19-8	0.369	0.116	0.541	63	0.371534768596098
TUBG1	0.573	0.575	0.771	451	0.347516034707834
KRTAP9-1	0.556	0.414	0.702	250	0.396645504693735
GTF2H2	0.173	-0.426	0.238	395	0.31195073532611
GTF2H2C	0.173	-0.426	0.238	395	0.31195073532611
NXF2B	0.358	0.186	0.566	626	0.341667445686426
DEFA1B	0.323	0.099	0.511	94	0.358061583672415
OVOL3	0.561	0.517	0.741	190	0.311040142104965
USP17L24	0.339	0.152	0.549	530	0.340057789404363
USP17L25	0.339	0.152	0.549	530	0.340057789404363
POTEF	0.33	0.11	0.526	1075	0.34685571451942
USP17L26	0.339	0.152	0.549	530	0.340057789404363
USP17L5	0.339	0.152	0.549	530	0.339365632800644
USP17L27	0.339	0.152	0.549	530	0.340057789404363
TSPY4	0.47	0.387	0.673	314	0.347171681006489
TUFM	0.481	0.452	0.705	455	0.339502096950244
USP17L28	0.339	0.152	0.549	530	0.340057789404363
TSPY8	0.464	0.373	0.666	308	0.347151376932555
USP17L29	0.339	0.152	0.549	530	0.340057789404363
USP17L30	0.339	0.152	0.549	530	0.340057789404363
OPN1MW2	0.528	0.516	0.743	364	0.353056419370319
METTL24	0.351	0.199	0.567	366	0.297767540019466
DNLZ	0.564	0.612	0.791	178	0.311384425533881
SERF1B	0.306	-0.075	0.434	110	0.358686201062545
GOLGA8H	0.334	0.115	0.529	632	0.344197153257473
C2orf92	0.255	-0.137	0.392	265	0.327917552281289
UQCC6	0.296	0.028	0.478	71	0.323980337215071
CNTNAP3B	0.31	0.079	0.509	1288	0.314010683522228
CCDC192	0.246	-0.132	0.399	292	0.331476378292408
CCDC169	0.219	-0.154	0.379	241	0.338836810481702
DCDC2C	0.317	0.087	0.515	364	0.320150336172519
TUFT1	0.396	0.29	0.618	390	0.343477824060926
CCDC30	0.204	-0.217	0.349	783	0.337596298642521
MEIKIN	0.209	-0.319	0.307	373	0.298989807216396
CDK11A	0.461	0.404	0.681	783	0.328786559081019
DMRTC1B	0.412	0.255	0.598	192	0.331072433602209
SLC35E2B	0.488	0.506	0.735	405	0.324176638409177
EIF3CL	0.487	0.413	0.685	914	0.355434478226156
SPANXB1	0.357	0.162	0.556	103	0.321142199092002
TULP1	0.518	0.475	0.72	542	0.33390331420111
SPANXA2	0.339	0.116	0.533	97	0.31614058716887
NPIPB8	0.281	-0.043	0.436	432	0.309740338280246
NPIPB6	0.284	-0.034	0.441	425	0.309863712117487
ANKDD1B	0.312	0.101	0.516	528	0.330266295162824
TULP2	0.388	0.277	0.612	520	0.323274203193875
C1GALT1C1L	0.222	-0.195	0.36	315	0.324457619206214
FAM72D	0.267	-0.051	0.434	149	0.347454256082501
C12orf71	0.312	0.054	0.494	269	0.308409150491339
TULP3	0.287	-0.006	0.462	501	0.31609106380695
CT45A2	0.223	-0.283	0.317	189	0.328235927083973
ZNF736	0.239	-0.222	0.356	427	0.343471466926507
PPIAL4F	0.356	0.085	0.516	164	0.349380437014696
ZNF705D	0.228	-0.203	0.356	300	0.318469282120801
C6	0.25	-0.157	0.389	934	0.33737188675937
HIRA	0.387	0.262	0.606	1017	0.323037514117084
RPEL1	0.268	-0.051	0.443	228	0.331748293970095
TEX46	0.319	0.169	0.545	121	0.29463684550496
GASK1A	0.405	0.289	0.615	575	0.305248156316581
AGAP5	0.379	0.231	0.592	686	0.323180312732759
TWIST1	0.723	0.824	0.907	202	0.31821827733577
TNFSF4	0.353	0.186	0.561	183	0.365484620875353
SPACA5B	0.348	0.119	0.531	159	0.343430136979611
CCR2	0.313	0.091	0.506	374	0.340344815740549
PRR20B	0.359	0.16	0.558	221	0.307976352887775
SFTPA2	0.36	0.116	0.533	248	0.322183343348792
PRR20C	0.359	0.16	0.558	221	0.307976352887775
PRR20D	0.359	0.16	0.558	221	0.307976352887775
PRR20E	0.359	0.16	0.558	221	0.307976352887775
NUTM2B	0.404	0.254	0.606	878	0.316716851161079
TP53TG3D	0.275	-0.094	0.421	124	0.276333826378404
ZNF286B	0.224	-0.244	0.346	522	0.313690325918251
TNFRSF4	0.651	0.703	0.842	277	0.335343741228726
OC90	0.367	0.151	0.548	477	0.333216876699594
TP53TG3B	0.28	-0.078	0.43	124	0.277521760907314
PLIN4	0.456	0.396	0.688	1357	0.335290368562575
GAGE12J	0.252	-0.288	0.342	117	0.318890529462554
TXK	0.234	-0.139	0.388	527	0.319192252356311
GAGE12C	0.256	-0.288	0.342	117	0.31941008536597
GAGE12E	0.256	-0.288	0.342	117	0.31941008536597
CASTOR2	0.536	0.516	0.741	329	0.331450059597043
CCDC61	0.578	0.626	0.797	512	0.303372767334682
GAGE12H	0.256	-0.288	0.342	117	0.3213308311069
GAGE2A	0.26	-0.246	0.36	116	0.31418704232469
RAD51AP2	0.17	-0.399	0.254	1159	0.321087334319166
TXN	0.27	-0.093	0.436	105	0.378585078587559
TMEM242	0.236	-0.128	0.405	141	0.311854555071539
PRAMEF14	0.346	0.24	0.579	474	0.31865888566255
FAM72A	0.264	-0.076	0.424	149	0.349681060244717
RGPD6	0.181	-0.386	0.262	1765	0.312003121197919
SPDYE6	0.428	0.361	0.653	402	0.316394829472735
TXNRD1	0.248	-0.133	0.397	648	0.33190539989582
PRR23A	0.507	0.504	0.736	266	0.290691208329372
CCDC175	0.193	-0.251	0.322	793	0.334619455245091
TYK2	0.552	0.542	0.753	1187	0.329257883481683
ZNF878	0.228	-0.268	0.334	531	0.320900178593201
OR4F29	0.294	0.077	0.5	312	0.314375600031052
TYMS	0.374	0.222	0.579	313	0.330657394852648
FHIP1A	0.362	0.198	0.57	1040	0.335698763088655
UMAD1	0.276	-0.007	0.47	137	0.295912167618181
RGPD2	0.181	-0.392	0.261	1756	0.311401304721984
TBC1D3L	0.413	0.322	0.636	549	0.317077888203668
TBC1D3	0.413	0.322	0.636	549	0.317077888203668
TBC1D3H	0.412	0.321	0.635	549	0.317102605397291
TYR	0.28	-0.025	0.452	529	0.320732755089691
SHISA7	0.696	0.802	0.894	538	0.30170966218296
MORN2	0.181	-0.487	0.227	79	0.316750517413705
RFPL4AL1	0.348	0.122	0.531	287	0.348061678426454
BORCS8	0.673	0.717	0.851	119	0.356430307798225
SHISA9	0.544	0.567	0.771	424	0.33611811806715
C7	0.233	-0.217	0.361	843	0.325057564459357
SEC14L6	0.485	0.446	0.701	397	0.346361969448312
ZNF814	0.234	-0.242	0.351	855	0.32316023942494
ZNF726	0.218	-0.324	0.306	616	0.321996269936029
MOSMO	0.248	-0.048	0.428	167	0.300578579124843
TYRO3	0.43	0.333	0.642	890	0.331949236448366
FAM166B	0.399	0.249	0.602	275	0.320349912051741
TMEM229A	0.571	0.653	0.813	380	0.31598596438661
TEX50	0.226	-0.134	0.391	177	0.341812925314096
ACOD1	0.296	0.025	0.479	481	0.323420990529853
PPIAL4E	0.356	0.085	0.516	164	0.349380437014696
ZNF735	0.225	-0.248	0.342	412	0.331589961729664
TYROBP	0.464	0.438	0.694	113	0.323308820069859
TYRP1	0.256	-0.122	0.402	537	0.316031379756688
U2AF1	0.351	0.154	0.545	240	0.325018347564259
KRTAP2-3	0.819	0.848	0.921	128	0.375067725455034
C8A	0.313	0.025	0.483	584	0.346714338800986
UBA52	0.472	0.401	0.675	128	0.371327543389057
RFX8	0.278	0.016	0.47	473	0.332848013770412
UBB	0.539	0.496	0.726	229	0.355360706994849
UBC	0.454	0.375	0.66	685	0.349968159791072
UBA1	0.456	0.373	0.666	1058	0.350185705700653
UBA7	0.421	0.29	0.619	1012	0.334608460249565
UBE2A	0.264	-0.091	0.421	152	0.305082516408794
C8B	0.298	-0.007	0.466	591	0.330383478936121
UBE2B	0.195	-0.351	0.283	152	0.300156238383644
UBE2D1	0.188	-0.424	0.241	147	0.303850643491272
UBE2D2	0.214	-0.314	0.293	147	0.309356734572137
UBE2D3	0.197	-0.349	0.275	149	0.306859934928329
UBE2E1	0.284	-0.032	0.452	193	0.31465951833138
UBE2E2	0.252	-0.138	0.395	201	0.32133678684745
UBE2G1	0.213	-0.299	0.302	170	0.317944216092058
UBE2G2	0.395	0.25	0.601	165	0.325151401601913
UBE2H	0.273	-0.074	0.434	183	0.325033352525216
UBE2I	0.3	0.038	0.487	158	0.333390859408943
C8G	0.535	0.529	0.747	202	0.341488969185749
UBE2L3	0.35	0.168	0.553	212	0.347837892068955
UBE2N	0.235	-0.159	0.372	152	0.318978774895152
UBE2V1	0.196	-0.31	0.3	170	0.297402164168053
UBE2V2	0.165	-0.455	0.224	145	0.297299391053616
UBE3A	0.202	-0.288	0.309	875	0.334196750950679
OSGIN2	0.184	-0.32	0.294	549	0.30394796582736
SUMO1	0.218	-0.294	0.32	101	0.327879947755407
UBP1	0.262	-0.088	0.421	540	0.317797098033065
UBTF	0.533	0.478	0.725	764	0.366525499281182
UCHL1	0.393	0.231	0.593	223	0.359354092182768
UCHL3	0.192	-0.3	0.308	230	0.30105584578849
UPK1B	0.319	0.058	0.496	260	0.359680796558033
UCN	0.601	0.721	0.844	124	0.277630513128338
C9	0.214	-0.263	0.327	559	0.317398617177491
UCP1	0.288	0.074	0.505	307	0.308968105963555
UCP2	0.423	0.328	0.643	309	0.348760311801777
UCP3	0.515	0.48	0.724	312	0.346714576572305
UFD1	0.353	0.162	0.554	307	0.348700442215091
SLC35A2	0.435	0.406	0.68	421	0.32875298109536
SCGB1A1	0.388	0.29	0.616	91	0.333225414490582
UGCG	0.202	-0.243	0.327	394	0.317060797873361
UGDH	0.218	-0.266	0.322	494	0.325442275745394
UGP2	0.206	-0.265	0.321	508	0.3177588704443
UGT2B4	0.225	-0.177	0.371	528	0.310570767006203
UGT2B7	0.224	-0.209	0.355	529	0.319626513898372
UGT2B10	0.213	-0.245	0.334	528	0.317584678681618
UGT2B15	0.22	-0.205	0.354	530	0.316390913335272
UGT2B17	0.223	-0.207	0.352	530	0.3167373013662
UGT8	0.241	-0.117	0.396	541	0.325875969016204
UMOD	0.514	0.485	0.728	673	0.340889554750333
UCK2	0.45	0.394	0.676	261	0.349622921043137
UMPS	0.24	-0.119	0.395	480	0.320595641275491
COL14A1	0.242	-0.189	0.371	1796	0.30831707825351
UNG	0.361	0.218	0.587	313	0.325053062854958
USP4	0.313	0.041	0.492	963	0.33180634100172
NR1H2	0.571	0.572	0.771	460	0.338863888232512
UPP1	0.415	0.324	0.638	310	0.346290988806539
UPK2	0.464	0.425	0.684	184	0.30908996124598
VPS51	0.613	0.654	0.813	782	0.338792724734212
UPK3A	0.499	0.481	0.723	287	0.332440924076889
UQCRB	0.25	-0.145	0.381	140	0.345091759987672
UQCRC1	0.435	0.319	0.636	480	0.337312664384598
UQCRC2	0.222	-0.234	0.347	453	0.325569077744107
UQCRFS1	0.307	0.083	0.511	274	0.315388245088685
UQCRH	0.316	0.113	0.528	91	0.31476851258585
UROD	0.363	0.164	0.551	367	0.336224867160201
UROS	0.265	-0.054	0.437	265	0.33409207554282
USF1	0.368	0.168	0.561	310	0.344706290004749
USF2	0.522	0.465	0.719	346	0.349745926546627
USP1	0.168	-0.446	0.233	785	0.324487880384339
USH2A	0.248	-0.158	0.386	5202	0.316765184042379
MRPL49	0.431	0.318	0.633	166	0.312220948346181
CLRN1	0.263	-0.072	0.427	245	0.329190558890053
UTRN	0.244	-0.105	0.405	3433	0.331341458616574
KDM6A	0.219	-0.25	0.339	1401	0.319440707417904
UTY	0.197	-0.332	0.294	1444	0.318607406477407
UVRAG	0.262	-0.047	0.438	699	0.325925886343204
VARS1	0.475	0.424	0.691	1264	0.330805741399129
VASP	0.426	0.296	0.632	380	0.317153700266724
VAV1	0.492	0.438	0.698	845	0.357538349052014
ZNHIT2	0.5	0.504	0.734	403	0.307020551375991
VAV2	0.539	0.514	0.74	878	0.354357004106531
VBP1	0.243	-0.146	0.39	197	0.357770895647315
VCAM1	0.238	-0.144	0.389	739	0.32104388819629
VCL	0.309	0.042	0.488	1134	0.348157380397475
VCP	0.319	0.063	0.494	806	0.340687131897324
VDAC1	0.336	0.087	0.518	283	0.348505146884225
VDAC2	0.253	-0.196	0.369	309	0.338864436799894
VDAC3	0.263	-0.133	0.405	284	0.349514858944635
VDR	0.506	0.465	0.712	477	0.331760138572603
VEGFA	0.436	0.384	0.673	412	0.315291060636986
VEGFB	0.501	0.392	0.68	207	0.337499398535954
VEGFC	0.305	0.015	0.481	419	0.335469142525812
VGF	0.588	0.651	0.814	615	0.299500878758821
VHL	0.453	0.424	0.691	213	0.306229532137578
VIL1	0.49	0.436	0.702	827	0.355809040406252
EZR	0.473	0.391	0.672	586	0.362087301649847
VIM	0.467	0.424	0.688	466	0.34972320174892
VIP	0.208	-0.229	0.339	170	0.31213118466147
VIPR1	0.53	0.55	0.756	457	0.333433115503144
VIPR2	0.477	0.471	0.713	438	0.329424582771488
VLDLR	0.275	-0.078	0.43	873	0.330587170226603
BEST1	0.445	0.352	0.653	604	0.329909862578
MPPED2	0.313	0.072	0.507	294	0.309606076918527
VPREB1	0.458	0.324	0.64	145	0.31905153376867
TRPV1	0.568	0.58	0.774	839	0.353699266041247
VRK1	0.194	-0.318	0.293	396	0.326030432928137
VRK2	0.197	-0.3	0.307	508	0.321756096824307
VSNL1	0.434	0.289	0.622	191	0.378903076902632
VTN	0.483	0.398	0.681	478	0.346526513257253
MYRF	0.586	0.584	0.78	1151	0.328916140543211
VWF	0.494	0.428	0.698	2813	0.358470214051142
WARS1	0.409	0.268	0.611	471	0.343775643967494
WAS	0.391	0.206	0.578	502	0.30728551193463
ZAN	0.448	0.346	0.655	2812	0.326969892305009
WIPF1	0.307	-0.074	0.435	503	0.264367538803044
EIF4H	0.279	-0.018	0.457	248	0.289311450923433
TMEM258	0.449	0.468	0.712	79	0.331352030561172
CLIP2	0.62	0.66	0.818	1046	0.347115027770357
LAT2	0.419	0.3	0.63	243	0.323260999441706
CORO2A	0.498	0.449	0.704	525	0.338743649303867
WEE1	0.27	-0.026	0.451	646	0.29471071716678
WFS1	0.672	0.733	0.856	890	0.341352511366134
NSD2	0.366	0.16	0.557	1365	0.34426853629952
NELFA	0.596	0.659	0.819	539	0.324727713157757
DAGLA	0.597	0.652	0.812	1042	0.330264690828117
WNT1	0.598	0.672	0.823	370	0.313686953291584
WNT2	0.403	0.217	0.585	360	0.345863649483385
WNT3	0.634	0.687	0.833	355	0.343835575654705
WNT5A	0.524	0.514	0.742	380	0.364610986899843
WNT6	0.652	0.733	0.856	365	0.31941982523262
WNT7A	0.652	0.68	0.83	349	0.382533615837205
WNT7B	0.677	0.737	0.86	349	0.386591819740136
WNT8A	0.4	0.237	0.593	369	0.351540768999578
WNT8B	0.517	0.485	0.725	351	0.337299735041218
WNT10B	0.512	0.468	0.713	389	0.319398337902427
WNT11	0.58	0.606	0.79	354	0.35766728171613
WNT2B	0.4	0.286	0.615	391	0.315688682931038
WNT9A	0.645	0.674	0.825	365	0.343357359099346
WNT9B	0.619	0.639	0.807	357	0.347344157065617
GET1	0.324	0.189	0.562	174	0.325689923114245
WRN	0.194	-0.306	0.299	1432	0.327043757709354
WT1	0.392	0.271	0.617	302	0.313541305546237
XBP1	0.344	0.209	0.574	261	0.327883736986069
XDH	0.398	0.267	0.61	1333	0.341664772350603
XG	0.313	-0.042	0.453	195	0.311711110549378
XK	0.374	0.297	0.616	444	0.321942704952005
XPA	0.215	-0.22	0.351	273	0.32810183413238
XPC	0.351	0.124	0.534	940	0.32790642085622
CSKMT	0.372	0.191	0.565	240	0.317605806910369
XPNPEP1	0.335	0.105	0.521	666	0.3284707053759
XPNPEP2	0.419	0.308	0.631	674	0.333676755765751
XPO1	0.169	-0.376	0.258	1071	0.322843209252038
XRCC1	0.428	0.306	0.634	633	0.320711735501286
XRCC2	0.188	-0.291	0.301	280	0.293445552778878
XRCC3	0.508	0.525	0.74	346	0.326368326201047
XRCC4	0.183	-0.401	0.252	336	0.324569118463356
FMNL1	0.546	0.538	0.752	1100	0.332986423407388
XRCC5	0.239	-0.149	0.387	732	0.33210938517924
CEMP1	0.378	0.177	0.563	247	0.311722773219842
YES1	0.178	-0.433	0.239	543	0.313361289408667
YY1	0.478	0.398	0.686	414	0.333474452181407
YWHAB	0.293	-0.037	0.449	246	0.361194870232634
LDLRAD4	0.496	0.445	0.705	306	0.326223893608113
YWHAE	0.259	-0.096	0.412	255	0.34904136816816
YWHAG	0.586	0.614	0.794	247	0.383432807267784
YWHAH	0.419	0.32	0.637	246	0.380039150634637
YWHAZ	0.228	-0.195	0.364	245	0.356508909269301
ZAP70	0.643	0.692	0.835	619	0.354844007623715
SF1	0.392	0.215	0.587	673	0.29269065217197
ZFP36	0.53	0.473	0.721	332	0.285614716992052
ZFP37	0.219	-0.301	0.323	645	0.330730975186105
PTTG1IP	0.398	0.282	0.61	180	0.339238596090539
ZBTB14	0.285	-0.045	0.45	449	0.32850624293162
ZFPL1	0.488	0.447	0.701	310	0.323712695068938
ZFX	0.248	-0.175	0.385	844	0.327499751227599
ZFY	0.222	-0.271	0.333	801	0.325287746987196
ZIC1	0.599	0.644	0.815	447	0.329146975881815
ZIC2	0.67	0.767	0.88	532	0.320684501059586
ZIC3	0.539	0.493	0.737	467	0.333225098266007
ZNF2	0.31	0.022	0.483	438	0.32236607151771
CFAP410	0.572	0.576	0.771	375	0.315942387527138
ZNF3	0.311	0.052	0.495	446	0.330249124751642
ZNF711	0.191	-0.381	0.272	807	0.30525333962701
ZNF7	0.313	0.021	0.482	697	0.335113083995444
ZNF8	0.384	0.224	0.589	575	0.32522762956172
CNBP	0.306	-0.029	0.46	179	0.350545037877071
ZNF10	0.231	-0.221	0.352	573	0.325439754636855
ZNF12	0.238	-0.208	0.366	697	0.331953903092466
ZNF14	0.215	-0.37	0.285	642	0.321434695208368
ZNF708	0.22	-0.322	0.309	563	0.343170583593558
ZNF16	0.341	0.082	0.517	682	0.329491836442642
ZNF17	0.252	-0.169	0.382	664	0.327518634341571
ZNF18	0.319	0.078	0.508	549	0.325825945173895
ZNF19	0.276	-0.099	0.42	458	0.328174690902242
ZNF20	0.23	-0.301	0.319	532	0.329886799865406
ZNF182	0.233	-0.254	0.343	639	0.320153197176866
TMEM50B	0.18	-0.394	0.255	158	0.306888011296727
ZNF22	0.292	-0.052	0.443	224	0.327261893904794
ZNF23	0.271	-0.113	0.417	643	0.339071313064196
ZNF24	0.224	-0.209	0.353	368	0.310463269381371
ZNF26	0.223	-0.242	0.344	533	0.321530520549971
ZNF28	0.222	-0.296	0.317	718	0.325440961232047
ZSCAN20	0.342	0.083	0.514	1043	0.332536730198972
MPPED1	0.624	0.673	0.826	326	0.343505429441187
ZNF32	0.299	-0.001	0.47	273	0.321659444595855
ZNF33A	0.228	-0.258	0.342	829	0.329886451019533
ZNF33B	0.232	-0.248	0.348	778	0.330223746905422
ZNF35	0.265	-0.095	0.425	527	0.34569787984336
ZKSCAN1	0.332	0.097	0.519	563	0.314596837205509
ZNF37A	0.223	-0.256	0.341	561	0.326403210301162
ZSCAN21	0.371	0.177	0.566	473	0.330873469217872
CA1	0.281	-0.105	0.421	261	0.322587335896283
ZNF41	0.267	-0.123	0.411	779	0.336637787751753
MZF1	0.56	0.549	0.759	734	0.304683941928517
ZNF43	0.225	-0.33	0.306	818	0.348156290510136
ZNF45	0.277	-0.087	0.43	682	0.325451028271372
ZBTB25	0.259	-0.099	0.415	435	0.325791838456057
CA2	0.327	0.049	0.498	260	0.341844545699825
CA3	0.398	0.216	0.585	260	0.336874476663205
CA4	0.52	0.494	0.73	312	0.343306084575769
ZNF69	0.285	-0.097	0.42	149	0.347902854765206
ZNF70	0.453	0.368	0.666	446	0.341590024871881
ZNF74	0.587	0.605	0.791	644	0.345134372902907
ZNF75D	0.256	-0.125	0.402	510	0.320769899564351
ZNF75A	0.224	-0.211	0.36	296	0.314566543097507
ZNF76	0.457	0.359	0.664	570	0.334329990429124
CA5A	0.402	0.305	0.63	305	0.318475246254996
ZNF79	0.368	0.167	0.563	498	0.334573592816894
ZNF80	0.359	0.145	0.554	273	0.344607792441662
ZNF84	0.224	-0.255	0.338	738	0.312509267159601
ZNF221	0.242	-0.204	0.368	617	0.323727600828273
ZNF85	0.207	-0.372	0.282	595	0.337885525819873
ZNF90	0.228	-0.229	0.351	601	0.327282294521478
ZNF91	0.211	-0.349	0.291	1191	0.325413302848459
CA6	0.441	0.369	0.664	313	0.335228442677832
ZNF99	0.201	-0.362	0.285	864	0.345252074093344
CA7	0.535	0.504	0.738	264	0.328477432608818
CA8	0.278	-0.004	0.461	290	0.324837361414816
ZNF222	0.249	-0.141	0.395	491	0.331837568451794
ZNF121	0.211	-0.31	0.316	390	0.326069356066345
ZNF124	0.233	-0.263	0.34	351	0.336445911249822
CA9	0.397	0.26	0.603	459	0.308145713468865
MKRN3	0.339	0.091	0.519	507	0.3324075324077
PRCD	0.448	0.349	0.647	54	0.290887770791476
RELL1	0.325	0.125	0.54	271	0.301789847221238
PSAPL1	0.539	0.536	0.753	521	0.361704332255234
ZNF131	0.218	-0.252	0.339	623	0.326936472908695
ZNF132	0.285	-0.039	0.452	706	0.326948695078719
ZNF133	0.393	0.252	0.604	667	0.321876212923183
ZNF134	0.266	-0.126	0.409	427	0.324024891708453
ZNF135	0.392	0.242	0.599	682	0.320968871716783
ZNF136	0.215	-0.32	0.305	540	0.309172631100981
ZNF138	0.212	-0.296	0.315	319	0.336019916965413
ZNF140	0.235	-0.227	0.351	457	0.32114209581643
CA11	0.448	0.379	0.663	328	0.313100137232367
ZNF141	0.223	-0.3	0.316	474	0.329147400898876
ZNF142	0.432	0.284	0.622	1687	0.326919788583864
ZNF143	0.222	-0.245	0.349	638	0.301551214859545
PCGF2	0.517	0.492	0.731	344	0.324646371739263
ZBTB16	0.536	0.507	0.739	673	0.34164458699177
ZNF146	0.283	-0.102	0.426	292	0.350902506397605
TRIM25	0.535	0.515	0.743	630	0.359855816733502
ZNF148	0.214	-0.29	0.322	794	0.316333590577207
ZBTB17	0.603	0.609	0.795	810	0.359821120613227
CA12	0.471	0.427	0.694	354	0.347242845945976
ZNF154	0.261	-0.096	0.421	437	0.311701677070757
ZNF155	0.255	-0.139	0.399	549	0.323939363070002
ZNF157	0.252	-0.174	0.379	506	0.320830680510995
VEZF1	0.303	0.006	0.478	521	0.310394876222442
ZNF165	0.241	-0.158	0.38	485	0.317363092080341
TRIM26	0.508	0.477	0.719	539	0.338928158663703
ZNF174	0.332	0.102	0.52	407	0.321655375050265
ZNF175	0.277	-0.07	0.438	711	0.34155249206629
CACNA1A	0.504	0.491	0.727	2512	0.331651245486166
ZNF177	0.277	-0.109	0.419	481	0.337332744889049
RNF112	0.465	0.433	0.694	631	0.334588103843369
ZNF180	0.22	-0.296	0.321	692	0.323196297443143
RNF113A	0.395	0.204	0.582	343	0.338537957491648
ZNF184	0.227	-0.291	0.324	751	0.329525819110447
ZNF185	0.389	0.166	0.561	721	0.320489144055011
CACNA1B	0.548	0.555	0.761	2339	0.334322123213659
ZSCAN26	0.285	-0.028	0.45	478	0.326299026579267
ZNF189	0.227	-0.239	0.343	626	0.320863577202089
ZKSCAN8	0.277	-0.043	0.44	578	0.318861406200681
ZSCAN9	0.272	-0.041	0.439	445	0.312351049589533
ZNF195	0.259	-0.138	0.402	629	0.344614624320432
CACNA1C	0.5	0.479	0.719	2186	0.346281286345274
ZMYM2	0.201	-0.36	0.286	1377	0.324847720310458
ZNF200	0.267	-0.101	0.415	395	0.321817745186127
ZNF202	0.317	0.045	0.491	648	0.305837844288723
ZNF205	0.6	0.626	0.803	554	0.320803815958245
ZNF207	0.2	-0.458	0.239	494	0.285643755155605
ZNF208	0.23	-0.305	0.322	1280	0.3456202831654
CACNA1D	0.329	0.135	0.535	2181	0.331628341675776
ZNF213	0.577	0.581	0.778	459	0.323968300666703
ZNF214	0.217	-0.254	0.34	606	0.322615138471526
ZNF215	0.236	-0.214	0.354	517	0.333505629811527
ZFAND5	0.228	-0.303	0.322	213	0.330613339615469
ZNF217	0.289	-0.028	0.461	1048	0.3236791215543
ZNF223	0.264	-0.093	0.419	482	0.323330534037496
ZNF224	0.258	-0.152	0.396	707	0.325571450203185
ZNF225	0.238	-0.183	0.374	706	0.316311628865083
ZNF226	0.242	-0.192	0.374	803	0.32896730428329
CACNA1E	0.427	0.344	0.646	2313	0.329256012200533
ZNF227	0.252	-0.155	0.395	799	0.32412895739025
ZNF112	0.237	-0.198	0.371	913	0.322050750019757
ZNF229	0.307	0.034	0.491	825	0.327719309131493
ZNF230	0.271	-0.074	0.431	474	0.332963548827577
ZNF232	0.282	-0.065	0.437	444	0.315248578706075
ZNF236	0.389	0.232	0.596	1847	0.330860559208924
SLC30A1	0.3	0.073	0.505	507	0.328280758804137
CACNA1F	0.451	0.392	0.672	1977	0.336608985189321
SLC30A2	0.481	0.458	0.709	372	0.351810807550837
SLC30A3	0.492	0.481	0.72	388	0.308895315795871
SLC30A4	0.214	-0.141	0.381	429	0.303021532935751
ZP2	0.31	0.035	0.49	745	0.32131236318431
ZP3	0.441	0.309	0.631	424	0.322409235980515
MAP3K12	0.39	0.225	0.586	892	0.305824101352309
ZXDA	0.443	0.328	0.645	799	0.318492613343575
CACNA1S	0.521	0.504	0.732	1873	0.353293611419991
ZYX	0.508	0.405	0.691	572	0.340037184640685
LUZP1	0.297	0.011	0.473	1076	0.316380197817694
PRDM2	0.263	-0.126	0.409	1718	0.319096379050565
DDR1	0.492	0.468	0.713	919	0.325767953954203
DNALI1	0.462	0.376	0.664	280	0.343649095799912
PTP4A1	0.185	-0.321	0.289	173	0.327343760834179
LRP8	0.474	0.402	0.682	963	0.341005039816898
LAPTM5	0.615	0.689	0.829	262	0.357169408476893
TVP23A	0.424	0.335	0.642	213	0.344629023945908
BSND	0.486	0.41	0.689	320	0.34138038666982
CACNA2D1	0.211	-0.258	0.33	1091	0.326968020364519
CSDE1	0.234	-0.216	0.357	844	0.329027830211237
EVI5	0.189	-0.284	0.31	821	0.31492727015389
DAP3	0.272	-0.046	0.436	398	0.326558939546216
CACNB1	0.475	0.411	0.686	598	0.32529433328455
NPHS2	0.315	0.13	0.528	383	0.309837752411454
CACNB2	0.282	-0.019	0.46	660	0.299680874001539
BTG2	0.685	0.768	0.875	158	0.342332867464251
PXDN	0.491	0.468	0.714	1479	0.334884484218
CACNB3	0.478	0.419	0.689	484	0.324474238737912
ALMS1	0.22	-0.258	0.337	4168	0.305933464914573
MOGS	0.388	0.292	0.618	837	0.296428076008411
RNF103	0.218	-0.203	0.356	685	0.315828638941909
TUBA1A	0.39	0.232	0.593	451	0.356285744484131
PAX8	0.508	0.474	0.722	450	0.315271159820309
CACNB4	0.254	-0.094	0.413	520	0.296250777506703
IL1R2	0.308	0.077	0.503	398	0.311366188710938
MALL	0.424	0.439	0.697	153	0.31867045078984
CXCR4	0.429	0.363	0.654	356	0.351148756032183
FZD5	0.754	0.859	0.925	585	0.339099574529721
SCG2	0.244	-0.135	0.394	617	0.34350642279867
CACNG1	0.622	0.678	0.826	222	0.33693015208
BRPF1	0.472	0.375	0.668	1220	0.329998309675528
IFRD2	0.461	0.424	0.688	506	0.322973089497873
MAPKAPK3	0.48	0.404	0.682	382	0.353005973667675
SEMA3B	0.543	0.565	0.766	754	0.311974394518791
SLMAP	0.206	-0.211	0.348	828	0.324700740662647
MANF	0.398	0.259	0.598	185	0.353756637973727
USP7	0.245	-0.117	0.406	1102	0.320892877118097
RAB7A	0.388	0.216	0.585	207	0.364433151773166
SLC25A20	0.344	0.147	0.544	301	0.339364556604277
KCNAB1	0.283	0.016	0.471	419	0.322615870118
SLBP	0.3	-0.009	0.463	270	0.29648876039125
DUSP26	0.495	0.479	0.715	211	0.314873429153065
CRELD1	0.41	0.261	0.612	422	0.34444742645677
MRPL57	0.618	0.711	0.84	102	0.303182480866104
COLEC11	0.506	0.45	0.71	285	0.352957020819409
OTUB2	0.47	0.394	0.674	234	0.358267878822012
PCYOX1L	0.524	0.516	0.743	494	0.346832548175912
YIPF2	0.598	0.607	0.789	316	0.331443944703934
PRR14	0.405	0.257	0.6	585	0.283410959505269
HROB	0.332	0.108	0.525	647	0.307740192316805
CYREN	0.392	0.193	0.576	157	0.320075168671847
GDAP1L1	0.625	0.662	0.818	386	0.337779327607344
LRFN4	0.591	0.653	0.812	635	0.320874311545726
CAD	0.418	0.305	0.628	2225	0.331896133028696
AUNIP	0.271	-0.077	0.429	371	0.325926142331962
VKORC1	0.487	0.539	0.747	163	0.320442270715992
TRIR	0.491	0.495	0.737	176	0.32769219680264
MIS12	0.252	-0.064	0.427	205	0.355379805161302
CUEDC2	0.482	0.421	0.692	287	0.352308894746995
SCNM1	0.294	-0.004	0.459	230	0.301560580915575
METRN	0.661	0.743	0.861	293	0.311414917423608
DBNDD1	0.506	0.488	0.727	278	0.288113957273797
SLX1B	0.509	0.511	0.737	275	0.305751394179911
DDX50	0.189	-0.349	0.278	737	0.303066693232586
CAMKV	0.437	0.273	0.618	501	0.351220145889694
DDA1	0.475	0.371	0.667	102	0.336121496897777
GGCT	0.25	-0.13	0.406	188	0.329413070218366
GID4	0.424	0.356	0.658	300	0.305087638607068
CENPM	0.545	0.554	0.757	180	0.335136707102716
C7orf25	0.25	-0.063	0.43	479	0.3176479626141
TMEM106C	0.35	0.152	0.545	250	0.341191966304611
NUP37	0.195	-0.337	0.291	326	0.313904780130204
SMIM2	0.378	0.182	0.561	85	0.327964654283926
FNDC11	0.668	0.726	0.851	318	0.322067943433698
AHNAK	0.309	-0.012	0.472	5890	0.335868498734637
ZNF655	0.234	-0.196	0.367	526	0.321072492861395
SPATA5L1	0.316	0.165	0.547	753	0.298244075715462
ST8SIA4	0.209	-0.219	0.338	359	0.298119170609444
PDCL3	0.292	0.007	0.463	239	0.335228241715499
ERI3	0.341	0.193	0.57	337	0.318531316401961
INTS15	0.469	0.491	0.722	449	0.329626905853808
NABP2	0.398	0.182	0.572	211	0.326517650446943
KXD1	0.607	0.603	0.787	176	0.30941580876202
PVRIG	0.441	0.377	0.667	326	0.296779515152078
ZFYVE21	0.526	0.506	0.737	252	0.342546158304844
DDX54	0.579	0.593	0.78	882	0.340829068861761
TMEM38A	0.565	0.608	0.789	299	0.331997159004854
TSEN34	0.473	0.437	0.697	315	0.321730138935377
KCTD15	0.598	0.658	0.815	283	0.317277528542971
SECISBP2	0.267	-0.105	0.418	854	0.325962408278193
REEP5	0.436	0.323	0.637	189	0.371707043408345
NOC4L	0.638	0.702	0.838	516	0.337861704928268
ALG8	0.22	-0.145	0.376	526	0.311169551710029
TRPM8	0.41	0.31	0.628	1104	0.354605291895394
PRRG4	0.208	-0.286	0.311	226	0.30380315622339
PRRG3	0.508	0.487	0.728	231	0.322433755893602
ASPSCR1	0.515	0.47	0.717	647	0.317848521770132
TMEM223	0.421	0.383	0.665	202	0.30010982298474
ATG9A	0.448	0.376	0.663	839	0.33324075543143
METTL16	0.258	-0.049	0.436	562	0.322580854614827
FTO	0.274	-0.059	0.432	505	0.32716904127587
POGLUT2	0.262	-0.079	0.427	502	0.326020598586919
ELOVL6	0.343	0.143	0.542	265	0.359679739155576
FASTKD3	0.192	-0.269	0.312	662	0.317609466485876
TMEM109	0.431	0.409	0.672	243	0.318719782362767
C2orf49	0.236	-0.155	0.385	232	0.30427336054418
DSCC1	0.219	-0.203	0.354	393	0.33101602146984
DCTPP1	0.399	0.315	0.63	170	0.310247591614544
C1orf50	0.363	0.204	0.577	199	0.337639345097795
CCDC86	0.452	0.372	0.665	360	0.308372657637638
LBHD1	0.293	-0.044	0.455	263	0.307625030066231
MLPH	0.429	0.314	0.636	600	0.327679843566582
WDR77	0.329	0.139	0.545	342	0.309195402490822
SLC25A23	0.525	0.535	0.746	468	0.336722368281389
SMIM7	0.418	0.383	0.656	103	0.356254337047386
ALG12	0.496	0.53	0.744	488	0.327569515475752
ZNF426	0.24	-0.2	0.37	554	0.326902512196205
TMUB2	0.38	0.236	0.593	321	0.312700236636043
TRAPPC6A	0.581	0.638	0.806	173	0.339716966288403
METTL22	0.381	0.251	0.598	404	0.313549164469363
CARD14	0.608	0.65	0.811	1004	0.3353090204963
CHAC1	0.532	0.486	0.729	222	0.358418095784292
BBLN	0.661	0.718	0.85	83	0.356550576302685
UQCC3	0.482	0.457	0.706	93	0.318480346077227
CSTPP1	0.371	0.218	0.58	337	0.322046525869593
TRIM48	0.333	0.183	0.552	224	0.340146124365644
C1orf116	0.393	0.191	0.571	601	0.308037809253021
TAF1D	0.175	-0.456	0.223	278	0.308273812252428
RNF26	0.436	0.408	0.672	433	0.318056965060353
MAPKAP1	0.313	0.081	0.51	522	0.32952202362955
DEK	0.231	-0.231	0.354	375	0.332065427786031
DHX58	0.521	0.508	0.735	678	0.350709229806238
NDUFAF5	0.215	-0.21	0.348	345	0.307162858817577
TMEM185B	0.396	0.349	0.642	350	0.312616063134495
APOO	0.239	-0.094	0.419	198	0.325569034490981
RETREG2	0.415	0.298	0.624	543	0.305148252445466
DERL1	0.266	0.003	0.455	251	0.312233892855087
CCDC28B	0.416	0.29	0.623	241	0.319517056067255
PHF23	0.341	0.073	0.512	403	0.307191692297515
MBOAT7	0.634	0.698	0.836	472	0.333600947043711
PPDPF	0.607	0.629	0.807	114	0.304681354974594
CHCHD7	0.236	-0.207	0.353	110	0.330942055667262
FKRP	0.661	0.734	0.856	495	0.322108960107199
MMP28	0.524	0.514	0.738	520	0.311054526904545
ZSCAN5A	0.381	0.208	0.579	496	0.32977476800464
ALDH5A1	0.351	0.178	0.562	548	0.339109889969221
FA2H	0.6	0.648	0.812	372	0.319419475521042
GDPD3	0.489	0.458	0.704	318	0.328872646423498
DHRS11	0.506	0.47	0.716	260	0.354042106531903
TNIP2	0.453	0.411	0.68	429	0.337145825576551
PLEKHF1	0.729	0.801	0.893	279	0.343208979463061
MFSD11	0.253	-0.092	0.413	449	0.334478607586129
GNPTAB	0.239	-0.172	0.373	1256	0.323652788505777
NOL12	0.484	0.442	0.697	213	0.303664967090683
PRRC2A	0.349	0.071	0.511	2157	0.288514328036358
TMEM243	0.224	-0.068	0.409	118	0.309715943740512
LENG1	0.446	0.354	0.65	264	0.326895900005509
LILRA6	0.494	0.438	0.702	481	0.316090946919401
C1orf35	0.596	0.586	0.781	263	0.324607499854381
BAG6	0.363	0.15	0.55	1132	0.315931307121206
PRR15L	0.437	0.276	0.62	103	0.332866363746908
RBM42	0.456	0.355	0.655	480	0.311360413904046
CENPO	0.279	0	0.461	300	0.321330304077299
BRME1	0.391	0.204	0.582	637	0.312869680213449
CRELD2	0.528	0.48	0.728	402	0.356940359668323
ZNF343	0.294	0.001	0.467	640	0.311390946073372
FBXL15	0.578	0.661	0.813	300	0.310346122752163
ZNF576	0.547	0.508	0.741	170	0.336591955774622
THTPA	0.382	0.212	0.576	230	0.32801872307743
GPANK1	0.373	0.188	0.563	356	0.309199620690459
EFHD2	0.721	0.805	0.896	240	0.353897191609374
TTPAL	0.348	0.192	0.562	342	0.325909444214901
BRCC3	0.277	0.003	0.465	316	0.315036466172785
FSD1	0.564	0.551	0.761	496	0.347673450838825
TMEM43	0.417	0.34	0.644	400	0.319627508523232
DDX39B	0.392	0.247	0.596	428	0.357597098723072
IRX6	0.423	0.276	0.617	446	0.314289082902389
IRX3	0.588	0.635	0.807	501	0.321644283106597
IRX1	0.617	0.683	0.834	480	0.320968528640136
ABHD16A	0.472	0.408	0.68	558	0.330712746860463
SLC39A7	0.311	0.068	0.502	469	0.289229255829681
THOC6	0.471	0.424	0.691	341	0.3309014925257
HSD17B8	0.397	0.274	0.614	261	0.330273452034246
ZNF557	0.283	-0.061	0.438	430	0.323260214710855
MMEL1	0.58	0.612	0.791	779	0.357695601894298
DCAF10	0.275	-0.027	0.452	559	0.28628407529065
OR13A1	0.497	0.526	0.744	328	0.343215311259454
OR5H6	0.188	-0.18	0.355	325	0.308638843618684
OR52E1	0.279	0.021	0.465	305	0.312681434962572
CALB1	0.272	-0.01	0.456	261	0.35353489839611
OR5H2	0.188	-0.259	0.311	314	0.306754147588949
OR4K5	0.232	-0.125	0.387	323	0.312672980358833
OR2H2	0.412	0.356	0.65	312	0.322891079333512
OR11H2	0.254	-0.064	0.424	326	0.323773653609441
OR51B4	0.279	0.027	0.466	310	0.317398530308208
OR4C5	0.317	0.145	0.536	326	0.343421107838008
NELFE	0.357	0.164	0.551	380	0.303493405519749
CPLANE2	0.506	0.479	0.721	258	0.328781811020048
ZXDC	0.454	0.378	0.671	858	0.308127728145219
BHLHE41	0.461	0.467	0.717	482	0.325414287481319
HMGN5	0.177	-0.582	0.192	282	0.35305621935745
FCRL2	0.326	0.099	0.521	508	0.331509878264057
B3GNT4	0.448	0.375	0.66	378	0.3123432960903
BCL2L14	0.309	0.067	0.506	327	0.332643700851066
CALB2	0.45	0.371	0.664	271	0.360153691698398
LST1	0.391	0.311	0.62	104	0.315857808786669
NOX5	0.517	0.493	0.726	765	0.333608129226733
PLA2G7	0.194	-0.303	0.3	441	0.320857527636387
GLB1L	0.312	0.095	0.511	654	0.312015277990565
KREMEN2	0.625	0.694	0.836	462	0.321089535478807
ZBED2	0.402	0.201	0.574	218	0.326439843395067
LRFN3	0.615	0.643	0.807	628	0.318133690394536
CYBC1	0.539	0.558	0.762	187	0.334597239022506
TFEB	0.561	0.541	0.755	490	0.331047569923096
HAUS3	0.16	-0.4	0.246	603	0.331996454510152
LRRC2	0.265	-0.016	0.448	371	0.327949259131624
FYCO1	0.466	0.4	0.679	1478	0.353739765046383
BIRC7	0.544	0.499	0.734	298	0.320976802834459
WDR25	0.382	0.218	0.585	544	0.311548788983371
PAGR1	0.504	0.466	0.718	254	0.30855469866927
ULBP3	0.398	0.313	0.628	244	0.314723707441663
OR52N1	0.311	0.099	0.512	320	0.328173603458052
OR10G6	0.332	0.208	0.565	332	0.332156410513578
S100G	0.196	-0.301	0.308	79	0.326588773406982
OR4F5	0.258	-0.027	0.44	305	0.311373918362299
OR2A4	0.337	0.241	0.581	310	0.324193247876458
OR4K1	0.256	-0.047	0.43	311	0.330042871726623
OR6J1	0.396	0.294	0.613	347	0.328139701878524
RIPOR1	0.44	0.328	0.642	1239	0.297334330626561
MAIP1	0.316	0.106	0.519	291	0.32823579617617
EPM2A	0.426	0.317	0.635	331	0.334380268401786
NKAIN1	0.617	0.663	0.817	207	0.36316503110726
GCC1	0.411	0.307	0.626	775	0.337897518589801
ATP13A3	0.194	-0.307	0.297	1226	0.321630661028219
TTC13	0.257	-0.049	0.436	860	0.333579850870325
EPS8L3	0.445	0.362	0.655	594	0.312920969782514
ABHD8	0.562	0.572	0.772	439	0.331106112404053
NKAP	0.284	-0.048	0.442	415	0.307119069618396
CDC73	0.204	-0.267	0.32	531	0.314365364731655
SLC52A2	0.489	0.454	0.706	445	0.328732810517421
SPAG16	0.223	-0.207	0.356	631	0.317072213604574
TMEM231	0.472	0.49	0.724	316	0.329192778454474
CORO7	0.533	0.512	0.739	925	0.317831269127574
CHPF	0.563	0.561	0.762	775	0.311656920862098
CARS2	0.375	0.229	0.587	564	0.323941583674046
RNF128	0.283	0.002	0.47	428	0.319845754230469
MRPL24	0.362	0.194	0.567	216	0.319785096237041
ARMH3	0.286	0.049	0.485	689	0.332528480996662
MUL1	0.479	0.447	0.703	352	0.345608584485655
SAP130	0.292	-0.062	0.44	1083	0.306618405338015
OBI1	0.205	-0.305	0.309	726	0.315167933868919
CEP97	0.192	-0.285	0.31	865	0.312681795214561
CALCA	0.44	0.338	0.647	141	0.321957259968686
TCTN1	0.29	-0.005	0.468	592	0.322342032792151
ADIPOR2	0.273	-0.021	0.449	386	0.312465676697597
CERS4	0.514	0.516	0.736	394	0.325577994448633
PGBD5	0.61	0.651	0.814	524	0.338951415820233
FAM118B	0.254	-0.067	0.428	351	0.326936134178782
RIC3	0.266	-0.118	0.406	369	0.321339421775213
VCPKMT	0.264	-0.034	0.443	229	0.321403917088629
ACSS3	0.233	-0.159	0.384	686	0.31531859684745
NAA16	0.182	-0.338	0.276	864	0.342069831692535
TANGO6	0.274	-0.002	0.459	1094	0.324757978991609
CCNJL	0.518	0.529	0.748	435	0.316326504271658
HMBOX1	0.248	-0.157	0.384	443	0.302513778764362
RNASEH2B	0.215	-0.237	0.349	312	0.347865399990183
SNRNP25	0.435	0.406	0.68	132	0.358401633928735
GALNT14	0.428	0.357	0.653	557	0.337014862043972
ARMT1	0.179	-0.357	0.271	441	0.315412791034217
NDNF	0.28	-0.057	0.44	568	0.326953759057643
TNFAIP8L2	0.483	0.45	0.702	184	0.318482911943992
OGFRL1	0.278	-0.078	0.434	451	0.336748581271071
SH3TC2	0.384	0.251	0.593	1288	0.332224310909049
OCEL1	0.517	0.457	0.71	264	0.310661374525694
C1orf54	0.255	-0.144	0.391	131	0.29902220663139
EFL1	0.23	-0.192	0.362	1120	0.325275015421914
FAM184A	0.194	-0.242	0.331	1140	0.331803819842164
FAT4	0.247	-0.142	0.394	4981	0.314831089681964
SCRN3	0.184	-0.364	0.273	424	0.317695195088412
CCDC121	0.259	-0.01	0.454	440	0.323746952228814
ARMC7	0.601	0.659	0.815	198	0.336269846698606
TMEM53	0.514	0.522	0.738	277	0.324701526887928
C22orf46P	0.384	0.217	0.578	243	0.313106059278625
ROGDI	0.69	0.777	0.88	287	0.361426614644625
ARSJ	0.278	-0.041	0.445	599	0.327920424993153
CHMP6	0.591	0.596	0.779	201	0.370855369662418
SRD5A3	0.342	0.227	0.581	318	0.315405618280129
CLXN	0.215	-0.273	0.32	211	0.330591449178549
PANK3	0.205	-0.263	0.323	370	0.316434446868315
AKIRIN1	0.324	0.124	0.532	192	0.287376657923306
MCPH1	0.24	-0.18	0.375	835	0.313831103434867
MAP7D3	0.239	-0.182	0.376	876	0.317196311654553
AIMP2	0.361	0.234	0.59	320	0.344108556146736
USB1	0.465	0.411	0.686	265	0.318347007934175
RHBDF2	0.63	0.652	0.813	856	0.332818547387173
TMEM204	0.607	0.672	0.822	226	0.337170025230681
HECTD3	0.488	0.451	0.705	861	0.326253239906592
BEND5	0.373	0.261	0.604	421	0.336092209066635
RPAP3	0.179	-0.397	0.256	665	0.337138302579365
ARHGAP10	0.282	-0.043	0.444	786	0.326140908608088
DYNC2H1	0.168	-0.385	0.251	4314	0.317483020640705
PPP1R3B	0.4	0.252	0.604	285	0.354564979709781
NEIL1	0.528	0.481	0.72	390	0.323751862705681
HSPBAP1	0.227	-0.222	0.355	488	0.310800815876223
ICE2	0.171	-0.415	0.248	982	0.30615247139766
DHX40	0.188	-0.317	0.288	779	0.304404643957104
PLEKHF2	0.206	-0.311	0.303	249	0.326789313301198
PARP8	0.228	-0.214	0.353	854	0.31251947866831
C3orf52	0.283	0.035	0.481	250	0.324697886097009
TUT7	0.211	-0.26	0.326	1495	0.322125342020053
NLRX1	0.484	0.456	0.704	975	0.327060534171947
FN3KRP	0.439	0.387	0.672	309	0.3415574216178
ZNF329	0.278	-0.086	0.427	541	0.331225753846365
VEPH1	0.272	-0.036	0.442	833	0.333269684198782
FASTKD1	0.164	-0.379	0.248	847	0.30756271163417
OGFOD2	0.566	0.598	0.784	350	0.332386403023868
SMC6	0.173	-0.384	0.255	1091	0.326632396227763
VTCN1	0.325	0.107	0.52	282	0.345117214372729
RTL10	0.407	0.225	0.593	364	0.32003581363923
CENPU	0.199	-0.323	0.293	418	0.311858577363329
ZDHHC14	0.479	0.442	0.703	488	0.322124195261875
MSANTD2	0.328	0.153	0.547	559	0.32864172510261
SAP30L	0.461	0.377	0.669	183	0.354523656058221
STEAP4	0.229	-0.147	0.375	459	0.316723048824385
GAL3ST4	0.397	0.279	0.61	486	0.309799013913522
QTRT2	0.268	-0.056	0.433	427	0.31333566330092
ZNF322	0.235	-0.222	0.355	402	0.322879915253915
YRDC	0.442	0.408	0.68	279	0.318401799239609
MANEA	0.195	-0.344	0.279	462	0.313955567716596
GALNT12	0.409	0.324	0.634	581	0.318797975192975
ZC2HC1C	0.326	0.067	0.505	456	0.327086929064513
RIOX1	0.435	0.392	0.671	641	0.307626070323982
ZMAT4	0.309	0.068	0.502	229	0.327608319689239
ZYG11B	0.221	-0.159	0.372	744	0.322314043722795
CALCB	0.525	0.489	0.726	127	0.33651260933012
OGFOD3	0.467	0.442	0.702	331	0.319038342231314
C11orf80	0.299	0.074	0.502	677	0.299362364013994
LRRK1	0.478	0.457	0.708	2015	0.340600277292903
PRKRIP1	0.365	0.188	0.571	184	0.330824716465781
NOL9	0.297	0.063	0.492	702	0.308020903202751
COLGALT1	0.614	0.647	0.81	622	0.32868537866523
MORC4	0.269	-0.068	0.431	937	0.332167869890215
IPO4	0.444	0.391	0.669	1081	0.334956281532934
GTDC1	0.224	-0.198	0.357	458	0.318995578573123
IGFLR1	0.447	0.394	0.673	355	0.304594800848064
CCDC51	0.367	0.237	0.587	411	0.317233978901995
NPEPL1	0.572	0.597	0.784	523	0.342423459058959
PPCS	0.335	0.146	0.542	311	0.322695380345488
TBL1XR1	0.181	-0.4	0.262	514	0.297970908558983
AAGAB	0.224	-0.213	0.36	315	0.313929099122377
VPS37B	0.413	0.348	0.65	285	0.323877788475237
ANKRD55	0.312	0.056	0.495	614	0.316706255662687
SUV39H2	0.213	-0.282	0.319	410	0.347982206508311
ZNF768	0.498	0.436	0.702	540	0.318512379512873
THAP9	0.18	-0.315	0.289	903	0.307214957888621
WDR59	0.365	0.191	0.569	974	0.327066745212086
LIN28A	0.476	0.385	0.678	209	0.330918502251858
PALB2	0.202	-0.301	0.309	1186	0.307356373916885
SH3D21	0.429	0.287	0.625	645	0.313423274823473
NSUN7	0.199	-0.289	0.308	718	0.316364846964613
NARS2	0.231	-0.149	0.383	477	0.314801851691575
E2F8	0.277	-0.067	0.434	867	0.311548330020899
KCTD17	0.6	0.624	0.801	321	0.341367048856848
TBC1D17	0.575	0.596	0.783	648	0.317921475848902
TEFM	0.212	-0.161	0.37	360	0.310633107900872
BBS10	0.175	-0.347	0.274	723	0.300127149172036
TTLL7	0.207	-0.262	0.32	887	0.31557806413599
ZBBX	0.177	-0.395	0.259	839	0.31941218066551
CCDC7	0.159	-0.478	0.215	1385	0.308449551961611
DIPK2B	0.432	0.339	0.642	433	0.337900927164288
ZNF419	0.256	-0.123	0.406	511	0.322756411734574
CLIP4	0.214	-0.288	0.316	705	0.313735830141993
ECHDC3	0.48	0.49	0.726	303	0.337959863496439
LMAN1L	0.443	0.356	0.651	526	0.306698793050154
MAFK	0.706	0.806	0.895	156	0.323914803672766
ZNF385D	0.273	-0.107	0.416	395	0.316212156601932
SLC25A22	0.64	0.69	0.833	323	0.373688412616103
ZFAND1	0.214	-0.285	0.315	268	0.340097915711761
SNIP1	0.325	0.109	0.522	396	0.297542482102575
ASB13	0.551	0.576	0.773	278	0.362901486218839
ZNF750	0.406	0.24	0.601	723	0.322905961297656
DHRS12	0.347	0.14	0.541	317	0.323716596972581
ZNF668	0.574	0.571	0.774	642	0.317767512894938
FZD3	0.216	-0.232	0.332	666	0.303866055948762
GEMIN7	0.405	0.27	0.605	131	0.321290604786005
C1orf115	0.638	0.736	0.858	142	0.308449979121515
ISOC2	0.574	0.624	0.795	221	0.34043276475192
ELMO3	0.573	0.591	0.777	773	0.333023307993031
KATNBL1	0.158	-0.435	0.231	304	0.320429540122782
TXNDC15	0.283	-0.005	0.462	360	0.310424808472516
MCTP1	0.297	0.069	0.499	999	0.310710173228768
GRTP1	0.478	0.478	0.717	344	0.332922329576339
ZFHX4	0.276	-0.082	0.431	3616	0.324669203570682
ACBD4	0.432	0.288	0.622	341	0.31065357209918
MICALL2	0.506	0.464	0.715	904	0.315581653386852
MTERF1	0.201	-0.228	0.328	399	0.318455546883216
CCDC82	0.174	-0.425	0.242	544	0.313821210268572
IQCA1	0.286	0.032	0.479	830	0.349794412193429
LRRC31	0.231	-0.104	0.401	552	0.314767338109179
SUGCT	0.255	-0.105	0.409	471	0.323817419921538
MYH14	0.578	0.597	0.781	2036	0.343391272561196
RERGL	0.218	-0.256	0.322	205	0.335460799025991
KLHL36	0.701	0.758	0.87	616	0.362008261080001
ZNF665	0.228	-0.287	0.326	678	0.331913064525493
CLMN	0.309	0.04	0.491	1002	0.315725437471902
SEM1	0.295	0.016	0.474	118	0.315980940817134
FBXO31	0.605	0.627	0.799	539	0.323332357172051
GSDMD	0.547	0.569	0.769	484	0.320457234369537
SPRING1	0.478	0.462	0.712	205	0.359443096247479
ALG9	0.263	-0.064	0.425	618	0.324531624063348
ZNF408	0.453	0.355	0.657	720	0.320419069808657
ARMC5	0.461	0.435	0.692	1030	0.299345376172861
UGT2A3	0.209	-0.225	0.342	527	0.313132032172287
TFPI2	0.351	0.098	0.52	235	0.362310626010676
CARF	0.191	-0.338	0.289	725	0.306950162598022
SHCBP1	0.257	-0.087	0.42	672	0.338239179226392
HHIPL2	0.37	0.191	0.566	724	0.340796364648381
HPS6	0.43	0.371	0.657	775	0.298903996875843
VASH2	0.449	0.372	0.662	355	0.323902514735994
GSTCD	0.22	-0.196	0.358	633	0.324459114094185
TTC21B	0.178	-0.343	0.275	1316	0.333817711678635
PTCD2	0.248	-0.08	0.415	388	0.345671530486808
SLTM	0.212	-0.298	0.308	1034	0.297173112540766
MMRN2	0.538	0.54	0.754	949	0.339371913779926
EHMT1	0.468	0.39	0.678	1298	0.343937023740445
AGMAT	0.417	0.339	0.644	352	0.318888095107001
NIPAL2	0.244	-0.087	0.412	383	0.322965552564827
TLE6	0.485	0.425	0.695	572	0.324502149580236
MOB3B	0.44	0.35	0.654	216	0.353962805946603
ZNF552	0.272	-0.08	0.432	407	0.318015924231132
DNAI4	0.183	-0.388	0.265	848	0.307492599219429
ST7	0.237	-0.118	0.396	585	0.317304290568392
CATSPERB	0.189	-0.334	0.286	1116	0.305730878926962
ARHGAP28	0.216	-0.219	0.346	570	0.316309507632476
CAMKMT	0.245	-0.069	0.427	323	0.322360357156411
EFCC1	0.584	0.617	0.792	598	0.31195177480232
CLMP	0.311	0.065	0.499	373	0.319902924599413
METTL8	0.204	-0.319	0.301	407	0.317152617432415
NAA40	0.403	0.278	0.619	237	0.353779381873048
ZMYM1	0.179	-0.393	0.257	1142	0.323300270713656
KDM8	0.465	0.411	0.683	454	0.338466074038042
QSER1	0.182	-0.412	0.258	1735	0.308911914100735
GEMIN6	0.266	-0.08	0.427	167	0.337846364320703
PEAK1	0.282	-0.079	0.429	1746	0.319441213649389
LONRF3	0.326	0.15	0.545	759	0.324850036081029
PIP4K2C	0.423	0.311	0.634	421	0.340272562664411
TMC5	0.326	0.08	0.504	1006	0.33213678055424
CCDC102B	0.202	-0.236	0.333	513	0.335644430941264
ARHGEF5	0.364	0.159	0.553	1597	0.308307097794431
NHEJ1	0.288	0.011	0.469	299	0.318962122010131
AGBL2	0.253	-0.102	0.41	902	0.329785337878333
ZBTB3	0.34	0.05	0.499	574	0.311509480709165
FAM124B	0.369	0.2	0.57	455	0.32785235096065
ZDHHC11	0.449	0.415	0.687	412	0.344566003287845
RNF122	0.411	0.356	0.655	155	0.369098876587796
CFAP69	0.17	-0.368	0.261	941	0.325500906033226
MFSD13A	0.553	0.605	0.785	517	0.324700877055927
CSPP1	0.194	-0.332	0.282	1221	0.311944063512494
NHERF4	0.429	0.325	0.638	505	0.322496087414575
TLCD3A	0.477	0.508	0.73	257	0.320075251324141
EPHX3	0.572	0.619	0.792	360	0.320314217398558
TM4SF20	0.231	-0.123	0.392	229	0.30609262210094
SNX22	0.589	0.593	0.782	193	0.333413386328558
NEK11	0.24	-0.154	0.38	645	0.336761317206287
TUBAL3	0.367	0.223	0.586	446	0.332316943607908
ZNF669	0.24	-0.181	0.374	464	0.309599645762087
RBFA	0.387	0.24	0.594	343	0.319217942609313
JHY	0.26	-0.079	0.429	778	0.329212649449221
TREML2	0.441	0.339	0.646	321	0.322488331488998
BORA	0.2	-0.351	0.289	634	0.296179712724654
TCTN2	0.265	-0.046	0.44	697	0.3290243379692
ALG13	0.234	-0.258	0.341	1137	0.324699037805392
CPSF7	0.317	0.036	0.484	514	0.298761764714567
BAALC	0.448	0.342	0.655	145	0.312396964068355
RPAP2	0.194	-0.326	0.29	612	0.317647773913884
CBLL1	0.205	-0.42	0.252	491	0.289243794408496
NUDT18	0.524	0.54	0.752	323	0.328529510967153
RABEP2	0.62	0.653	0.812	569	0.341618179750726
THSD4	0.466	0.374	0.67	1018	0.337353070263894
UBA5	0.202	-0.277	0.321	404	0.317059368102082
DCAKD	0.588	0.65	0.807	231	0.336918353995082
CCDC134	0.529	0.527	0.743	229	0.354825479269067
ZNF212	0.458	0.358	0.657	495	0.330022975626255
ZC3H14	0.228	-0.251	0.338	736	0.313347262648155
PODNL1	0.595	0.67	0.817	510	0.313822446440785
MAP9	0.176	-0.462	0.23	647	0.324631961655195
HDAC11	0.512	0.493	0.725	347	0.331322795600278
CAAP1	0.258	-0.066	0.435	361	0.321765585305928
PLBD1	0.294	0.01	0.47	553	0.32558607078139
LPCAT1	0.462	0.419	0.687	534	0.326174231526603
RIN3	0.551	0.557	0.763	985	0.324828816896929
ZNF671	0.292	-0.007	0.463	534	0.317242996211613
MCMBP	0.238	-0.128	0.395	642	0.323528405112382
GGNBP2	0.217	-0.25	0.336	697	0.317813491919824
ZNF672	0.592	0.615	0.794	452	0.309623017315735
ATP8B4	0.229	-0.152	0.38	1192	0.326167022536571
THNSL1	0.18	-0.37	0.268	743	0.311176597129856
RPP21	0.429	0.393	0.671	162	0.305279016658717
ZNF613	0.251	-0.134	0.402	617	0.327607925398613
PRR5L	0.495	0.474	0.715	368	0.329016834243741
CALCR	0.303	0.025	0.476	508	0.345136076318552
CYBRD1	0.284	0.09	0.504	286	0.308497363956605
NUP85	0.362	0.217	0.572	656	0.328684352034733
NAA60	0.36	0.243	0.591	249	0.316445450404225
TMC7	0.356	0.233	0.581	758	0.321210915283522
MORN1	0.458	0.391	0.679	497	0.316733258037148
BTNL8	0.347	0.154	0.547	500	0.317668160478094
TUSC3	0.267	-0.034	0.439	348	0.329790103437783
PYROXD1	0.203	-0.312	0.303	500	0.324989458951266
ACTR5	0.383	0.27	0.608	607	0.337073581995019
ATAD5	0.174	-0.428	0.243	1844	0.31798432882805
MAGIX	0.42	0.369	0.66	334	0.274829015528636
SETD6	0.406	0.33	0.639	473	0.324517816409434
MAB21L4	0.63	0.676	0.824	447	0.327406199482155
TCEAL4	0.287	-0.053	0.444	358	0.323816983068888
MRM1	0.447	0.448	0.699	353	0.301353450345598
NANOG	0.365	0.139	0.553	305	0.363430080702953
ADM2	0.538	0.55	0.755	148	0.289199049464933
SPEF2	0.198	-0.299	0.304	1822	0.323990111523362
FAM110D	0.611	0.655	0.816	271	0.297193962465022
MAP6D1	0.583	0.608	0.793	199	0.304086362445891
UBXN8	0.217	-0.145	0.38	270	0.311728571792931
DOK3	0.575	0.556	0.762	496	0.315258400843172
TNIP3	0.256	-0.094	0.414	376	0.343396265730156
KIAA0319L	0.315	0.059	0.501	1049	0.323556833068404
SYNPO2L	0.377	0.177	0.564	977	0.29874327768744
COQ8B	0.517	0.497	0.729	544	0.336459321831725
CCNP	0.476	0.499	0.723	307	0.291912364690884
CNTNAP3C	0.313	0.087	0.513	1288	0.314426094356997
CNTNAP3	0.313	0.087	0.513	1288	0.314426094356997
SLC35E1	0.601	0.712	0.845	410	0.316947632059021
KAT6A	0.294	-0.026	0.459	2004	0.326902946895512
ZNF696	0.649	0.709	0.846	374	0.325858074574155
L2HGDH	0.207	-0.265	0.319	463	0.315622120852397
DHDDS	0.41	0.319	0.629	334	0.342733786687138
PLPPR3	0.741	0.854	0.923	746	0.328932930751841
PLEKHS1	0.251	-0.149	0.391	465	0.3138362367244
SYNDIG1	0.575	0.602	0.787	258	0.341583334503956
NOL10	0.215	-0.181	0.365	688	0.318353390384908
PDZD7	0.52	0.505	0.733	1033	0.306206416088418
ERMP1	0.254	-0.101	0.41	904	0.314032551842371
PAQR6	0.457	0.38	0.668	351	0.307109817104939
DENND1C	0.462	0.414	0.686	801	0.318184353901645
CEP76	0.177	-0.38	0.257	659	0.302029285267739
JADE1	0.362	0.163	0.555	842	0.333254610326871
DENND2D	0.368	0.232	0.588	471	0.342086671998132
DNAJC22	0.393	0.294	0.617	341	0.324398436855373
SCD5	0.471	0.425	0.689	330	0.334345862308497
WDR76	0.216	-0.238	0.34	626	0.303070407521315
ATAT1	0.347	0.108	0.521	409	0.315698750453715
WLS	0.35	0.177	0.556	543	0.347253117785241
ZNF442	0.212	-0.346	0.293	627	0.309546621903867
CPED1	0.225	-0.183	0.366	1026	0.318870898692571
GRHL2	0.364	0.176	0.565	625	0.34944697575259
TRMT2B	0.288	0.004	0.464	504	0.327249319628448
DSN1	0.227	-0.199	0.36	356	0.318517161516605
FRMD1	0.56	0.552	0.759	549	0.324672761352604
DNAJB14	0.203	-0.303	0.311	379	0.331325615810395
POF1B	0.235	-0.159	0.381	595	0.320554238240767
SVEP1	0.278	-0.095	0.425	3571	0.329519990619123
TTC26	0.237	-0.146	0.383	554	0.35811025849304
PLEKHH3	0.524	0.55	0.755	793	0.301178878021062
STN1	0.326	0.114	0.522	368	0.331736098205355
ELOVL7	0.235	-0.154	0.382	281	0.309554477826086
ANKRD53	0.539	0.514	0.741	530	0.327262863963578
CALD1	0.29	-0.051	0.442	793	0.333009707249077
PSCA	0.623	0.665	0.82	114	0.396070496818427
GREB1L	0.308	0.082	0.507	1923	0.317680387427165
PCNX2	0.331	0.149	0.544	2137	0.317140575297158
ESRP2	0.433	0.362	0.659	717	0.314722154278902
DOCK5	0.344	0.167	0.551	1870	0.336730711921403
TRAPPC13	0.192	-0.312	0.299	418	0.310592500107453
C10orf88	0.238	-0.113	0.401	445	0.322288460731568
TMEM156	0.204	-0.224	0.333	296	0.306937328288767
GLRA3	0.22	-0.202	0.352	464	0.307503405159953
RMI1	0.151	-0.476	0.209	625	0.309308249402155
PSME3IP1	0.329	0.091	0.518	254	0.345100768793297
PHC3	0.222	-0.263	0.33	995	0.303812693903606
MINDY3	0.185	-0.314	0.299	445	0.306226849169948
WWC2	0.263	-0.055	0.432	1192	0.316058433334353
DGLUCY	0.382	0.229	0.588	621	0.334146039272317
NAA25	0.217	-0.176	0.364	972	0.324225971585317
UBTD1	0.629	0.63	0.8	227	0.333740851464119
FOXRED2	0.524	0.532	0.747	684	0.329712223867227
TMEM62	0.257	-0.051	0.428	643	0.30114595608637
NRSN2	0.531	0.5	0.733	204	0.32262366720263
SLC8B1	0.486	0.466	0.71	584	0.330558026969391
PANK2	0.31	0.109	0.517	570	0.297322543465247
FBXL18	0.668	0.768	0.874	718	0.334576363528561
SEMA6D	0.261	-0.114	0.41	1073	0.313279895279475
ZNF556	0.269	-0.08	0.435	456	0.324564645646967
CSRNP3	0.289	-0.047	0.449	585	0.319358372716003
TRPM3	0.346	0.187	0.561	1707	0.326455502022664
GPR157	0.608	0.701	0.837	335	0.316436435295249
PGAP1	0.179	-0.334	0.279	922	0.310849321639447
LRRTM4	0.276	0.013	0.466	591	0.330606917026099
ATF7IP2	0.194	-0.367	0.277	682	0.315664052159013
DCAF17	0.227	-0.17	0.372	520	0.31923155092642
ADAMTS20	0.214	-0.275	0.327	1910	0.319775452604343
CCDC15	0.209	-0.253	0.33	951	0.334924132881588
TUBA4B	0.489	0.424	0.69	241	0.334574881537017
ZNF606	0.225	-0.28	0.328	792	0.328762101361113
MZT2B	0.561	0.586	0.779	218	0.301592899814003
CALM1	0.222	-0.3	0.314	150	0.328004503136363
ZFP2	0.21	-0.349	0.296	461	0.320777149716816
ZNF614	0.235	-0.203	0.364	585	0.317968135746721
C3orf36	0.352	0.233	0.59	165	0.288847762417582
BICC1	0.248	-0.142	0.393	974	0.308845421386884
BAIAP2L2	0.641	0.685	0.831	529	0.312910971712381
ARL14	0.261	-0.032	0.448	192	0.350267170421387
PIF1	0.48	0.451	0.701	707	0.314581975280269
MAP3K19	0.216	-0.253	0.333	1328	0.312895679399249
VCPIP1	0.219	-0.236	0.343	1222	0.313443490851354
CCDC33	0.506	0.459	0.709	755	0.351268095983015
BBOF1	0.229	-0.147	0.384	529	0.345020501258451
TRIM46	0.53	0.5	0.732	759	0.334206829609252
CCDC170	0.27	-0.013	0.454	715	0.347050441286305
NR4A3	0.418	0.341	0.65	637	0.316796565333297
LRRC8E	0.571	0.642	0.805	796	0.349106883107565
MROH9	0.225	-0.122	0.388	861	0.320407417632619
RPF1	0.228	-0.199	0.357	349	0.316848630093946
ZNF703	0.641	0.736	0.862	590	0.309745519066234
PTGES2	0.616	0.662	0.819	377	0.352016369113189
SIKE1	0.293	0.086	0.505	211	0.347248075896582
FRAS1	0.335	0.095	0.521	4012	0.331531183587015
THOC7	0.187	-0.315	0.289	204	0.326650650151501
UXS1	0.347	0.2	0.57	425	0.337484005435485
SLC66A2	0.693	0.746	0.863	271	0.350206911954568
ZC3H12A	0.514	0.447	0.706	599	0.317831195523945
ASRGL1	0.321	0.088	0.52	308	0.329510619314495
CENPT	0.369	0.171	0.558	561	0.304575223548255
EDC3	0.353	0.14	0.541	508	0.331731873832043
NAA15	0.183	-0.347	0.274	866	0.340831770822877
CWH43	0.222	-0.18	0.36	699	0.304226348526368
PGGHG	0.537	0.52	0.745	737	0.330110057863787
PRR36	0.405	0.208	0.582	1346	0.281874896121422
ABHD18	0.186	-0.301	0.298	464	0.306096130529336
MOGAT2	0.455	0.431	0.69	334	0.329649792951616
CTC1	0.357	0.21	0.572	1217	0.314983170174172
IFT74	0.184	-0.32	0.293	600	0.325131669826873
DBF4B	0.341	0.106	0.524	615	0.299157967126433
SPSB1	0.51	0.507	0.734	273	0.328436163079293
MYCT1	0.245	-0.122	0.389	235	0.291575476884279
TEDC2	0.455	0.39	0.671	433	0.31356988432487
MYO19	0.429	0.328	0.638	970	0.337050425400576
RUBCNL	0.302	0.014	0.478	662	0.326524289486061
CEP290	0.156	-0.408	0.238	2479	0.339768095783237
TTI2	0.28	0.058	0.487	508	0.313304942981457
BRD3	0.511	0.465	0.721	726	0.344872370901986
TMEM134	0.657	0.709	0.844	195	0.329375498134831
TMEM254	0.357	0.234	0.586	123	0.323796799268073
RNF34	0.293	0.004	0.472	373	0.324046926148114
MUS81	0.466	0.418	0.683	551	0.309053553232201
FUZ	0.494	0.517	0.735	418	0.302472436200131
HKDC1	0.456	0.393	0.672	917	0.347958860388864
FBXO11	0.199	-0.346	0.286	927	0.311165707692757
CHD9	0.185	-0.382	0.263	2897	0.309650810666522
FHOD3	0.366	0.203	0.574	1622	0.31920672240491
OPA3	0.588	0.65	0.808	180	0.340241522294941
SPG11	0.25	-0.071	0.421	2443	0.329285767906438
PROSER1	0.217	-0.298	0.318	944	0.29178029214012
NUP214	0.278	-0.122	0.417	2090	0.299337712715498
ARMC9	0.37	0.226	0.584	818	0.330586892297238
CCDC92	0.5	0.47	0.717	331	0.32505021930315
TM2D3	0.342	0.139	0.54	247	0.320255903641483
ALPK1	0.27	-0.049	0.442	1244	0.323777624031779
CFAP43	0.219	-0.183	0.364	1665	0.334621837694924
NAA50	0.274	-0.067	0.428	169	0.353415520528087
COQ10B	0.178	-0.329	0.283	238	0.281532518184721
LHX3	0.662	0.732	0.857	402	0.332506857856396
ACSF2	0.469	0.411	0.685	640	0.353315648512315
TARS2	0.337	0.136	0.532	718	0.312483553013996
RAB11FIP1	0.354	0.145	0.549	1283	0.313367085454526
NUBPL	0.2	-0.237	0.334	319	0.304074169874794
PAAF1	0.264	-0.103	0.411	393	0.322281386567725
ORAI2	0.699	0.773	0.877	254	0.339392942731811
RUFY1	0.346	0.224	0.582	708	0.337251102997565
TASL	0.261	-0.099	0.416	301	0.326501223264812
WDR26	0.239	-0.109	0.407	661	0.307173754326207
FAAP100	0.559	0.555	0.761	881	0.324472668200191
PIGZ	0.464	0.449	0.701	579	0.306526264664768
ELL3	0.304	0.066	0.496	397	0.314357792390399
PREX2	0.245	-0.119	0.402	1606	0.328500190208063
CEP63	0.208	-0.222	0.342	703	0.322649035259074
SLC35F5	0.184	-0.332	0.278	523	0.302546545282724
ATOSB	0.388	0.23	0.59	538	0.29223393199285
EFHC2	0.233	-0.175	0.373	749	0.324665288221366
PHAF1	0.301	0.023	0.48	422	0.333197624734135
TRIM45	0.385	0.235	0.593	580	0.339173266645217
ZNF430	0.212	-0.317	0.306	570	0.337223438640073
EDEM3	0.206	-0.272	0.32	932	0.319338630959385
STAM	0.216	-0.282	0.327	540	0.328947289250839
HSD3B7	0.571	0.564	0.766	369	0.338758348844384
ITPKC	0.456	0.353	0.659	683	0.314764660689712
GRPEL1	0.359	0.185	0.565	217	0.366281629562211
SCUBE1	0.587	0.569	0.774	988	0.365108204491987
CDK5RAP3	0.448	0.358	0.654	531	0.359354272955988
MLLT10	0.207	-0.313	0.312	1068	0.302157891374426
CUBN	0.273	-0.075	0.432	3623	0.320788330070322
MTERF2	0.174	-0.296	0.296	385	0.320392507475357
CCDC6	0.324	0.115	0.527	474	0.318381603932591
PLEKHO2	0.433	0.292	0.626	490	0.320767908614216
EFHD1	0.622	0.656	0.815	239	0.339424801785076
WDCP	0.221	-0.204	0.354	721	0.306555186620148
TRABD	0.677	0.726	0.853	379	0.348458579165353
MED28	0.308	0.045	0.491	178	0.341659353066956
FLAD1	0.389	0.252	0.596	587	0.319754201001239
SPHKAP	0.296	0.012	0.475	1700	0.32527159617317
NCOA4	0.279	-0.033	0.452	650	0.339022762982815
PDGFD	0.289	-0.027	0.448	370	0.322039259763913
KLHL15	0.267	-0.038	0.443	604	0.320526241020961
TET1	0.226	-0.22	0.357	2136	0.315338046914112
LRRC27	0.292	0.054	0.484	530	0.314445577797476
EPC1	0.221	-0.234	0.344	836	0.310706321627451
CPEB4	0.259	-0.166	0.384	729	0.312927483684893
PPP1R2C	0.305	0.078	0.515	202	0.330573401222654
ZKSCAN3	0.318	0.073	0.506	538	0.325457271537451
GKAP1	0.173	-0.407	0.251	366	0.326680595723048
CXXC4	0.472	0.44	0.707	367	0.333853760132327
SP6	0.571	0.619	0.8	376	0.31005102358401
CEP70	0.181	-0.315	0.292	597	0.34184899034899
CCDC68	0.201	-0.239	0.331	335	0.34448402872965
PUS1	0.568	0.585	0.778	427	0.334447851143897
ABTB1	0.574	0.574	0.77	478	0.341360892374147
WNT10A	0.593	0.617	0.793	417	0.321459828430604
ULBP2	0.372	0.233	0.587	246	0.319181686329446
ULBP1	0.331	0.126	0.531	244	0.32876921994722
DNAJC5	0.589	0.608	0.795	198	0.385064776635945
ADAM33	0.533	0.512	0.74	813	0.323292322114993
KCNIP4	0.274	-0.071	0.431	250	0.341041270246536
WDR82	0.332	0.091	0.517	313	0.33903550881813
PABPC1L	0.521	0.484	0.725	614	0.337001761224642
PNPLA3	0.413	0.341	0.644	481	0.315012107136346
SLC25A16	0.197	-0.271	0.32	332	0.299575653968675
BPIFB2	0.501	0.491	0.724	458	0.330229966761679
TRAF3IP3	0.367	0.212	0.574	551	0.346079894782236
SEL1L2	0.204	-0.221	0.342	575	0.342486408768876
DCAF11	0.382	0.223	0.583	546	0.328493783147657
ZSCAN16	0.26	-0.11	0.403	348	0.315238455336097
REEP4	0.557	0.542	0.753	257	0.336159749613166
COASY	0.435	0.376	0.662	593	0.324717436465836
SKIC8	0.271	-0.088	0.423	305	0.321645291678901
TNKS2	0.192	-0.324	0.294	1166	0.31626691446775
RNF39	0.499	0.493	0.726	420	0.293204344136676
SHOC2	0.202	-0.18	0.354	582	0.320625518302771
ADAM12	0.347	0.137	0.54	909	0.329963127825996
PDCD1LG2	0.305	0.074	0.5	273	0.319007069347468
CD276	0.606	0.593	0.785	534	0.344677954023126
RASSF7	0.471	0.368	0.659	373	0.322883750055422
CSRP3	0.366	0.14	0.556	194	0.357615545245352
CALM2	0.183	-0.445	0.237	149	0.320791893279475
PDHX	0.226	-0.213	0.349	501	0.306177484314845
FOSL1	0.486	0.393	0.677	271	0.302144796745315
CUL5	0.164	-0.384	0.251	780	0.320931748363848
UBXN6	0.649	0.695	0.836	441	0.366352577609923
SLC19A3	0.302	0.079	0.508	496	0.332732552609365
TSGA10	0.192	-0.32	0.285	698	0.333959654692571
AKNA	0.427	0.287	0.623	1439	0.301909918605728
ESX1	0.407	0.232	0.596	406	0.28952371143132
PBX4	0.479	0.39	0.675	374	0.339746902438103
SLC35G2	0.197	-0.279	0.313	412	0.318928673737491
ACAD10	0.342	0.143	0.538	1090	0.323837186760124
SRCIN1	0.611	0.655	0.816	1183	0.314637319420619
IQCN	0.47	0.4	0.682	1367	0.314876843983114
TTYH3	0.712	0.805	0.895	523	0.339866810371802
ARHGAP39	0.69	0.751	0.868	1114	0.335961634119929
PTP4A2	0.206	-0.288	0.311	167	0.32769048965753
THSD7B	0.271	-0.094	0.421	1606	0.319306458221183
SLC44A4	0.483	0.488	0.722	710	0.356196110311988
VWA7	0.441	0.357	0.654	891	0.30173022609256
MPIG6B	0.451	0.425	0.685	241	0.290817639361134
FGF23	0.523	0.529	0.747	251	0.322955375723216
LY6G6C	0.461	0.392	0.672	125	0.343785456282732
LY6G5C	0.359	0.22	0.585	150	0.32402747182424
PRR3	0.329	0.01	0.475	188	0.288428766032582
THUMPD2	0.195	-0.293	0.304	503	0.324246787547763
TSEN2	0.277	-0.041	0.442	465	0.322691090957017
AARSD1	0.367	0.22	0.581	412	0.323994793090448
TMEM121	0.804	0.915	0.953	319	0.325774096125204
PRR7	0.645	0.741	0.86	274	0.273513241578074
KHDC1	0.346	0.146	0.538	237	0.298982547021753
MFAP5	0.263	-0.074	0.419	173	0.319707618535179
ITIH5	0.431	0.349	0.649	942	0.333710967863164
NDFIP1	0.263	-0.112	0.406	221	0.314104075922928
SPX	0.3	0.111	0.509	116	0.297719646654613
THAP7	0.485	0.415	0.685	309	0.31457616097908
STARD5	0.37	0.201	0.578	213	0.323641766146838
CPTP	0.723	0.812	0.898	214	0.326758344495769
LIMD2	0.764	0.797	0.895	127	0.399337663447549
TMEM177	0.428	0.348	0.65	311	0.318163182405086
B9D2	0.527	0.538	0.753	175	0.320663212833097
CYB5B	0.287	0.028	0.486	150	0.3079774760583
ZNF34	0.379	0.211	0.581	560	0.338340477745783
USP5	0.481	0.42	0.692	858	0.349966542298685
COL18A1	0.497	0.441	0.706	1754	0.302726482617786
INTS5	0.35	0.189	0.562	1019	0.305829686622383
MLF2	0.43	0.311	0.63	248	0.291972656729291
CMIP	0.535	0.55	0.757	773	0.348641689453336
CALM3	0.466	0.359	0.662	149	0.350966526390959
ASXL3	0.231	-0.215	0.36	2248	0.309241173099814
CEP44	0.186	-0.358	0.273	399	0.318942020878221
ZNF436	0.286	-0.067	0.438	470	0.315344094079913
SSPN	0.465	0.468	0.714	243	0.349461182012015
EEPD1	0.493	0.462	0.712	569	0.328527924651644
DDHD1	0.274	-0.016	0.459	900	0.30020583969958
GPRASP3	0.224	-0.268	0.33	547	0.338383647504168
DUSP16	0.339	0.139	0.542	665	0.325508648782173
ZFP91	0.302	0.011	0.475	570	0.313546905817533
APOL6	0.316	0.095	0.514	343	0.333530342413007
APOL5	0.311	0.055	0.496	433	0.320791308837336
APOL4	0.288	0.005	0.462	351	0.328701184562046
APOL3	0.31	0.054	0.491	402	0.326296840688565
TAS1R2	0.622	0.673	0.824	839	0.357115422796892
TAS1R1	0.487	0.445	0.702	841	0.346896143494344
KMT2D	0.391	0.211	0.583	5537	0.316138077211142
SH3BP5L	0.503	0.48	0.72	393	0.325155129739776
GRIP2	0.52	0.486	0.723	1043	0.308510079168334
KDM7A	0.234	-0.198	0.364	941	0.31004247013674
SETD7	0.311	0.035	0.496	366	0.33982906166545
LNPK	0.174	-0.447	0.227	459	0.302754247859656
AAAS	0.356	0.158	0.549	546	0.299156012314462
PRRT1	0.556	0.528	0.753	306	0.310552957357956
EGFL8	0.499	0.493	0.728	293	0.329416794674955
FXR1	0.187	-0.372	0.268	621	0.308319328585421
YEATS4	0.172	-0.386	0.261	227	0.315420298628184
ILKAP	0.326	0.116	0.528	392	0.332285443000012
NPL	0.296	-0.003	0.465	320	0.353712987111673
HMGA2	0.297	-0.096	0.418	147	0.295588057481949
ALX1	0.311	0.016	0.481	326	0.313192993329844
TMPRSS5	0.415	0.317	0.634	457	0.319330075243169
CDK2AP1	0.462	0.445	0.703	115	0.335922354867382
ACTN4	0.672	0.726	0.853	911	0.372635347872978
CALML3	0.763	0.825	0.907	149	0.354687817527022
IFT88	0.178	-0.406	0.25	833	0.333129184015669
GJA9	0.219	-0.192	0.358	515	0.318421750498376
TUBB1	0.457	0.406	0.684	451	0.351967702998015
WNT5B	0.64	0.704	0.842	359	0.363044088708861
ZBP1	0.367	0.162	0.554	429	0.318857193389694
SLC2A10	0.455	0.413	0.68	541	0.316699330638068
KCNH6	0.57	0.585	0.777	994	0.331896181289203
SLC25A32	0.207	-0.166	0.373	315	0.308816134670395
COLEC12	0.33	0.1	0.523	742	0.33837570256681
CLPTM1L	0.531	0.538	0.753	538	0.344019666559243
OR5AC2	0.214	-0.143	0.372	309	0.307243830591704
PABPN1	0.406	0.286	0.622	306	0.302658222696518
OR11H1	0.256	-0.065	0.423	326	0.32481063366479
OR4F17	0.257	-0.035	0.436	305	0.31197359412497
CALR	0.496	0.374	0.673	417	0.363182544190586
DPF3	0.377	0.209	0.577	412	0.326220456470536
GPR68	0.788	0.881	0.936	365	0.367226840106558
OR4K15	0.237	-0.074	0.417	348	0.300981175958497
TCL1A	0.441	0.483	0.714	114	0.300281073484709
OR8J3	0.254	-0.065	0.423	315	0.325236163786462
AP3B2	0.476	0.411	0.686	1101	0.33699862137723
ANP32A	0.295	0.08	0.51	249	0.332468412712275
ST8SIA2	0.438	0.412	0.681	375	0.338515787508163
OR51G2	0.372	0.241	0.584	314	0.323551612660118
OR51E2	0.365	0.242	0.587	320	0.332785067560012
CALU	0.294	-0.015	0.466	323	0.331351858908877
OR4P4	0.234	-0.071	0.413	312	0.332426508733217
OR4C15	0.25	-0.047	0.429	370	0.333069292803262
NPRL3	0.502	0.472	0.714	569	0.327498260739781
OR4A5	0.236	-0.07	0.421	315	0.321482778802505
OR4A16	0.229	-0.069	0.412	328	0.319913022172829
OR4A15	0.227	-0.111	0.396	344	0.32189494021008
OR10W1	0.402	0.304	0.623	305	0.355192257766781
GAN	0.271	-0.012	0.455	597	0.322306614082454
OR2AE1	0.344	0.219	0.572	323	0.33664715957726
OR4F16	0.294	0.077	0.5	312	0.314375600031052
CAMK4	0.279	-0.014	0.461	473	0.330166345121939
SLC7A5	0.686	0.806	0.895	507	0.352936395598949
OR6N2	0.303	0.044	0.477	317	0.349121900416285
OR6K2	0.301	0.05	0.484	324	0.318791114943721
OR2L5	0.303	0.078	0.498	312	0.328234304954614
OR2G3	0.286	0.073	0.492	309	0.324938103248122
OR2G2	0.313	0.17	0.546	317	0.324561864452608
OR2C3	0.406	0.352	0.649	320	0.326010987588496
TAF15	0.236	-0.256	0.348	592	0.304636232534475
POLR2M	0.24	-0.152	0.383	368	0.314792649667047
PTDSS2	0.585	0.631	0.801	487	0.334831624874482
GPR63	0.279	0.005	0.458	419	0.322065296750772
RSPH6A	0.613	0.598	0.788	717	0.350697406351828
SYNC	0.376	0.232	0.588	482	0.345518794648528
CFHR5	0.184	-0.398	0.265	569	0.316189224042995
CAMK2A	0.524	0.494	0.729	489	0.348351087951951
DCSTAMP	0.267	-0.012	0.444	470	0.314217816882084
HM13	0.505	0.47	0.714	426	0.331913940075548
RND2	0.451	0.354	0.655	227	0.335324432316394
MOB2	0.599	0.622	0.8	268	0.36307728532475
ITFG1	0.214	-0.209	0.353	612	0.305784639228023
SGPP1	0.358	0.263	0.596	441	0.31498842988443
SLC38A1	0.237	-0.085	0.411	503	0.321263535980631
TMX1	0.205	-0.271	0.319	280	0.295168321586243
LRRC3	0.697	0.757	0.869	257	0.348201143680917
GDPD5	0.595	0.642	0.806	605	0.32559265357141
FBXO38	0.238	-0.168	0.376	1188	0.314257415238728
TDRD3	0.185	-0.407	0.253	744	0.309004783237497
STMN4	0.452	0.378	0.667	216	0.376384821988653
VOPP1	0.504	0.45	0.71	172	0.346960044076047
CYRIA	0.307	0.04	0.482	323	0.338721300450228
RCC1L	0.402	0.288	0.621	464	0.323552108595714
YIPF5	0.194	-0.271	0.324	257	0.320673651253916
INTS14	0.251	-0.11	0.406	461	0.322538385214987
MAGED4B	0.445	0.336	0.647	757	0.333349831077447
FAM117A	0.441	0.329	0.643	453	0.306275230439144
TRIM11	0.631	0.684	0.828	468	0.323868846429034
LMAN2L	0.367	0.244	0.592	359	0.318689423826405
C1orf21	0.244	-0.164	0.393	121	0.367192932581116
NDEL1	0.206	-0.214	0.352	345	0.315728159341001
CSRNP2	0.402	0.219	0.586	543	0.325355527377651
TXNDC5	0.431	0.353	0.658	432	0.331657304656341
ACTL8	0.521	0.502	0.733	366	0.333132905772127
CLPB	0.421	0.317	0.63	707	0.335308067892304
PDRG1	0.357	0.209	0.57	133	0.357101678932367
ANKRD13C	0.241	-0.097	0.411	541	0.315296380428694
APOLD1	0.617	0.702	0.836	279	0.319471388253461
YJU2B	0.607	0.627	0.802	396	0.337279199166508
GFOD2	0.524	0.519	0.742	385	0.340385405357972
COL21A1	0.184	-0.371	0.276	957	0.301818549759858
PLA2G12A	0.321	0.097	0.516	189	0.331638218959358
CAMK2B	0.526	0.498	0.732	666	0.33903990539734
CDADC1	0.208	-0.274	0.32	514	0.332864436512988
TRIM8	0.677	0.735	0.861	551	0.363017912153741
URM1	0.359	0.156	0.543	146	0.298771968652493
LBH	0.494	0.446	0.707	105	0.339364742487758
NECTIN4	0.485	0.437	0.7	510	0.315948572426279
FIP1L1	0.208	-0.354	0.284	594	0.287728036971289
SNX27	0.324	0.119	0.532	541	0.33618137227838
COIL	0.234	-0.158	0.387	576	0.313869167889673
FAM83D	0.405	0.287	0.618	585	0.315834871084709
ANP32E	0.22	-0.224	0.348	268	0.333844865034383
NIPA2	0.227	-0.161	0.37	360	0.317914814860279
TMEM163	0.454	0.472	0.713	289	0.30688579172273
ACSBG2	0.333	0.13	0.534	666	0.345968450389328
CAB39L	0.266	-0.065	0.422	337	0.351466826780051
ITM2C	0.619	0.67	0.822	267	0.362585379637928
TSPAN14	0.528	0.525	0.744	270	0.378113763160632
CDT1	0.613	0.634	0.802	546	0.309932016276968
KAZALD1	0.517	0.458	0.709	304	0.331289311740728
UNC93B1	0.662	0.733	0.856	597	0.351936866402983
DEFB126	0.229	-0.268	0.337	111	0.319927433030311
DIAPH3	0.216	-0.205	0.351	1193	0.326739301372343
SHCBP1L	0.221	-0.201	0.357	653	0.317269429181519
TRMT1L	0.219	-0.242	0.339	733	0.322312195522853
TSC22D4	0.492	0.439	0.702	395	0.297618985732455
TSSK3	0.435	0.357	0.655	268	0.343882880823616
MAP1LC3B	0.328	0.18	0.558	125	0.317546881429761
AKAP1	0.376	0.206	0.579	903	0.318993935346725
CCNL2	0.407	0.325	0.636	520	0.31515374947773
VMP1	0.223	-0.196	0.355	406	0.325241879396762
C6orf62	0.271	-0.058	0.432	229	0.341334074954364
ISCA1	0.212	-0.215	0.354	129	0.309153574094723
REXO5	0.252	-0.073	0.42	774	0.319017318606511
AMN	0.633	0.734	0.857	453	0.307624118500749
OR5V1	0.249	-0.072	0.417	321	0.330780974204219
OR2B2	0.235	-0.133	0.384	357	0.316069086952551
CAMK2D	0.252	-0.144	0.39	533	0.336231651488042
SLC14A2	0.442	0.387	0.669	920	0.330005667922668
DOCK8	0.343	0.153	0.545	2099	0.335478654161889
PPP1R14C	0.388	0.285	0.621	165	0.32842377190581
MADCAM1	0.651	0.73	0.856	382	0.303508632489556
SF3A2	0.521	0.448	0.713	464	0.307678023252146
ELL	0.574	0.583	0.777	621	0.334086439172365
TRIM7	0.606	0.664	0.82	511	0.330478624111675
NUAK2	0.501	0.474	0.718	672	0.323667397526654
TIGD6	0.257	-0.099	0.409	521	0.336036435433521
RNF170	0.186	-0.256	0.312	258	0.303326768247887
ADAMTS12	0.351	0.12	0.534	1594	0.328417593993549
TLR10	0.194	-0.243	0.323	811	0.316894244554512
ADAMTS10	0.569	0.574	0.773	1103	0.331288357529109
SLCO5A1	0.311	0.098	0.518	848	0.32310669041297
OR12D3	0.285	0.05	0.48	316	0.331487657656466
CAMK2G	0.419	0.302	0.628	556	0.341871717550541
NETO2	0.238	-0.186	0.368	525	0.323569541728112
NETO1	0.278	-0.08	0.425	533	0.326621072842862
SPACA1	0.223	-0.148	0.387	294	0.30183086438985
VANGL1	0.37	0.26	0.598	524	0.324353428018051
TRIM56	0.568	0.581	0.775	755	0.335140699575936
SBF2	0.237	-0.137	0.391	1849	0.31445536609015
RNF146	0.185	-0.402	0.257	359	0.287828606657608
SPRY4	0.585	0.601	0.788	322	0.333144299311588
ST6GALNAC5	0.467	0.388	0.672	336	0.311594150313339
KRTAP1-3	0.599	0.502	0.745	167	0.369379429254036
KRTAP1-1	0.568	0.441	0.714	177	0.372700306992234
TMEM14B	0.249	-0.12	0.404	151	0.309891526812896
SFXN3	0.474	0.394	0.674	325	0.354361998503598
ZNF611	0.222	-0.277	0.325	705	0.330961044502789
MED25	0.513	0.483	0.727	747	0.332745168083874
SHARPIN	0.423	0.3	0.628	387	0.310946506624555
ZNF239	0.307	0.01	0.48	458	0.330257456180002
KRTAP9-9	0.626	0.543	0.766	169	0.397295972643593
KRTAP4-6	0.629	0.586	0.784	205	0.394522737590749
KRTAP2-1	0.846	0.878	0.937	128	0.374938741203786
ARPC5L	0.387	0.347	0.651	153	0.33240517898143
ISG20L2	0.358	0.162	0.557	353	0.345014540782021
RAB1B	0.546	0.518	0.744	201	0.372607622802299
LAS1L	0.367	0.211	0.578	734	0.331631900182331
HYI	0.428	0.397	0.675	302	0.318864987075753
FAHD1	0.519	0.526	0.746	248	0.329906886712692
SYMPK	0.574	0.589	0.778	1274	0.343554511360008
QTRT1	0.577	0.587	0.778	403	0.331170117692925
SLIRP	0.204	-0.249	0.33	109	0.287868776968124
SLC25A28	0.397	0.287	0.622	364	0.333366584712266
CAMLG	0.262	-0.026	0.449	296	0.298918787219276
MIA	0.468	0.388	0.672	131	0.349666246640204
CLPP	0.579	0.636	0.803	277	0.336610792521097
ABHD17A	0.702	0.778	0.881	361	0.348263163034152
CABLES2	0.547	0.572	0.77	478	0.31184100662119
SEH1L	0.227	-0.248	0.339	421	0.29870487111309
DPF1	0.547	0.557	0.763	414	0.345383156293082
KIF18A	0.175	-0.394	0.257	898	0.324022292087702
ZNF93	0.222	-0.3	0.319	620	0.334534986060237
HDHD3	0.451	0.4	0.675	251	0.321513358425556
MKKS	0.2	-0.228	0.332	570	0.309350949752977
CAMP	0.448	0.36	0.653	173	0.335871040912401
GDF5	0.528	0.481	0.721	501	0.335914232598406
NCOA3	0.236	-0.198	0.368	1424	0.317368033357197
NRIP1	0.206	-0.303	0.312	1158	0.314621586709521
CHAF1B	0.305	0.025	0.483	559	0.314971315523104
GATD3	0.486	0.432	0.7	268	0.350347457403766
CANX	0.249	-0.223	0.356	592	0.335372372553822
DGCR6	0.583	0.631	0.799	220	0.355262465548157
LZTR1	0.576	0.587	0.78	840	0.354665461899692
CLTCL1	0.389	0.245	0.594	1640	0.36110697032917
CAPG	0.538	0.485	0.727	348	0.374044466870117
ESS2	0.507	0.448	0.707	476	0.32711132749173
SYN3	0.463	0.368	0.666	580	0.332631730919034
GTPBP6	0.588	0.661	0.816	516	0.31842898292005
PUDP	0.376	0.272	0.613	251	0.316967536186015
AKAP17A	0.675	0.72	0.848	695	0.339078276762338
PNPLA4	0.298	0.087	0.508	253	0.325275002816755
CAPN1	0.588	0.621	0.796	714	0.342105865793485
ZRSR2	0.297	0.011	0.468	482	0.320202743033431
USP11	0.47	0.406	0.684	963	0.337250419139442
USP9X	0.187	-0.325	0.288	2570	0.317298472518512
CAPN2	0.455	0.401	0.678	700	0.340360789957311
RBM10	0.502	0.438	0.702	995	0.33415542232398
KDM5C	0.437	0.334	0.642	1560	0.333871836130161
SMC1A	0.421	0.291	0.62	1233	0.382050447569084
CAPN3	0.444	0.343	0.651	821	0.350435888457159
CAPNS1	0.449	0.36	0.659	268	0.339845941056118
NAA10	0.498	0.439	0.702	235	0.352390459023969
F8A1	0.693	0.806	0.896	371	0.332687373009251
UBL4A	0.561	0.583	0.773	157	0.326878407072231
TMEM187	0.542	0.573	0.77	261	0.332609120871758
CAPN6	0.346	0.119	0.528	641	0.346146083947594
LAGE3	0.431	0.369	0.662	143	0.284846211841702
SLC10A3	0.535	0.59	0.776	477	0.330913402593415
TKTL1	0.358	0.153	0.548	596	0.33577565099395
CAPS	0.546	0.534	0.751	275	0.311778600496685
KDM5D	0.336	0.118	0.526	1570	0.334613014392459
USP9Y	0.177	-0.365	0.265	2555	0.31638340030421
EPX	0.465	0.442	0.694	715	0.326102597208477
ARID1A	0.415	0.255	0.612	2285	0.329500129432173
CAPZA1	0.246	-0.145	0.394	286	0.335719243223938
H3-4	0.653	0.695	0.833	136	0.328776447018732
DYSF	0.5	0.451	0.705	2119	0.33733135377065
COLQ	0.338	0.085	0.517	455	0.313161717869926
SERF1B	0.306	-0.075	0.434	110	0.358686201062545
SERF1A	0.306	-0.075	0.434	110	0.358686201062545
H4C9	0.624	0.674	0.822	103	0.337877914885387
TRRAP	0.405	0.31	0.628	3859	0.343382579618937
CAPZA2	0.202	-0.327	0.295	286	0.329923124556792
PICALM	0.201	-0.324	0.299	652	0.310572453186523
KLRC4	0.216	-0.188	0.355	158	0.336903482979756
SNN	0.634	0.713	0.845	88	0.353409183516412
ACOX2	0.393	0.277	0.61	681	0.327582804590573
CAST	0.244	-0.252	0.35	769	0.318104790478355
ACOX3	0.402	0.308	0.627	700	0.329150586681177
AXIN1	0.517	0.478	0.723	862	0.325158129418966
AXIN2	0.446	0.361	0.662	843	0.317592738267026
BAP1	0.48	0.413	0.687	729	0.328957195333925
BRAP	0.303	0.062	0.501	592	0.335976392518782
CDC7	0.195	-0.346	0.283	574	0.32407056514751
CDC45	0.403	0.287	0.618	598	0.329536573685488
CAPZB	0.371	0.19	0.566	301	0.341994889935304
EOMES	0.39	0.251	0.609	705	0.327957398107124
FZD1	0.681	0.766	0.875	647	0.349849764685135
FZD4	0.336	0.138	0.536	537	0.339935108016261
FZD6	0.206	-0.268	0.322	706	0.310024394740166
FZD7	0.707	0.801	0.894	574	0.340518608019498
FZD8	0.738	0.852	0.922	694	0.332819903541489
PCDH11Y	0.242	-0.167	0.38	1340	0.316883504316984
FZD9	0.701	0.81	0.898	591	0.330433027821915
GFI1B	0.632	0.639	0.81	330	0.332055894304948
H2AC13	0.585	0.629	0.798	130	0.346034879900955
CARS1	0.393	0.278	0.615	831	0.344569373653527
H2AC15	0.557	0.558	0.76	130	0.358082837472121
H2AC14	0.555	0.566	0.764	128	0.345710796806044
H2AC16	0.6	0.629	0.798	130	0.356241346699362
H2AC6	0.52	0.531	0.744	130	0.350490892583124
H2AC4	0.448	0.389	0.667	130	0.337705973146571
H2AC17	0.517	0.53	0.744	130	0.352534474372294
H2AC18	0.571	0.626	0.797	130	0.353071814238517
H2AC20	0.548	0.609	0.787	129	0.348660438360507
H2BC8	0.513	0.429	0.699	126	0.36715998931655
PITPNM3	0.563	0.583	0.777	974	0.325270304891996
CASP1	0.254	-0.111	0.407	404	0.325182335483842
H2BC13	0.788	0.846	0.919	126	0.3691449068121
ELOVL3	0.473	0.454	0.706	270	0.347509823694054
H2BC15	0.755	0.799	0.894	126	0.362624482580811
FCRL5	0.341	0.127	0.534	977	0.309150840018915
FCRL4	0.306	0.025	0.48	515	0.315418275240541
H2BC14	0.532	0.492	0.732	126	0.360588303898815
H2BC7	0.626	0.614	0.797	126	0.365874383013978
TCF7L1	0.531	0.516	0.746	588	0.321593123806417
H2BC6	0.696	0.738	0.862	126	0.365449507172319
ADPGK	0.33	0.159	0.549	496	0.307223781626268
SH3BGRL3	0.592	0.631	0.802	93	0.374077206433497
SF3B5	0.618	0.646	0.812	86	0.362903815461849
INO80B	0.432	0.367	0.661	356	0.306987102411781
GSG1	0.388	0.276	0.616	339	0.317984082338174
CCDC70	0.402	0.294	0.62	233	0.341010149792638
SLC25A31	0.238	-0.123	0.4	315	0.325627372510029
PUS7L	0.182	-0.382	0.261	701	0.324160161388719
PMFBP1	0.4	0.31	0.63	1007	0.375666921308796
H2BC9	0.615	0.614	0.797	126	0.364950296575556
DRC3	0.526	0.534	0.745	523	0.370378827312586
ABHD11	0.473	0.437	0.694	315	0.31425051522293
RAB33B	0.296	0.033	0.484	229	0.318056060233041
H2BC10	0.623	0.645	0.813	126	0.357286197632274
EMC6	0.568	0.707	0.84	110	0.322274078285578
CDCA3	0.314	0.024	0.483	268	0.288579735357796
MXD3	0.617	0.657	0.812	206	0.318673658559915
APH1B	0.304	0.117	0.518	257	0.321726558310654
GLT8D2	0.307	0.075	0.5	349	0.338201799576746
H2BC4	0.63	0.63	0.805	126	0.358965158262887
KATNAL2	0.305	0.072	0.499	466	0.313627381232225
DOHH	0.714	0.791	0.887	302	0.347336535585614
ARHGAP24	0.31	0.056	0.501	748	0.326473167144404
DDX59	0.2	-0.248	0.327	619	0.31919997619244
H2BC17	0.665	0.677	0.829	126	0.366385266582771
PUS3	0.237	-0.176	0.371	481	0.327919826556133
EPPK1	0.692	0.776	0.879	5088	0.335351220409503
SCRT1	0.657	0.742	0.865	348	0.327991356550575
PLVAP	0.581	0.618	0.792	442	0.361608933740991
H2BC21	0.741	0.785	0.886	126	0.359622480870605
CASP2	0.343	0.154	0.547	452	0.332567444657547
H3C1	0.488	0.422	0.684	136	0.338224253147794
H3C4	0.548	0.532	0.744	136	0.346203747456751
H3C3	0.484	0.394	0.669	136	0.344528182419429
H3C6	0.507	0.463	0.707	136	0.339794112644541
ODAD4	0.358	0.195	0.568	672	0.35435922114929
CHST9	0.221	-0.178	0.372	443	0.327205907780354
H3C11	0.546	0.546	0.752	136	0.316386646037639
NUF2	0.205	-0.232	0.339	464	0.34958102642769
FAM110A	0.53	0.512	0.737	295	0.291178313320528
AIF1L	0.418	0.336	0.642	176	0.345023778595119
DNAL1	0.247	-0.059	0.425	190	0.361441021294608
RTBDN	0.404	0.307	0.625	261	0.294343486041959
RILP	0.54	0.579	0.774	401	0.315886815736518
COG3	0.234	-0.136	0.387	828	0.328157918960975
UCK1	0.514	0.5	0.731	282	0.335853218246052
H3C8	0.521	0.477	0.714	136	0.337142596788663
GPR101	0.514	0.493	0.73	508	0.345722615260335
TAAR8	0.218	-0.164	0.374	342	0.327399639380456
MFRP	0.485	0.406	0.686	579	0.323789879852143
H3C12	0.466	0.394	0.669	136	0.327520157836677
H3C10	0.593	0.601	0.782	136	0.341794385222846
H3C2	0.452	0.367	0.654	136	0.340665296558356
H4C1	0.485	0.474	0.713	103	0.33975282764598
TMUB1	0.517	0.543	0.753	246	0.304232474466006
THAP2	0.19	-0.319	0.286	228	0.3064695540578
AKR1E2	0.372	0.206	0.571	320	0.354631139069658
RASSF5	0.504	0.525	0.743	418	0.31518472357541
NUDT12	0.177	-0.365	0.269	462	0.319523565079573
SOX7	0.601	0.632	0.805	388	0.319298999298234
BCL2L12	0.405	0.307	0.622	334	0.291825416830593
RTP3	0.362	0.208	0.576	232	0.359117997461997
CASP3	0.217	-0.288	0.313	277	0.315526070900363
H4C4	0.391	0.275	0.604	103	0.322092804380369
TMEM47	0.398	0.339	0.64	181	0.349178531930282
CCM2	0.454	0.378	0.666	465	0.316041735478925
GUCD1	0.554	0.508	0.738	296	0.345914482955915
AMMECR1L	0.308	0.066	0.502	310	0.311109189352589
C18orf21	0.261	-0.093	0.419	220	0.31496629988222
H4C6	0.382	0.311	0.624	103	0.310213496690185
H4C12	0.608	0.656	0.812	103	0.335645434044471
H4C11	0.608	0.656	0.812	103	0.335645434044471
C19orf12	0.523	0.548	0.757	152	0.352718704167113
ZMIZ2	0.504	0.436	0.704	920	0.326759212281463
C11orf68	0.498	0.471	0.718	293	0.32179530684875
TEX101	0.319	0.069	0.502	267	0.315478698330136
H4C3	0.318	0.148	0.535	103	0.320691799019733
RAMAC	0.277	-0.097	0.423	118	0.353830575965698
FAM107B	0.286	-0.025	0.455	306	0.328390358393701
SELENOO	0.61	0.656	0.816	668	0.331887204292717
CCDC3	0.612	0.672	0.823	270	0.338310767541754
FAM167A	0.496	0.467	0.709	214	0.318416735126621
H4C8	0.343	0.13	0.525	103	0.330412600948465
SLC35G5	0.434	0.379	0.663	338	0.325157927608216
DYNLRB2	0.234	-0.209	0.35	125	0.310563047069583
DYNLRB1	0.484	0.396	0.674	96	0.349742546476852
TEKT1	0.371	0.224	0.579	418	0.359136754272909
H4C2	0.37	0.239	0.584	103	0.331349314691604
TLN2	0.385	0.229	0.591	2542	0.358388694380658
MS4A8	0.341	0.104	0.525	250	0.339684782411081
PARP9	0.244	-0.144	0.39	854	0.339773842598855
SESN2	0.562	0.557	0.76	480	0.326323930313744
H4C5	0.408	0.293	0.614	103	0.334540217707082
H4C13	0.427	0.366	0.653	103	0.310267332502398
H4C7	0.501	0.516	0.737	98	0.349965314121181
CRISPLD1	0.214	-0.297	0.314	500	0.32408038116998
CD99L2	0.32	0.042	0.496	272	0.311458113107677
HSDL1	0.282	0.014	0.468	330	0.340645137160138
RPS6KL1	0.502	0.466	0.712	549	0.31564334887532
RHNO1	0.307	0.055	0.496	238	0.293464683763108
TRAPPC9	0.441	0.373	0.664	1246	0.329879986138056
SLC4A9	0.425	0.327	0.633	983	0.31482585143101
CALN1	0.436	0.389	0.671	261	0.341159277997112
SH3BGRL2	0.334	0.095	0.524	107	0.334436331109473
CASP4	0.29	-0.011	0.46	377	0.33237208905577
H4C14	0.501	0.529	0.743	103	0.336009076519505
JAM3	0.342	0.152	0.543	310	0.33878700463859
FERMT3	0.617	0.66	0.816	667	0.34434137078992
TRPT1	0.411	0.296	0.617	255	0.314326865660186
NRIP2	0.444	0.395	0.672	281	0.323635936786715
ESPN	0.639	0.674	0.827	854	0.32058040187305
CRISPLD2	0.475	0.401	0.685	497	0.354446641173869
YPEL3	0.576	0.577	0.775	157	0.373516684714201
HYAL3	0.442	0.332	0.642	417	0.320607332374059
TLCD3B	0.613	0.705	0.84	274	0.350395566756624
INHBE	0.38	0.243	0.588	350	0.297416963811559
RIOK1	0.243	-0.154	0.386	568	0.327710846645629
SLC25A18	0.429	0.368	0.659	315	0.3426128536985
ATG10	0.208	-0.256	0.335	220	0.316141779768308
ITCH	0.202	-0.299	0.307	903	0.308117002222024
H2AB3	0.513	0.547	0.752	115	0.297888977112995
TFAP2D	0.317	0.131	0.535	452	0.311150524114139
GRWD1	0.544	0.548	0.759	446	0.316465700064809
ZNF484	0.226	-0.249	0.34	854	0.332974701652246
L3MBTL2	0.458	0.358	0.66	705	0.337572605332333
LONP2	0.26	-0.039	0.434	852	0.312608061916808
KRTAP4-12	0.688	0.653	0.82	201	0.404175134301673
TAS1R3	0.675	0.738	0.859	852	0.346860595596614
RBP5	0.52	0.506	0.734	135	0.344447190062152
RBM4B	0.342	0.101	0.526	359	0.345392684753974
FRMD8	0.615	0.658	0.816	464	0.333582548750317
ARMC10	0.242	-0.048	0.432	343	0.326712314826685
MAD1L1	0.596	0.632	0.799	718	0.346164633124393
KCNK16	0.466	0.398	0.678	322	0.32799529520886
CASP5	0.275	-0.041	0.44	447	0.333726609626111
NME5	0.176	-0.357	0.262	212	0.312989084079238
OR1A1	0.336	0.188	0.558	309	0.34033252483004
USP26	0.209	-0.242	0.337	913	0.332440456861962
SYT15	0.591	0.601	0.786	421	0.337450383350206
ESYT3	0.435	0.342	0.644	886	0.32529249344478
SYT16	0.298	0.028	0.485	645	0.314693878985053
SETDB2	0.204	-0.335	0.295	719	0.329287695278981
ROPN1L	0.338	0.221	0.579	230	0.333117275154722
ANGPTL6	0.534	0.545	0.756	470	0.30823945753445
KLF16	0.726	0.794	0.892	252	0.302148564359288
FSD1L	0.196	-0.355	0.283	530	0.323570019149694
TMTC1	0.335	0.184	0.561	882	0.340277857179283
ATAD3B	0.56	0.601	0.785	648	0.332214147475428
OR1D5	0.451	0.428	0.688	312	0.332975243298278
TAF3	0.32	0.018	0.485	929	0.331037751744582
RSPH3	0.273	-0.002	0.459	560	0.299632954998102
TMEM120A	0.549	0.585	0.775	369	0.349201908984657
OR1E1	0.396	0.348	0.643	314	0.342074424192157
RAB34	0.435	0.343	0.645	268	0.333750700745611
HMCN1	0.224	-0.23	0.346	5635	0.32084885030768
GPR61	0.463	0.432	0.696	451	0.327550474353071
TBC1D10A	0.557	0.564	0.766	515	0.343859417344718
BCO2	0.263	-0.132	0.401	579	0.331389393416119
MRO	0.321	0.102	0.518	262	0.335208611609308
TM2D2	0.27	0	0.466	214	0.315274938959269
USHBP1	0.425	0.319	0.634	703	0.319115449427102
CDCA7	0.274	-0.056	0.435	450	0.310871130746743
OR1E2	0.385	0.31	0.623	323	0.339014070721253
MIXL1	0.473	0.449	0.705	240	0.302401455085307
TSPAN10	0.58	0.638	0.805	393	0.332909049613131
SLC25A2	0.299	0.083	0.512	301	0.335922323109321
PRSS27	0.616	0.635	0.804	290	0.345499540213494
TTLL2	0.3	0.044	0.487	592	0.323595385937569
FGFBP2	0.429	0.287	0.624	223	0.341441470614311
WDR87	0.28	0.004	0.464	2912	0.326083487736591
SPATA9	0.207	-0.199	0.347	254	0.334237387103079
SNX25	0.243	-0.094	0.409	840	0.339138411986605
KCTD10	0.437	0.368	0.661	313	0.340053249126534
SPATA16	0.221	-0.209	0.35	569	0.319162266847771
TTC29	0.256	-0.103	0.408	501	0.336916891631738
KRTAP1-5	0.587	0.502	0.744	174	0.360624473530761
KRTAP3-1	0.487	0.364	0.667	98	0.327772121543606
KRTAP3-2	0.553	0.525	0.75	98	0.337679155196925
KRTAP9-2	0.625	0.532	0.762	174	0.396079707943247
CASP6	0.264	-0.104	0.412	293	0.323018995152805
OR1G1	0.382	0.304	0.622	313	0.330650575829406
KRTAP9-3	0.565	0.425	0.707	159	0.39228942631038
KRTAP9-8	0.601	0.5	0.745	159	0.394750425396716
KRTAP17-1	0.503	0.406	0.702	105	0.433908196100056
HASPIN	0.381	0.252	0.598	798	0.306130310843279
OR3A3	0.41	0.343	0.647	321	0.341029492826412
STARD3NL	0.224	-0.12	0.391	234	0.31142434971947
STK40	0.52	0.52	0.74	440	0.340975611656046
SPRTN	0.25	-0.144	0.396	489	0.317783334991574
HDAC10	0.488	0.443	0.7	669	0.32452158281652
RASSF4	0.484	0.45	0.702	321	0.335200283058347
LRMDA	0.364	0.246	0.589	226	0.337082946241065
EIF2A	0.197	-0.38	0.275	585	0.330026453421692
PIP5K1A	0.296	0.022	0.478	562	0.312550346173952
TATDN1	0.164	-0.45	0.223	297	0.311508525512643
TM2D1	0.213	-0.232	0.348	207	0.315807922147777
TSSK1B	0.515	0.53	0.747	367	0.345488037782135
IMMP2L	0.244	-0.126	0.399	175	0.310184122409293
PIP5K1B	0.245	-0.147	0.387	540	0.326287591573562
FCAMR	0.304	0.006	0.469	577	0.292057179921696
SLC4A11	0.552	0.587	0.776	918	0.335866397035766
PIP4K2B	0.498	0.453	0.711	416	0.349417167183288
PLA2G6	0.562	0.572	0.77	806	0.344564249566178
IFI27L2	0.305	0.02	0.488	130	0.338239999556691
TSSK6	0.688	0.77	0.876	273	0.340676803240571
SPNS1	0.54	0.562	0.761	528	0.318836059491879
FAM234A	0.453	0.405	0.681	552	0.31283260212135
CCDC8	0.445	0.305	0.63	538	0.322109405865284
NCALD	0.376	0.205	0.577	193	0.328031315791488
FAM172A	0.205	-0.27	0.322	416	0.317602710004094
PLA2G10	0.412	0.353	0.65	165	0.346054345950273
BRIP1	0.184	-0.369	0.27	1249	0.316154229727837
CTTNBP2	0.264	-0.084	0.423	1663	0.321146429908743
REG4	0.395	0.271	0.607	158	0.349856407305809
KREMEN1	0.391	0.252	0.605	492	0.322759439080021
CASP7	0.339	0.165	0.552	388	0.326458151996758
TMPRSS13	0.441	0.309	0.633	567	0.323993945353974
B3GNT5	0.209	-0.232	0.338	378	0.332501491839045
SLC25A11	0.483	0.457	0.708	314	0.344902879071305
SOX14	0.627	0.669	0.825	240	0.337284679719432
OBSCN	0.56	0.548	0.76	8923	0.336687781940938
EMILIN2	0.379	0.233	0.594	1053	0.329112026868743
SPARCL1	0.245	-0.202	0.37	664	0.332790730110588
SPOP	0.302	0.02	0.48	374	0.344173111138065
KATNAL1	0.192	-0.347	0.275	490	0.317069353919243
MND1	0.177	-0.419	0.244	205	0.324401070655608
WDR54	0.388	0.238	0.593	334	0.327350117290219
ADGRV1	0.204	-0.27	0.32	6306	0.309317511048757
SRPX	0.362	0.179	0.558	464	0.324255308819986
RBM48	0.191	-0.332	0.292	367	0.31354713009651
MAGT1	0.224	-0.163	0.374	367	0.319013764758036
DTNBP1	0.354	0.218	0.585	351	0.332342609973058
KIRREL2	0.451	0.378	0.668	708	0.306983770421059
HDHD2	0.2	-0.267	0.315	259	0.303866258134043
TMEM222	0.546	0.59	0.782	208	0.341619081391062
TEX35	0.293	-0.025	0.457	233	0.34777550163598
FHIP1B	0.379	0.238	0.587	986	0.305995294062349
SLC10A7	0.232	-0.121	0.384	358	0.300370044876569
PLEKHN1	0.548	0.572	0.77	611	0.30549597462533
TAGLN2	0.468	0.394	0.676	220	0.370825066875746
FAM186B	0.422	0.326	0.636	893	0.328695605019659
ARMC2	0.24	-0.077	0.417	867	0.322549518602529
HORMAD1	0.178	-0.414	0.248	394	0.310076093033625
MYCBPAP	0.382	0.236	0.588	984	0.321851580887053
QRICH2	0.291	0.002	0.467	1663	0.302223374984664
FSCB	0.205	-0.387	0.279	825	0.327464459120927
TKTL2	0.274	-0.058	0.437	626	0.329644436553399
C3orf20	0.419	0.322	0.636	904	0.332228013320893
KBTBD7	0.339	0.125	0.533	684	0.334529772227205
ANKRD27	0.353	0.185	0.564	1050	0.338945099653428
ULK1	0.632	0.657	0.816	1050	0.322672853464714
ENKD1	0.537	0.518	0.738	346	0.322480172465629
NSRP1	0.223	-0.258	0.333	558	0.330369992456439
ZRANB3	0.213	-0.253	0.328	1079	0.321478718100251
RAB6C	0.253	-0.088	0.415	254	0.31189826354298
FBXO30	0.176	-0.398	0.256	745	0.303596008588606
UXT	0.404	0.338	0.64	169	0.329463370379082
CASP8	0.303	0.05	0.487	538	0.343527298981875
ARL6	0.18	-0.315	0.285	186	0.317805802082906
USP44	0.188	-0.306	0.3	712	0.310734719306362
SLC41A2	0.175	-0.316	0.29	573	0.301930690774535
C4orf17	0.234	-0.224	0.351	359	0.307164672157216
PCBD2	0.274	0.02	0.476	130	0.308705684014299
PRAM1	0.513	0.459	0.714	670	0.303663499707854
ZIC4	0.463	0.442	0.704	384	0.323281124474952
PCGF6	0.258	-0.05	0.436	350	0.302934946191119
QRFPR	0.325	0.124	0.526	431	0.342117967455904
EEA1	0.176	-0.325	0.292	1411	0.34590149774563
BCAR3	0.418	0.291	0.619	825	0.326179638518815
ZNF394	0.344	0.154	0.548	561	0.317138456317394
LRRIQ1	0.167	-0.412	0.242	1722	0.323959805274361
ATRIP	0.332	0.148	0.544	791	0.313596687698077
WDR75	0.201	-0.296	0.308	830	0.318421156828754
ACAD11	0.228	-0.195	0.359	780	0.326213711036386
CEP78	0.227	-0.177	0.367	722	0.313359649870099
USP42	0.343	0.121	0.537	1316	0.311688736633496
ZNRF3	0.559	0.554	0.763	936	0.31852732407138
TOMM40L	0.375	0.238	0.593	308	0.313164231814143
UTP15	0.181	-0.359	0.269	518	0.300360279618694
SLC7A6OS	0.422	0.337	0.647	309	0.325353922500115
FAM161A	0.223	-0.216	0.354	716	0.328309653379847
EVA1A	0.533	0.494	0.723	152	0.315974468455867
ABRAXAS1	0.188	-0.299	0.31	409	0.309599105573393
SYDE2	0.231	-0.185	0.367	1194	0.308554622817258
ZNF644	0.179	-0.422	0.251	1327	0.313276262934929
KAT8	0.51	0.495	0.732	467	0.346057613437256
PPP1R1B	0.439	0.301	0.63	204	0.319061721589103
RNASEH2C	0.532	0.553	0.761	164	0.304481122879673
RPF2	0.211	-0.26	0.319	306	0.318328071439749
ARID5B	0.328	0.101	0.524	1188	0.325437667928238
ANXA9	0.413	0.292	0.615	345	0.34992824101343
BLTP1	0.186	-0.384	0.264	5005	0.298919530536684
GTF2IRD2	0.324	0.116	0.53	949	0.33493912795828
ASCC2	0.451	0.365	0.659	757	0.338721320791354
NLRC5	0.45	0.409	0.678	1866	0.329082657485046
C19orf44	0.329	0.091	0.518	657	0.313468525423482
ANTXR1	0.336	0.103	0.519	564	0.325292229932947
STX7	0.236	-0.168	0.369	261	0.334279638417294
LOXL4	0.518	0.472	0.719	756	0.34363250541455
POLR1B	0.275	-0.024	0.45	1173	0.328495023200465
ELMOD3	0.38	0.243	0.591	381	0.333818234520086
SLA2	0.421	0.353	0.648	261	0.299753166567161
SLC49A3	0.534	0.583	0.776	560	0.323049903170997
CHD6	0.319	0.069	0.504	2715	0.330615149020481
MINDY4	0.341	0.155	0.545	757	0.309453104250105
ZCCHC7	0.239	-0.192	0.368	543	0.326038219564631
TMEM164	0.447	0.412	0.679	297	0.334413711519894
FAR1	0.201	-0.268	0.315	515	0.318747161550714
SLITRK6	0.188	-0.263	0.314	841	0.308391722518106
BFSP2	0.392	0.288	0.616	415	0.323896532256348
METTL25	0.222	-0.224	0.344	603	0.338788378102609
CIAO2A	0.247	-0.016	0.445	160	0.324280206550541
SETD3	0.262	-0.08	0.423	594	0.333864894548759
USP48	0.225	-0.199	0.36	1035	0.337483219180147
POMK	0.375	0.236	0.588	350	0.328270502948646
CASP9	0.416	0.305	0.625	416	0.330652313873558
TXNDC2	0.465	0.359	0.664	553	0.354556391857394
MEX3B	0.555	0.549	0.762	569	0.321432842752015
ANKRD20A1	0.202	-0.278	0.319	823	0.339574605386358
ZNF541	0.494	0.447	0.708	1346	0.321392441048589
TMEM117	0.232	-0.155	0.379	514	0.313804340575617
ZMYND12	0.3	0.062	0.493	365	0.349195431596203
WDR24	0.641	0.673	0.826	790	0.337277901124779
RGPD5	0.181	-0.386	0.262	1765	0.312003121197919
SPATC1L	0.718	0.774	0.878	340	0.324358474233423
IQCG	0.28	-0.008	0.456	443	0.338418691910362
NBPF3	0.305	0.03	0.485	633	0.327308957239566
ZMYND15	0.421	0.307	0.629	750	0.3071823474908
C2orf16	0.219	-0.207	0.352	1984	0.279719471866759
DRC7	0.592	0.601	0.785	874	0.350526684830602
LRRC8C	0.28	0.022	0.471	803	0.335075672702411
TRAF7	0.632	0.679	0.829	670	0.346190398419444
MAF1	0.521	0.467	0.718	256	0.339102193038524
TMEM126A	0.152	-0.402	0.232	195	0.305965669697159
RHBDD1	0.222	-0.173	0.369	315	0.312716698863667
ATP13A4	0.267	-0.036	0.441	1196	0.319551541591559
BBOX1	0.23	-0.178	0.371	387	0.327023741474273
ZCCHC9	0.199	-0.335	0.297	271	0.322156266492874
ZDHHC18	0.574	0.595	0.782	388	0.320347408750552
MRI1	0.532	0.537	0.75	369	0.329752852220122
MED10	0.315	0.141	0.538	135	0.351109115544582
RTL6	0.458	0.402	0.675	239	0.307559204232656
FYTTD1	0.215	-0.198	0.352	318	0.306539367837264
PSD2	0.486	0.428	0.693	771	0.327307826948529
LTBP4	0.537	0.488	0.731	1624	0.33348330381859
SLF1	0.173	-0.37	0.264	1058	0.319400838027637
SGIP1	0.241	-0.227	0.354	828	0.299756488920174
GARNL3	0.286	-0.005	0.462	1013	0.319762431100173
CAMKK1	0.463	0.395	0.676	532	0.340285114097695
SLC37A3	0.273	0.005	0.464	494	0.321271486083795
FLYWCH1	0.626	0.655	0.814	716	0.327556660064517
SYT3	0.527	0.51	0.738	590	0.322740750733239
DCUN1D5	0.188	-0.327	0.296	237	0.325260654123044
TCHP	0.441	0.374	0.657	498	0.351437442754935
FBXW9	0.535	0.57	0.767	458	0.312059892221251
PSMG3	0.528	0.567	0.771	122	0.345406916913394
HSDL2	0.207	-0.34	0.288	418	0.336144104208128
HAGHL	0.7	0.789	0.887	282	0.328570204458172
POLR3GL	0.33	0.087	0.512	218	0.320044606984997
ALKBH7	0.62	0.676	0.822	221	0.305507309136178
C9orf64	0.288	0.071	0.497	341	0.320972847812524
RPAIN	0.337	0.133	0.532	231	0.327115188187305
CHCHD5	0.515	0.412	0.689	110	0.36984448873217
ZNF282	0.582	0.586	0.78	671	0.334961674621587
CARD19	0.547	0.558	0.757	183	0.320814707383764
POLDIP3	0.379	0.229	0.587	438	0.337743933573563
YIPF4	0.173	-0.31	0.289	244	0.299313720909357
NOA1	0.359	0.204	0.57	698	0.319094707220488
COQ5	0.287	0.054	0.492	327	0.330479699175512
SLC25A33	0.253	-0.087	0.415	321	0.342643977147739
NICN1	0.453	0.367	0.66	213	0.312910482362071
DNAJC30	0.51	0.52	0.737	226	0.30057177238569
MFSD14CP	0.336	0.141	0.54	150	0.288943584643907
PRADC1	0.498	0.464	0.711	188	0.333653273197854
STK24	0.313	0.116	0.524	443	0.326110773552121
BTBD10	0.208	-0.325	0.292	483	0.30041646006988
C2orf88	0.279	-0.141	0.4	95	0.350018490941612
RNF135	0.419	0.321	0.636	432	0.327863706057739
TMEM79	0.468	0.425	0.689	394	0.311052908611233
NTPCR	0.267	0.031	0.479	190	0.311032290968567
EIF1AD	0.41	0.284	0.621	165	0.350255916546372
TMEM175	0.587	0.638	0.803	504	0.324567453977516
ZDHHC16	0.419	0.319	0.63	377	0.329948510847898
EFCAB2	0.196	-0.32	0.29	162	0.31414880200497
ING5	0.373	0.175	0.557	254	0.327011442253395
CAPNS2	0.257	-0.125	0.397	248	0.331495014742224
WDR83	0.537	0.51	0.739	315	0.336289657595632
PRXL2A	0.334	0.085	0.509	229	0.353128255230129
UTP23	0.266	-0.065	0.43	249	0.338160268559386
PHF6	0.198	-0.4	0.263	365	0.316269020128451
GINS4	0.334	0.149	0.54	223	0.325753637199137
LLPH	0.217	-0.213	0.353	129	0.342775347210752
MIEN1	0.457	0.395	0.684	116	0.314529214019702
CASP10	0.3	0.056	0.493	522	0.329325700632905
UQCC2	0.418	0.321	0.636	126	0.331928133589006
DDI2	0.294	0.029	0.475	399	0.324098543783355
PGAP4	0.432	0.372	0.66	403	0.319605110054973
CHCHD6	0.483	0.413	0.687	235	0.326439259761396
NUDT22	0.5	0.479	0.719	303	0.324120996764479
PYM1	0.364	0.16	0.554	204	0.33357360398271
PDCD2L	0.343	0.116	0.53	358	0.328844741346049
ZNF397	0.233	-0.196	0.363	534	0.321044787013557
NUDT16L1	0.747	0.872	0.93	211	0.334584895719839
NR0B2	0.454	0.434	0.691	257	0.320716367249632
C7orf50	0.513	0.46	0.707	194	0.339573257268202
MRPL45	0.258	-0.11	0.408	306	0.31292304198895
BRMS1L	0.202	-0.307	0.302	323	0.310294775032469
VPS25	0.458	0.444	0.701	176	0.337864848700316
TMEM107	0.433	0.444	0.7	146	0.313673166269682
MON1A	0.501	0.479	0.717	652	0.303494664814539
NAA38	0.409	0.373	0.659	173	0.296195471661907
CCDC115	0.48	0.49	0.724	180	0.325719392591015
CCDC77	0.245	-0.094	0.406	488	0.3370464947148
CMSS1	0.253	-0.044	0.436	279	0.31692055801529
ACBD6	0.297	-0.041	0.449	282	0.335349839145802
THOC3	0.394	0.239	0.599	351	0.330234087093983
SARNP	0.232	-0.224	0.348	210	0.32457323479948
METTL26	0.514	0.525	0.745	205	0.305077488575538
ZBED3	0.693	0.787	0.885	234	0.2849029236826
LZIC	0.198	-0.275	0.311	190	0.317780376916051
HVCN1	0.398	0.322	0.628	273	0.348706043776088
UTF1	0.735	0.851	0.92	341	0.27855279818519
ZNF414	0.576	0.58	0.779	390	0.289741703836832
MCRIP2	0.579	0.598	0.787	160	0.307206296271642
DYDC2	0.312	-0.04	0.453	191	0.369383238952103
PCGF5	0.194	-0.348	0.279	256	0.332042803983345
COA8	0.278	-0.021	0.454	206	0.334409222534675
AKT1S1	0.547	0.501	0.736	276	0.29620707130024
TMEM101	0.519	0.531	0.743	257	0.34736044880179
ELOF1	0.423	0.299	0.633	104	0.326863833674472
RECK	0.252	-0.147	0.392	971	0.338001840061069
GFM2	0.185	-0.309	0.291	779	0.311794939134843
COG8	0.474	0.446	0.698	612	0.332158666737019
HPS3	0.239	-0.099	0.406	1004	0.330597597494282
SOAT2	0.475	0.456	0.703	522	0.321404695919532
CAVIN2	0.473	0.416	0.692	425	0.342337262605466
ARFGAP2	0.409	0.251	0.605	521	0.337147963465121
NIFK	0.219	-0.244	0.337	293	0.307855091116149
PRAC1	0.248	-0.207	0.357	57	0.296885634559412
RASAL1	0.549	0.545	0.754	806	0.334498597434283
HOOK3	0.193	-0.238	0.331	718	0.327402630540528
RAD54L	0.348	0.159	0.544	747	0.323696197108531
NSMAF	0.253	-0.089	0.416	948	0.306530931773403
CASQ1	0.397	0.24	0.597	396	0.344302114430526
NCK2	0.66	0.752	0.869	380	0.351284697101433
ECRG4	0.363	0.179	0.56	148	0.335595412892003
CYSTM1	0.314	-0.083	0.444	97	0.325396848984502
C15orf48	0.242	-0.166	0.377	83	0.33625115000197
GNPAT	0.226	-0.161	0.376	680	0.323743483822295
PROK1	0.487	0.466	0.71	105	0.326805812395192
CARD11	0.572	0.6	0.784	1154	0.343060443396609
ADGRA1	0.671	0.71	0.845	560	0.33012747625285
ZNF528	0.226	-0.255	0.337	628	0.32078427801783
MSANTD4	0.221	-0.18	0.356	345	0.321898482401975
HHIPL1	0.649	0.708	0.843	782	0.338201943954478
DYRK3	0.265	-0.065	0.429	588	0.321388632300077
RAB11FIP4	0.555	0.55	0.758	637	0.341151264727658
MAML2	0.296	-0.006	0.471	1156	0.334153908885466
FRMPD3	0.418	0.289	0.62	1810	0.324835845721553
DOT1L	0.577	0.598	0.786	1537	0.331582428555594
LZTS2	0.517	0.469	0.715	669	0.322351213330534
BRSK1	0.513	0.504	0.734	778	0.303056622095696
SYVN1	0.486	0.377	0.668	617	0.319953166753834
ABLIM2	0.485	0.424	0.694	645	0.337066247227025
ZNF333	0.324	0.033	0.486	665	0.329334337483832
DYRK2	0.368	0.226	0.585	601	0.330970977147047
ZNF512	0.275	-0.071	0.431	567	0.321539418293032
MAP3K21	0.375	0.225	0.584	1036	0.310225366208739
EFCAB7	0.173	-0.404	0.249	629	0.31280048188572
L3MBTL3	0.234	-0.238	0.351	780	0.318919913681694
PHYHIPL	0.248	-0.17	0.384	376	0.333279840049494
LCOR	0.268	-0.131	0.406	1557	0.319857337277488
DUSP11	0.225	-0.21	0.351	377	0.311872409310641
ZMAT1	0.215	-0.272	0.329	638	0.320022723852593
NEURL4	0.445	0.368	0.663	1562	0.326663834526066
SLX4	0.401	0.247	0.601	1834	0.313757413131178
MEGF11	0.487	0.381	0.678	1044	0.359370678060541
MEGF10	0.35	0.088	0.525	1140	0.35154311561398
FBN3	0.527	0.467	0.72	2809	0.361179195534661
DOC2B	0.641	0.666	0.821	412	0.343848448760701
DOC2A	0.545	0.544	0.754	400	0.331747022764507
DHX16	0.414	0.309	0.628	1041	0.330130424909863
FAM120B	0.258	-0.062	0.433	933	0.315909844485555
CASQ2	0.309	0.021	0.479	399	0.350317232147364
CUL4B	0.212	-0.219	0.346	913	0.335537441567521
SPIRE2	0.593	0.63	0.801	714	0.318960142337063
JPH4	0.578	0.599	0.787	628	0.306002889109559
ZNF527	0.213	-0.26	0.333	609	0.325110066195945
NKX6-2	0.754	0.902	0.948	277	0.327882206577597
CUL4A	0.342	0.207	0.572	759	0.339368211865542
PLPP5	0.349	0.154	0.549	264	0.323370462724292
GHDC	0.465	0.41	0.678	530	0.324070995634287
MCM8	0.195	-0.315	0.292	880	0.311331977091034
DCTN5	0.3	0.066	0.503	182	0.339905641629485
ACTRT3	0.342	0.156	0.548	372	0.350180499078604
CNFN	0.648	0.681	0.83	112	0.348320149866761
ACRBP	0.413	0.299	0.629	543	0.336614302785337
CUL3	0.185	-0.309	0.296	768	0.309075601995977
GON7	0.373	0.191	0.577	100	0.343617338241257
JAGN1	0.427	0.37	0.657	183	0.336770925632197
ZC3H8	0.214	-0.374	0.283	291	0.358143267367782
HOPX	0.416	0.343	0.648	112	0.308745262781692
ZNF559	0.216	-0.276	0.327	602	0.319231908104043
RHOXF2	0.365	0.166	0.561	288	0.316679911040971
CDIN1	0.304	0.085	0.505	287	0.333540872288053
CUL2	0.193	-0.282	0.314	764	0.32709881674255
SRRM4	0.474	0.415	0.687	611	0.268793426411994
ACSS1	0.482	0.422	0.692	689	0.335075820187514
MCHR2	0.272	-0.015	0.449	340	0.333021526970956
CUL1	0.251	-0.076	0.423	776	0.352983522477188
KBTBD8	0.218	-0.227	0.347	601	0.327267204883365
SANBR	0.193	-0.353	0.279	718	0.32205339016629
MRPL43	0.477	0.467	0.714	235	0.326637095983277
PGBD1	0.247	-0.155	0.385	809	0.331151761409643
TMEM185A	0.314	0.144	0.529	350	0.312687219022599
MAK16	0.264	-0.075	0.423	300	0.329629992629557
ATRN	0.315	0.04	0.493	1429	0.338416482517242
PARD6G	0.592	0.646	0.809	376	0.307259023006826
FAXC	0.316	0.092	0.514	409	0.326395790094893
MAP1LC3A	0.629	0.656	0.817	125	0.360887419058825
FOXN1	0.496	0.42	0.695	648	0.308283064212423
MT4	0.471	0.258	0.621	62	0.424669785275431
SLC12A8	0.429	0.373	0.662	714	0.334083131406623
LYZL1	0.415	0.263	0.607	194	0.353248941232157
COL25A1	0.248	-0.202	0.371	654	0.302231414508687
GNPTG	0.516	0.514	0.74	305	0.325814852345769
TTF2	0.264	-0.049	0.44	1162	0.317740291892906
TPST2	0.624	0.686	0.83	377	0.345811669851082
CASR	0.454	0.405	0.681	1088	0.343224775124965
TPST1	0.238	-0.126	0.393	370	0.319949440317352
PARD6B	0.216	-0.179	0.368	372	0.299695329073136
ZBTB37	0.301	0.018	0.477	503	0.309849240028765
KRTAP4-4	0.665	0.637	0.812	166	0.421176659071785
TUBB6	0.694	0.745	0.865	446	0.358039512310275
NT5C1A	0.505	0.446	0.706	368	0.349476885105273
ZGPAT	0.529	0.497	0.732	531	0.340779494251421
KLF11	0.355	0.141	0.544	512	0.315770641060942
ST6GAL2	0.429	0.331	0.64	529	0.324020386677445
ZNF594	0.235	-0.211	0.358	807	0.326998109130168
KIRREL3	0.572	0.6	0.787	778	0.341290563047243
FNDC1	0.374	0.187	0.57	1894	0.298276570805207
KRBA1	0.426	0.287	0.621	1064	0.291501014718031
ZNF469	0.494	0.421	0.695	3925	0.303241644793413
NTNG2	0.764	0.82	0.904	530	0.362924086422227
TNRC18	0.602	0.623	0.8	2968	0.318210455299012
TEAD2	0.475	0.404	0.683	451	0.327399846339003
TTBK1	0.531	0.517	0.742	1321	0.311397136156508
SLITRK2	0.297	0.071	0.498	845	0.331145796779117
AFAP1L2	0.501	0.437	0.701	818	0.345806839441786
KISS1R	0.731	0.845	0.916	398	0.323381758031109
GPR174	0.24	-0.089	0.407	333	0.321177505830059
IL1F10	0.412	0.272	0.612	152	0.343092547445314
SUPT3H	0.219	-0.185	0.36	328	0.328460818626001
USP38	0.223	-0.186	0.364	1042	0.312036103342778
MFSD14B	0.285	0.044	0.489	506	0.307529143369177
KIF2B	0.36	0.23	0.585	673	0.339217277448273
C22orf23	0.389	0.271	0.604	217	0.3436034184598
PLA2G12B	0.382	0.22	0.586	195	0.340196155369925
LCE3D	0.516	0.362	0.67	92	0.353233417094879
DGAT2	0.507	0.48	0.72	388	0.339355882265159
EBPL	0.387	0.311	0.625	206	0.333298324375306
SPINK7	0.311	0.011	0.476	85	0.354267534753161
SPZ1	0.218	-0.226	0.349	430	0.350783128589073
GLYR1	0.372	0.201	0.576	553	0.340980533031792
ADGRE3	0.338	0.134	0.537	652	0.342275246325313
RNASE7	0.46	0.376	0.671	156	0.365985240290754
CCDC62	0.255	-0.08	0.424	684	0.340099306719969
DPY30	0.22	-0.177	0.371	99	0.343427717014951
GLIS2	0.59	0.608	0.791	524	0.318770100863505
MYPN	0.297	-0.017	0.462	1320	0.320316995043192
RETNLB	0.38	0.308	0.632	111	0.334486722219278
HES7	0.567	0.615	0.791	230	0.283581301701224
HYCC1	0.18	-0.364	0.272	521	0.295405201829548
USP32	0.236	-0.164	0.377	1604	0.316826709525936
SMARCA5	0.198	-0.283	0.31	1052	0.319246946829921
ZNF347	0.229	-0.273	0.332	840	0.33100858822749
CARD6	0.237	-0.175	0.376	1037	0.31643627852144
TRIM55	0.298	-0.039	0.453	548	0.339541720734037
TRIM63	0.51	0.46	0.711	353	0.383373082093091
KDM2B	0.527	0.519	0.742	1336	0.331806774392509
SLC9A7	0.36	0.228	0.585	726	0.309747975870495
FKBP6	0.359	0.191	0.562	327	0.34003732931816
ACCS	0.451	0.372	0.662	501	0.333472834444146
HINT2	0.373	0.225	0.584	163	0.352748763019513
INSM2	0.513	0.499	0.734	566	0.300311655874496
PPP1R9B	0.634	0.688	0.835	817	0.331153499850498
C9orf24	0.466	0.371	0.664	262	0.328353602378811
MS4A14	0.206	-0.233	0.344	712	0.313029823419157
SPATA22	0.177	-0.414	0.249	363	0.320392272943376
GARIN1B	0.368	0.24	0.59	344	0.316944277931031
CCDC54	0.228	-0.21	0.354	328	0.329657452132247
MCEE	0.228	-0.204	0.357	176	0.321923987575573
GJA10	0.253	-0.091	0.412	543	0.305552389439296
LOXL3	0.455	0.372	0.666	753	0.332661936107784
ABHD1	0.394	0.283	0.611	405	0.326673180186306
CAPS2	0.179	-0.408	0.246	557	0.324489769699223
CREB3L3	0.467	0.398	0.678	461	0.325578428291844
CAT	0.318	0.031	0.489	527	0.34103364319517
SORBS2	0.334	0.083	0.514	1200	0.310113926036018
MYO18B	0.433	0.348	0.651	2568	0.331162839885399
COX4I2	0.508	0.457	0.712	171	0.355675263512155
GTPBP3	0.522	0.529	0.744	524	0.300568149631887
GPT2	0.556	0.549	0.759	523	0.364832172939528
BEX2	0.288	0.002	0.464	160	0.325811524118802
LNX1	0.317	0.089	0.509	728	0.317585802937456
MGARP	0.244	-0.233	0.363	240	0.307612245804258
IRS4	0.313	0.032	0.489	1257	0.306514227477105
HDGFL2	0.595	0.596	0.788	671	0.328397068334869
PIGO	0.364	0.219	0.577	1089	0.315777603960117
PSRC1	0.357	0.145	0.538	333	0.275473948416887
PLEKHA8	0.244	-0.127	0.399	519	0.329311180610608
PRRC2B	0.413	0.267	0.614	2229	0.318520527588423
SPSB2	0.55	0.54	0.752	263	0.323001800527689
OGT	0.24	-0.18	0.367	1046	0.343501382028405
CBX2	0.573	0.566	0.771	532	0.322733284301468
FAM167B	0.586	0.613	0.787	163	0.323288352196558
CNDP1	0.33	0.14	0.537	507	0.321345417604747
UNC119B	0.428	0.354	0.656	251	0.324260519933331
USP30	0.324	0.14	0.539	517	0.308863109330356
FUT10	0.283	-0.02	0.451	479	0.319109022444925
B3GNT9	0.513	0.548	0.755	402	0.299623632667233
PCGF1	0.399	0.312	0.627	259	0.346553128599871
CDC42BPA	0.201	-0.288	0.309	1719	0.314521270553545
ZNF577	0.241	-0.148	0.391	485	0.312293539787857
CRACR2A	0.413	0.303	0.627	731	0.345057386351572
MPV17L2	0.526	0.572	0.768	206	0.312977550798077
GPR65	0.219	-0.135	0.383	337	0.327043280717084
ZNF607	0.207	-0.332	0.299	696	0.322342428226714
NAA11	0.408	0.272	0.615	229	0.36261657767604
KMT5C	0.59	0.574	0.768	462	0.321028595058003
HIRIP3	0.408	0.245	0.599	556	0.312445408606307
TUBA1C	0.386	0.213	0.583	519	0.353703300740188
FAM220A	0.276	-0.025	0.452	259	0.294685328724854
PYROXD2	0.43	0.327	0.639	581	0.328441882463372
C19orf48P	0.425	0.315	0.624	117	0.287076617596149
RAE1	0.269	-0.144	0.4	368	0.325382483989396
GPAT3	0.28	0.018	0.468	434	0.324667544569333
MFSD9	0.365	0.284	0.611	474	0.311200381833327
NFKBID	0.46	0.424	0.688	313	0.3336665655272
PERM1	0.445	0.316	0.642	790	0.309715222506678
OFD1	0.208	-0.231	0.339	1012	0.327957074092982
BUD13	0.279	-0.123	0.402	619	0.298302297328394
PLCD4	0.407	0.289	0.619	762	0.33911173028132
PLPP7	0.704	0.806	0.894	271	0.336382754055978
RTN4IP1	0.205	-0.29	0.318	396	0.313688121807996
TXNDC17	0.345	0.097	0.529	123	0.372174275539829
IL17RC	0.452	0.42	0.687	791	0.323502920951949
SEMA7A	0.558	0.545	0.757	666	0.344682601233271
LMNB2	0.689	0.766	0.874	620	0.337429977203941
FCRLA	0.344	0.108	0.527	382	0.321270974566159
SFT2D3	0.655	0.808	0.894	215	0.286984488178755
CILP	0.431	0.294	0.625	1184	0.343227166398774
ADTRP	0.339	0.161	0.542	248	0.325920116786032
ATP5MK	0.198	-0.348	0.286	58	0.335114523115417
ABHD14B	0.54	0.487	0.725	210	0.34737089628215
ZNF496	0.532	0.525	0.746	587	0.331935546134197
RAX2	0.63	0.664	0.82	184	0.303320095272324
GALR3	0.667	0.753	0.866	368	0.318411466434942
HPDL	0.503	0.48	0.721	371	0.329068351773816
PHF5A	0.355	0.084	0.514	110	0.385180298351194
TRIM52	0.382	0.217	0.585	297	0.357203479598722
ZNF503	0.579	0.607	0.796	646	0.313292436870428
LRCH3	0.232	-0.141	0.383	803	0.301809152861385
KLHL22	0.513	0.499	0.731	634	0.345666219698876
RIOX2	0.294	0.056	0.493	465	0.310869935955834
CCDC142	0.381	0.292	0.614	743	0.304697571028662
TMEM25	0.439	0.386	0.67	381	0.320010356198182
PTPN5	0.529	0.504	0.735	565	0.32889248017633
HAVCR2	0.29	0.029	0.474	301	0.317866509620771
CBR4	0.178	-0.305	0.3	237	0.322578963316554
GEMIN2	0.188	-0.329	0.286	280	0.313982390230992
RSPO3	0.238	-0.232	0.348	272	0.334491020935855
AGBL4	0.36	0.146	0.546	503	0.33928002465949
ZC3H10	0.361	0.111	0.531	434	0.32501106470296
ADGRG7	0.224	-0.186	0.362	797	0.320418492331946
ZNF514	0.251	-0.135	0.399	400	0.327933879209784
PARP10	0.5	0.471	0.715	1037	0.318955262812715
ZBTB45	0.477	0.395	0.681	511	0.306340644696304
MFSD2A	0.434	0.37	0.661	543	0.337434992931961
RPUSD4	0.386	0.305	0.625	377	0.331767976371047
AIFM2	0.525	0.525	0.746	373	0.362330365332871
ZDHHC12	0.61	0.689	0.829	267	0.311475163860868
C1orf198	0.557	0.575	0.775	327	0.316718865036947
SPPL2A	0.197	-0.255	0.322	520	0.323360754626146
SLC7A3	0.321	0.129	0.527	619	0.326477579268002
ADO	0.687	0.758	0.87	270	0.326278610060007
ZSCAN10	0.613	0.627	0.801	780	0.315248826162356
POMGNT2	0.59	0.608	0.788	580	0.335760719798449
FBH1	0.369	0.22	0.582	1094	0.338443380608152
LINGO1	0.692	0.784	0.882	620	0.340748405667025
MIGA2	0.568	0.582	0.775	593	0.325471566181043
ATAD1	0.19	-0.318	0.291	361	0.314516847098228
TBRG1	0.317	0.018	0.478	411	0.344070853323827
PLXDC2	0.265	-0.071	0.431	529	0.300169510395394
TMTC4	0.321	0.151	0.539	760	0.333690412230831
RGS5	0.384	0.209	0.576	185	0.378986229055526
RNFT2	0.558	0.605	0.787	444	0.345795762709583
NFATC2IP	0.403	0.315	0.631	419	0.28600946663502
CEP89	0.276	0.001	0.462	783	0.333178931863925
ARHGEF39	0.437	0.393	0.669	335	0.316845771399669
ZNF341	0.527	0.455	0.715	854	0.345737804521512
FAM136A	0.487	0.474	0.72	245	0.32897388747706
AOPEP	0.308	0.057	0.496	819	0.324967848801924
MAP4K3	0.182	-0.369	0.268	894	0.299979545757522
TMEM87B	0.205	-0.194	0.351	555	0.312795840633966
ZNF382	0.256	-0.125	0.404	550	0.332685173534082
SLC35B4	0.331	0.177	0.553	331	0.337270118564744
ATOH8	0.543	0.567	0.768	321	0.299690611069693
ZNF587	0.247	-0.192	0.373	575	0.324302435114324
FAM222A	0.612	0.621	0.8	452	0.338963630806468
UTP4	0.278	-0.047	0.441	686	0.322302987287455
LRP11	0.472	0.429	0.695	500	0.31377130653282
PPP1R15B	0.263	-0.073	0.429	713	0.3041201590555
PRSS12	0.297	0.022	0.479	875	0.30346285124358
ALG10	0.202	-0.219	0.339	473	0.316246447068946
FIZ1	0.662	0.731	0.857	496	0.313779545462514
FAM104A	0.393	0.271	0.614	207	0.279958045706951
ZNF566	0.228	-0.248	0.341	419	0.330783584466294
SLC49A4	0.233	-0.03	0.436	478	0.278273538155584
SPRYD3	0.428	0.327	0.641	442	0.334633448559086
TMEM209	0.232	-0.204	0.359	561	0.306023299382517
FIBCD1	0.639	0.698	0.838	461	0.331651308199076
PPM1D	0.278	-0.025	0.454	605	0.312929925363505
MASTL	0.202	-0.305	0.308	879	0.315418401190089
RAB2B	0.313	0.076	0.502	216	0.334346311470122
C8orf76	0.273	-0.078	0.425	380	0.336674004578837
RITA1	0.433	0.32	0.639	293	0.280108807725526
MEDAG	0.311	0.113	0.524	303	0.313010375816311
ZFYVE19	0.4	0.251	0.601	471	0.329912942709816
ZNRF1	0.519	0.528	0.751	227	0.306687665909316
ATG4C	0.175	-0.436	0.239	458	0.311678426364707
PWWP3A	0.393	0.288	0.619	711	0.32338815961383
CORO6	0.556	0.551	0.759	472	0.330328802601355
HSH2D	0.449	0.38	0.672	352	0.314455398845401
WDR73	0.294	0.03	0.481	378	0.291655817847826
MAEL	0.244	-0.154	0.383	434	0.326997535594208
ABHD13	0.167	-0.342	0.264	337	0.305751944306528
LTV1	0.216	-0.275	0.321	475	0.319739324949495
SERAC1	0.199	-0.269	0.314	654	0.308516903943857
TIGD5	0.696	0.756	0.869	642	0.318849729883302
PPFIBP2	0.319	0.102	0.517	876	0.32271197677047
PRPF38A	0.297	0.033	0.47	312	0.296683688655973
TNS4	0.479	0.391	0.677	715	0.31440105139395
CGNL1	0.347	0.163	0.55	1302	0.336948159760437
MPND	0.596	0.613	0.795	501	0.333498957180618
NUDCD1	0.194	-0.305	0.298	583	0.319303933302049
RELT	0.487	0.415	0.688	430	0.316613922024824
SYTL1	0.543	0.557	0.763	562	0.31395194144561
UBASH3B	0.331	0.172	0.558	649	0.316128452765916
PPFIBP1	0.233	-0.167	0.374	1011	0.317685709201821
CCDC183	0.637	0.674	0.822	534	0.362438048242696
FBXL20	0.25	-0.043	0.429	436	0.322677897250347
AJUBA	0.447	0.382	0.672	538	0.326490334635047
ALKBH6	0.474	0.477	0.716	266	0.309704224004535
IGSF21	0.528	0.522	0.743	467	0.316040110183477
LSM10	0.504	0.488	0.723	123	0.323911330058997
PNMA6A	0.48	0.447	0.701	399	0.323679520587158
TOX2	0.578	0.583	0.781	506	0.318912126543053
C1orf94	0.42	0.27	0.614	598	0.331705212072098
ATG4D	0.559	0.564	0.766	474	0.314208369843485
MFSD5	0.386	0.282	0.611	557	0.321420699672639
DISP1	0.292	0.001	0.471	1524	0.332845475978227
FRMD5	0.34	0.145	0.539	570	0.317775884569233
RANBP3	0.41	0.27	0.618	567	0.327586788991387
CEP19	0.255	-0.102	0.409	167	0.344986147682098
FAM83A	0.553	0.556	0.764	434	0.318478520742697
ARHGAP19	0.265	-0.05	0.434	494	0.330260087985115
COX14	0.414	0.313	0.635	57	0.348203348679794
PPP1R16A	0.622	0.651	0.812	528	0.334015004439682
PPFIA2	0.197	-0.24	0.327	1257	0.304307306646389
RBM17	0.257	-0.108	0.411	401	0.3193408666767
PIGY	0.254	-0.068	0.418	71	0.317799327388493
UBL7	0.389	0.241	0.595	380	0.313321287828213
PPFIA1	0.267	-0.015	0.451	1202	0.31334652262298
FAM86B1	0.421	0.378	0.663	296	0.310999683897176
RERG	0.314	0.082	0.505	199	0.324963694535939
PHYKPL	0.463	0.39	0.676	450	0.351035031371279
SLC43A1	0.496	0.494	0.726	559	0.341580975508054
TCEAL3	0.306	-0.036	0.459	200	0.324795596484266
TMEM128	0.273	0.039	0.478	165	0.316482981191388
TMEM141	0.491	0.48	0.725	108	0.352643989718841
USP45	0.184	-0.372	0.269	814	0.318469885781388
CFAP300	0.219	-0.209	0.351	267	0.325004398684551
TMEM241	0.28	0.047	0.483	296	0.323884758994024
PKP4	0.284	-0.025	0.454	1192	0.310619865709434
REPS1	0.204	-0.361	0.285	796	0.297041904659724
TMEM60	0.213	-0.081	0.397	133	0.318711493223571
SMIM3	0.34	0.286	0.6	60	0.301719513607564
PIK3R3	0.259	-0.128	0.397	461	0.341633373589333
PEX3	0.198	-0.252	0.32	373	0.31875598122298
PARG	0.234	-0.211	0.357	976	0.317579235026175
CNTNAP1	0.452	0.369	0.662	1384	0.325912767867411
ENC1	0.374	0.206	0.576	589	0.343621440638788
NIPSNAP1	0.507	0.477	0.718	284	0.348751019557119
NDST2	0.386	0.24	0.589	883	0.313250194051392
MMP23B	0.716	0.822	0.903	390	0.309488181030589
LIPF	0.238	-0.176	0.376	408	0.340779519398923
KCNAB2	0.546	0.554	0.759	415	0.338865860030716
ITGA10	0.324	0.105	0.52	1167	0.311678792186939
ITGA8	0.269	-0.044	0.443	1063	0.330330161141381
IKBKG	0.568	0.562	0.764	487	0.365756935210893
ELP1	0.254	-0.089	0.418	1332	0.32321340291085
IFITM1	0.485	0.5	0.729	125	0.344909141841022
HAT1	0.2	-0.284	0.312	419	0.32462536969519
GCM1	0.32	0.043	0.495	436	0.325270102518352
GAS7	0.507	0.471	0.719	476	0.340493697000297
H2AC12	0.527	0.508	0.732	128	0.357226557567379
H2BC12	0.712	0.769	0.878	126	0.364950915972096
DGKZ	0.573	0.581	0.775	1117	0.329921335062598
DGKE	0.274	-0.013	0.457	567	0.328620084496379
DGKD	0.452	0.403	0.681	1214	0.332193860534164
DDO	0.307	0.028	0.479	369	0.305768292972438
KRTAP9-4	0.603	0.496	0.743	154	0.396853329320101
KRTAP4-5	0.684	0.657	0.822	181	0.406619159574022
CYP4F2	0.474	0.446	0.699	520	0.31411356316153
KRTAP4-3	0.617	0.545	0.763	195	0.389851823447046
KRTAP4-2	0.69	0.655	0.822	136	0.408370604694829
KRTAP3-3	0.535	0.483	0.729	98	0.337151926991213
KRTAP2-4	0.828	0.863	0.929	128	0.37431310509861
CST7	0.39	0.25	0.6	145	0.344191926700227
ATCAY	0.517	0.499	0.73	371	0.341294455815906
COL27A1	0.39	0.225	0.593	1860	0.299080986436573
FBF1	0.465	0.392	0.674	1148	0.317795261125596
YBX3	0.351	0.121	0.539	372	0.30594976190102
PPIL4	0.212	-0.291	0.315	492	0.316241644757993
PAQR8	0.485	0.458	0.708	354	0.340438384254239
CPZ	0.608	0.637	0.804	652	0.334892804578639
ABCC11	0.386	0.294	0.616	1382	0.336951882370514
LGALS12	0.429	0.341	0.644	337	0.30877276970824
COPS3	0.253	-0.075	0.425	423	0.34746600282244
CHST1	0.74	0.862	0.925	411	0.341965168293879
CBX4	0.636	0.686	0.835	560	0.333065866171849
SHISAL1	0.47	0.42	0.691	199	0.340411233540366
DGCR6L	0.596	0.632	0.8	220	0.359607738894518
CAMK1	0.498	0.446	0.704	370	0.368399053220142
SYDE1	0.529	0.523	0.742	735	0.2998089461334
TRIM5	0.308	0.046	0.492	493	0.340995304523022
ZCCHC3	0.634	0.699	0.84	403	0.330397921930743
ALG2	0.379	0.265	0.604	416	0.325654185821723
MYLK2	0.462	0.347	0.655	596	0.342071488968173
STRIP1	0.441	0.359	0.655	837	0.343497316615335
BCAS1	0.313	0.02	0.495	584	0.329170744853677
RIMBP3	0.488	0.463	0.712	1639	0.317450898549454
MICALL1	0.523	0.459	0.714	863	0.322664351384846
TUBGCP6	0.493	0.465	0.714	1819	0.331036332731176
KIAA1671	0.391	0.225	0.59	1806	0.303566847631192
BARX2	0.469	0.417	0.689	279	0.321486185113477
API5	0.2	-0.234	0.335	524	0.315321033560917
SLX9	0.513	0.508	0.732	230	0.318313218758643
RGS8	0.343	0.127	0.532	198	0.327456116515012
AGPS	0.211	-0.257	0.329	658	0.311300099540335
EAF1	0.321	-0.007	0.469	268	0.310557942353915
DNAJC14	0.291	-0.03	0.449	702	0.310578233430013
NKD1	0.551	0.564	0.768	470	0.324474515461515
NKD2	0.589	0.604	0.791	451	0.316234094444871
PPFIA3	0.528	0.542	0.752	1194	0.320377100321876
SLC22A16	0.287	0.028	0.478	577	0.313094685851634
SLC45A3	0.525	0.516	0.736	553	0.323890745045619
RHPN2	0.44	0.393	0.675	686	0.347571366690473
ZIC5	0.553	0.564	0.772	663	0.304788428511024
CCNB3	0.319	0.099	0.521	1395	0.339609573478089
APOL1	0.323	0.122	0.526	414	0.333379272342734
LMO4	0.383	0.271	0.61	165	0.33437070543443
ZCRB1	0.207	-0.324	0.3	217	0.326062409761742
CABS1	0.208	-0.358	0.287	395	0.302194548290628
STON2	0.346	0.1	0.524	920	0.314594592189161
PIR	0.249	-0.115	0.409	290	0.309144892813156
DOCK7	0.194	-0.302	0.3	2131	0.305103528876024
HELZ2	0.63	0.68	0.828	2649	0.32970855265695
KNDC1	0.569	0.579	0.775	1749	0.332361067841458
DCLK3	0.409	0.261	0.603	648	0.332659642582095
LRRCC1	0.162	-0.385	0.25	1032	0.327239218563986
CNTNAP4	0.251	-0.126	0.4	1308	0.32088226399272
ZFHX2	0.411	0.253	0.607	2572	0.317419773170154
KIAA1755	0.412	0.291	0.621	1200	0.322614421938773
CGGBP1	0.27	-0.106	0.412	167	0.324706868193121
ITPRIP	0.623	0.672	0.822	547	0.338464817263776
UNK	0.534	0.502	0.738	810	0.338489587448535
TSPYL5	0.409	0.324	0.64	417	0.334935215175311
DISP2	0.54	0.533	0.749	1401	0.312465809499567
TNKS1BP1	0.406	0.24	0.601	1729	0.309963010406215
CIPC	0.314	0.049	0.497	399	0.307234404908972
DIXDC1	0.297	0.049	0.489	683	0.326949936998347
CEP295	0.175	-0.386	0.259	2601	0.306769798924265
AP3B1	0.208	-0.258	0.328	1094	0.3197444668043
ZNF518B	0.208	-0.28	0.322	1074	0.32195619908822
TANC1	0.33	0.112	0.526	1861	0.322187525468906
FHDC1	0.371	0.197	0.572	1143	0.304884970787766
ZC3H12C	0.265	-0.097	0.418	883	0.32015818234794
SSH2	0.28	-0.037	0.45	1450	0.306023141252905
SELENOI	0.227	-0.147	0.384	396	0.311909581909698
FCN3	0.394	0.235	0.592	299	0.313252564602159
LBX2	0.473	0.497	0.727	198	0.278844713706259
GFM1	0.22	-0.23	0.341	770	0.32020814961794
SCIN	0.274	-0.053	0.441	715	0.334658681830284
CCDC65	0.327	0.16	0.544	484	0.350613905888061
DNAJC5B	0.333	0.063	0.505	199	0.360414331007253
BLZF1	0.171	-0.343	0.28	400	0.302920093343972
TSLP	0.255	-0.041	0.441	159	0.340187386165197
PSKH2	0.291	0.038	0.481	385	0.310508207951367
LGR5	0.271	0.018	0.466	907	0.3162696769876
MAPKAPK5	0.311	0.08	0.506	473	0.335167740078527
SCRT2	0.766	0.905	0.95	307	0.324380435296189
MBD3L1	0.283	-0.003	0.46	194	0.314622926331106
BHLHE40	0.388	0.262	0.606	412	0.320589853322733
PIAS1	0.217	-0.221	0.346	653	0.290073282302262
CDC14B	0.251	-0.095	0.412	498	0.324742252135637
CDC14A	0.257	-0.12	0.404	623	0.317667254301705
GALP	0.395	0.307	0.624	116	0.298537895783622
TCAP	0.631	0.648	0.81	167	0.331340402715693
CDK10	0.591	0.602	0.784	360	0.339787276009297
PRPF18	0.234	-0.128	0.387	342	0.33628932766417
DEGS1	0.249	-0.095	0.409	323	0.320138283445097
DENR	0.186	-0.392	0.268	198	0.337978379368264
THOC5	0.412	0.282	0.616	683	0.346288611660894
KMO	0.226	-0.187	0.359	486	0.316117426401801
YARS1	0.365	0.19	0.569	528	0.355202749655435
PDXK	0.532	0.523	0.744	312	0.355337198132001
MADD	0.363	0.183	0.563	1647	0.319424790180749
RRP1	0.467	0.405	0.676	461	0.334608739363455
MKNK1	0.371	0.194	0.57	465	0.333074095366128
CAV1	0.438	0.378	0.667	178	0.354669419701291
KHSRP	0.452	0.336	0.654	711	0.343895994327044
PDLIM4	0.577	0.55	0.76	330	0.315135288784443
CASK	0.24	-0.159	0.38	921	0.320416440195462
AKR7A2	0.561	0.567	0.77	359	0.338941114208349
PRKRA	0.222	-0.198	0.359	313	0.322926913935384
STK16	0.394	0.312	0.625	305	0.332919359248272
TMEFF1	0.226	-0.25	0.343	380	0.333242870801487
SCARF1	0.526	0.478	0.728	830	0.330555150716294
CAV2	0.458	0.442	0.701	162	0.324660038494977
LY6D	0.593	0.618	0.795	128	0.340209258928068
GTPBP10	0.167	-0.403	0.243	387	0.308697694766438
CAV3	0.664	0.706	0.841	151	0.37810667999954
OR6A2	0.308	0.071	0.497	327	0.340597169641423
ACTL6A	0.204	-0.301	0.31	429	0.318004427573505
RUNX2	0.384	0.215	0.588	521	0.299547935661258
TNFSF11	0.289	0.023	0.479	317	0.307805934396815
RGS20	0.349	0.191	0.563	388	0.31587369105645
NOP14	0.349	0.178	0.558	857	0.335316012746917
FAM193A	0.346	0.101	0.526	1265	0.318856129627197
SLC25A12	0.242	-0.138	0.39	678	0.3258517165957
PLA2G4C	0.334	0.139	0.536	551	0.320232666833847
RUVBL1	0.383	0.227	0.585	456	0.357949241668643
RDH16	0.441	0.367	0.659	317	0.351629409372506
KLF7	0.376	0.254	0.603	302	0.320260262110362
RUNX1	0.52	0.493	0.732	480	0.304983554382589
PLPP1	0.247	-0.09	0.413	285	0.323012591282944
PLPP2	0.528	0.545	0.757	309	0.338706470847223
PLPP3	0.479	0.456	0.705	311	0.359037540338253
STC2	0.493	0.441	0.702	302	0.350741169105677
USO1	0.174	-0.323	0.287	973	0.324043466334793
CADPS	0.327	0.123	0.533	1353	0.329470696925992
RUNX1T1	0.335	0.089	0.515	663	0.305401950885739
NPFF	0.397	0.261	0.602	113	0.330958893898931
CDK13	0.283	-0.024	0.454	1512	0.299235064391492
PDE8B	0.349	0.156	0.549	885	0.330515883001865
ASMTL	0.56	0.569	0.769	621	0.345449372619007
PSMG1	0.236	-0.156	0.381	288	0.311553377084008
RFXANK	0.508	0.473	0.718	260	0.338632243823796
TP63	0.382	0.207	0.578	680	0.32283588598495
JRK	0.533	0.522	0.746	568	0.344343375477708
CBFA2T3	0.591	0.595	0.784	653	0.313348821253273
HSD17B6	0.336	0.147	0.538	317	0.337709964176859
SKAP1	0.283	-0.029	0.452	359	0.322633748359496
DNAH17	0.53	0.526	0.745	4462	0.360078215959436
UNC5C	0.34	0.132	0.536	931	0.329052459135508
RTCA	0.209	-0.243	0.333	379	0.315599029583999
RNASET2	0.334	0.16	0.549	256	0.327778486103999
SSNA1	0.664	0.702	0.839	119	0.381721858100238
EIF4EBP3	0.521	0.482	0.724	100	0.318637550429098
OASL	0.463	0.393	0.672	514	0.350053008222023
AOC3	0.484	0.428	0.696	763	0.333569899630987
RUNX3	0.679	0.724	0.855	429	0.308847304228839
PCDHGB4	0.368	0.231	0.591	923	0.326503431226098
DCHS1	0.391	0.218	0.583	3298	0.303916208420731
PTCH2	0.489	0.453	0.704	1203	0.329943017436555
AKR1C3	0.279	-0.017	0.455	323	0.330958218092834
KCNK5	0.565	0.581	0.778	499	0.35254133766471
CHRD	0.469	0.422	0.69	955	0.310650913944855
ABCB11	0.249	-0.112	0.403	1321	0.329764418718972
NCOA1	0.242	-0.161	0.385	1441	0.315487263333821
LAMTOR3	0.187	-0.288	0.309	124	0.320725322274745
CBFB	0.314	0.084	0.506	187	0.3125461210568
NUMB	0.29	-0.088	0.432	651	0.321471387749845
SOCS1	0.695	0.777	0.879	211	0.294135919670507
DDX3Y	0.196	-0.337	0.285	660	0.302030896514333
PDE5A	0.247	-0.125	0.397	875	0.343342939633229
DYNLL1	0.446	0.328	0.647	89	0.402702031637986
TNKS	0.257	-0.082	0.425	1327	0.317620611993448
ALDH4A1	0.593	0.609	0.793	563	0.349713996011828
SERPINA6	0.467	0.412	0.685	405	0.344309941895848
IRS2	0.697	0.788	0.888	1338	0.308891734919493
EIF3A	0.211	-0.23	0.325	1382	0.299139482627545
HSFY1	0.181	-0.383	0.264	401	0.311956340880951
EIF3B	0.427	0.329	0.645	814	0.339450098770863
EIF3C	0.487	0.412	0.685	913	0.355415550618364
EIF3D	0.396	0.24	0.595	548	0.349027660214394
EIF3F	0.359	0.165	0.559	357	0.319096187214449
EIF3G	0.591	0.593	0.785	320	0.340703254572505
EIF3H	0.273	-0.028	0.454	352	0.339262296596853
EIF3I	0.418	0.276	0.619	325	0.346574803201252
EIF3J	0.22	-0.209	0.367	258	0.334533740997312
CBL	0.293	-0.035	0.45	906	0.314901871761227
SLC4A4	0.28	-0.044	0.438	1094	0.327207135480384
EIF4G3	0.244	-0.162	0.381	1621	0.313601333022616
VAMP8	0.38	0.24	0.589	100	0.366029198827738
VAMP4	0.172	-0.38	0.246	141	0.307424285591135
STX16	0.312	0.159	0.541	325	0.328691087144396
STX11	0.712	0.807	0.896	287	0.37139071943512
STX10	0.479	0.494	0.726	249	0.32917983864845
BECN1	0.37	0.188	0.567	450	0.351363310099006
CBLB	0.219	-0.249	0.33	1010	0.297286111761666
JMJD7-PLA2G4B	0.521	0.501	0.732	1012	0.332418542712576
PEA15	0.482	0.428	0.692	151	0.348218375529149
SRSF9	0.374	0.199	0.57	221	0.313259307459202
MARCO	0.325	0.063	0.51	520	0.320393108893398
KRT38	0.57	0.554	0.761	456	0.371499330295662
KRT37	0.555	0.536	0.752	449	0.373683889883182
KRT36	0.576	0.574	0.771	467	0.369559918968556
CBLN1	0.545	0.574	0.772	193	0.345615304873674
JRKL	0.19	-0.317	0.289	524	0.320638248381422
HYAL2	0.454	0.364	0.659	473	0.311121077290095
GALNT4	0.24	-0.144	0.383	578	0.318460041421835
DGAT1	0.592	0.637	0.803	488	0.34265328821656
CDC23	0.267	-0.04	0.44	597	0.344874658667562
S1PR4	0.707	0.828	0.905	384	0.328444231750273
ACTN1	0.58	0.572	0.769	914	0.364460381618315
DNAH11	0.25	-0.084	0.415	4516	0.329468968754042
B4GALT4	0.302	0.082	0.506	344	0.343235554214714
B4GALT3	0.365	0.172	0.553	393	0.311880293891923
B4GALT2	0.533	0.522	0.742	401	0.32861597290368
B3GALT4	0.448	0.456	0.704	378	0.315180321417234
B3GALNT1	0.244	-0.075	0.418	331	0.323952161291708
B3GALT2	0.203	-0.286	0.307	422	0.31116123035781
B3GALT1	0.294	0.016	0.469	326	0.328792472081363
SERPINH1	0.643	0.702	0.84	418	0.349437915211581
SERPINB7	0.264	-0.07	0.43	380	0.348911190568295
TNK1	0.45	0.387	0.668	666	0.299933967577031
PAGE1	0.261	-0.179	0.385	146	0.316296071618114
ABCC3	0.497	0.481	0.719	1527	0.342506399964469
NOL4	0.284	-0.02	0.459	638	0.318559188560018
TRADD	0.616	0.672	0.821	312	0.330660817256958
PNPT1	0.169	-0.391	0.254	783	0.30407261316928
TNFRSF25	0.517	0.498	0.733	426	0.327252215069751
MBTPS1	0.336	0.139	0.54	1052	0.328102617327667
EDF1	0.5	0.471	0.717	148	0.373660371757963
CTSF	0.522	0.514	0.741	484	0.346040024871141
SNX4	0.222	-0.186	0.365	450	0.323876257900696
SNX3	0.275	0.035	0.478	162	0.306941734485938
URI1	0.219	-0.268	0.331	535	0.31122961445085
EED	0.197	-0.35	0.279	466	0.310068552663707
CTNNAL1	0.207	-0.235	0.335	734	0.329382076292525
ADAM19	0.421	0.28	0.617	918	0.342028984446781
GBF1	0.365	0.198	0.569	1859	0.316597110609874
CBR1	0.47	0.438	0.699	277	0.334555216849024
RNMT	0.198	-0.356	0.282	504	0.334173442525488
RNGTT	0.214	-0.261	0.325	597	0.314233495650363
GPAA1	0.533	0.568	0.764	621	0.327030236641318
MYH13	0.454	0.378	0.667	1938	0.372295701628248
MYOM1	0.306	0.023	0.485	1685	0.333365443302652
RIPK1	0.316	0.057	0.498	671	0.335900176960587
CRADD	0.447	0.398	0.67	199	0.326596003533611
HRK	0.717	0.872	0.929	91	0.274024644213951
CBR3	0.42	0.327	0.638	277	0.338553333565506
TNFSF14	0.497	0.519	0.739	240	0.303183058954234
TNFSF13	0.336	0.174	0.556	250	0.31058410125576
TNFSF12	0.482	0.487	0.72	249	0.309205730596245
TNFSF10	0.255	-0.074	0.427	281	0.338385217168662
TNFSF9	0.518	0.529	0.745	254	0.318373977617621
ADAM23	0.298	0.02	0.481	832	0.336664653274526
ADAM21	0.241	-0.146	0.39	722	0.332318481927844
ADAM20	0.238	-0.168	0.381	776	0.330040249887292
ADAM18	0.186	-0.394	0.263	739	0.332296867708186
CBS	0.61	0.641	0.808	551	0.352633173447555
ADAM15	0.432	0.319	0.634	863	0.316765520010449
ADAM9	0.227	-0.234	0.346	819	0.335765054910409
ADAM7	0.229	-0.199	0.362	754	0.331321585079188
CDS2	0.38	0.238	0.589	445	0.325988763638869
PABPC4	0.33	0.085	0.516	660	0.347891074398036
CD164	0.311	0.028	0.495	197	0.30644778712167
TNFRSF14	0.508	0.465	0.719	283	0.337512724262893
RAB11A	0.213	-0.26	0.324	216	0.317593822982509
RIPK2	0.198	-0.263	0.318	540	0.306976298553688
TNFRSF6B	0.606	0.629	0.8	300	0.317379116593826
FADD	0.55	0.606	0.785	208	0.317036277883512
SNAP23	0.241	-0.162	0.376	211	0.342334282478876
NAPG	0.222	-0.239	0.347	312	0.360219148711656
NAPA	0.542	0.513	0.742	295	0.401319658512491
MTMR1	0.272	-0.058	0.435	673	0.313962414304126
GGACT	0.691	0.801	0.893	153	0.304725180133661
MPDZ	0.216	-0.235	0.338	2070	0.307571609356239
SIGLEC5	0.459	0.42	0.689	551	0.323830319612836
RIOK3	0.196	-0.351	0.285	519	0.318721620058187
TNFRSF18	0.49	0.426	0.698	255	0.316000578473665
MATN4	0.551	0.579	0.774	581	0.330992375856079
RGS11	0.594	0.616	0.794	467	0.327726446532368
RGS9	0.437	0.327	0.641	674	0.343254417694892
DLK1	0.651	0.688	0.835	383	0.375995578068346
FBP2	0.441	0.342	0.651	339	0.360338507502366
FPGT	0.181	-0.324	0.286	607	0.312106238369082
TNFRSF11A	0.402	0.255	0.609	616	0.325594728015595
TNFRSF10D	0.327	0.106	0.524	386	0.318338949793589
TNFRSF10C	0.34	0.048	0.508	259	0.3286875143109
TNFRSF10B	0.341	0.143	0.544	440	0.316024114767847
SCEL	0.216	-0.278	0.319	688	0.33313694180365
TNFRSF10A	0.329	0.093	0.518	468	0.313234935904138
DYRK4	0.394	0.246	0.599	520	0.34829771038684
PEX11B	0.283	0.065	0.482	259	0.305245475080439
ACTN2	0.447	0.358	0.653	894	0.365147708281838
PEX11A	0.317	0.134	0.525	247	0.332608088040026
SUCLG2	0.249	-0.079	0.424	440	0.356108609917613
SUCLG1	0.258	-0.129	0.398	346	0.339380049803645
SUCLA2	0.187	-0.322	0.294	463	0.322901813427471
CREG1	0.442	0.404	0.681	220	0.294993811333781
TRIM24	0.251	-0.129	0.403	1050	0.313882011809123
IL18RAP	0.242	-0.116	0.4	599	0.314299229882146
IL1RL2	0.272	-0.002	0.46	575	0.327232670255093
IL18R1	0.195	-0.275	0.315	541	0.315997597172909
CCIN	0.454	0.375	0.665	588	0.353632174545918
GALR2	0.683	0.798	0.89	387	0.32549274834812
CCNK	0.331	0.058	0.507	580	0.305655989167222
DPM1	0.206	-0.224	0.331	287	0.302659756541305
CDKL1	0.291	0.004	0.461	358	0.335460714459409
BANF1	0.436	0.358	0.659	89	0.363769623285921
DCAF5	0.367	0.165	0.557	942	0.31206698842904
FGF18	0.633	0.694	0.837	207	0.361621854574163
DPM2	0.532	0.549	0.753	84	0.362340439757612
SAP30	0.318	0.149	0.55	220	0.326724067734545
HESX1	0.213	-0.208	0.348	185	0.319417723315308
INPP4B	0.237	-0.122	0.396	938	0.317870626763598
FGF17	0.651	0.71	0.844	216	0.357559411738606
FGF16	0.439	0.386	0.668	207	0.31755747513109
CES2	0.447	0.368	0.663	623	0.326114392962847
LIN7A	0.252	-0.099	0.414	233	0.321107705664299
IQGAP1	0.292	0.014	0.469	1657	0.359550327495379
NRP2	0.458	0.383	0.672	931	0.335101522757722
NRP1	0.332	0.083	0.514	923	0.336307027573383
KYAT1	0.489	0.403	0.683	516	0.345780455805801
SYNGAP1	0.449	0.373	0.663	1343	0.309649377086898
CD84	0.297	-0.006	0.464	345	0.337523310751812
GMPS	0.202	-0.277	0.315	693	0.318164184893582
TMEM11	0.528	0.527	0.745	192	0.36253623550548
SOCS2	0.276	0.024	0.476	198	0.303189708202464
GGH	0.23	-0.179	0.371	318	0.326956260900085
CFLAR	0.298	0.08	0.5	480	0.3338712429593
CCN6	0.273	-0.097	0.418	372	0.349863696995142
CCN5	0.56	0.569	0.77	250	0.314684537143385
CCN4	0.502	0.421	0.694	367	0.353439255493612
HDAC3	0.422	0.282	0.62	428	0.354252945528507
PROM1	0.243	-0.102	0.403	865	0.324432424452007
HCAR3	0.491	0.473	0.713	387	0.342671335009228
KSR1	0.495	0.452	0.707	762	0.317777677173795
ANKRD13A	0.287	0.012	0.47	590	0.318724470984971
ALKBH1	0.335	0.121	0.532	389	0.320286901091016
TSC22D1	0.236	-0.224	0.363	1073	0.306057395562078
CCK	0.513	0.492	0.725	115	0.31744898106967
KAT2B	0.281	-0.023	0.455	832	0.328325618588242
CDK5R1	0.664	0.755	0.869	307	0.35122292586674
AKAP4	0.287	-0.037	0.453	854	0.350335996278403
ASAP2	0.365	0.196	0.572	1006	0.340493546715471
ALDH1A2	0.303	0.024	0.481	518	0.345243356070678
NR1I2	0.485	0.41	0.682	473	0.343194564182129
PROZ	0.381	0.273	0.613	422	0.32000479212893
STK19	0.398	0.311	0.627	368	0.302310924354298
CCKAR	0.444	0.414	0.682	428	0.330565137731571
LDB1	0.51	0.469	0.718	411	0.328530670264251
APLN	0.447	0.473	0.708	77	0.281026908475363
PER3	0.308	0.022	0.484	1210	0.312044606450088
PER2	0.433	0.309	0.636	1255	0.322374474988253
SYNJ1	0.204	-0.31	0.302	1612	0.298317090940451
ST3GAL5	0.273	-0.005	0.461	418	0.319655108625377
CCKBR	0.437	0.396	0.67	516	0.310725638650702
IER3	0.564	0.575	0.771	156	0.293679465741138
SYNJ2	0.39	0.246	0.598	1496	0.325389971325496
CDC123	0.267	-0.075	0.428	336	0.323504978392204
ARHGEF7	0.335	0.158	0.55	862	0.316418415090477
RRP36	0.331	0.117	0.524	259	0.345637481970971
VNN2	0.232	-0.193	0.365	520	0.315701565342492
VNN1	0.244	-0.168	0.382	513	0.318210498050365
SPHK1	0.503	0.49	0.726	470	0.314395816101954
SQSTM1	0.471	0.392	0.679	440	0.315740440037798
SGPL1	0.304	0.024	0.481	568	0.334332187977565
FUBP1	0.189	-0.426	0.254	644	0.311145281820229
CDC16	0.217	-0.246	0.334	620	0.331852741357429
ZPR1	0.385	0.205	0.577	459	0.342074139942953
NAE1	0.178	-0.367	0.266	537	0.324583899834323
SLC5A6	0.435	0.378	0.664	635	0.333722840640355
DDX18	0.232	-0.195	0.362	670	0.332683840397544
TAX1BP1	0.196	-0.35	0.291	789	0.333827519799831
MCM3AP	0.344	0.132	0.537	1980	0.319724807534244
KRIT1	0.167	-0.399	0.246	736	0.307342516094436
EIF2B4	0.313	0.071	0.502	544	0.32217537199248
EIF2B3	0.265	-0.048	0.434	452	0.334614128069828
EIF2B2	0.39	0.253	0.598	351	0.324707990544268
EIF2B5	0.345	0.16	0.551	721	0.328224931044122
EIF2S2	0.235	-0.228	0.352	333	0.341427037375301
CPNE3	0.249	-0.169	0.38	537	0.346245925451269
BUD31	0.373	0.175	0.554	144	0.358052084435449
MTMR3	0.333	0.091	0.516	1198	0.322195387904418
MTMR2	0.207	-0.253	0.328	643	0.309257163473592
PRPF4B	0.196	-0.311	0.291	1007	0.308352548478258
ACTN3	0.546	0.536	0.749	944	0.349731260053586
CCNA2	0.231	-0.137	0.393	432	0.314283783807655
CCNA1	0.281	-0.017	0.454	465	0.322767592656632
CPNE1	0.399	0.255	0.606	542	0.340521193013093
AP1S2	0.205	-0.231	0.329	160	0.338130573208627
AP1G2	0.431	0.357	0.649	785	0.331181938272742
AP1M1	0.643	0.699	0.839	435	0.355792928066442
GYG2	0.392	0.245	0.6	501	0.316266453546635
ENDOU	0.438	0.327	0.646	410	0.360360337760248
CCNB1	0.23	-0.226	0.347	433	0.337027208757248
SGCE	0.236	-0.164	0.376	473	0.316388522309738
CACNA1I	0.624	0.68	0.827	2223	0.330975777179773
CACNA1H	0.635	0.678	0.827	2353	0.326014119993794
TRIM4	0.366	0.218	0.582	500	0.337155114449623
CACNA1G	0.55	0.56	0.762	2377	0.325066278232708
TIMELESS	0.358	0.186	0.559	1208	0.33940439311895
BCL10	0.195	-0.281	0.309	233	0.291427599065612
HERC3	0.258	-0.049	0.438	1050	0.331590036084679
CCNC	0.171	-0.354	0.27	283	0.326592559860209
HERC2	0.334	0.142	0.539	4834	0.326275126337868
HERC1	0.222	-0.197	0.359	4861	0.309674488117878
SNURF	0.272	-0.026	0.443	71	0.305682608437933
BSN	0.439	0.294	0.628	3926	0.311437346365455
FOXH1	0.518	0.498	0.732	365	0.311879653960381
PHOX2B	0.499	0.474	0.726	314	0.319324284343417
MBD4	0.214	-0.278	0.32	580	0.312120665511409
MBD2	0.329	0.125	0.535	411	0.304234865408073
RTL8C	0.619	0.691	0.832	113	0.321933368666361
RAB29	0.405	0.288	0.621	203	0.339679082880448
SKAP2	0.201	-0.364	0.28	359	0.326603582920072
WASF1	0.191	-0.42	0.243	559	0.285182090398538
BAIAP3	0.585	0.606	0.787	1187	0.331965264968177
FUBP3	0.336	0.108	0.527	572	0.33338468240776
CCND2	0.536	0.522	0.741	289	0.360205409663199
TOP3B	0.559	0.562	0.767	862	0.354906154199692
CDK5R2	0.699	0.795	0.891	367	0.32595725447247
KYNU	0.201	-0.263	0.322	465	0.320781082787126
AP3D1	0.59	0.616	0.795	1215	0.362003113532126
BTRC	0.24	-0.12	0.395	605	0.317177521264187
CCND3	0.532	0.54	0.75	292	0.32593819941643
H3C7	0.503	0.45	0.699	136	0.332476147391048
H2AC11	0.59	0.615	0.791	130	0.348209865578266
H2BC11	0.619	0.615	0.797	126	0.364003019466193
H1-10	0.737	0.809	0.9	213	0.381528901006358
MGAM	0.314	0.048	0.494	1857	0.328196655096141
CHRNA6	0.287	-0.015	0.455	494	0.32496461651981
P4HA2	0.342	0.148	0.544	535	0.336908999554868
USP13	0.29	-0.011	0.461	863	0.325547755389363
WASL	0.217	-0.347	0.292	505	0.298773080598916
RSPH1	0.293	-0.007	0.472	309	0.331850816967282
UMODL1	0.481	0.433	0.699	1446	0.326646098867632
SERPINB12	0.294	0.005	0.471	425	0.347337304855525
SERPINB11	0.27	-0.005	0.464	305	0.326874579992051
WNT3A	0.706	0.765	0.875	352	0.354128024649626
HPS4	0.359	0.161	0.552	708	0.320770645203938
LMLN	0.254	-0.08	0.424	692	0.317198910694783
SIGLEC10	0.469	0.422	0.692	697	0.320235857145111
GAL3ST3	0.729	0.832	0.909	431	0.316971006280467
NAV3	0.249	-0.148	0.393	2385	0.301021252829598
NAV1	0.437	0.339	0.649	1877	0.309699767090089
NAV2	0.412	0.288	0.622	2488	0.316727573431477
CCNE1	0.273	0.005	0.464	410	0.321315024506302
PPP1R3F	0.472	0.43	0.698	799	0.302076126162873
KCNK17	0.573	0.615	0.792	332	0.3256151493915
CHRFAM7A	0.527	0.533	0.749	412	0.344094474709579
ARHGAP11B	0.21	-0.217	0.341	267	0.316629558641372
ABCC10	0.451	0.415	0.68	1492	0.329993061279062
FGD3	0.541	0.53	0.75	725	0.332582331821406
FCHSD1	0.447	0.357	0.654	690	0.320523053921238
ATG16L2	0.528	0.525	0.744	619	0.332797833175918
PLOD3	0.563	0.563	0.765	738	0.332550542133127
MVB12B	0.361	0.176	0.56	319	0.311379102751489
KLHL6	0.438	0.378	0.666	621	0.346155817762929
SIGLEC12	0.429	0.321	0.639	595	0.323923006556727
RPS6KA4	0.654	0.716	0.847	772	0.337446077572433
SEC16B	0.342	0.09	0.519	1060	0.31828388546047
PLCZ1	0.167	-0.409	0.239	608	0.317141782335182
STBD1	0.266	-0.094	0.425	358	0.314008149194497
TRIM15	0.512	0.501	0.732	465	0.331215774625679
AQP10	0.418	0.325	0.638	301	0.349590772335757
SLC25A21	0.231	-0.166	0.374	299	0.330880641768303
CFAP91	0.273	-0.05	0.435	767	0.327904556324773
HSPB3	0.297	0.013	0.463	150	0.308831341745468
TPD52L3	0.318	0.133	0.533	140	0.309965884054325
LHX4	0.46	0.395	0.68	390	0.341749558874676
FATE1	0.38	0.236	0.589	183	0.333059530242338
SLAMF9	0.379	0.247	0.595	289	0.324162142568617
ZNF628	0.618	0.668	0.825	1059	0.323126933812457
TRPA1	0.21	-0.215	0.343	1119	0.324080519119393
KBTBD6	0.355	0.168	0.555	674	0.336225030637286
DYNC2I2	0.537	0.532	0.752	536	0.325438355327373
TMEM116	0.265	-0.037	0.44	337	0.318080944563959
CCNF	0.477	0.43	0.694	786	0.33187262350988
SELENBP1	0.477	0.41	0.684	514	0.337050474778405
UBE3B	0.37	0.263	0.597	1068	0.322180034360613
ATP6V0E1	0.338	0.143	0.534	81	0.341190018811952
BMERB1	0.419	0.362	0.653	204	0.348870248540257
PGLYRP1	0.517	0.534	0.75	196	0.340894772066247
PAPLN	0.494	0.419	0.694	1251	0.327716789811864
LIMD1	0.414	0.261	0.61	676	0.326316139563777
RHOT2	0.6	0.64	0.807	618	0.334581855647932
GLB1L2	0.449	0.398	0.674	636	0.335403669252105
TNFSF18	0.198	-0.238	0.333	199	0.323326656458475
KLC4	0.434	0.326	0.638	637	0.341287903398148
SAPCD2	0.704	0.78	0.881	394	0.31172170296921
NOL3	0.495	0.412	0.69	270	0.298056832889781
KALRN	0.436	0.368	0.66	1663	0.345632105269582
RSPRY1	0.225	-0.19	0.361	576	0.312736859444132
DPH6	0.195	-0.263	0.318	267	0.331805931950169
CDKL2	0.195	-0.3	0.301	570	0.318082246369903
NAT1	0.237	-0.114	0.397	352	0.329416555178202
ACVR1	0.283	0.014	0.471	509	0.327262062410065
CCNG1	0.195	-0.256	0.315	295	0.31582797952797
MIDN	0.613	0.68	0.829	468	0.30985485139206
HAP1	0.434	0.357	0.655	619	0.334021151007462
SYT8	0.566	0.588	0.778	401	0.319722343418258
F2RL3	0.648	0.723	0.848	385	0.314725492961471
UBE3D	0.259	-0.061	0.427	389	0.316293806311817
FAM181A	0.484	0.396	0.677	354	0.328736308326418
CCDC120	0.48	0.413	0.684	696	0.292758179041565
LACRT	0.241	-0.177	0.385	138	0.304612916366188
ZNF30	0.238	-0.207	0.367	624	0.328676653931482
CCNG2	0.206	-0.244	0.328	344	0.335593538869845
PHLDB2	0.265	-0.07	0.427	1253	0.315686224120261
VWA5B2	0.482	0.41	0.684	1242	0.309362258049746
TMEM250	0.74	0.876	0.931	139	0.313889846189118
TSR2	0.372	0.167	0.563	191	0.353936422429737
TAF1C	0.5	0.477	0.717	869	0.300184134427114
KCNH7	0.237	-0.143	0.385	1196	0.310999928750006
BTBD6	0.546	0.572	0.772	485	0.344104837862857
TSPAN18	0.535	0.57	0.765	248	0.355583001118777
TAF1B	0.216	-0.246	0.34	588	0.326322778698732
EFCAB11	0.23	-0.155	0.386	163	0.314432201433001
TAF1A	0.196	-0.286	0.311	450	0.336153542782399
SLC25A14	0.217	-0.156	0.372	353	0.310761824044942
HS6ST2	0.468	0.415	0.685	645	0.322553981255732
FRMD7	0.238	-0.192	0.362	714	0.313124386783817
EMILIN3	0.468	0.44	0.697	766	0.31447445958918
MPZL1	0.304	0.059	0.502	269	0.319230785979986
SYS1	0.571	0.658	0.812	156	0.320425685975928
WFDC8	0.321	0.019	0.483	241	0.346837247298785
CCNH	0.235	-0.105	0.403	325	0.3318494147783
MAP3K14	0.461	0.365	0.662	947	0.329241538251736
SNX21	0.545	0.55	0.756	373	0.316250015080991
ZSWIM1	0.452	0.375	0.663	485	0.337077615193383
SOCS3	0.666	0.728	0.855	225	0.322221710694669
CLIC3	0.742	0.841	0.914	236	0.318311713456361
UCN2	0.472	0.437	0.692	112	0.299057194232291
CH25H	0.633	0.701	0.839	272	0.31953360314199
KIAA2013	0.619	0.693	0.834	634	0.328296600196758
ZNF551	0.264	-0.117	0.409	670	0.316510015212061
BRSK2	0.591	0.622	0.797	766	0.323272196984774
UNC5A	0.61	0.652	0.813	842	0.335053824447258
RNF8	0.28	-0.009	0.462	485	0.357180307970948
HIP1R	0.618	0.646	0.809	1068	0.351777934642751
OTULIN	0.317	0.121	0.53	352	0.327695699118398
NAT8	0.398	0.338	0.64	227	0.321394092985063
CEACAM21	0.367	0.228	0.589	293	0.314870667672084
RHBDL1	0.647	0.685	0.83	438	0.338729635067916
EFCAB12	0.498	0.447	0.703	572	0.337506536289668
KLHL13	0.228	-0.194	0.363	658	0.317634570449955
BAZ1B	0.274	-0.062	0.433	1483	0.333055627451196
TP53I13	0.466	0.379	0.665	393	0.298136582018411
TGIF2LX	0.369	0.218	0.586	241	0.322610386339454
ZNF616	0.216	-0.291	0.318	781	0.321336285388781
TM4SF5	0.427	0.436	0.695	197	0.336516303339761
ZNF766	0.236	-0.221	0.352	468	0.32254137993535
CCDC97	0.52	0.477	0.721	343	0.326380733004805
THAP3	0.463	0.41	0.684	239	0.335771016790745
PKD2L1	0.424	0.343	0.646	805	0.340855227133569
EXOC3L2	0.56	0.582	0.77	409	0.312669532852902
ZNF468	0.226	-0.265	0.329	522	0.320181513486231
ZNF160	0.235	-0.251	0.342	818	0.321593928302943
CCRL2	0.309	0.065	0.494	356	0.330179561064787
FER1L5	0.472	0.433	0.696	2057	0.341000823556596
CTU1	0.733	0.87	0.93	348	0.30781636553852
MACIR	0.304	0.043	0.485	206	0.319383040654813
FAM110B	0.557	0.545	0.758	370	0.340383847672769
SEMA5A	0.434	0.326	0.642	1074	0.341559122918939
DCAF15	0.578	0.604	0.79	600	0.330841710934422
TAAR5	0.427	0.357	0.65	337	0.340887073590962
TICRR	0.294	-0.001	0.466	1910	0.303532195751449
UBA3	0.195	-0.301	0.301	463	0.312570972565915
MED30	0.297	0.069	0.497	178	0.342769594405675
CCNT1	0.256	-0.15	0.393	726	0.306162041692285
UBE2M	0.59	0.634	0.804	183	0.363147283583353
TMEM41A	0.37	0.285	0.607	264	0.334191895414907
IFT20	0.232	-0.156	0.379	158	0.354200952372989
MCFD2	0.291	0.009	0.471	146	0.318706184993127
CCDC32	0.289	-0.044	0.452	194	0.34218311888146
KNSTRN	0.289	0.089	0.513	316	0.325620854451565
ATP6V1E2	0.349	0.184	0.556	226	0.358600605029253
BMF	0.378	0.237	0.592	184	0.340156091312919
SPAG9	0.23	-0.191	0.369	1321	0.316118910909778
BTAF1	0.175	-0.35	0.272	1849	0.311772873652746
ZNF622	0.392	0.226	0.593	477	0.354406136839922
RPL14	0.286	-0.133	0.408	215	0.382689783323227
ERI1	0.24	-0.128	0.397	349	0.325163155164347
DOK2	0.483	0.408	0.685	412	0.321718254389471
SH2D2A	0.506	0.445	0.704	399	0.317980156880362
ARTN	0.589	0.66	0.815	228	0.273390912551538
GADD45GIP1	0.545	0.561	0.763	222	0.327037595245381
ZNF835	0.644	0.693	0.838	537	0.336222712447589
TMEM263	0.225	-0.291	0.333	116	0.336293083788101
AIP	0.615	0.643	0.808	330	0.381496458061221
CCNT2	0.235	-0.194	0.37	730	0.293706118530446
PSTPIP2	0.301	0.025	0.48	334	0.351009442750676
LRRC46	0.435	0.339	0.643	321	0.330213308135463
SCRN2	0.511	0.487	0.727	425	0.340951616287911
PSTPIP1	0.578	0.576	0.774	416	0.349352426056313
GPRC5A	0.406	0.325	0.635	357	0.333243547230514
YIF1B	0.554	0.594	0.78	314	0.338590700742968
MLIP	0.252	-0.122	0.407	993	0.294191418191264
SHF	0.461	0.361	0.66	423	0.3056432073514
DUOXA1	0.419	0.298	0.618	483	0.308957079458955
STPG1	0.295	-0.075	0.44	334	0.333718143889937
MAP7	0.28	-0.049	0.437	779	0.305718544817708
NFS1	0.335	0.132	0.533	457	0.326165255180297
PRC1	0.28	0.003	0.462	620	0.334149737708684
MCU	0.252	-0.019	0.445	351	0.312656024099705
CCDC74A	0.486	0.446	0.703	378	0.319649210425384
SLC7A7	0.357	0.214	0.573	511	0.345436464053044
SLC7A6	0.4	0.299	0.621	515	0.343641149941379
ZNF799	0.213	-0.335	0.302	643	0.32152730734145
SLC13A2	0.562	0.607	0.787	641	0.3438787439211
TIMM29	0.669	0.778	0.88	260	0.320382429956312
ZNF625	0.242	-0.23	0.355	372	0.324362183041757
ZNF700	0.231	-0.285	0.329	745	0.330785837265338
ZNF439	0.228	-0.284	0.325	499	0.333417575340024
PAPSS2	0.311	0.065	0.498	619	0.320490383477246
PAPSS1	0.242	-0.18	0.371	624	0.32272490111167
LYRM7	0.155	-0.396	0.245	104	0.298546978859604
STARD13	0.357	0.191	0.568	1113	0.319676740910296
PIAS2	0.197	-0.298	0.304	621	0.287915399706454
N4BP2L1	0.295	0.012	0.468	243	0.308152533422679
ZFAND2A	0.314	-0.016	0.472	145	0.352185184517686
COX19	0.251	-0.115	0.412	90	0.335030292936003
MAP3K6	0.534	0.536	0.749	1288	0.32127373781284
ZNF486	0.221	-0.303	0.316	463	0.324425206797406
TGIF2LY	0.369	0.229	0.588	185	0.328934280784879
SYT7	0.626	0.695	0.837	478	0.343665611671424
TBL1Y	0.334	0.084	0.518	522	0.324369395873398
CARMIL3	0.47	0.417	0.687	1372	0.317104666896381
PPP1R3E	0.636	0.698	0.836	279	0.297941786656428
LRSAM1	0.463	0.446	0.697	723	0.348394155854086
ANGPTL1	0.235	-0.152	0.382	491	0.329191909071214
CLDN12	0.331	0.12	0.524	244	0.320154301817325
CCDC126	0.189	-0.227	0.333	140	0.310045146810615
ASH2L	0.28	-0.083	0.433	628	0.324783161681537
SEC11C	0.256	-0.007	0.456	192	0.327240775805376
CLDN10	0.314	0.07	0.509	228	0.327848454988725
CLDN8	0.339	0.163	0.55	225	0.362726268533397
FAM104B	0.281	-0.061	0.439	116	0.324969649846761
PAGE5	0.226	-0.291	0.325	130	0.309903865898244
CLDN6	0.551	0.589	0.779	220	0.362732863255667
CLDN2	0.362	0.21	0.573	230	0.336178024231484
CLDN1	0.362	0.198	0.569	211	0.354679775084256
DIRAS3	0.557	0.563	0.765	229	0.357466633286081
PYGO2	0.412	0.192	0.583	406	0.321817215171751
LDB2	0.348	0.128	0.537	373	0.315608352175517
CEP95	0.201	-0.286	0.308	821	0.308353835619688
CCT6A	0.228	-0.174	0.368	531	0.329593846211743
CLDN9	0.641	0.734	0.854	217	0.359184393763175
ANGEL2	0.209	-0.267	0.32	544	0.311847083703941
PIP4P1	0.339	0.126	0.535	284	0.319434278118065
PRY	0.264	0.015	0.461	147	0.323222774380373
PRMT9	0.205	-0.234	0.338	845	0.319838533290103
ZNF479	0.227	-0.229	0.351	524	0.322286873570534
BPY2	0.254	-0.054	0.422	106	0.305285165417517
CFAP119	0.485	0.461	0.71	331	0.32027151166506
VCY	0.505	0.433	0.707	125	0.301312212070446
TCEAL8	0.223	-0.278	0.324	117	0.307685148379907
CDY1	0.245	-0.153	0.386	554	0.328130770218835
SPOCD1	0.411	0.276	0.613	1216	0.317272012587699
EIF1AY	0.185	-0.398	0.248	144	0.334381744596275
JPT2	0.341	0.043	0.5	190	0.297813308702387
SPSB3	0.63	0.667	0.823	355	0.315018689622959
IL33	0.24	-0.203	0.365	270	0.337424198706428
TMSB4Y	0.303	-0.099	0.429	44	0.371241557511129
DMAC1	0.434	0.368	0.667	112	0.304164495047176
ZNF697	0.635	0.683	0.832	545	0.32350516331158
PKMYT1	0.567	0.561	0.763	499	0.303403945356891
CD1A	0.321	0.131	0.532	327	0.312722500193719
PIGQ	0.544	0.57	0.766	760	0.313795572053003
SART1	0.584	0.603	0.787	800	0.342938659455484
DNAJA3	0.432	0.305	0.632	480	0.339369275926531
TRIM41	0.522	0.492	0.729	630	0.331500494033268
UNC119	0.583	0.599	0.787	240	0.332690582543415
TBX19	0.373	0.199	0.579	448	0.313225669733812
ESAM	0.386	0.272	0.612	390	0.316577091802848
ADCK2	0.447	0.408	0.678	626	0.323426395178077
DHX57	0.213	-0.218	0.346	1386	0.314865746744136
TBX18	0.37	0.204	0.579	607	0.312088551467639
USP14	0.195	-0.352	0.284	494	0.328239125035736
USP6	0.298	0.023	0.478	1406	0.319239427755449
ZNF251	0.27	-0.065	0.437	671	0.322356995424624
USP2	0.432	0.359	0.655	605	0.31534616096755
KIFC2	0.511	0.521	0.74	838	0.296297726957685
CREB3L1	0.563	0.555	0.764	519	0.321223260514454
ACVR1B	0.368	0.254	0.597	546	0.336619244581246
CD1B	0.284	0.032	0.478	333	0.306915837601478
USP10	0.287	-0.039	0.451	802	0.318609549817734
USP8	0.199	-0.358	0.278	1118	0.322108839613186
FMNL3	0.438	0.343	0.646	1027	0.340875588485329
CERS5	0.341	0.156	0.541	392	0.317461876246032
DPP9	0.566	0.603	0.789	892	0.341421310064357
RGN	0.304	0.027	0.486	299	0.354058386875626
CCDC149	0.338	0.136	0.535	540	0.341124113025723
AP5B1	0.497	0.493	0.722	878	0.31490218513926
CCDC34	0.244	-0.161	0.387	373	0.336084882167012
MTMR6	0.211	-0.242	0.335	621	0.321076150767321
ANKRD30A	0.184	-0.391	0.265	1341	0.332778510190566
MTMR7	0.294	0.01	0.471	660	0.327295816858929
CD1C	0.281	0.021	0.473	333	0.31017009354559
MTMR4	0.352	0.133	0.541	1195	0.330242584242674
TRIM47	0.572	0.601	0.785	638	0.315935033535988
NMI	0.197	-0.296	0.313	307	0.33161668221027
MTA1	0.563	0.58	0.775	715	0.34132087732152
ZNF682	0.225	-0.264	0.333	498	0.33731406408795
LATS1	0.192	-0.413	0.253	1130	0.310910463384405
L3MBTL4	0.255	-0.129	0.4	623	0.327407413677545
SLC25A46	0.244	-0.121	0.396	418	0.303227933986044
ATP6V0D1	0.564	0.551	0.758	351	0.382163692917924
TMEM67	0.187	-0.324	0.289	995	0.323368254687609
TIGD7	0.188	-0.337	0.285	549	0.310361079113561
IGFN1	0.298	0.001	0.474	3708	0.30604552080182
SEC22C	0.307	0.054	0.488	303	0.343132972420722
SCARF2	0.635	0.674	0.828	871	0.318374142645879
INA	0.556	0.601	0.784	499	0.325252215423422
NUP210L	0.234	-0.144	0.387	1888	0.310614125395137
KRT75	0.465	0.395	0.677	551	0.335302325526765
CD1D	0.434	0.391	0.673	335	0.322655916985424
SLC16A6	0.272	0.007	0.464	523	0.316871638429894
SLC16A5	0.548	0.565	0.765	505	0.334749167007174
SLC16A4	0.23	-0.164	0.372	487	0.3190371450454
GGTLC2	0.579	0.575	0.777	218	0.346494762446379
SLC16A3	0.628	0.73	0.855	465	0.340301939602637
PDLIM1	0.355	0.16	0.558	329	0.351990540149966
CNOT9	0.256	-0.048	0.43	331	0.305148204189352
SLC39A13	0.512	0.544	0.752	371	0.333119213909353
SMC3	0.193	-0.306	0.297	1217	0.341531942884963
P2RX6	0.478	0.413	0.69	441	0.337163238791903
BOD1	0.408	0.225	0.591	185	0.348480179666043
PRPF4	0.278	-0.03	0.448	522	0.321112810754552
MSANTD3	0.315	0.096	0.519	275	0.34124163305499
LMF2	0.594	0.638	0.803	707	0.317112651675376
PRPF3	0.289	-0.038	0.446	683	0.334132446172291
C12orf29	0.186	-0.357	0.278	325	0.309761280746582
CD1E	0.315	0.137	0.534	388	0.314275252465137
FAM50A	0.595	0.603	0.788	339	0.366016878878724
R3HDM4	0.603	0.662	0.815	268	0.319845930120874
TMEM259	0.672	0.741	0.861	620	0.326835645700099
AIFM1	0.263	-0.065	0.43	613	0.323548455295202
DERL3	0.625	0.706	0.841	239	0.322957340492867
KCNQ4	0.615	0.676	0.825	695	0.321143112438401
CCNB2	0.242	-0.102	0.408	398	0.340090870432267
CCNE2	0.191	-0.282	0.308	404	0.31999821179989
RABEP1	0.216	-0.158	0.378	862	0.335930631323326
DDX60L	0.196	-0.267	0.318	1706	0.324611682404467
RRP9	0.467	0.427	0.693	475	0.339480915941362
CDKN2AIPNL	0.449	0.462	0.713	116	0.324451118264033
ANKRD40	0.288	-0.012	0.46	368	0.322023883560374
UAP1L1	0.595	0.614	0.792	507	0.33535339608585
ARHGEF1	0.556	0.568	0.767	927	0.323042028802644
CBFA2T2	0.318	0.04	0.488	604	0.312461388175464
ZNF502	0.225	-0.283	0.324	544	0.328025831803777
CD2	0.266	-0.126	0.402	351	0.311628738550219
ATG12	0.261	-0.116	0.412	140	0.32922873112473
SESTD1	0.189	-0.271	0.316	696	0.322681832897366
BTF3L4	0.194	-0.324	0.297	158	0.338667651361057
CCDC74B	0.489	0.461	0.711	380	0.319263684032619
PDCD5	0.208	-0.169	0.372	125	0.315873751366665
ATP23	0.265	-0.073	0.43	246	0.334708822378718
SYNGR3	0.756	0.882	0.937	229	0.325747587298761
RCCD1	0.475	0.453	0.709	376	0.315078353840492
SYNGR2	0.517	0.487	0.727	275	0.315575302040768
FAAP24	0.318	0.129	0.531	215	0.348116007849434
RNF185	0.357	0.154	0.554	192	0.320507846523678
SYNGR1	0.738	0.821	0.906	233	0.383664279784622
ACBD5	0.236	-0.206	0.363	534	0.320520646897288
HGS	0.616	0.623	0.802	777	0.356175494368382
PKDCC	0.617	0.65	0.812	493	0.317615865061375
ISX	0.413	0.222	0.583	245	0.327772149282686
NEMF	0.189	-0.342	0.286	1076	0.326659564372466
NEURL1	0.687	0.781	0.882	574	0.31834141553458
DYRK1B	0.56	0.56	0.763	629	0.3240289228366
CD3D	0.303	0.05	0.485	171	0.321141273233549
CTDP1	0.518	0.506	0.738	961	0.31889646147509
SLC6A5	0.397	0.283	0.617	797	0.343532342271011
COL23A1	0.422	0.295	0.63	540	0.300121268514928
PCED1B	0.462	0.404	0.679	432	0.314518033523785
ANKRD44	0.248	-0.115	0.403	993	0.33608037222251
SLC28A2	0.318	0.1	0.516	658	0.334023857050725
SLC28A1	0.466	0.442	0.696	649	0.33845302580204
RSAD2	0.316	0.071	0.497	361	0.340063807052548
UBXN11	0.477	0.402	0.679	520	0.311292673925052
EXO1	0.217	-0.246	0.337	846	0.315118710951532
MTRFR	0.277	0.008	0.472	166	0.3152020664048
FIBP	0.529	0.551	0.757	364	0.337731159147306
RPS19BP1	0.596	0.614	0.793	136	0.360235298412687
PLXNA4	0.537	0.525	0.746	1894	0.353046342298296
PCSK7	0.443	0.375	0.668	785	0.326342923847566
CD3E	0.292	0.009	0.47	207	0.323170057758191
ZNF830	0.307	0.086	0.514	372	0.313656105566375
SLFN11	0.272	-0.024	0.448	901	0.325393505197288
RASL10B	0.687	0.766	0.872	203	0.34857287416009
CHURC1	0.267	-0.054	0.436	140	0.314770675568727
DEPDC7	0.198	-0.245	0.331	511	0.320509597009352
DGKI	0.311	0.066	0.501	1065	0.325328014406564
NEXN	0.169	-0.446	0.225	675	0.326212219388272
TDRD12	0.206	-0.274	0.325	395	0.337737274294389
ATPAF2	0.482	0.434	0.693	289	0.32769759334136
BOC	0.47	0.399	0.681	1115	0.323773093483095
EBAG9	0.182	-0.353	0.279	213	0.311412233860263
ZNF765	0.235	-0.24	0.346	523	0.331836863455439
NLRP12	0.466	0.448	0.698	1062	0.331950526699204
MYADM	0.646	0.731	0.854	322	0.344006607238825
ZNF845	0.221	-0.296	0.315	970	0.328464453674433
COX7A2L	0.35	0.125	0.541	114	0.346777071794574
TMSB10	0.548	0.5	0.738	44	0.370922344857014
SYT12	0.584	0.61	0.792	421	0.342805219852658
CENPL	0.201	-0.284	0.314	390	0.306417934967206
SMDT1	0.319	0.158	0.544	107	0.280523356455861
SCAF11	0.185	-0.425	0.249	1463	0.308267388696029
LONRF1	0.268	0.018	0.469	773	0.309156815868609
CD3G	0.274	-0.026	0.449	182	0.368585633791159
LPAR2	0.553	0.607	0.784	351	0.324081386877918
ACY3	0.571	0.55	0.761	319	0.343239867245132
MYOM2	0.401	0.283	0.62	1465	0.337432584338459
IL1RL1	0.244	-0.133	0.391	556	0.334119961019763
IDI2	0.346	0.161	0.541	227	0.322516325113907
YTHDC1	0.2	-0.331	0.29	735	0.293777880658678
MIDEAS	0.486	0.397	0.68	1045	0.331778611253338
MFSD4B	0.212	-0.258	0.327	518	0.317827676725764
MAP3K13	0.3	0.007	0.472	966	0.314263988171421
LIN52	0.239	-0.127	0.393	116	0.304200463326547
ZNF804A	0.199	-0.338	0.294	1209	0.324013785669163
NEK9	0.307	0.037	0.487	979	0.331607805001595
CABLES1	0.46	0.457	0.709	633	0.316373120726193
HTR3B	0.364	0.227	0.583	441	0.32880238641247
NXPE3	0.331	0.13	0.535	559	0.331463726781415
CHMP7	0.409	0.322	0.635	453	0.331599591840196
AP4M1	0.409	0.35	0.647	460	0.302495167160321
OSMR	0.247	-0.135	0.399	979	0.322508341529435
ALKBH8	0.218	-0.235	0.341	667	0.318459527460141
MYLK3	0.427	0.298	0.628	819	0.326851209988455
ARHGEF2	0.459	0.412	0.68	986	0.316065100982143
RASSF9	0.222	-0.196	0.36	435	0.330511226027393
EXOC3L4	0.606	0.647	0.809	722	0.323642052263913
ZW10	0.225	-0.148	0.379	779	0.327698959696641
WDR20	0.322	0.107	0.529	612	0.306118458755091
BUB3	0.307	0.02	0.483	328	0.326094307817515
REPS2	0.314	0.038	0.491	660	0.316670246634458
CHRDL1	0.295	-0.001	0.472	458	0.34116916315901
CALML4	0.357	0.22	0.583	196	0.326217298214677
MARVELD3	0.419	0.367	0.658	410	0.296542740002846
RFT1	0.315	0.147	0.534	541	0.317273905884115
SLC24A1	0.331	0.1	0.52	1099	0.304705274945998
TTC5	0.33	0.117	0.532	440	0.33609116946603
DDX21	0.243	-0.181	0.375	783	0.327898463664506
ZBED1	0.756	0.83	0.91	694	0.37773507490482
FDXACB1	0.256	-0.086	0.417	624	0.317421741490799
C11orf52	0.341	0.145	0.55	123	0.32480146052271
CD247	0.454	0.406	0.677	164	0.349619411996909
DEDD	0.376	0.24	0.585	348	0.322614358882804
TIMD4	0.302	0.024	0.48	378	0.279039896378527
SLC16A7	0.212	-0.235	0.34	478	0.31863134904662
NDUFAF2	0.236	-0.217	0.356	169	0.325061253832633
ARRDC4	0.314	0.065	0.502	418	0.324784529086289
COG7	0.41	0.31	0.629	770	0.354486296487124
KCNAB3	0.369	0.238	0.592	404	0.320290217961756
EOLA1	0.335	0.191	0.559	158	0.331463464926956
SLC33A1	0.212	-0.172	0.369	549	0.306954931259017
ZNF300	0.229	-0.212	0.361	620	0.329426519364227
MYOZ3	0.548	0.566	0.77	251	0.321934696313985
TPGS1	0.725	0.845	0.916	290	0.315682439939767
ACVR2A	0.202	-0.31	0.302	513	0.322861888936748
CD4	0.421	0.342	0.646	458	0.341772181789228
HACD1	0.267	0.018	0.469	288	0.306138462661079
CCNQ	0.531	0.546	0.755	228	0.342251310738297
DCLK1	0.351	0.154	0.549	740	0.32072078482833
SLC25A51	0.229	-0.158	0.37	297	0.306727826339639
SNX29	0.419	0.31	0.632	813	0.332761460661302
ZMYM4	0.22	-0.258	0.336	1548	0.325240687882241
ZMYM3	0.42	0.272	0.615	1370	0.334073930738412
ZMYM6	0.186	-0.364	0.277	1325	0.32380507293779
ZMYM5	0.172	-0.459	0.228	382	0.3097506205705
LRRFIP1	0.264	-0.095	0.427	808	0.320746687746399
GGTLC1	0.566	0.565	0.771	225	0.353645757050408
LRRFIP2	0.237	-0.165	0.373	721	0.316490946484638
ZC3HAV1L	0.448	0.377	0.668	300	0.35742344418892
CD5	0.501	0.449	0.707	495	0.342795726969843
BMP15	0.284	0.028	0.469	392	0.313165889251895
TTC30A	0.325	0.112	0.522	665	0.356710212964054
INTS4	0.252	-0.078	0.418	963	0.322813942030765
OXNAD1	0.243	-0.123	0.395	330	0.314344389423798
LGI1	0.235	-0.151	0.384	557	0.333344474202227
AURKB	0.464	0.417	0.684	345	0.332923025690815
DSEL	0.188	-0.335	0.285	1222	0.314597512751131
RIPPLY1	0.303	0.006	0.473	151	0.337667949004524
XPR1	0.284	-0.01	0.453	696	0.333351235325379
FCMR	0.397	0.245	0.596	390	0.30365326343807
MTDH	0.274	-0.094	0.425	582	0.320736783381221
LARGE1	0.512	0.497	0.728	756	0.347060618499157
MTSS2	0.648	0.681	0.831	747	0.316611829217741
TMEM88	0.466	0.509	0.729	159	0.29774027157372
VAPB	0.268	-0.076	0.427	243	0.321922016400325
MTG1	0.495	0.49	0.723	334	0.349182267919194
VAPA	0.226	-0.243	0.343	294	0.300502779782748
UBTD2	0.28	-0.071	0.431	234	0.319894447021129
MTA2	0.356	0.139	0.537	668	0.336469406456428
DAPL1	0.242	-0.225	0.346	107	0.330076379719163
CD5L	0.363	0.171	0.563	347	0.342217507565605
NOLC1	0.357	0.056	0.516	709	0.334835011673987
CDHR1	0.474	0.402	0.683	859	0.338612995166108
MAGI1	0.35	0.142	0.544	1462	0.315289287341014
STYXL2	0.461	0.379	0.67	1158	0.322223856179586
RCSD1	0.407	0.186	0.578	416	0.31735115112039
LMBRD2	0.189	-0.354	0.269	695	0.318265602864334
MRPS36	0.161	-0.49	0.204	103	0.280881354120868
LRAT	0.439	0.402	0.676	230	0.335269846940621
DLGAP2	0.57	0.595	0.785	1055	0.320728633306689
ZNF461	0.204	-0.319	0.302	563	0.325165807912377
ZNF585B	0.265	-0.134	0.403	769	0.334341454908367
DLGAP1	0.509	0.461	0.714	977	0.325126832438068
CAPN13	0.369	0.206	0.574	669	0.320260543271116
GLYATL1	0.274	-0.044	0.444	333	0.329674620753419
TMEM132C	0.525	0.518	0.743	1108	0.3397878499994
CD6	0.5	0.469	0.72	668	0.320466134909382
RAB11B	0.718	0.756	0.869	218	0.373684617991482
SCGB3A1	0.65	0.765	0.874	104	0.381366082709006
TMEM129	0.651	0.699	0.838	362	0.345813963523736
DLG5	0.513	0.483	0.723	1919	0.336289495367174
MEX3A	0.566	0.579	0.777	520	0.330818018794359
PTTG1	0.259	-0.141	0.396	202	0.321010744789841
STRADA	0.402	0.275	0.612	431	0.311427971373107
PRR29	0.47	0.377	0.668	236	0.298747304865401
METTL18	0.179	-0.371	0.269	372	0.305983750875542
GORAB	0.219	-0.182	0.366	394	0.321404712862073
NAF1	0.234	-0.247	0.349	494	0.299542670561268
C1orf105	0.233	-0.172	0.368	183	0.306468771129729
IL32	0.4	0.293	0.627	234	0.334276072695021
CRB3	0.509	0.527	0.742	123	0.326903203864951
CCPG1	0.19	-0.361	0.28	807	0.32169478267507
SPSB4	0.678	0.767	0.874	273	0.326103038240392
PXYLP1	0.359	0.178	0.557	480	0.328220272727436
TBRG4	0.469	0.438	0.695	631	0.331795621507287
MRRF	0.28	0.011	0.468	262	0.343979541184027
CD7	0.571	0.604	0.787	240	0.331474844681793
PNMA1	0.332	0.196	0.566	353	0.336773349779225
RBM18	0.282	-0.061	0.435	190	0.336094736801244
NOG	0.677	0.782	0.882	232	0.326376747100068
MSC	0.557	0.579	0.776	206	0.318124519897899
CHMP4C	0.29	-0.021	0.453	233	0.340354386330984
CRLF1	0.609	0.68	0.828	422	0.32242338616576
GCNT3	0.318	0.076	0.506	438	0.357461172824061
UBE2L6	0.557	0.544	0.753	153	0.347317230290052
GCM2	0.356	0.09	0.523	506	0.331242341421405
GPR50	0.429	0.308	0.634	617	0.347842056400582
BBIP1	0.161	-0.422	0.238	103	0.300969493650921
LDHAL6B	0.252	-0.059	0.427	381	0.319677667185108
DHRS3	0.554	0.588	0.777	302	0.336926474690672
CD8A	0.554	0.638	0.804	235	0.308285771901851
RPS6KA5	0.237	-0.172	0.376	802	0.313209425768091
SPECC1	0.31	0.047	0.491	1068	0.316699591307676
NUMBL	0.507	0.408	0.69	609	0.332632718483334
CACNA2D2	0.54	0.523	0.745	1150	0.356560289695757
AIMP1	0.213	-0.281	0.317	336	0.342401268583676
ATXN3L	0.199	-0.285	0.316	355	0.313747533168052
BICDL1	0.45	0.423	0.686	573	0.333366232544342
TSPOAP1	0.458	0.359	0.658	1857	0.318380629376155
FANK1	0.258	-0.054	0.439	345	0.31653797334002
G6PC3	0.463	0.443	0.696	346	0.314289293783088
MFHAS1	0.502	0.521	0.739	1052	0.329165095510606
ASB16	0.545	0.538	0.75	453	0.339238264295996
ZNF764	0.609	0.619	0.799	408	0.323484716558995
MOB1B	0.233	-0.223	0.351	221	0.333887637294148
CD8B	0.435	0.4	0.674	243	0.317462168633825
PDLIM7	0.576	0.553	0.765	457	0.336289351371322
TIMM50	0.401	0.326	0.636	456	0.313266743780409
MAPKAPK2	0.497	0.447	0.703	400	0.342051140463922
TIFA	0.271	-0.073	0.432	184	0.317661911566698
STK17B	0.165	-0.409	0.238	372	0.302472142912587
STK17A	0.211	-0.207	0.351	414	0.312725204733348
CYTH3	0.394	0.287	0.615	399	0.3453329288043
CYTH2	0.599	0.628	0.799	400	0.360764530292449
MGME1	0.252	-0.113	0.41	344	0.340783319117335
CYTH1	0.381	0.251	0.596	398	0.353784348782698
DTD1	0.387	0.215	0.583	213	0.326952325306377
FAM114A1	0.241	-0.134	0.403	563	0.321987410495665
TMEM169	0.384	0.226	0.588	297	0.332696829773352
CD8B2	0.464	0.466	0.71	210	0.321455764678553
ITGB1BP1	0.238	-0.115	0.408	200	0.308314233825006
TMEM183A	0.334	0.13	0.532	376	0.326190869678164
PIWIL1	0.238	-0.116	0.396	861	0.319620197034599
ARRDC1	0.54	0.521	0.747	433	0.332454010545053
DPH7	0.431	0.337	0.645	452	0.317980009156116
OTOP2	0.578	0.631	0.801	562	0.334019196801176
DNER	0.412	0.26	0.61	737	0.35178196283471
BCL7C	0.434	0.343	0.645	242	0.28771023267135
SLC38A5	0.467	0.459	0.706	472	0.336208837237034
BPIFB1	0.459	0.416	0.682	484	0.347557735642373
DRC1	0.379	0.268	0.603	740	0.355527345908821
BCL7B	0.416	0.274	0.62	213	0.307696476660433
COPB2	0.231	-0.191	0.364	906	0.331975492362961
WDR46	0.396	0.262	0.604	610	0.332247926686841
ZBTB22	0.395	0.262	0.613	634	0.302664094889366
HELB	0.212	-0.249	0.333	1087	0.311234058757097
SHKBP1	0.478	0.445	0.703	707	0.306481240204086
CD9	0.458	0.4	0.677	228	0.38509957253437
CENPBD1P	0.297	0.047	0.486	187	0.316166792477005
H2AC25	0.706	0.815	0.899	130	0.346831107375233
MED14	0.227	-0.181	0.365	1454	0.309607960423262
ZNF276	0.505	0.467	0.719	614	0.325333909798049
GPR37L1	0.596	0.601	0.785	481	0.351742799814051
NPIPA1	0.273	-0.051	0.433	350	0.302681094604185
REEP6	0.547	0.559	0.761	184	0.343762267416244
IMP4	0.519	0.516	0.737	291	0.301719881620178
TAAR2	0.217	-0.192	0.358	351	0.324208172680966
ADGRG1	0.56	0.595	0.781	693	0.33022807884772
CD14	0.456	0.441	0.698	375	0.308959790223244
GPR55	0.584	0.634	0.801	319	0.345741611632759
HNRNPLL	0.214	-0.242	0.343	542	0.312600091679642
UBE2Q2	0.231	-0.114	0.403	375	0.320573088573413
CCDC102A	0.675	0.741	0.859	550	0.315408342757199
GPR52	0.25	-0.085	0.412	361	0.313160805496587
MARS2	0.398	0.28	0.613	593	0.31744165548767
S1PR2	0.593	0.689	0.83	353	0.337658145598844
ADAMTSL1	0.422	0.313	0.634	1762	0.329500675104434
SRSF11	0.219	-0.269	0.32	484	0.28447162486712
ATP6V1F	0.451	0.372	0.657	147	0.338431736731364
PEX11G	0.547	0.612	0.788	241	0.308668172109531
MARCHF9	0.542	0.61	0.789	346	0.308599646401193
ZBTB47	0.588	0.574	0.776	747	0.348295523108871
ACVR2B	0.51	0.476	0.719	512	0.345070660413617
CD19	0.45	0.369	0.663	557	0.312094688628336
B3GNT7	0.68	0.74	0.86	401	0.349495400956004
NT5C1B	0.354	0.197	0.569	610	0.313499173418243
PKHD1L1	0.202	-0.304	0.306	4243	0.30963390091842
COQ10A	0.378	0.226	0.588	247	0.315945590164803
SOCS6	0.276	-0.03	0.453	535	0.302640837477485
CD83	0.356	0.208	0.575	205	0.329757391957336
TEX30	0.178	-0.39	0.255	227	0.306593841215057
NEURL3	0.623	0.652	0.813	262	0.331514522965751
DMKN	0.377	0.179	0.576	476	0.32628274803567
MS4A1	0.235	-0.173	0.368	297	0.334207275308783
ZNF235	0.257	-0.17	0.389	738	0.321806124081226
NAPRT	0.575	0.606	0.787	538	0.329935849309856
KCNG4	0.651	0.717	0.845	519	0.335590413539387
TMEM44	0.444	0.378	0.663	475	0.319865834041841
ASIC3	0.554	0.552	0.759	549	0.325240493397224
KCNB2	0.341	0.125	0.531	911	0.327415762868332
ORAI3	0.508	0.496	0.731	295	0.325543115622724
MMP20	0.298	-0.017	0.463	483	0.3256856411387
ZNF561	0.223	-0.263	0.337	486	0.323797156699553
KLF4	0.518	0.497	0.734	479	0.295346990873198
OLFM2	0.621	0.694	0.836	454	0.339192773725405
NREP	0.277	-0.085	0.421	112	0.317109448761079
PRDM6	0.486	0.452	0.709	595	0.32832158377614
PTER	0.235	-0.145	0.38	349	0.321129909879316
COPS2	0.19	-0.303	0.298	450	0.341121003499288
PIGM	0.337	0.217	0.571	423	0.326044355180664
IGSF8	0.429	0.327	0.64	613	0.313443702395197
TRIP13	0.333	0.151	0.54	432	0.337815279535347
CFAP107	0.377	0.193	0.568	194	0.30872315854108
MS4A3	0.248	-0.098	0.415	214	0.310756637773324
TRIP12	0.208	-0.26	0.327	2040	0.305028485347856
TRIP11	0.17	-0.353	0.271	1979	0.329425483371128
PGAP3	0.57	0.606	0.787	320	0.335959873086996
TRIP10	0.436	0.349	0.654	601	0.326720448472111
ODAD1	0.593	0.63	0.8	670	0.336558047219815
HMGN3	0.243	-0.269	0.341	130	0.319908139811804
TRIP4	0.267	-0.05	0.437	581	0.336491478124209
ZNHIT3	0.262	-0.006	0.464	155	0.343596820991947
LEMD1	0.264	-0.077	0.42	181	0.331456304851821
GTF3C5	0.507	0.483	0.722	526	0.336529940403169
GTF3C4	0.323	0.119	0.529	822	0.328144274487402
CD22	0.411	0.304	0.631	847	0.33204962257004
GTF3C3	0.204	-0.238	0.332	886	0.325019745582823
B4GALT6	0.231	-0.161	0.375	382	0.313629843821774
CD163	0.255	-0.129	0.403	1156	0.323429640315402
HAUS8	0.346	0.173	0.559	410	0.315759209234068
TGM5	0.445	0.356	0.657	720	0.348843956761895
B4GALT5	0.329	0.118	0.524	388	0.32164174314674
MVB12A	0.546	0.538	0.755	273	0.324131486285731
SP140L	0.281	-0.041	0.445	580	0.336818121345296
CNOT8	0.278	-0.051	0.435	292	0.347591644937615
OPALIN	0.25	-0.077	0.415	141	0.284722488417049
TCEAL1	0.327	0.107	0.523	159	0.297158487181666
MMGT1	0.203	-0.238	0.331	131	0.282342141323006
GLP2R	0.352	0.237	0.585	553	0.319854285523483
MYL10	0.457	0.378	0.668	226	0.346047626530251
VAMP3	0.285	0.023	0.473	100	0.350508906217687
SNAP29	0.398	0.288	0.62	258	0.334724240376978
SYCE1	0.428	0.316	0.633	318	0.359492590064894
EFTUD2	0.396	0.237	0.592	972	0.339825017475517
MGAM2	0.256	-0.177	0.377	2515	0.312384430281258
ARMC6	0.522	0.479	0.721	501	0.36071505297523
TAOK2	0.472	0.446	0.699	1235	0.318813292071722
ZNF670	0.214	-0.349	0.296	389	0.323809145560305
NDST3	0.251	-0.115	0.401	873	0.325154143012584
MAPK1IP1L	0.242	-0.459	0.263	245	0.266159937097756
RPL23	0.263	-0.078	0.422	140	0.335064757162464
TPTE2	0.181	-0.332	0.276	522	0.309966050244543
CER1	0.345	0.145	0.547	267	0.314898552481307
NHERF2	0.596	0.608	0.79	337	0.318974287909465
SDR42E1	0.315	0.098	0.513	393	0.320310816602724
TXNL1	0.213	-0.307	0.313	289	0.330736550324878
SLIT2	0.276	-0.028	0.448	1529	0.340959541973684
UBE4A	0.279	-0.002	0.458	1073	0.336603383391913
LHX2	0.616	0.68	0.83	406	0.340975700675001
ZFAND4	0.201	-0.317	0.299	727	0.311260887694685
SLC22A6	0.513	0.505	0.732	563	0.342097619808935
ITGBL1	0.324	0.007	0.481	494	0.350783438619076
TRMT10A	0.205	-0.282	0.315	339	0.320221625295956
CACNA2D4	0.504	0.476	0.72	1137	0.347293031703289
TBC1D31	0.189	-0.286	0.303	1066	0.319402733417831
PPIG	0.195	-0.365	0.275	754	0.299080682894233
LONP1	0.623	0.68	0.828	959	0.346260005113938
FBXO44	0.406	0.329	0.635	256	0.305057747162812
CPNE6	0.531	0.496	0.733	612	0.348874918527735
MRFAP1	0.715	0.846	0.917	127	0.336663438089202
TADA2B	0.587	0.608	0.788	420	0.355974311153589
TBCK	0.21	-0.243	0.327	893	0.315801396258054
RAB33A	0.486	0.432	0.699	237	0.375098547789482
RAB28	0.233	-0.151	0.388	221	0.33469016304311
TJAP1	0.464	0.356	0.654	557	0.314787687117985
MYOCD	0.333	0.101	0.526	986	0.320190808926765
KL	0.389	0.271	0.608	1012	0.330185325727688
ACP4	0.555	0.559	0.76	426	0.319537027767719
CGB5	0.608	0.64	0.806	165	0.321791823570708
CAPZA3	0.212	-0.161	0.367	299	0.333204554020746
ARHGAP18	0.233	-0.142	0.389	663	0.331985584215721
CADPS2	0.232	-0.147	0.385	1296	0.321844691507997
RAB9A	0.23	-0.231	0.349	201	0.312651720003096
NHERF1	0.629	0.668	0.824	358	0.349775180504663
NRXN3	0.396	0.269	0.609	1571	0.334901079793823
ADIPOQ	0.348	0.144	0.549	244	0.335061000151399
KIF3B	0.323	0.094	0.514	747	0.341734702930999
ZFYVE9	0.22	-0.247	0.342	1425	0.324913094328162
PLAA	0.203	-0.299	0.306	795	0.313710616938427
PPT2	0.441	0.409	0.68	308	0.32459134467374
TM9SF2	0.237	-0.141	0.387	663	0.318417085433525
SLC22A8	0.472	0.446	0.699	542	0.324910374320674
COX5A	0.298	0.063	0.493	150	0.316637235542244
NRXN1	0.319	0.106	0.523	1547	0.327481596828183
NRXN2	0.587	0.627	0.8	1712	0.328006504008207
GRHPR	0.438	0.374	0.66	328	0.328238904296619
OTOF	0.58	0.592	0.782	1997	0.350127111038784
COG1	0.378	0.261	0.602	980	0.32675337581047
LIPG	0.407	0.274	0.613	500	0.331080094507891
SLC22A14	0.452	0.418	0.683	594	0.335245962610525
CD27	0.426	0.263	0.608	260	0.329298143652438
SLC22A13	0.486	0.467	0.71	551	0.33010920841799
CIAO1	0.423	0.302	0.632	339	0.331234707725034
TGFBRAP1	0.426	0.351	0.65	860	0.346629241778125
HS6ST1	0.783	0.864	0.926	411	0.33507924100596
GCNA	0.294	-0.062	0.446	691	0.322692495310442
NMT2	0.289	0.028	0.48	498	0.327246495035626
ACTR8	0.26	-0.075	0.421	624	0.325826571109044
ATP5IF1	0.328	0.132	0.535	106	0.326217426255502
CLEC6A	0.237	-0.216	0.361	209	0.322232408083119
CPA5	0.431	0.347	0.648	436	0.332448839784769
CD101	0.317	0.089	0.514	1021	0.323470227515472
FOXP2	0.241	-0.12	0.406	740	0.323303042545351
STOML1	0.528	0.523	0.742	398	0.328907124321433
ACVRL1	0.552	0.544	0.754	503	0.336711412643757
CD28	0.314	0.086	0.512	220	0.339343572622793
RECQL5	0.44	0.331	0.646	991	0.34350592652558
PIGS	0.425	0.357	0.654	555	0.339783323043118
RECQL4	0.501	0.469	0.715	1208	0.318183961495492
TTYH2	0.56	0.578	0.773	534	0.343495969175775
GRAP2	0.424	0.337	0.647	330	0.322992489951292
MUC16	0.288	-0.079	0.433	14507	0.2679481463985
POM121L2	0.297	-0.046	0.448	1035	0.286990174225079
CGB7	0.596	0.615	0.792	165	0.320950798588561
SELENOF	0.229	-0.115	0.398	164	0.327386130327167
LRRC4B	0.714	0.829	0.909	713	0.336617569421827
HTRA3	0.596	0.642	0.807	453	0.339416686640891
CAMK2N2	0.726	0.802	0.895	79	0.349323729362118
FTMT	0.521	0.529	0.745	242	0.346659652556439
ZNF101	0.236	-0.212	0.357	436	0.318228513184699
LPXN	0.352	0.126	0.539	391	0.34770353861137
SYAP1	0.278	-0.043	0.452	352	0.348830106630416
LENG9	0.521	0.514	0.739	478	0.304161556270946
ZRANB2	0.185	-0.416	0.248	330	0.279195243862426
TMPRSS11D	0.197	-0.3	0.301	418	0.308410060709672
SFXN1	0.247	-0.123	0.398	322	0.328102662711712
HSPB9	0.496	0.489	0.727	159	0.320674303677628
PEX16	0.537	0.564	0.76	346	0.309254385224068
SFXN5	0.441	0.398	0.675	340	0.323207272729552
CD80	0.284	-0.018	0.453	288	0.325766635739753
SNRNP40	0.285	-0.011	0.461	357	0.314008332255306
ORMDL1	0.198	-0.277	0.31	153	0.288030170090683
ORMDL3	0.593	0.654	0.812	153	0.332247994866039
PAXBP1	0.215	-0.237	0.338	917	0.31959663503608
TMEM203	0.596	0.734	0.852	136	0.321857819796276
ARHGAP29	0.189	-0.344	0.281	1261	0.313731431310539
CGB8	0.608	0.64	0.806	165	0.321791823570708
MED21	0.213	-0.279	0.317	144	0.343653778305828
SYTL3	0.332	0.136	0.539	610	0.32338015342026
SYTL4	0.321	0.079	0.507	671	0.322836659330381
SYTL5	0.26	-0.076	0.427	752	0.309116468840416
ENTREP1	0.373	0.246	0.593	603	0.312396957113757
ARHGAP12	0.206	-0.3	0.311	846	0.31570331598967
RP1L1	0.402	0.256	0.611	2400	0.314239190853835
TJP2	0.323	0.113	0.526	1221	0.310445697973552
FADS2	0.568	0.582	0.775	444	0.363680863218573
DDX23	0.364	0.173	0.551	820	0.334773009471355
ABCC12	0.337	0.179	0.556	1359	0.322477007263689
CRIPT	0.222	-0.377	0.286	101	0.360828332461288
CD86	0.249	-0.137	0.393	329	0.326048624395681
CYP7B1	0.209	-0.162	0.367	506	0.300580242358813
HAND1	0.528	0.506	0.737	215	0.320199379420205
ZNF264	0.329	0.066	0.509	627	0.32835622600993
NTN1	0.758	0.842	0.916	604	0.361039760480778
OPN4	0.538	0.544	0.754	489	0.32167360012479
FOXQ1	0.691	0.824	0.906	403	0.292393791291387
GNG8	0.578	0.609	0.791	70	0.366539058242765
H2AZ2	0.31	0.022	0.472	128	0.34386794105289
KCNK6	0.627	0.696	0.835	313	0.330934980590406
EPSTI1	0.254	-0.04	0.437	410	0.319166677425751
TP53INP1	0.244	-0.183	0.378	240	0.310558783553081
CDYL	0.349	0.147	0.547	544	0.336002170483766
CDY2A	0.245	-0.158	0.385	541	0.331653839839967
ECEL1	0.629	0.686	0.831	775	0.348137460246182
PPP1R14A	0.55	0.606	0.783	147	0.309594841266211
ABCG2	0.235	-0.113	0.401	655	0.32539299433084
TNFRSF8	0.504	0.437	0.704	595	0.326198602011086
CHST2	0.542	0.577	0.773	530	0.319428798797017
NCR2	0.354	0.186	0.565	276	0.300189390118634
NCR1	0.383	0.264	0.606	304	0.316037325171692
MED23	0.221	-0.18	0.361	1368	0.316237503260043
TNFSF8	0.336	0.16	0.551	234	0.346871419609928
MED17	0.219	-0.179	0.367	651	0.313374428941144
MED26	0.546	0.552	0.761	600	0.314841284850315
MED27	0.345	0.216	0.577	311	0.323183628842985
MED7	0.182	-0.346	0.267	233	0.3167092656597
QKI	0.247	-0.123	0.398	341	0.325194508801221
ITM2B	0.272	-0.058	0.432	266	0.361874328703664
GSTO1	0.343	0.151	0.546	241	0.337697918590249
AIM2	0.227	-0.183	0.369	343	0.335042520068988
MAP4K4	0.288	-0.007	0.461	1273	0.312957052680203
CD33	0.384	0.219	0.585	364	0.311423356789902
LY86	0.282	-0.026	0.452	162	0.352460920572494
EIF2AK3	0.238	-0.172	0.374	1116	0.30926145476666
ITM2A	0.3	0.062	0.49	263	0.3437024259598
GGPS1	0.197	-0.27	0.315	300	0.327652235492026
HOMER3	0.581	0.554	0.762	361	0.345048254282701
HOMER2	0.446	0.354	0.656	354	0.34736651353742
HOMER1	0.218	-0.239	0.34	354	0.318646786268103
FHL5	0.328	0.007	0.484	284	0.378985811117313
ARHGEF6	0.227	-0.178	0.369	776	0.3228477787385
SIGLEC6	0.445	0.351	0.654	453	0.326564016445826
RASAL2	0.311	0.065	0.5	1280	0.320048121339949
PICK1	0.552	0.552	0.76	415	0.36280865199862
HAND2	0.696	0.738	0.862	217	0.350470609013654
AKAP7	0.217	-0.228	0.343	348	0.333142577288887
IL27RA	0.395	0.291	0.62	636	0.305823600138791
SH3BP5	0.451	0.33	0.645	455	0.341751376315626
PCYT1B	0.301	0.009	0.475	369	0.312596632466904
CHST3	0.679	0.764	0.872	479	0.345414834122059
CD34	0.332	0.076	0.511	385	0.312305728341451
EIF4E2	0.346	0.126	0.532	245	0.335980172449794
AKAP6	0.24	-0.172	0.379	2319	0.317733470185726
THEMIS2	0.513	0.497	0.73	643	0.319567504562365
ATG5	0.192	-0.394	0.251	275	0.313730452833077
ROCK2	0.201	-0.262	0.323	1388	0.331611411570262
NAPSA	0.412	0.338	0.642	420	0.311446322502012
MED20	0.425	0.311	0.639	212	0.355469880677131
CABP1	0.502	0.55	0.756	370	0.275918235727994
MAPK8IP1	0.545	0.537	0.756	711	0.320855709497702
CD36	0.209	-0.269	0.322	472	0.335291290268342
ONECUT2	0.618	0.666	0.823	504	0.302835974765777
SLC25A27	0.197	-0.258	0.32	323	0.289709166662244
STX8	0.242	-0.062	0.419	236	0.337288932568921
CHST10	0.387	0.242	0.59	356	0.34096108404386
PIGL	0.354	0.236	0.582	252	0.322906684998448
PIGB	0.203	-0.202	0.345	554	0.305658712297764
PGS1	0.487	0.473	0.714	556	0.331967847599505
SCARB1	0.537	0.551	0.761	509	0.354445228246103
PSMF1	0.381	0.218	0.582	271	0.310163033672351
KIF23	0.207	-0.274	0.32	960	0.32408286776563
AKAP5	0.192	-0.388	0.266	427	0.329394923170369
TBX4	0.514	0.473	0.722	546	0.329256882848976
SLC4A7	0.189	-0.311	0.294	1259	0.29650859285798
SLC4A8	0.296	0.035	0.48	1093	0.32177033452505
MYOT	0.215	-0.264	0.331	498	0.321161893437441
ACY1	0.484	0.378	0.671	408	0.327334885315
SCARB2	0.275	-0.024	0.451	478	0.325799191767225
MAGED1	0.346	0.065	0.506	834	0.334143301561745
RPH3AL	0.508	0.496	0.73	315	0.315627894501541
XAGE2	0.216	-0.345	0.29	111	0.303481718224428
PAGE4	0.219	-0.365	0.29	102	0.311840733309618
ADAMTS4	0.461	0.386	0.672	837	0.319476413437318
ADAMTS3	0.252	-0.154	0.389	1205	0.321126276671793
ADAMTS2	0.576	0.592	0.782	1211	0.331246396356587
CD37	0.565	0.665	0.815	281	0.34157481969469
ADAMTS1	0.359	0.176	0.566	967	0.327528154772251
PMPCB	0.187	-0.302	0.296	489	0.307539406792142
FXR2	0.361	0.154	0.548	673	0.314394981130774
GAL3ST1	0.764	0.863	0.926	423	0.350042089352036
STXBP5L	0.192	-0.333	0.288	1186	0.297404338273529
LITAF	0.438	0.285	0.626	161	0.357756609878732
SPTLC2	0.269	-0.053	0.433	562	0.327609366070074
GDF15	0.496	0.566	0.762	308	0.287441648182861
TBPL1	0.157	-0.462	0.209	186	0.313511641301514
CD38	0.316	0.106	0.523	300	0.32340114508311
NPEPPS	0.237	-0.148	0.386	919	0.322119728395335
EEF1E1	0.218	-0.172	0.368	174	0.314314606905987
SCAMP1	0.198	-0.371	0.277	338	0.308561833341508
TECR	0.671	0.716	0.847	308	0.354910683793598
VPS4B	0.199	-0.31	0.302	444	0.312882376671933
MPDU1	0.416	0.405	0.676	247	0.346223919058783
GOSR1	0.219	-0.182	0.353	250	0.287448056656456
TMEM59	0.228	-0.172	0.371	323	0.317562406662468
BAG5	0.26	-0.05	0.43	488	0.340430836773604
ENTPD1	0.313	0.053	0.496	522	0.35051714862382
BAG4	0.259	-0.182	0.387	457	0.301521066314897
BAG3	0.422	0.224	0.595	575	0.318993054653631
BAG2	0.254	-0.042	0.434	211	0.338765353822233
POLR1C	0.33	0.107	0.519	346	0.331701680034199
ZNF254	0.211	-0.323	0.303	659	0.325166705813423
GMFG	0.42	0.278	0.615	142	0.351342517515838
PTGES	0.664	0.719	0.847	152	0.343571875014552
TP53I11	0.513	0.596	0.779	189	0.33749958059291
EI24	0.275	0.021	0.465	340	0.313550757212786
ENTPD2	0.567	0.597	0.785	495	0.333605252331359
TP53I3	0.357	0.211	0.577	332	0.347962718445757
CIR1	0.235	-0.216	0.36	450	0.316387043236246
NRG2	0.589	0.632	0.805	850	0.311275043127472
IGDCC3	0.49	0.425	0.692	814	0.321641910197262
RAB3D	0.56	0.532	0.754	219	0.362154984791224
APBA3	0.565	0.57	0.769	575	0.324440187920401
CXCL14	0.684	0.738	0.857	111	0.343533950897412
ENTPD6	0.42	0.336	0.646	484	0.331434003541321
ATP6V1G1	0.417	0.28	0.612	118	0.392083557905632
ATP5MF	0.453	0.419	0.689	94	0.347260501453846
SPAG7	0.452	0.338	0.648	227	0.355295998957233
MRPL33	0.311	0.151	0.54	65	0.33799378223138
SEC22B	0.265	-0.025	0.447	215	0.355059537865647
MACROH2A1	0.404	0.265	0.609	372	0.355063984803517
ATP5MJ	0.259	-0.091	0.412	75	0.354647461458959
CHD1L	0.263	-0.049	0.435	897	0.326040406585457
VPS26A	0.175	-0.384	0.256	327	0.316459998784449
ENTPD3	0.339	0.112	0.53	529	0.334835864650614
CCL4L2	0.317	0.044	0.49	103	0.309438526283245
MINPP1	0.296	0.082	0.506	487	0.315687394674566
H6PD	0.575	0.596	0.783	802	0.339795588451964
BCAR1	0.575	0.562	0.769	916	0.336117274800074
GTPBP1	0.469	0.425	0.693	669	0.321982876191989
GABBR2	0.475	0.446	0.701	941	0.337691392148951
CEP41	0.293	-0.027	0.452	373	0.326438948529465
GTF2IRD1	0.518	0.499	0.73	976	0.333109343057797
ENTPD5	0.297	0.036	0.488	428	0.32284363601788
GOSR2	0.32	0.173	0.548	257	0.317519599518759
NR1D1	0.517	0.471	0.72	614	0.327836317512484
GDF3	0.335	0.157	0.545	364	0.346537582609391
CLOCK	0.193	-0.328	0.297	846	0.302906049040831
SPAG6	0.221	-0.197	0.357	509	0.339312443281029
BABAM2	0.274	-0.061	0.434	415	0.331045202899956
CDC42BPB	0.397	0.288	0.618	1711	0.33462410739503
CD40	0.406	0.26	0.61	277	0.347940572711648
SOX13	0.561	0.522	0.746	622	0.34724176700631
PREPL	0.212	-0.245	0.335	727	0.328871015292102
APOBEC3B	0.432	0.328	0.639	382	0.348811534335795
ENTPD4	0.292	0.023	0.474	616	0.33235594032248
RBM39	0.189	-0.362	0.265	530	0.302630209813392
KIF20B	0.168	-0.401	0.248	1820	0.337129780061985
CREB5	0.365	0.162	0.559	508	0.305094421792887
MAD2L1BP	0.366	0.184	0.561	306	0.314841805952501
PRDX6	0.333	0.083	0.507	224	0.32298316984412
WTAP	0.253	-0.111	0.413	396	0.324571467250175
CD40LG	0.23	-0.106	0.409	261	0.322868732507449
AKAP12	0.281	-0.068	0.449	1782	0.322562310132355
IER2	0.607	0.66	0.819	223	0.301748833247681
CYTIP	0.276	-0.001	0.461	359	0.310125915856382
CD44	0.286	-0.104	0.421	742	0.294900801643389
PITPNM1	0.572	0.566	0.77	1244	0.329047284432659
PDIA4	0.431	0.309	0.636	645	0.360079683985166
NFE2L3	0.275	-0.016	0.458	694	0.309606371663246
RNF14	0.28	-0.061	0.435	474	0.351842590579008
VPS9D1	0.565	0.583	0.775	631	0.334205988061055
CARTPT	0.466	0.434	0.69	116	0.348349703416545
RAB36	0.493	0.453	0.708	333	0.344428781851987
CD47	0.173	-0.315	0.289	323	0.310499933108515
RIN1	0.554	0.572	0.769	783	0.311607997772173
NCOR1	0.249	-0.186	0.373	2440	0.308811673975102
NCOR2	0.602	0.617	0.797	2514	0.318044662189733
GDA	0.275	-0.036	0.448	471	0.321209834983242
RNF7	0.473	0.413	0.696	113	0.395769646382911
MTRF1	0.212	-0.208	0.344	445	0.327047353940794
TRAF4	0.497	0.422	0.691	470	0.340814276482065
ABCG1	0.499	0.508	0.734	678	0.342509032432802
CD48	0.343	0.116	0.529	252	0.341699176748005
CELSR1	0.608	0.653	0.814	3014	0.334901970406625
KLK4	0.489	0.507	0.74	254	0.350841287848613
TCL1B	0.428	0.339	0.644	128	0.308339905595576
AATK	0.615	0.643	0.812	1374	0.324376558147512
GUCA1C	0.242	-0.162	0.386	209	0.35476651175797
SNCAIP	0.306	0.012	0.476	1016	0.329581529769133
RGS6	0.298	0.017	0.474	490	0.333271433751378
CD53	0.411	0.317	0.627	219	0.351313162509082
GNA14	0.359	0.21	0.571	355	0.349655387998516
NUP155	0.187	-0.309	0.294	1391	0.315685451021611
SEC24C	0.349	0.11	0.53	1094	0.331545589191939
TESMIN	0.339	0.154	0.553	508	0.343838338247003
CLCA2	0.221	-0.233	0.344	943	0.319371306908823
ISG15	0.711	0.777	0.881	165	0.339345893302531
FEZ2	0.307	0.067	0.503	380	0.325471609173222
FEZ1	0.44	0.339	0.648	392	0.356625193314183
ARHGEF10	0.365	0.22	0.585	1368	0.327372929368392
ZNF592	0.425	0.275	0.619	1267	0.321438575042889
IKBKE	0.527	0.532	0.748	716	0.341876619765785
MORF4L2	0.245	-0.161	0.385	288	0.335336141759719
SH3PXD2A	0.538	0.496	0.734	1105	0.339660743953014
MICAL2	0.4	0.264	0.607	1124	0.339957098501714
FNIP1	0.211	-0.254	0.332	1166	0.310129677597809
CTR9	0.232	-0.198	0.362	1173	0.34144822232002
PPM1F	0.48	0.421	0.691	454	0.333817673814715
GCC2	0.168	-0.34	0.281	1684	0.340517758651009
RALGPS1	0.311	0.082	0.507	557	0.306525096364914
CD58	0.203	-0.262	0.325	250	0.304489349655445
MTFR1	0.227	-0.222	0.346	333	0.316081251241661
PLCH2	0.591	0.609	0.791	1416	0.329364620692791
SKIC3	0.184	-0.322	0.291	1564	0.338844016509757
HS2ST1	0.252	-0.117	0.4	356	0.330864455148313
TTLL4	0.359	0.166	0.556	1199	0.316262596307118
SOCS5	0.211	-0.248	0.331	536	0.3007149057209
MDC1	0.312	0.006	0.476	2089	0.300498847750022
IQCB1	0.184	-0.245	0.318	598	0.308940280235542
ZNF516	0.564	0.57	0.773	1163	0.329239592012207
PDE4DIP	0.319	0.109	0.52	2362	0.332013592240419
CD59	0.317	0.078	0.512	128	0.352714980560805
CEP135	0.167	-0.356	0.265	1140	0.31798740172988
LIMS3	0.497	0.403	0.687	117	0.384006955765549
LPIN2	0.312	0.034	0.49	896	0.324786600937093
MARF1	0.269	-0.045	0.443	1742	0.320229564153059
DZIP3	0.197	-0.301	0.302	1208	0.329709581790965
SAFB2	0.394	0.261	0.606	953	0.30603014204466
ZNF432	0.215	-0.288	0.32	652	0.31429751097425
EIF5B	0.199	-0.342	0.29	1220	0.344521300924111
CD63	0.399	0.265	0.608	238	0.397446019787715
IPO13	0.473	0.413	0.684	963	0.350371560377502
WSCD2	0.517	0.486	0.726	565	0.359959264606088
SDC3	0.504	0.435	0.703	442	0.303606671804223
SLC25A44	0.426	0.358	0.654	322	0.333763515818814
KIAA0040	0.482	0.433	0.691	99	0.375529356456466
TTI1	0.275	0.024	0.472	1089	0.332299544058632
TGS1	0.215	-0.304	0.314	853	0.326334141641051
PPIP5K1	0.336	0.11	0.525	1433	0.326716825731936
PHF14	0.204	-0.335	0.294	888	0.325168057025094
FAM53B	0.468	0.394	0.678	422	0.307930647450027
CD68	0.415	0.281	0.62	354	0.298087628796073
DEPDC5	0.38	0.212	0.581	1603	0.324314987483726
KDM4A	0.33	0.071	0.509	1064	0.33829248232552
N4BP1	0.234	-0.173	0.373	896	0.316639799051247
LRRC14	0.528	0.52	0.737	493	0.325376071219098
CLINT1	0.253	-0.164	0.391	643	0.313025987480821
VGLL4	0.593	0.587	0.78	296	0.322229611162967
GREB1	0.474	0.439	0.7	1949	0.332981085282607
NUP93	0.352	0.18	0.557	819	0.332262249467164
BZW1	0.228	-0.192	0.366	451	0.337861369937167
CD69	0.251	-0.161	0.396	199	0.339836247868478
UBE3C	0.257	-0.038	0.437	1083	0.318731707835638
PRORP	0.218	-0.219	0.343	583	0.313378440930925
RAPGEF2	0.236	-0.176	0.372	1499	0.307960313640392
EMC2	0.191	-0.314	0.293	297	0.347236626223348
EDEM1	0.358	0.242	0.593	657	0.322337431171222
CROCC	0.608	0.656	0.811	2017	0.330177752502104
TRAM2	0.417	0.353	0.648	370	0.343644212461201
PUM1	0.287	-0.039	0.453	1188	0.330279411685693
RIMS2	0.199	-0.308	0.298	1349	0.280567239705936
ACYP1	0.309	0.098	0.516	129	0.328695280049685
CD70	0.401	0.354	0.648	208	0.312742263116743
ESPL1	0.386	0.262	0.6	2120	0.328460154455313
PPP6R2	0.483	0.411	0.687	959	0.335103804418408
CEP57	0.193	-0.299	0.305	500	0.324643804082519
BLTP2	0.334	0.149	0.54	2235	0.320830587723876
DHX34	0.558	0.571	0.768	1143	0.32946498288041
ST18	0.267	-0.116	0.41	1047	0.32100775741375
ULK2	0.274	-0.072	0.43	1036	0.317345990945016
PCDHGA8	0.387	0.271	0.61	932	0.325861835627956
HERPUD1	0.289	-0.028	0.456	391	0.323311776878683
CD72	0.346	0.161	0.55	359	0.326117792109672
GARRE1	0.373	0.17	0.563	1070	0.329379859589587
RUBCN	0.445	0.369	0.662	972	0.328622827541942
USP6NL	0.268	-0.074	0.43	845	0.30854030530968
FAM131B	0.401	0.225	0.593	360	0.325081640127907
AQR	0.209	-0.246	0.329	1485	0.319949946725265
SEC14L5	0.564	0.605	0.787	696	0.326554620156166
ECE2	0.482	0.44	0.7	811	0.349293551342925
ADAMTSL2	0.626	0.654	0.819	951	0.349514380416912
CD74	0.565	0.554	0.762	296	0.33416853778115
CCDC144A	0.199	-0.27	0.322	1427	0.334306884114624
GPRIN2	0.473	0.361	0.662	458	0.315719209322746
NOS1AP	0.495	0.454	0.707	506	0.34448216979364
SEMA3E	0.244	-0.145	0.387	775	0.311612252753238
UTP14C	0.287	-0.031	0.45	766	0.336750901339895
TMEM63A	0.518	0.501	0.73	807	0.346178738985925
ZNF646	0.45	0.337	0.649	1832	0.317358600077774
RAB11FIP3	0.598	0.649	0.813	756	0.322330935943254
SECISBP2L	0.22	-0.275	0.33	1101	0.322692060108397
KIAA0408	0.228	-0.237	0.345	694	0.310193184808192
CD79A	0.547	0.577	0.773	226	0.35327820744841
DCAF1	0.28	-0.049	0.436	1507	0.326731528426477
CEP104	0.283	-0.013	0.456	925	0.335078331514246
DOCK4	0.291	0.025	0.474	1975	0.318298661550874
SART3	0.348	0.144	0.543	963	0.348240968799933
HDAC9	0.265	-0.058	0.436	1069	0.319606740744316
KNTC1	0.198	-0.231	0.332	2209	0.320525328714441
USP34	0.186	-0.336	0.282	3546	0.309793910617347
GPRASP1	0.252	-0.162	0.389	1395	0.320354118289417
CCP110	0.176	-0.387	0.262	1012	0.31118724030058
SETD1A	0.498	0.421	0.695	1707	0.315558206996303
CD79B	0.531	0.503	0.731	230	0.350159103438346
LAPTM4A	0.287	0.014	0.468	233	0.35552557149331
IFT140	0.53	0.525	0.746	1462	0.345787994883317
ARHGAP32	0.278	-0.082	0.43	2087	0.311291347814101
ACAP1	0.442	0.356	0.652	740	0.331026950193445
ZNF536	0.532	0.534	0.754	1300	0.338759912936845
CLSTN3	0.503	0.451	0.707	956	0.341735212918319
TCAF1	0.369	0.229	0.586	921	0.330122175488901
SLK	0.209	-0.257	0.33	1235	0.335883241027698
PHACTR2	0.264	-0.131	0.403	645	0.30427594566938
CD81	0.643	0.688	0.833	236	0.40795706599829
RIPOR2	0.313	0.073	0.504	1068	0.319366489372613
SNPH	0.608	0.597	0.786	538	0.328649004726355
PCDHA9	0.445	0.393	0.677	950	0.327357814564337
STARD8	0.441	0.331	0.644	1103	0.325790270307126
TBKBP1	0.599	0.653	0.814	615	0.320271500948998
KMT2B	0.439	0.323	0.64	2715	0.306937467311682
FRMPD4	0.326	0.105	0.525	1322	0.323055209931829
HDAC4	0.551	0.575	0.773	1084	0.33479194411063
ADGRE5	0.515	0.501	0.733	835	0.343286299703316
TOX	0.334	0.051	0.505	526	0.332709995495475
MLEC	0.417	0.342	0.649	292	0.336484732431896
LZTS3	0.585	0.605	0.79	627	0.321139059865089
KIAA0513	0.553	0.501	0.737	411	0.348052055210823
ZFYVE16	0.168	-0.439	0.235	1539	0.305408900684676
SUSD6	0.351	0.163	0.556	303	0.317883356595343
JADE3	0.317	0.047	0.494	823	0.324687054157753
PCLAF	0.22	-0.337	0.303	111	0.324736247683975
CD151	0.633	0.658	0.816	253	0.390891143193361
RASSF2	0.452	0.389	0.67	326	0.329550907822525
RAPGEF5	0.255	-0.064	0.429	730	0.337925637158714
TMEM94	0.554	0.575	0.77	1366	0.32858311922957
BCLAF1	0.204	-0.365	0.276	920	0.291419476763428
EIF4A3	0.36	0.202	0.566	411	0.338982943745334
ATG13	0.298	-0.004	0.468	550	0.315700376444483
TM9SF4	0.474	0.449	0.703	642	0.349583261208754
KIAA0232	0.214	-0.291	0.321	1395	0.315351140713382
TBC1D5	0.242	-0.125	0.398	817	0.322515043205142
CDA	0.478	0.404	0.686	146	0.38262761061945
PIEZO1	0.652	0.717	0.846	2521	0.336733108153066
RNF144A	0.434	0.351	0.655	292	0.363640002467291
MATR3	0.199	-0.347	0.284	847	0.312386037426259
RIMS3	0.556	0.542	0.756	308	0.328902338679869
SNX17	0.38	0.262	0.602	470	0.319512303739965
DHX38	0.458	0.379	0.667	1227	0.334808788634696
KIAA0586	0.189	-0.38	0.27	1644	0.307099678458242
DLGAP5	0.171	-0.471	0.218	846	0.312516820908845
MTSS1	0.385	0.208	0.58	759	0.314602875110991
SPCS2	0.274	-0.065	0.431	226	0.320593270912681
BMS1	0.27	-0.08	0.425	1282	0.335591479756535
PTDSS1	0.334	0.149	0.541	473	0.32156746019433
SERTAD2	0.43	0.322	0.641	314	0.311463883036906
CKAP5	0.24	-0.148	0.386	2032	0.332104176055411
MAML1	0.449	0.348	0.658	1016	0.333179698594175
PHYHIP	0.703	0.758	0.871	330	0.359234309655728
TATDN2	0.37	0.174	0.562	761	0.315732751625524
IST1	0.267	-0.13	0.396	379	0.330915492274484
ACYP2	0.261	-0.063	0.433	172	0.310363703171087
MRPL19	0.233	-0.153	0.378	292	0.314623691011254
DAZAP2	0.274	-0.076	0.434	207	0.316984090454154
TOMM20	0.256	-0.006	0.455	145	0.368106239527824
SCRN1	0.313	0.058	0.502	434	0.325505053205029
SPOCK2	0.651	0.665	0.824	424	0.371533699354943
IP6K1	0.503	0.462	0.713	441	0.329142350112525
RNF40	0.486	0.454	0.705	1001	0.3421283297736
CTIF	0.584	0.584	0.777	600	0.333046631594919
DELE1	0.368	0.185	0.563	515	0.312383453896937
EFCAB14	0.263	-0.053	0.438	495	0.328313682405255
SFI1	0.409	0.314	0.626	1242	0.324891872367085
GIT2	0.294	0.044	0.491	759	0.30872663285312
URB2	0.318	0.149	0.536	1524	0.332201591187644
KEAP1	0.607	0.634	0.805	624	0.363039191845117
NUP58	0.209	-0.325	0.305	599	0.302107421709846
TSC22D2	0.367	0.228	0.599	780	0.303088376597806
CUL7	0.465	0.411	0.681	1782	0.329115223471445
RB1CC1	0.162	-0.4	0.246	1594	0.321778612113846
ARMCX2	0.264	-0.104	0.419	632	0.33347303805779
ARHGAP11A	0.18	-0.403	0.253	1023	0.304831775081618
SPATA2	0.557	0.561	0.766	520	0.326233096965081
ARHGEF11	0.398	0.249	0.597	1562	0.313301780571527
RGP1	0.328	0.136	0.539	391	0.294164492533184
ARHGEF17	0.48	0.42	0.69	2063	0.302637664696227
DNAJC6	0.285	-0.048	0.449	970	0.309933249886375
CDK1	0.182	-0.319	0.284	297	0.312788294331807
TRIM14	0.532	0.588	0.777	442	0.321156462854343
ZNF623	0.299	0.032	0.484	536	0.333679246922346
JAKMIP2	0.258	-0.015	0.446	820	0.340918986135589
MELK	0.217	-0.196	0.358	651	0.322415528457045
LCMT2	0.341	0.176	0.557	686	0.30441565809864
GINS1	0.212	-0.21	0.339	196	0.309256571614874
ZEB2	0.287	-0.047	0.448	1214	0.326881362199338
CDK11B	0.461	0.4	0.678	795	0.326904160392217
TESPA1	0.367	0.156	0.553	521	0.323652175746866
ZBTB24	0.299	-0.006	0.469	697	0.329320141858343
PLEKHM1	0.488	0.449	0.704	1056	0.339315696916312
HEPH	0.331	0.078	0.51	1212	0.334000458022589
ELMO1	0.389	0.271	0.606	727	0.349877384992838
GAB2	0.433	0.277	0.619	676	0.315379759086872
C2CD5	0.194	-0.325	0.292	1054	0.310684862372447
MFAP3L	0.384	0.224	0.588	409	0.334640969953845
ZNF518A	0.171	-0.453	0.232	1483	0.318254564587335
KIAA0753	0.238	-0.174	0.372	967	0.315716082801137
EPM2AIP1	0.247	-0.064	0.422	607	0.315598387220468
RUSC2	0.422	0.273	0.615	1516	0.310393146893906
C2CD2L	0.447	0.387	0.671	707	0.298559715707378
FARP2	0.38	0.247	0.595	1054	0.320262573907911
KIAA0319	0.325	0.095	0.519	1072	0.319185899458836
CEP350	0.198	-0.33	0.293	3117	0.307741497142037
PPP1R26	0.464	0.36	0.662	1209	0.311850900348354
CEP170	0.197	-0.359	0.28	1584	0.294732893282667
LRIG2	0.236	-0.121	0.394	1065	0.314704433862625
PSMD6	0.261	-0.036	0.437	442	0.321452292078633
MED24	0.526	0.518	0.74	1008	0.348188400928066
MAGI2	0.337	0.096	0.52	1455	0.309976112502927
TRIL	0.624	0.723	0.848	811	0.306334394084838
PJA2	0.19	-0.422	0.258	708	0.304798284753791
TOMM70	0.236	-0.175	0.376	608	0.356887118789603
SETDB1	0.326	0.061	0.504	1291	0.327578816136646
LRBA	0.206	-0.272	0.319	2863	0.310333307376738
AREL1	0.321	0.079	0.509	823	0.326806294068664
SEC24D	0.259	-0.135	0.398	1032	0.330554825710272
FCHSD2	0.24	-0.161	0.384	740	0.32551984672517
TLK1	0.192	-0.304	0.302	766	0.301938238655975
URB1	0.399	0.327	0.635	2271	0.331990946221872
ZC3H11A	0.239	-0.2	0.366	810	0.315295203788285
TOX4	0.285	-0.098	0.425	621	0.324919814706102
DDX46	0.209	-0.263	0.321	1032	0.325026514190643
CDC5L	0.199	-0.296	0.302	802	0.326963649595536
ZBTB39	0.432	0.334	0.647	712	0.335270611579622
TRANK1	0.344	0.162	0.548	2969	0.346751637701088
TBC1D4	0.319	0.112	0.524	1298	0.323259150493929
POM121	0.408	0.212	0.592	999	0.296126902514544
LRRC37A	0.271	-0.08	0.429	1700	0.306931702152466
OSBPL2	0.43	0.327	0.642	480	0.342066839659568
RHOBTB1	0.316	0.076	0.505	696	0.338509178220911
SMG7	0.277	-0.056	0.44	1178	0.318522149733038
ZBED4	0.434	0.366	0.662	1171	0.327648303750411
SEPTIN7	0.211	-0.26	0.328	401	0.343614294795592
PLPPR4	0.311	0.086	0.51	763	0.317823144917438
NUAK1	0.438	0.357	0.655	661	0.325050566102237
SNAP91	0.223	-0.328	0.309	907	0.301896594012443
TELO2	0.576	0.628	0.798	837	0.320742812467742
TECPR2	0.38	0.241	0.597	1411	0.319051638337092
FIG4	0.23	-0.18	0.368	907	0.313839725737946
WASHC5	0.242	-0.091	0.406	1159	0.33302727465778
UBAP2L	0.323	0.02	0.49	1087	0.313960283646223
SV2B	0.388	0.233	0.591	683	0.344781103626439
CDC6	0.231	-0.173	0.364	560	0.333816262941946
SV2A	0.419	0.322	0.638	742	0.334025398380931
SRGAP3	0.468	0.423	0.691	1099	0.33233748496598
MRC2	0.603	0.627	0.802	1479	0.335948426224264
KLHL21	0.685	0.753	0.867	597	0.323190330289166
RBM19	0.476	0.385	0.677	960	0.349702869388211
SGSM2	0.534	0.519	0.743	1051	0.337417515199399
AP5Z1	0.623	0.681	0.826	807	0.324349750706979
G3BP2	0.188	-0.419	0.249	482	0.300313659329348
DENND4B	0.448	0.361	0.656	1496	0.313404450049976
CDC20	0.391	0.223	0.586	499	0.317639917221179
RABGAP1L	0.221	-0.224	0.35	815	0.31910842514644
TMCC2	0.642	0.67	0.823	709	0.346323524432516
ARHGAP44	0.386	0.246	0.599	818	0.327266926370875
SUPT7L	0.339	0.091	0.517	414	0.324734403650027
ATP2C2	0.424	0.384	0.668	975	0.339937341623508
ARNT2	0.369	0.188	0.573	717	0.321341856340089
FAM20B	0.316	0.087	0.508	409	0.33265134227473
NCAPD2	0.345	0.157	0.544	1401	0.330574049719768
SEC16A	0.349	0.113	0.534	2357	0.313118534543753
KBTBD11	0.753	0.887	0.939	623	0.307681129338999
RNF10	0.342	0.099	0.524	816	0.329005738722707
IQSEC1	0.578	0.615	0.794	1114	0.321584650234115
ZBTB40	0.359	0.157	0.555	1239	0.339319229984484
PAN2	0.362	0.176	0.558	1202	0.334635935670715
ZBTB5	0.325	0.043	0.496	677	0.315198294670317
LPGAT1	0.211	-0.242	0.327	370	0.317717374241309
MFN2	0.448	0.376	0.665	757	0.346832338461046
KIF14	0.176	-0.401	0.25	1648	0.317670374547391
JOSD1	0.369	0.187	0.564	202	0.333467264577429
CDC25A	0.337	0.103	0.522	524	0.320538457545082
HELZ	0.227	-0.203	0.358	1943	0.312877376918127
PUM3	0.23	-0.179	0.369	648	0.332339250735157
P2RY14	0.285	0.028	0.471	338	0.340833431135535
MAFB	0.685	0.753	0.87	323	0.315291296925419
CD302	0.209	-0.278	0.32	232	0.31249838822889
DCLRE1A	0.196	-0.345	0.289	1040	0.318013742587045
ARHGAP25	0.371	0.186	0.567	646	0.343223852759071
RBM8A	0.292	0.015	0.473	174	0.309355995153256
CDC25B	0.489	0.459	0.709	580	0.311670844553864
DLEC1	0.429	0.335	0.644	1755	0.325196287570709
EXOG	0.272	-0.06	0.434	368	0.326986101652943
XYLB	0.328	0.119	0.533	536	0.330187007950266
OXSR1	0.2	-0.33	0.29	527	0.309732919362475
GFPT2	0.419	0.331	0.639	682	0.345741260557652
CRYZL1	0.164	-0.417	0.244	349	0.308487489831745
MAGEC1	0.327	0.064	0.508	1142	0.299335616246021
WDR1	0.51	0.475	0.724	606	0.353863711641065
AMMECR1	0.337	0.151	0.549	333	0.299595480417127
CDC25C	0.276	-0.042	0.441	473	0.32652368934619
GOLGA5	0.224	-0.197	0.359	731	0.324414204236752
HS3ST4	0.499	0.479	0.723	456	0.31350622770478
HS3ST3B1	0.697	0.773	0.878	390	0.317949468517579
HS3ST3A1	0.726	0.821	0.903	406	0.318831396896239
HS3ST2	0.515	0.516	0.737	367	0.319147033576012
HS3ST1	0.586	0.637	0.804	307	0.326501917124469
USP15	0.194	-0.344	0.286	981	0.32260308639595
CDC27	0.182	-0.351	0.28	830	0.314552498751504
USP3	0.253	-0.078	0.429	520	0.329245230955045
MVP	0.524	0.505	0.734	893	0.344185048453075
SLC23A2	0.348	0.19	0.563	650	0.323931640317497
SLC23A1	0.466	0.404	0.677	602	0.335842413175439
FGF19	0.607	0.667	0.82	216	0.322152434256576
TNFSF15	0.371	0.204	0.577	251	0.326428707625795
THRAP3	0.293	-0.056	0.443	955	0.30099331864136
MED12	0.383	0.234	0.591	2177	0.335375748715272
MED13	0.186	-0.413	0.253	2174	0.303870526466621
CDC34	0.699	0.76	0.873	236	0.351767658232224
NR1I3	0.38	0.231	0.582	357	0.33109167941856
NR1H4	0.233	-0.185	0.367	486	0.332894637025051
NUP153	0.218	-0.343	0.303	1506	0.294419516666616
CCS	0.474	0.448	0.704	274	0.342026745428416
NR1D2	0.227	-0.223	0.354	579	0.32362632188085
CLEC2B	0.176	-0.409	0.245	149	0.309891612658063
RBX1	0.347	0.113	0.535	108	0.352542682356824
CDC42	0.233	-0.218	0.356	191	0.328141323906341
DOP1B	0.36	0.228	0.583	2298	0.327903057899873
FGFBP1	0.385	0.225	0.59	234	0.34293627002496
THOC1	0.199	-0.288	0.312	657	0.32468195563025
REC8	0.396	0.277	0.603	547	0.300036336724757
RCE1	0.506	0.53	0.742	329	0.314225243535613
HNRNPDL	0.263	-0.085	0.427	420	0.317668934048815
DMTF1	0.204	-0.305	0.307	760	0.296682918042744
PPP4R1	0.228	-0.175	0.369	950	0.315990788498594
CDH1	0.348	0.127	0.536	882	0.329493298782813
SLC12A6	0.275	0.005	0.465	1150	0.321442634043191
PTBP3	0.214	-0.267	0.322	558	0.323712473248253
KCNE2	0.382	0.252	0.6	123	0.375951865343958
DGCR2	0.534	0.501	0.736	550	0.327940897297565
SCO2	0.515	0.464	0.709	266	0.336108918638601
